<?xml version="1.0" encoding="UTF-8"?>
<gpx
version="1.1"
creator="OpenTracks"
xmlns="http://www.topografix.com/GPX/1/1"
xmlns:topografix="http://www.topografix.com/GPX/Private/TopoGrafix/0/1"
xmlns:xsi="http://www.w3.org/2001/XMLSchema-instance"
xmlns:opentracks="http://opentracksapp.com/xmlschemas/v1"
xmlns:gpxtpx="http://www.garmin.com/xmlschemas/TrackPointExtension/v2"
xmlns:gpxtrkx="http://www.garmin.com/xmlschemas/TrackStatsExtension/v1"
xmlns:cluetrust="http://www.cluetrust.com/Schemas/"
xmlns:pwr="http://www.garmin.com/xmlschemas/PowerExtension/v1"
xsi:schemaLocation="http://www.topografix.com/GPX/1/1 http://www.topografix.com/GPX/1/1/gpx.xsd http://www.topografix.com/GPX/Private/TopoGrafix/0/1 http://www.topografix.com/GPX/Private/TopoGrafix/0/1/topografix.xsd http://www.garmin.com/xmlschemas/TrackPointExtension/v2 https://www8.garmin.com/xmlschemas/TrackPointExtensionv2.xsd http://www.garmin.com/xmlschemas/PowerExtension/v1 https://www8.garmin.com/xmlschemas/PowerExtensionv1.xsd http://www.garmin.com/xmlschemas/TrackStatsExtension/v1 https://www8.garmin.com/xmlschemas/TrackStatsExtension.xsd http://www.cluetrust.com/Schemas https://www.cluetrust.com/Schemas/gpxdata10.xsd http://opentracksapp.com/xmlschemas/v1 http://opentracksapp.com/xmlschemas/OpenTracks_v1.xsd">
<trk>
<name><![CDATA[2026-06-21T09:23+08]]></name>
<desc><![CDATA[]]></desc>
<type><![CDATA[cycling]]></type>
<extensions>
<topografix:color>c0c0c0</topografix:color>
<opentracks:trackid>9b7b3ee4-5b2e-4014-951f-4482d08ac642</opentracks:trackid>
<opentracks:typeTranslated><![CDATA[cycling]]></opentracks:typeTranslated>
<gpxtrkx:TrackStatsExtension>
<gpxtrkx:Distance>4088.06640625</gpxtrkx:Distance>
<gpxtrkx:TimerTime>4902</gpxtrkx:TimerTime>
<gpxtrkx:MovingTime>2987</gpxtrkx:MovingTime>
<gpxtrkx:StoppedTime>1915</gpxtrkx:StoppedTime>
<gpxtrkx:MaxSpeed>2.9254870414733887</gpxtrkx:MaxSpeed>
</gpxtrkx:TrackStatsExtension>
</extensions>
<trkseg>
<trkpt lat="-32.233459" lon="115.803093">
<ele>-24</ele>
<time>2026-06-21T09:23:48.087+08:00</time>
<extensions>
<opentracks:accuracy_horizontal>12.215</opentracks:accuracy_horizontal></extensions>
</trkpt>
<trkpt lat="-32.233531" lon="115.803164">
<ele>-19.1</ele>
<time>2026-06-21T09:23:55.632+08:00</time>
<extensions>
<gpxtpx:TrackPointExtension>
<gpxtpx:speed>1.32</gpxtpx:speed>
</gpxtpx:TrackPointExtension>
<opentracks:accuracy_horizontal>2.649</opentracks:accuracy_horizontal></extensions>
</trkpt>
<trkpt lat="-32.23362" lon="115.803129">
<ele>-17.6</ele>
<time>2026-06-21T09:24:02.643+08:00</time>
<extensions>
<gpxtpx:TrackPointExtension>
<gpxtpx:speed>1.03</gpxtpx:speed>
</gpxtpx:TrackPointExtension>
<opentracks:accuracy_horizontal>2.28</opentracks:accuracy_horizontal></extensions>
</trkpt>
<trkpt lat="-32.233717" lon="115.803126">
<ele>-16.9</ele>
<time>2026-06-21T09:24:10.619+08:00</time>
<extensions>
<gpxtpx:TrackPointExtension>
<gpxtpx:speed>1.24</gpxtpx:speed>
</gpxtpx:TrackPointExtension>
<opentracks:accuracy_horizontal>1.947</opentracks:accuracy_horizontal></extensions>
</trkpt>
<trkpt lat="-32.233804" lon="115.803102">
<ele>-17.7</ele>
<time>2026-06-21T09:24:17.619+08:00</time>
<extensions>
<gpxtpx:TrackPointExtension>
<gpxtpx:speed>1.4</gpxtpx:speed>
</gpxtpx:TrackPointExtension>
<opentracks:accuracy_horizontal>1.828</opentracks:accuracy_horizontal></extensions>
</trkpt>
<trkpt lat="-32.233832" lon="115.803087">
<ele>-17.6</ele>
<time>2026-06-21T09:24:26.653+08:00</time>
<extensions>
<gpxtpx:TrackPointExtension>
<gpxtpx:speed>0.05</gpxtpx:speed>
</gpxtpx:TrackPointExtension>
<opentracks:accuracy_horizontal>1.785</opentracks:accuracy_horizontal></extensions>
</trkpt>
<trkpt lat="-32.233892" lon="115.802995">
<ele>-16.5</ele>
<time>2026-06-21T09:24:42.571+08:00</time>
<extensions>
<gpxtpx:TrackPointExtension>
<gpxtpx:speed>1.13</gpxtpx:speed>
</gpxtpx:TrackPointExtension>
<opentracks:accuracy_horizontal>2.234</opentracks:accuracy_horizontal></extensions>
</trkpt>
<trkpt lat="-32.233889" lon="115.802881">
<ele>-16.9</ele>
<time>2026-06-21T09:24:51.589+08:00</time>
<extensions>
<gpxtpx:TrackPointExtension>
<gpxtpx:speed>1.16</gpxtpx:speed>
</gpxtpx:TrackPointExtension>
<opentracks:accuracy_horizontal>2.272</opentracks:accuracy_horizontal></extensions>
</trkpt>
<trkpt lat="-32.233886" lon="115.802843">
<ele>-16.3</ele>
<time>2026-06-21T09:25:01.601+08:00</time>
<extensions>
<gpxtpx:TrackPointExtension>
<gpxtpx:speed>0.05</gpxtpx:speed>
</gpxtpx:TrackPointExtension>
<opentracks:accuracy_horizontal>2.362</opentracks:accuracy_horizontal></extensions>
</trkpt>
<trkpt lat="-32.233902" lon="115.802733">
<ele>-19.2</ele>
<time>2026-06-21T09:25:26.622+08:00</time>
<extensions>
<gpxtpx:TrackPointExtension>
<gpxtpx:speed>1.25</gpxtpx:speed>
</gpxtpx:TrackPointExtension>
<opentracks:accuracy_horizontal>2.429</opentracks:accuracy_horizontal></extensions>
</trkpt>
<trkpt lat="-32.233887" lon="115.802619">
<ele>-20</ele>
<time>2026-06-21T09:25:34.601+08:00</time>
<extensions>
<gpxtpx:TrackPointExtension>
<gpxtpx:speed>1.3</gpxtpx:speed>
</gpxtpx:TrackPointExtension>
<opentracks:accuracy_horizontal>2.294</opentracks:accuracy_horizontal></extensions>
</trkpt>
<trkpt lat="-32.233885" lon="115.802505">
<ele>-18.6</ele>
<time>2026-06-21T09:25:44.564+08:00</time>
<extensions>
<gpxtpx:TrackPointExtension>
<gpxtpx:speed>1.17</gpxtpx:speed>
</gpxtpx:TrackPointExtension>
<opentracks:accuracy_horizontal>2.348</opentracks:accuracy_horizontal></extensions>
</trkpt>
<trkpt lat="-32.233886" lon="115.80239">
<ele>-17.4</ele>
<time>2026-06-21T09:25:53.595+08:00</time>
<extensions>
<gpxtpx:TrackPointExtension>
<gpxtpx:speed>1.17</gpxtpx:speed>
</gpxtpx:TrackPointExtension>
<opentracks:accuracy_horizontal>2.468</opentracks:accuracy_horizontal></extensions>
</trkpt>
<trkpt lat="-32.233905" lon="115.802278">
<ele>-18.8</ele>
<time>2026-06-21T09:26:00.597+08:00</time>
<extensions>
<gpxtpx:TrackPointExtension>
<gpxtpx:speed>1.35</gpxtpx:speed>
</gpxtpx:TrackPointExtension>
<opentracks:accuracy_horizontal>2.652</opentracks:accuracy_horizontal></extensions>
</trkpt>
<trkpt lat="-32.233889" lon="115.802164">
<ele>-20.8</ele>
<time>2026-06-21T09:26:09.599+08:00</time>
<extensions>
<gpxtpx:TrackPointExtension>
<gpxtpx:speed>1.27</gpxtpx:speed>
</gpxtpx:TrackPointExtension>
<opentracks:accuracy_horizontal>2.713</opentracks:accuracy_horizontal></extensions>
</trkpt>
<trkpt lat="-32.233886" lon="115.80205">
<ele>-20.5</ele>
<time>2026-06-21T09:26:17.598+08:00</time>
<extensions>
<gpxtpx:TrackPointExtension>
<gpxtpx:speed>1.26</gpxtpx:speed>
</gpxtpx:TrackPointExtension>
<opentracks:accuracy_horizontal>2.621</opentracks:accuracy_horizontal></extensions>
</trkpt>
<trkpt lat="-32.233859" lon="115.801944">
<ele>-21.2</ele>
<time>2026-06-21T09:26:25.61+08:00</time>
<extensions>
<gpxtpx:TrackPointExtension>
<gpxtpx:speed>1.29</gpxtpx:speed>
</gpxtpx:TrackPointExtension>
<opentracks:accuracy_horizontal>2.585</opentracks:accuracy_horizontal></extensions>
</trkpt>
<trkpt lat="-32.233803" lon="115.801859">
<ele>-22.4</ele>
<time>2026-06-21T09:26:33.594+08:00</time>
<extensions>
<gpxtpx:TrackPointExtension>
<gpxtpx:speed>1.22</gpxtpx:speed>
</gpxtpx:TrackPointExtension>
<opentracks:accuracy_horizontal>2.581</opentracks:accuracy_horizontal></extensions>
</trkpt>
<trkpt lat="-32.233749" lon="115.801771">
<ele>-21.3</ele>
<time>2026-06-21T09:26:41.597+08:00</time>
<extensions>
<gpxtpx:TrackPointExtension>
<gpxtpx:speed>1.24</gpxtpx:speed>
</gpxtpx:TrackPointExtension>
<opentracks:accuracy_horizontal>2.623</opentracks:accuracy_horizontal></extensions>
</trkpt>
<trkpt lat="-32.233782" lon="115.801716">
<ele>-20.2</ele>
<time>2026-06-21T09:26:51.6+08:00</time>
<extensions>
<gpxtpx:TrackPointExtension>
<gpxtpx:speed>0.12</gpxtpx:speed>
</gpxtpx:TrackPointExtension>
<opentracks:accuracy_horizontal>2.831</opentracks:accuracy_horizontal></extensions>
</trkpt>
<trkpt lat="-32.233793" lon="115.80161">
<ele>-21.5</ele>
<time>2026-06-21T09:27:05.605+08:00</time>
<extensions>
<gpxtpx:TrackPointExtension>
<gpxtpx:speed>1.23</gpxtpx:speed>
</gpxtpx:TrackPointExtension>
<opentracks:accuracy_horizontal>2.511</opentracks:accuracy_horizontal></extensions>
</trkpt>
<trkpt lat="-32.233804" lon="115.801501">
<ele>-21.9</ele>
<time>2026-06-21T09:27:13.597+08:00</time>
<extensions>
<gpxtpx:TrackPointExtension>
<gpxtpx:speed>1.23</gpxtpx:speed>
</gpxtpx:TrackPointExtension>
<opentracks:accuracy_horizontal>2.724</opentracks:accuracy_horizontal></extensions>
</trkpt>
<trkpt lat="-32.233828" lon="115.801384">
<ele>-21.5</ele>
<time>2026-06-21T09:27:22.597+08:00</time>
<extensions>
<gpxtpx:TrackPointExtension>
<gpxtpx:speed>1.22</gpxtpx:speed>
</gpxtpx:TrackPointExtension>
<opentracks:accuracy_horizontal>2.641</opentracks:accuracy_horizontal></extensions>
</trkpt>
<trkpt lat="-32.233843" lon="115.801279">
<ele>-22.5</ele>
<time>2026-06-21T09:27:30.596+08:00</time>
<extensions>
<gpxtpx:TrackPointExtension>
<gpxtpx:speed>1.21</gpxtpx:speed>
</gpxtpx:TrackPointExtension>
<opentracks:accuracy_horizontal>2.79</opentracks:accuracy_horizontal></extensions>
</trkpt>
<trkpt lat="-32.233869" lon="115.801172">
<ele>-22.2</ele>
<time>2026-06-21T09:27:37.612+08:00</time>
<extensions>
<gpxtpx:TrackPointExtension>
<gpxtpx:speed>1.32</gpxtpx:speed>
</gpxtpx:TrackPointExtension>
<opentracks:accuracy_horizontal>2.58</opentracks:accuracy_horizontal></extensions>
</trkpt>
<trkpt lat="-32.233894" lon="115.801067">
<ele>-22.3</ele>
<time>2026-06-21T09:27:44.606+08:00</time>
<extensions>
<gpxtpx:TrackPointExtension>
<gpxtpx:speed>1.36</gpxtpx:speed>
</gpxtpx:TrackPointExtension>
<opentracks:accuracy_horizontal>2.716</opentracks:accuracy_horizontal></extensions>
</trkpt>
<trkpt lat="-32.233896" lon="115.800953">
<ele>-22.5</ele>
<time>2026-06-21T09:27:52.603+08:00</time>
<extensions>
<gpxtpx:TrackPointExtension>
<gpxtpx:speed>1.3</gpxtpx:speed>
</gpxtpx:TrackPointExtension>
<opentracks:accuracy_horizontal>2.669</opentracks:accuracy_horizontal></extensions>
</trkpt>
<trkpt lat="-32.233885" lon="115.800836">
<ele>-23.1</ele>
<time>2026-06-21T09:28:01.603+08:00</time>
<extensions>
<gpxtpx:TrackPointExtension>
<gpxtpx:speed>1.23</gpxtpx:speed>
</gpxtpx:TrackPointExtension>
<opentracks:accuracy_horizontal>2.669</opentracks:accuracy_horizontal></extensions>
</trkpt>
<trkpt lat="-32.233891" lon="115.800727">
<ele>-22.5</ele>
<time>2026-06-21T09:28:10.613+08:00</time>
<extensions>
<gpxtpx:TrackPointExtension>
<gpxtpx:speed>1.24</gpxtpx:speed>
</gpxtpx:TrackPointExtension>
<opentracks:accuracy_horizontal>2.863</opentracks:accuracy_horizontal></extensions>
</trkpt>
<trkpt lat="-32.233914" lon="115.800621">
<ele>-22.7</ele>
<time>2026-06-21T09:28:18.575+08:00</time>
<extensions>
<gpxtpx:TrackPointExtension>
<gpxtpx:speed>1.32</gpxtpx:speed>
</gpxtpx:TrackPointExtension>
<opentracks:accuracy_horizontal>2.625</opentracks:accuracy_horizontal></extensions>
</trkpt>
<trkpt lat="-32.233904" lon="115.800504">
<ele>-22.8</ele>
<time>2026-06-21T09:28:27.613+08:00</time>
<extensions>
<gpxtpx:TrackPointExtension>
<gpxtpx:speed>1.25</gpxtpx:speed>
</gpxtpx:TrackPointExtension>
<opentracks:accuracy_horizontal>2.688</opentracks:accuracy_horizontal></extensions>
</trkpt>
<trkpt lat="-32.233909" lon="115.800447">
<ele>-24.1</ele>
<time>2026-06-21T09:28:37.603+08:00</time>
<extensions>
<gpxtpx:TrackPointExtension>
<gpxtpx:speed>0.11</gpxtpx:speed>
</gpxtpx:TrackPointExtension>
<opentracks:accuracy_horizontal>2.674</opentracks:accuracy_horizontal></extensions>
</trkpt>
<trkpt lat="-32.233893" lon="115.800553">
<ele>-20.6</ele>
<time>2026-06-21T09:28:54.603+08:00</time>
<extensions>
<gpxtpx:TrackPointExtension>
<gpxtpx:speed>0.87</gpxtpx:speed>
</gpxtpx:TrackPointExtension>
<opentracks:accuracy_horizontal>2.544</opentracks:accuracy_horizontal></extensions>
</trkpt>
<trkpt lat="-32.233867" lon="115.800658">
<ele>-21.9</ele>
<time>2026-06-21T09:29:04.609+08:00</time>
<extensions>
<gpxtpx:TrackPointExtension>
<gpxtpx:speed>0.96</gpxtpx:speed>
</gpxtpx:TrackPointExtension>
<opentracks:accuracy_horizontal>2.554</opentracks:accuracy_horizontal></extensions>
</trkpt>
<trkpt lat="-32.233881" lon="115.800604">
<ele>-23.4</ele>
<time>2026-06-21T09:29:14.596+08:00</time>
<extensions>
<gpxtpx:TrackPointExtension>
<gpxtpx:speed>0.69</gpxtpx:speed>
</gpxtpx:TrackPointExtension>
<opentracks:accuracy_horizontal>2.893</opentracks:accuracy_horizontal></extensions>
</trkpt>
<trkpt lat="-32.233909" lon="115.800488">
<ele>-24</ele>
<time>2026-06-21T09:29:23.608+08:00</time>
<extensions>
<gpxtpx:TrackPointExtension>
<gpxtpx:speed>1.31</gpxtpx:speed>
</gpxtpx:TrackPointExtension>
<opentracks:accuracy_horizontal>2.66</opentracks:accuracy_horizontal></extensions>
</trkpt>
<trkpt lat="-32.233901" lon="115.800368">
<ele>-24</ele>
<time>2026-06-21T09:29:32.612+08:00</time>
<extensions>
<gpxtpx:TrackPointExtension>
<gpxtpx:speed>1.29</gpxtpx:speed>
</gpxtpx:TrackPointExtension>
<opentracks:accuracy_horizontal>2.674</opentracks:accuracy_horizontal></extensions>
</trkpt>
<trkpt lat="-32.233876" lon="115.800251">
<ele>-23.6</ele>
<time>2026-06-21T09:29:40.613+08:00</time>
<extensions>
<gpxtpx:TrackPointExtension>
<gpxtpx:speed>1.34</gpxtpx:speed>
</gpxtpx:TrackPointExtension>
<opentracks:accuracy_horizontal>2.791</opentracks:accuracy_horizontal></extensions>
</trkpt>
<trkpt lat="-32.233841" lon="115.800152">
<ele>-23.5</ele>
<time>2026-06-21T09:29:48.604+08:00</time>
<extensions>
<gpxtpx:TrackPointExtension>
<gpxtpx:speed>1.3</gpxtpx:speed>
</gpxtpx:TrackPointExtension>
<opentracks:accuracy_horizontal>2.694</opentracks:accuracy_horizontal></extensions>
</trkpt>
<trkpt lat="-32.233806" lon="115.800051">
<ele>-23</ele>
<time>2026-06-21T09:29:55.604+08:00</time>
<extensions>
<gpxtpx:TrackPointExtension>
<gpxtpx:speed>1.36</gpxtpx:speed>
</gpxtpx:TrackPointExtension>
<opentracks:accuracy_horizontal>2.539</opentracks:accuracy_horizontal></extensions>
</trkpt>
<trkpt lat="-32.233766" lon="115.79995">
<ele>-23.6</ele>
<time>2026-06-21T09:30:03.602+08:00</time>
<extensions>
<gpxtpx:TrackPointExtension>
<gpxtpx:speed>1.31</gpxtpx:speed>
</gpxtpx:TrackPointExtension>
<opentracks:accuracy_horizontal>2.568</opentracks:accuracy_horizontal></extensions>
</trkpt>
<trkpt lat="-32.233728" lon="115.799847">
<ele>-22.3</ele>
<time>2026-06-21T09:30:11.595+08:00</time>
<extensions>
<gpxtpx:TrackPointExtension>
<gpxtpx:speed>1.3</gpxtpx:speed>
</gpxtpx:TrackPointExtension>
<opentracks:accuracy_horizontal>2.536</opentracks:accuracy_horizontal></extensions>
</trkpt>
<trkpt lat="-32.233691" lon="115.799749">
<ele>-22.1</ele>
<time>2026-06-21T09:30:19.617+08:00</time>
<extensions>
<gpxtpx:TrackPointExtension>
<gpxtpx:speed>1.26</gpxtpx:speed>
</gpxtpx:TrackPointExtension>
<opentracks:accuracy_horizontal>2.487</opentracks:accuracy_horizontal></extensions>
</trkpt>
<trkpt lat="-32.233653" lon="115.799647">
<ele>-22</ele>
<time>2026-06-21T09:30:27.621+08:00</time>
<extensions>
<gpxtpx:TrackPointExtension>
<gpxtpx:speed>1.26</gpxtpx:speed>
</gpxtpx:TrackPointExtension>
<opentracks:accuracy_horizontal>2.49</opentracks:accuracy_horizontal></extensions>
</trkpt>
<trkpt lat="-32.233627" lon="115.799534">
<ele>-22.8</ele>
<time>2026-06-21T09:30:35.602+08:00</time>
<extensions>
<gpxtpx:TrackPointExtension>
<gpxtpx:speed>1.3</gpxtpx:speed>
</gpxtpx:TrackPointExtension>
<opentracks:accuracy_horizontal>2.51</opentracks:accuracy_horizontal></extensions>
</trkpt>
<trkpt lat="-32.233583" lon="115.799436">
<ele>-22</ele>
<time>2026-06-21T09:30:43.609+08:00</time>
<extensions>
<gpxtpx:TrackPointExtension>
<gpxtpx:speed>1.32</gpxtpx:speed>
</gpxtpx:TrackPointExtension>
<opentracks:accuracy_horizontal>2.564</opentracks:accuracy_horizontal></extensions>
</trkpt>
<trkpt lat="-32.23354" lon="115.799371">
<ele>-23.3</ele>
<time>2026-06-21T09:30:53.601+08:00</time>
<extensions>
<gpxtpx:TrackPointExtension>
<gpxtpx:speed>1.1</gpxtpx:speed>
</gpxtpx:TrackPointExtension>
<opentracks:accuracy_horizontal>2.716</opentracks:accuracy_horizontal></extensions>
</trkpt>
<trkpt lat="-32.233641" lon="115.79935">
<ele>-20.9</ele>
<time>2026-06-21T09:31:08.606+08:00</time>
<extensions>
<gpxtpx:TrackPointExtension>
<gpxtpx:speed>1.14</gpxtpx:speed>
</gpxtpx:TrackPointExtension>
<opentracks:accuracy_horizontal>2.865</opentracks:accuracy_horizontal></extensions>
</trkpt>
<trkpt lat="-32.233726" lon="115.799297">
<ele>-21.7</ele>
<time>2026-06-21T09:31:15.608+08:00</time>
<extensions>
<gpxtpx:TrackPointExtension>
<gpxtpx:speed>1.4</gpxtpx:speed>
</gpxtpx:TrackPointExtension>
<opentracks:accuracy_horizontal>2.545</opentracks:accuracy_horizontal></extensions>
</trkpt>
<trkpt lat="-32.233812" lon="115.799254">
<ele>-21.9</ele>
<time>2026-06-21T09:31:25.598+08:00</time>
<extensions>
<gpxtpx:TrackPointExtension>
<gpxtpx:speed>1.15</gpxtpx:speed>
</gpxtpx:TrackPointExtension>
<opentracks:accuracy_horizontal>2.534</opentracks:accuracy_horizontal></extensions>
</trkpt>
<trkpt lat="-32.233905" lon="115.799207">
<ele>-21</ele>
<time>2026-06-21T09:31:33.608+08:00</time>
<extensions>
<gpxtpx:TrackPointExtension>
<gpxtpx:speed>1.25</gpxtpx:speed>
</gpxtpx:TrackPointExtension>
<opentracks:accuracy_horizontal>2.336</opentracks:accuracy_horizontal></extensions>
</trkpt>
<trkpt lat="-32.233988" lon="115.799162">
<ele>-21.2</ele>
<time>2026-06-21T09:31:41.603+08:00</time>
<extensions>
<gpxtpx:TrackPointExtension>
<gpxtpx:speed>1.23</gpxtpx:speed>
</gpxtpx:TrackPointExtension>
<opentracks:accuracy_horizontal>2.404</opentracks:accuracy_horizontal></extensions>
</trkpt>
<trkpt lat="-32.234082" lon="115.799107">
<ele>-21.1</ele>
<time>2026-06-21T09:31:50.62+08:00</time>
<extensions>
<gpxtpx:TrackPointExtension>
<gpxtpx:speed>1.25</gpxtpx:speed>
</gpxtpx:TrackPointExtension>
<opentracks:accuracy_horizontal>2.551</opentracks:accuracy_horizontal></extensions>
</trkpt>
<trkpt lat="-32.234175" lon="115.79906">
<ele>-22.5</ele>
<time>2026-06-21T09:31:58.598+08:00</time>
<extensions>
<gpxtpx:TrackPointExtension>
<gpxtpx:speed>1.29</gpxtpx:speed>
</gpxtpx:TrackPointExtension>
<opentracks:accuracy_horizontal>2.354</opentracks:accuracy_horizontal></extensions>
</trkpt>
<trkpt lat="-32.234231" lon="115.799011">
<ele>-20.9</ele>
<time>2026-06-21T09:32:08.617+08:00</time>
<extensions>
<gpxtpx:TrackPointExtension>
<gpxtpx:speed>0.19</gpxtpx:speed>
</gpxtpx:TrackPointExtension>
<opentracks:accuracy_horizontal>2.755</opentracks:accuracy_horizontal></extensions>
</trkpt>
<trkpt lat="-32.234331" lon="115.798982">
<ele>-22.1</ele>
<time>2026-06-21T09:32:21.606+08:00</time>
<extensions>
<gpxtpx:TrackPointExtension>
<gpxtpx:speed>1.35</gpxtpx:speed>
</gpxtpx:TrackPointExtension>
<opentracks:accuracy_horizontal>2.527</opentracks:accuracy_horizontal></extensions>
</trkpt>
<trkpt lat="-32.234404" lon="115.798941">
<ele>-22.6</ele>
<time>2026-06-21T09:32:31.606+08:00</time>
<extensions>
<gpxtpx:TrackPointExtension>
<gpxtpx:speed>0.93</gpxtpx:speed>
</gpxtpx:TrackPointExtension>
<opentracks:accuracy_horizontal>2.49</opentracks:accuracy_horizontal></extensions>
</trkpt>
<trkpt lat="-32.234498" lon="115.798896">
<ele>-21.2</ele>
<time>2026-06-21T09:32:56.608+08:00</time>
<extensions>
<gpxtpx:TrackPointExtension>
<gpxtpx:speed>1.38</gpxtpx:speed>
</gpxtpx:TrackPointExtension>
<opentracks:accuracy_horizontal>2.466</opentracks:accuracy_horizontal></extensions>
</trkpt>
<trkpt lat="-32.23458" lon="115.798837">
<ele>-22.8</ele>
<time>2026-06-21T09:33:04.601+08:00</time>
<extensions>
<gpxtpx:TrackPointExtension>
<gpxtpx:speed>1.31</gpxtpx:speed>
</gpxtpx:TrackPointExtension>
<opentracks:accuracy_horizontal>2.453</opentracks:accuracy_horizontal></extensions>
</trkpt>
<trkpt lat="-32.234672" lon="115.79882">
<ele>-21.2</ele>
<time>2026-06-21T09:33:11.612+08:00</time>
<extensions>
<gpxtpx:TrackPointExtension>
<gpxtpx:speed>1.34</gpxtpx:speed>
</gpxtpx:TrackPointExtension>
<opentracks:accuracy_horizontal>2.371</opentracks:accuracy_horizontal></extensions>
</trkpt>
<trkpt lat="-32.23475" lon="115.798761">
<ele>-22.4</ele>
<time>2026-06-21T09:33:18.612+08:00</time>
<extensions>
<gpxtpx:TrackPointExtension>
<gpxtpx:speed>1.38</gpxtpx:speed>
</gpxtpx:TrackPointExtension>
<opentracks:accuracy_horizontal>2.383</opentracks:accuracy_horizontal></extensions>
</trkpt>
<trkpt lat="-32.234844" lon="115.798723">
<ele>-20.7</ele>
<time>2026-06-21T09:33:26.601+08:00</time>
<extensions>
<gpxtpx:TrackPointExtension>
<gpxtpx:speed>1.37</gpxtpx:speed>
</gpxtpx:TrackPointExtension>
<opentracks:accuracy_horizontal>2.475</opentracks:accuracy_horizontal></extensions>
</trkpt>
<trkpt lat="-32.234922" lon="115.798668">
<ele>-20.8</ele>
<time>2026-06-21T09:33:35.599+08:00</time>
<extensions>
<gpxtpx:TrackPointExtension>
<gpxtpx:speed>1.18</gpxtpx:speed>
</gpxtpx:TrackPointExtension>
<opentracks:accuracy_horizontal>2.557</opentracks:accuracy_horizontal></extensions>
</trkpt>
<trkpt lat="-32.235019" lon="115.798641">
<ele>-18.3</ele>
<time>2026-06-21T09:33:43.61+08:00</time>
<extensions>
<gpxtpx:TrackPointExtension>
<gpxtpx:speed>1.27</gpxtpx:speed>
</gpxtpx:TrackPointExtension>
<opentracks:accuracy_horizontal>2.356</opentracks:accuracy_horizontal></extensions>
</trkpt>
<trkpt lat="-32.235097" lon="115.798575">
<ele>-20.1</ele>
<time>2026-06-21T09:33:51.612+08:00</time>
<extensions>
<gpxtpx:TrackPointExtension>
<gpxtpx:speed>1.27</gpxtpx:speed>
</gpxtpx:TrackPointExtension>
<opentracks:accuracy_horizontal>2.594</opentracks:accuracy_horizontal></extensions>
</trkpt>
<trkpt lat="-32.235184" lon="115.798528">
<ele>-17.9</ele>
<time>2026-06-21T09:33:59.594+08:00</time>
<extensions>
<gpxtpx:TrackPointExtension>
<gpxtpx:speed>1.31</gpxtpx:speed>
</gpxtpx:TrackPointExtension>
<opentracks:accuracy_horizontal>2.333</opentracks:accuracy_horizontal></extensions>
</trkpt>
<trkpt lat="-32.235218" lon="115.798504">
<ele>-19.5</ele>
<time>2026-06-21T09:34:09.572+08:00</time>
<extensions>
<gpxtpx:TrackPointExtension>
<gpxtpx:speed>0.3</gpxtpx:speed>
</gpxtpx:TrackPointExtension>
<opentracks:accuracy_horizontal>2.288</opentracks:accuracy_horizontal></extensions>
</trkpt>
<trkpt lat="-32.235312" lon="115.798471">
<ele>-17.7</ele>
<time>2026-06-21T09:34:48.615+08:00</time>
<extensions>
<gpxtpx:TrackPointExtension>
<gpxtpx:speed>1.29</gpxtpx:speed>
</gpxtpx:TrackPointExtension>
<opentracks:accuracy_horizontal>2.521</opentracks:accuracy_horizontal></extensions>
</trkpt>
<trkpt lat="-32.235395" lon="115.79842">
<ele>-18.7</ele>
<time>2026-06-21T09:34:56.615+08:00</time>
<extensions>
<gpxtpx:TrackPointExtension>
<gpxtpx:speed>1.23</gpxtpx:speed>
</gpxtpx:TrackPointExtension>
<opentracks:accuracy_horizontal>2.379</opentracks:accuracy_horizontal></extensions>
</trkpt>
<trkpt lat="-32.235482" lon="115.798372">
<ele>-18.5</ele>
<time>2026-06-21T09:35:04.616+08:00</time>
<extensions>
<gpxtpx:TrackPointExtension>
<gpxtpx:speed>1.26</gpxtpx:speed>
</gpxtpx:TrackPointExtension>
<opentracks:accuracy_horizontal>2.483</opentracks:accuracy_horizontal></extensions>
</trkpt>
<trkpt lat="-32.235575" lon="115.798322">
<ele>-19</ele>
<time>2026-06-21T09:35:12.607+08:00</time>
<extensions>
<gpxtpx:TrackPointExtension>
<gpxtpx:speed>1.34</gpxtpx:speed>
</gpxtpx:TrackPointExtension>
<opentracks:accuracy_horizontal>2.646</opentracks:accuracy_horizontal></extensions>
</trkpt>
<trkpt lat="-32.235657" lon="115.79827">
<ele>-18.5</ele>
<time>2026-06-21T09:35:19.606+08:00</time>
<extensions>
<gpxtpx:TrackPointExtension>
<gpxtpx:speed>1.38</gpxtpx:speed>
</gpxtpx:TrackPointExtension>
<opentracks:accuracy_horizontal>2.595</opentracks:accuracy_horizontal></extensions>
</trkpt>
<trkpt lat="-32.235743" lon="115.798227">
<ele>-18.6</ele>
<time>2026-06-21T09:35:27.61+08:00</time>
<extensions>
<gpxtpx:TrackPointExtension>
<gpxtpx:speed>1.35</gpxtpx:speed>
</gpxtpx:TrackPointExtension>
<opentracks:accuracy_horizontal>2.521</opentracks:accuracy_horizontal></extensions>
</trkpt>
<trkpt lat="-32.23583" lon="115.798175">
<ele>-19.9</ele>
<time>2026-06-21T09:35:35.605+08:00</time>
<extensions>
<gpxtpx:TrackPointExtension>
<gpxtpx:speed>1.32</gpxtpx:speed>
</gpxtpx:TrackPointExtension>
<opentracks:accuracy_horizontal>2.437</opentracks:accuracy_horizontal></extensions>
</trkpt>
<trkpt lat="-32.235894" lon="115.798098">
<ele>-19.2</ele>
<time>2026-06-21T09:35:44.615+08:00</time>
<extensions>
<gpxtpx:TrackPointExtension>
<gpxtpx:speed>1.26</gpxtpx:speed>
</gpxtpx:TrackPointExtension>
<opentracks:accuracy_horizontal>2.337</opentracks:accuracy_horizontal></extensions>
</trkpt>
<trkpt lat="-32.235903" lon="115.798072">
<ele>-19.3</ele>
<time>2026-06-21T09:35:54.595+08:00</time>
<extensions>
<gpxtpx:TrackPointExtension>
<gpxtpx:speed>0.06</gpxtpx:speed>
</gpxtpx:TrackPointExtension>
<opentracks:accuracy_horizontal>2.548</opentracks:accuracy_horizontal></extensions>
</trkpt>
<trkpt lat="-32.235929" lon="115.797966">
<ele>-18.7</ele>
<time>2026-06-21T09:36:08.62+08:00</time>
<extensions>
<gpxtpx:TrackPointExtension>
<gpxtpx:speed>1.3</gpxtpx:speed>
</gpxtpx:TrackPointExtension>
<opentracks:accuracy_horizontal>2.443</opentracks:accuracy_horizontal></extensions>
</trkpt>
<trkpt lat="-32.235986" lon="115.797878">
<ele>-17.8</ele>
<time>2026-06-21T09:36:17.611+08:00</time>
<extensions>
<gpxtpx:TrackPointExtension>
<gpxtpx:speed>1.18</gpxtpx:speed>
</gpxtpx:TrackPointExtension>
<opentracks:accuracy_horizontal>2.479</opentracks:accuracy_horizontal></extensions>
</trkpt>
<trkpt lat="-32.235971" lon="115.797872">
<ele>-17</ele>
<time>2026-06-21T09:36:27.62+08:00</time>
<extensions>
<gpxtpx:TrackPointExtension>
<gpxtpx:speed>0.02</gpxtpx:speed>
</gpxtpx:TrackPointExtension>
<opentracks:accuracy_horizontal>2.875</opentracks:accuracy_horizontal></extensions>
</trkpt>
<trkpt lat="-32.236071" lon="115.797865">
<ele>-18.5</ele>
<time>2026-06-21T09:36:36.612+08:00</time>
<extensions>
<gpxtpx:TrackPointExtension>
<gpxtpx:speed>1.22</gpxtpx:speed>
</gpxtpx:TrackPointExtension>
<opentracks:accuracy_horizontal>2.667</opentracks:accuracy_horizontal></extensions>
</trkpt>
<trkpt lat="-32.236166" lon="115.797879">
<ele>-18.5</ele>
<time>2026-06-21T09:36:43.609+08:00</time>
<extensions>
<gpxtpx:TrackPointExtension>
<gpxtpx:speed>1.36</gpxtpx:speed>
</gpxtpx:TrackPointExtension>
<opentracks:accuracy_horizontal>2.592</opentracks:accuracy_horizontal></extensions>
</trkpt>
<trkpt lat="-32.236263" lon="115.797907">
<ele>-18.1</ele>
<time>2026-06-21T09:36:51.607+08:00</time>
<extensions>
<gpxtpx:TrackPointExtension>
<gpxtpx:speed>1.34</gpxtpx:speed>
</gpxtpx:TrackPointExtension>
<opentracks:accuracy_horizontal>2.681</opentracks:accuracy_horizontal></extensions>
</trkpt>
<trkpt lat="-32.236356" lon="115.797889">
<ele>-17.7</ele>
<time>2026-06-21T09:36:59.612+08:00</time>
<extensions>
<gpxtpx:TrackPointExtension>
<gpxtpx:speed>1.29</gpxtpx:speed>
</gpxtpx:TrackPointExtension>
<opentracks:accuracy_horizontal>2.825</opentracks:accuracy_horizontal></extensions>
</trkpt>
<trkpt lat="-32.236451" lon="115.79786">
<ele>-16</ele>
<time>2026-06-21T09:37:08.614+08:00</time>
<extensions>
<gpxtpx:TrackPointExtension>
<gpxtpx:speed>1.23</gpxtpx:speed>
</gpxtpx:TrackPointExtension>
<opentracks:accuracy_horizontal>2.599</opentracks:accuracy_horizontal></extensions>
</trkpt>
<trkpt lat="-32.236533" lon="115.797804">
<ele>-15.5</ele>
<time>2026-06-21T09:37:17.602+08:00</time>
<extensions>
<gpxtpx:TrackPointExtension>
<gpxtpx:speed>1.14</gpxtpx:speed>
</gpxtpx:TrackPointExtension>
<opentracks:accuracy_horizontal>2.551</opentracks:accuracy_horizontal></extensions>
</trkpt>
<trkpt lat="-32.236603" lon="115.797735">
<ele>-15.2</ele>
<time>2026-06-21T09:37:24.594+08:00</time>
<extensions>
<gpxtpx:TrackPointExtension>
<gpxtpx:speed>1.22</gpxtpx:speed>
</gpxtpx:TrackPointExtension>
<opentracks:accuracy_horizontal>2.609</opentracks:accuracy_horizontal></extensions>
</trkpt>
<trkpt lat="-32.236672" lon="115.797648">
<ele>-13.3</ele>
<time>2026-06-21T09:37:33.625+08:00</time>
<extensions>
<gpxtpx:TrackPointExtension>
<gpxtpx:speed>1.24</gpxtpx:speed>
</gpxtpx:TrackPointExtension>
<opentracks:accuracy_horizontal>2.482</opentracks:accuracy_horizontal></extensions>
</trkpt>
<trkpt lat="-32.236731" lon="115.797567">
<ele>-14.3</ele>
<time>2026-06-21T09:37:41.621+08:00</time>
<extensions>
<gpxtpx:TrackPointExtension>
<gpxtpx:speed>1.24</gpxtpx:speed>
</gpxtpx:TrackPointExtension>
<opentracks:accuracy_horizontal>2.422</opentracks:accuracy_horizontal></extensions>
</trkpt>
<trkpt lat="-32.236795" lon="115.797477">
<ele>-15.5</ele>
<time>2026-06-21T09:37:50.61+08:00</time>
<extensions>
<gpxtpx:TrackPointExtension>
<gpxtpx:speed>1.19</gpxtpx:speed>
</gpxtpx:TrackPointExtension>
<opentracks:accuracy_horizontal>2.325</opentracks:accuracy_horizontal></extensions>
</trkpt>
<trkpt lat="-32.236809" lon="115.797424">
<ele>-14.9</ele>
<time>2026-06-21T09:38:00.618+08:00</time>
<extensions>
<gpxtpx:TrackPointExtension>
<gpxtpx:speed>0.37</gpxtpx:speed>
</gpxtpx:TrackPointExtension>
<opentracks:accuracy_horizontal>2.423</opentracks:accuracy_horizontal></extensions>
</trkpt>
<trkpt lat="-32.236901" lon="115.797401">
<ele>-14.6</ele>
<time>2026-06-21T09:38:11.607+08:00</time>
<extensions>
<gpxtpx:TrackPointExtension>
<gpxtpx:speed>1.05</gpxtpx:speed>
</gpxtpx:TrackPointExtension>
<opentracks:accuracy_horizontal>2.481</opentracks:accuracy_horizontal></extensions>
</trkpt>
<trkpt lat="-32.236987" lon="115.797359">
<ele>-15.4</ele>
<time>2026-06-21T09:38:20.622+08:00</time>
<extensions>
<gpxtpx:TrackPointExtension>
<gpxtpx:speed>1.12</gpxtpx:speed>
</gpxtpx:TrackPointExtension>
<opentracks:accuracy_horizontal>2.443</opentracks:accuracy_horizontal></extensions>
</trkpt>
<trkpt lat="-32.237069" lon="115.7973">
<ele>-15.8</ele>
<time>2026-06-21T09:38:29.603+08:00</time>
<extensions>
<gpxtpx:TrackPointExtension>
<gpxtpx:speed>1.12</gpxtpx:speed>
</gpxtpx:TrackPointExtension>
<opentracks:accuracy_horizontal>2.374</opentracks:accuracy_horizontal></extensions>
</trkpt>
<trkpt lat="-32.237158" lon="115.797252">
<ele>-17.6</ele>
<time>2026-06-21T09:38:39.585+08:00</time>
<extensions>
<gpxtpx:TrackPointExtension>
<gpxtpx:speed>1.1</gpxtpx:speed>
</gpxtpx:TrackPointExtension>
<opentracks:accuracy_horizontal>2.423</opentracks:accuracy_horizontal></extensions>
</trkpt>
<trkpt lat="-32.237245" lon="115.797203">
<ele>-18</ele>
<time>2026-06-21T09:38:48.611+08:00</time>
<extensions>
<gpxtpx:TrackPointExtension>
<gpxtpx:speed>1.12</gpxtpx:speed>
</gpxtpx:TrackPointExtension>
<opentracks:accuracy_horizontal>2.37</opentracks:accuracy_horizontal></extensions>
</trkpt>
<trkpt lat="-32.237338" lon="115.797151">
<ele>-18.9</ele>
<time>2026-06-21T09:38:58.622+08:00</time>
<extensions>
<gpxtpx:TrackPointExtension>
<gpxtpx:speed>1.13</gpxtpx:speed>
</gpxtpx:TrackPointExtension>
<opentracks:accuracy_horizontal>2.417</opentracks:accuracy_horizontal></extensions>
</trkpt>
<trkpt lat="-32.237431" lon="115.797112">
<ele>-16.5</ele>
<time>2026-06-21T09:39:07.612+08:00</time>
<extensions>
<gpxtpx:TrackPointExtension>
<gpxtpx:speed>1.18</gpxtpx:speed>
</gpxtpx:TrackPointExtension>
<opentracks:accuracy_horizontal>2.424</opentracks:accuracy_horizontal></extensions>
</trkpt>
<trkpt lat="-32.237506" lon="115.797051">
<ele>-15.1</ele>
<time>2026-06-21T09:39:16.611+08:00</time>
<extensions>
<gpxtpx:TrackPointExtension>
<gpxtpx:speed>1.13</gpxtpx:speed>
</gpxtpx:TrackPointExtension>
<opentracks:accuracy_horizontal>2.459</opentracks:accuracy_horizontal></extensions>
</trkpt>
<trkpt lat="-32.237585" lon="115.796996">
<ele>-18.7</ele>
<time>2026-06-21T09:39:25.608+08:00</time>
<extensions>
<gpxtpx:TrackPointExtension>
<gpxtpx:speed>1.12</gpxtpx:speed>
</gpxtpx:TrackPointExtension>
<opentracks:accuracy_horizontal>2.586</opentracks:accuracy_horizontal></extensions>
</trkpt>
<trkpt lat="-32.23768" lon="115.79697">
<ele>-20.2</ele>
<time>2026-06-21T09:39:34.608+08:00</time>
<extensions>
<gpxtpx:TrackPointExtension>
<gpxtpx:speed>1.14</gpxtpx:speed>
</gpxtpx:TrackPointExtension>
<opentracks:accuracy_horizontal>2.365</opentracks:accuracy_horizontal></extensions>
</trkpt>
<trkpt lat="-32.23776" lon="115.796917">
<ele>-21.4</ele>
<time>2026-06-21T09:39:43.61+08:00</time>
<extensions>
<gpxtpx:TrackPointExtension>
<gpxtpx:speed>1.1</gpxtpx:speed>
</gpxtpx:TrackPointExtension>
<opentracks:accuracy_horizontal>2.461</opentracks:accuracy_horizontal></extensions>
</trkpt>
<trkpt lat="-32.23784" lon="115.796868">
<ele>-23.4</ele>
<time>2026-06-21T09:39:51.611+08:00</time>
<extensions>
<gpxtpx:TrackPointExtension>
<gpxtpx:speed>1.16</gpxtpx:speed>
</gpxtpx:TrackPointExtension>
<opentracks:accuracy_horizontal>2.463</opentracks:accuracy_horizontal></extensions>
</trkpt>
<trkpt lat="-32.23793" lon="115.796822">
<ele>-23</ele>
<time>2026-06-21T09:40:01.612+08:00</time>
<extensions>
<gpxtpx:TrackPointExtension>
<gpxtpx:speed>1.09</gpxtpx:speed>
</gpxtpx:TrackPointExtension>
<opentracks:accuracy_horizontal>2.494</opentracks:accuracy_horizontal></extensions>
</trkpt>
<trkpt lat="-32.238019" lon="115.796772">
<ele>-22.6</ele>
<time>2026-06-21T09:40:10.608+08:00</time>
<extensions>
<gpxtpx:TrackPointExtension>
<gpxtpx:speed>1.15</gpxtpx:speed>
</gpxtpx:TrackPointExtension>
<opentracks:accuracy_horizontal>2.461</opentracks:accuracy_horizontal></extensions>
</trkpt>
<trkpt lat="-32.238111" lon="115.796727">
<ele>-22</ele>
<time>2026-06-21T09:40:20.616+08:00</time>
<extensions>
<gpxtpx:TrackPointExtension>
<gpxtpx:speed>1.13</gpxtpx:speed>
</gpxtpx:TrackPointExtension>
<opentracks:accuracy_horizontal>2.297</opentracks:accuracy_horizontal></extensions>
</trkpt>
<trkpt lat="-32.238192" lon="115.796681">
<ele>-22.1</ele>
<time>2026-06-21T09:40:28.607+08:00</time>
<extensions>
<gpxtpx:TrackPointExtension>
<gpxtpx:speed>1.18</gpxtpx:speed>
</gpxtpx:TrackPointExtension>
<opentracks:accuracy_horizontal>2.429</opentracks:accuracy_horizontal></extensions>
</trkpt>
<trkpt lat="-32.238282" lon="115.796647">
<ele>-22.3</ele>
<time>2026-06-21T09:40:38.614+08:00</time>
<extensions>
<gpxtpx:TrackPointExtension>
<gpxtpx:speed>1.06</gpxtpx:speed>
</gpxtpx:TrackPointExtension>
<opentracks:accuracy_horizontal>2.375</opentracks:accuracy_horizontal></extensions>
</trkpt>
<trkpt lat="-32.238363" lon="115.796583">
<ele>-22.5</ele>
<time>2026-06-21T09:40:46.623+08:00</time>
<extensions>
<gpxtpx:TrackPointExtension>
<gpxtpx:speed>1.19</gpxtpx:speed>
</gpxtpx:TrackPointExtension>
<opentracks:accuracy_horizontal>2.364</opentracks:accuracy_horizontal></extensions>
</trkpt>
<trkpt lat="-32.238453" lon="115.796528">
<ele>-24.8</ele>
<time>2026-06-21T09:40:55.612+08:00</time>
<extensions>
<gpxtpx:TrackPointExtension>
<gpxtpx:speed>1.21</gpxtpx:speed>
</gpxtpx:TrackPointExtension>
<opentracks:accuracy_horizontal>2.461</opentracks:accuracy_horizontal></extensions>
</trkpt>
<trkpt lat="-32.238534" lon="115.796481">
<ele>-25.3</ele>
<time>2026-06-21T09:41:03.62+08:00</time>
<extensions>
<gpxtpx:TrackPointExtension>
<gpxtpx:speed>1.22</gpxtpx:speed>
</gpxtpx:TrackPointExtension>
<opentracks:accuracy_horizontal>2.524</opentracks:accuracy_horizontal></extensions>
</trkpt>
<trkpt lat="-32.238626" lon="115.796442">
<ele>-25</ele>
<time>2026-06-21T09:41:11.608+08:00</time>
<extensions>
<gpxtpx:TrackPointExtension>
<gpxtpx:speed>1.25</gpxtpx:speed>
</gpxtpx:TrackPointExtension>
<opentracks:accuracy_horizontal>2.76</opentracks:accuracy_horizontal></extensions>
</trkpt>
<trkpt lat="-32.238636" lon="115.796444">
<ele>-22.6</ele>
<time>2026-06-21T09:41:21.61+08:00</time>
<extensions>
<gpxtpx:TrackPointExtension>
<gpxtpx:speed>0.16</gpxtpx:speed>
</gpxtpx:TrackPointExtension>
<opentracks:accuracy_horizontal>2.693</opentracks:accuracy_horizontal></extensions>
</trkpt>
<trkpt lat="-32.238723" lon="115.796406">
<ele>-23.3</ele>
<time>2026-06-21T09:41:28.619+08:00</time>
<extensions>
<gpxtpx:TrackPointExtension>
<gpxtpx:speed>1.14</gpxtpx:speed>
</gpxtpx:TrackPointExtension>
<opentracks:accuracy_horizontal>2.613</opentracks:accuracy_horizontal></extensions>
</trkpt>
<trkpt lat="-32.2388" lon="115.796343">
<ele>-25.7</ele>
<time>2026-06-21T09:41:36.612+08:00</time>
<extensions>
<gpxtpx:TrackPointExtension>
<gpxtpx:speed>1.2</gpxtpx:speed>
</gpxtpx:TrackPointExtension>
<opentracks:accuracy_horizontal>2.831</opentracks:accuracy_horizontal></extensions>
</trkpt>
<trkpt lat="-32.238885" lon="115.796308">
<ele>-26.1</ele>
<time>2026-06-21T09:41:44.618+08:00</time>
<extensions>
<gpxtpx:TrackPointExtension>
<gpxtpx:speed>1.23</gpxtpx:speed>
</gpxtpx:TrackPointExtension>
<opentracks:accuracy_horizontal>2.646</opentracks:accuracy_horizontal></extensions>
</trkpt>
<trkpt lat="-32.238966" lon="115.796257">
<ele>-26.8</ele>
<time>2026-06-21T09:41:53.625+08:00</time>
<extensions>
<gpxtpx:TrackPointExtension>
<gpxtpx:speed>1.16</gpxtpx:speed>
</gpxtpx:TrackPointExtension>
<opentracks:accuracy_horizontal>2.58</opentracks:accuracy_horizontal></extensions>
</trkpt>
<trkpt lat="-32.239047" lon="115.796207">
<ele>-25.3</ele>
<time>2026-06-21T09:42:02.606+08:00</time>
<extensions>
<gpxtpx:TrackPointExtension>
<gpxtpx:speed>1.11</gpxtpx:speed>
</gpxtpx:TrackPointExtension>
<opentracks:accuracy_horizontal>2.645</opentracks:accuracy_horizontal></extensions>
</trkpt>
<trkpt lat="-32.239127" lon="115.796163">
<ele>-25.7</ele>
<time>2026-06-21T09:42:12.615+08:00</time>
<extensions>
<gpxtpx:TrackPointExtension>
<gpxtpx:speed>1</gpxtpx:speed>
</gpxtpx:TrackPointExtension>
<opentracks:accuracy_horizontal>2.592</opentracks:accuracy_horizontal></extensions>
</trkpt>
<trkpt lat="-32.239205" lon="115.796107">
<ele>-24.1</ele>
<time>2026-06-21T09:42:26.618+08:00</time>
<extensions>
<gpxtpx:TrackPointExtension>
<gpxtpx:speed>0.46</gpxtpx:speed>
</gpxtpx:TrackPointExtension>
<opentracks:accuracy_horizontal>2.893</opentracks:accuracy_horizontal></extensions>
</trkpt>
<trkpt lat="-32.239279" lon="115.796039">
<ele>-23.1</ele>
<time>2026-06-21T09:42:34.615+08:00</time>
<extensions>
<gpxtpx:TrackPointExtension>
<gpxtpx:speed>1.06</gpxtpx:speed>
</gpxtpx:TrackPointExtension>
<opentracks:accuracy_horizontal>2.835</opentracks:accuracy_horizontal></extensions>
</trkpt>
<trkpt lat="-32.239342" lon="115.795996">
<ele>-22.4</ele>
<time>2026-06-21T09:42:44.617+08:00</time>
<extensions>
<gpxtpx:TrackPointExtension>
<gpxtpx:speed>0.88</gpxtpx:speed>
</gpxtpx:TrackPointExtension>
<opentracks:accuracy_horizontal>2.49</opentracks:accuracy_horizontal></extensions>
</trkpt>
<trkpt lat="-32.239409" lon="115.795911">
<ele>-17.3</ele>
<time>2026-06-21T09:43:35.62+08:00</time>
<extensions>
<gpxtpx:TrackPointExtension>
<gpxtpx:speed>1.17</gpxtpx:speed>
</gpxtpx:TrackPointExtension>
<opentracks:accuracy_horizontal>2.574</opentracks:accuracy_horizontal></extensions>
</trkpt>
<trkpt lat="-32.239476" lon="115.795823">
<ele>-17.9</ele>
<time>2026-06-21T09:43:45.614+08:00</time>
<extensions>
<gpxtpx:TrackPointExtension>
<gpxtpx:speed>1.13</gpxtpx:speed>
</gpxtpx:TrackPointExtension>
<opentracks:accuracy_horizontal>2.64</opentracks:accuracy_horizontal></extensions>
</trkpt>
<trkpt lat="-32.23946" lon="115.795808">
<ele>-16.9</ele>
<time>2026-06-21T09:43:55.615+08:00</time>
<extensions>
<gpxtpx:TrackPointExtension>
<gpxtpx:speed>0.13</gpxtpx:speed>
</gpxtpx:TrackPointExtension>
<opentracks:accuracy_horizontal>2.558</opentracks:accuracy_horizontal></extensions>
</trkpt>
<trkpt lat="-32.239536" lon="115.795743">
<ele>-17.5</ele>
<time>2026-06-21T09:44:18.587+08:00</time>
<extensions>
<gpxtpx:TrackPointExtension>
<gpxtpx:speed>1.59</gpxtpx:speed>
</gpxtpx:TrackPointExtension>
<opentracks:accuracy_horizontal>2.482</opentracks:accuracy_horizontal></extensions>
</trkpt>
<trkpt lat="-32.239532" lon="115.795651">
<ele>-16.9</ele>
<time>2026-06-21T09:44:27.632+08:00</time>
<extensions>
<gpxtpx:TrackPointExtension>
<gpxtpx:speed>1.14</gpxtpx:speed>
</gpxtpx:TrackPointExtension>
<opentracks:accuracy_horizontal>2.632</opentracks:accuracy_horizontal></extensions>
</trkpt>
<trkpt lat="-32.239526" lon="115.795536">
<ele>-18.6</ele>
<time>2026-06-21T09:44:40.674+08:00</time>
<extensions>
<gpxtpx:TrackPointExtension>
<gpxtpx:speed>0.94</gpxtpx:speed>
</gpxtpx:TrackPointExtension>
<opentracks:accuracy_horizontal>4.43</opentracks:accuracy_horizontal></extensions>
</trkpt>
<trkpt lat="-32.23945" lon="115.795451">
<ele>-19.7</ele>
<time>2026-06-21T09:44:49.662+08:00</time>
<extensions>
<gpxtpx:TrackPointExtension>
<gpxtpx:speed>1.25</gpxtpx:speed>
</gpxtpx:TrackPointExtension>
<opentracks:accuracy_horizontal>6.199</opentracks:accuracy_horizontal></extensions>
</trkpt>
<trkpt lat="-32.239561" lon="115.795425">
<ele>-18.7</ele>
<time>2026-06-21T09:44:58.667+08:00</time>
<extensions>
<gpxtpx:TrackPointExtension>
<gpxtpx:speed>0.59</gpxtpx:speed>
</gpxtpx:TrackPointExtension>
<opentracks:accuracy_horizontal>4.233</opentracks:accuracy_horizontal></extensions>
</trkpt>
<trkpt lat="-32.239562" lon="115.795428">
<ele>-20.3</ele>
<time>2026-06-21T09:45:08.641+08:00</time>
<extensions>
<gpxtpx:TrackPointExtension>
<gpxtpx:speed>0.01</gpxtpx:speed>
</gpxtpx:TrackPointExtension>
<opentracks:accuracy_horizontal>2.05</opentracks:accuracy_horizontal></extensions>
</trkpt>
<trkpt lat="-32.239652" lon="115.79539">
<ele>-18.7</ele>
<time>2026-06-21T09:45:34.645+08:00</time>
<extensions>
<gpxtpx:TrackPointExtension>
<gpxtpx:speed>1.21</gpxtpx:speed>
</gpxtpx:TrackPointExtension>
<opentracks:accuracy_horizontal>2.061</opentracks:accuracy_horizontal></extensions>
</trkpt>
<trkpt lat="-32.239735" lon="115.795372">
<ele>-18.9</ele>
<time>2026-06-21T09:45:43.642+08:00</time>
<extensions>
<gpxtpx:TrackPointExtension>
<gpxtpx:speed>1.08</gpxtpx:speed>
</gpxtpx:TrackPointExtension>
<opentracks:accuracy_horizontal>1.592</opentracks:accuracy_horizontal></extensions>
</trkpt>
<trkpt lat="-32.239825" lon="115.795365">
<ele>-19.6</ele>
<time>2026-06-21T09:45:58.684+08:00</time>
<extensions>
<gpxtpx:TrackPointExtension>
<gpxtpx:speed>0.53</gpxtpx:speed>
</gpxtpx:TrackPointExtension>
<opentracks:accuracy_horizontal>5.028</opentracks:accuracy_horizontal></extensions>
</trkpt>
<trkpt lat="-32.239889" lon="115.795349">
<ele>-18.7</ele>
<time>2026-06-21T09:46:08.675+08:00</time>
<extensions>
<gpxtpx:TrackPointExtension>
<gpxtpx:speed>0.79</gpxtpx:speed>
</gpxtpx:TrackPointExtension>
<opentracks:accuracy_horizontal>4.68</opentracks:accuracy_horizontal></extensions>
</trkpt>
<trkpt lat="-32.239986" lon="115.795319">
<ele>-17.8</ele>
<time>2026-06-21T09:46:18.674+08:00</time>
<extensions>
<gpxtpx:TrackPointExtension>
<gpxtpx:speed>1.05</gpxtpx:speed>
</gpxtpx:TrackPointExtension>
<opentracks:accuracy_horizontal>4.736</opentracks:accuracy_horizontal></extensions>
</trkpt>
<trkpt lat="-32.24007" lon="115.795293">
<ele>-16.2</ele>
<time>2026-06-21T09:46:28.677+08:00</time>
<extensions>
<gpxtpx:TrackPointExtension>
<gpxtpx:speed>0.89</gpxtpx:speed>
</gpxtpx:TrackPointExtension>
<opentracks:accuracy_horizontal>3.619</opentracks:accuracy_horizontal></extensions>
</trkpt>
<trkpt lat="-32.240163" lon="115.795257">
<ele>-17.2</ele>
<time>2026-06-21T09:46:38.682+08:00</time>
<extensions>
<gpxtpx:TrackPointExtension>
<gpxtpx:speed>0.99</gpxtpx:speed>
</gpxtpx:TrackPointExtension>
<opentracks:accuracy_horizontal>3.599</opentracks:accuracy_horizontal></extensions>
</trkpt>
<trkpt lat="-32.240215" lon="115.795232">
<ele>-16.5</ele>
<time>2026-06-21T09:46:48.675+08:00</time>
<extensions>
<gpxtpx:TrackPointExtension>
<gpxtpx:speed>0.78</gpxtpx:speed>
</gpxtpx:TrackPointExtension>
<opentracks:accuracy_horizontal>3.409</opentracks:accuracy_horizontal></extensions>
</trkpt>
<trkpt lat="-32.240277" lon="115.795153">
<ele>-16.7</ele>
<time>2026-06-21T09:46:57.681+08:00</time>
<extensions>
<gpxtpx:TrackPointExtension>
<gpxtpx:speed>1.06</gpxtpx:speed>
</gpxtpx:TrackPointExtension>
<opentracks:accuracy_horizontal>3.71</opentracks:accuracy_horizontal></extensions>
</trkpt>
<trkpt lat="-32.240353" lon="115.795083">
<ele>-16.1</ele>
<time>2026-06-21T09:47:06.675+08:00</time>
<extensions>
<gpxtpx:TrackPointExtension>
<gpxtpx:speed>1.1</gpxtpx:speed>
</gpxtpx:TrackPointExtension>
<opentracks:accuracy_horizontal>3.585</opentracks:accuracy_horizontal></extensions>
</trkpt>
<trkpt lat="-32.240418" lon="115.795005">
<ele>-16.6</ele>
<time>2026-06-21T09:47:15.681+08:00</time>
<extensions>
<gpxtpx:TrackPointExtension>
<gpxtpx:speed>1.1</gpxtpx:speed>
</gpxtpx:TrackPointExtension>
<opentracks:accuracy_horizontal>3.781</opentracks:accuracy_horizontal></extensions>
</trkpt>
<trkpt lat="-32.240501" lon="115.794934">
<ele>-16.1</ele>
<time>2026-06-21T09:47:24.683+08:00</time>
<extensions>
<gpxtpx:TrackPointExtension>
<gpxtpx:speed>1.17</gpxtpx:speed>
</gpxtpx:TrackPointExtension>
<opentracks:accuracy_horizontal>3.701</opentracks:accuracy_horizontal></extensions>
</trkpt>
<trkpt lat="-32.240576" lon="115.794855">
<ele>-16.3</ele>
<time>2026-06-21T09:47:33.665+08:00</time>
<extensions>
<gpxtpx:TrackPointExtension>
<gpxtpx:speed>1.16</gpxtpx:speed>
</gpxtpx:TrackPointExtension>
<opentracks:accuracy_horizontal>3.144</opentracks:accuracy_horizontal></extensions>
</trkpt>
<trkpt lat="-32.240647" lon="115.794778">
<ele>-16</ele>
<time>2026-06-21T09:47:42.672+08:00</time>
<extensions>
<gpxtpx:TrackPointExtension>
<gpxtpx:speed>1.15</gpxtpx:speed>
</gpxtpx:TrackPointExtension>
<opentracks:accuracy_horizontal>2.971</opentracks:accuracy_horizontal></extensions>
</trkpt>
<trkpt lat="-32.240711" lon="115.794685">
<ele>-17</ele>
<time>2026-06-21T09:47:51.676+08:00</time>
<extensions>
<gpxtpx:TrackPointExtension>
<gpxtpx:speed>1.18</gpxtpx:speed>
</gpxtpx:TrackPointExtension>
<opentracks:accuracy_horizontal>3.091</opentracks:accuracy_horizontal></extensions>
</trkpt>
<trkpt lat="-32.240775" lon="115.794597">
<ele>-16.6</ele>
<time>2026-06-21T09:48:00.681+08:00</time>
<extensions>
<gpxtpx:TrackPointExtension>
<gpxtpx:speed>1.16</gpxtpx:speed>
</gpxtpx:TrackPointExtension>
<opentracks:accuracy_horizontal>3.227</opentracks:accuracy_horizontal></extensions>
</trkpt>
<trkpt lat="-32.240829" lon="115.794547">
<ele>-17</ele>
<time>2026-06-21T09:48:10.681+08:00</time>
<extensions>
<gpxtpx:TrackPointExtension>
<gpxtpx:speed>1.04</gpxtpx:speed>
</gpxtpx:TrackPointExtension>
<opentracks:accuracy_horizontal>3.057</opentracks:accuracy_horizontal></extensions>
</trkpt>
<trkpt lat="-32.240852" lon="115.794444">
<ele>-17.1</ele>
<time>2026-06-21T09:48:19.662+08:00</time>
<extensions>
<gpxtpx:TrackPointExtension>
<gpxtpx:speed>1.06</gpxtpx:speed>
</gpxtpx:TrackPointExtension>
<opentracks:accuracy_horizontal>3.46</opentracks:accuracy_horizontal></extensions>
</trkpt>
<trkpt lat="-32.240874" lon="115.794372">
<ele>-17.1</ele>
<time>2026-06-21T09:48:28.67+08:00</time>
<extensions>
<gpxtpx:TrackPointExtension>
<gpxtpx:speed>0.91</gpxtpx:speed>
</gpxtpx:TrackPointExtension>
<opentracks:accuracy_horizontal>3.31</opentracks:accuracy_horizontal></extensions>
</trkpt>
<trkpt lat="-32.240918" lon="115.794275">
<ele>-15.4</ele>
<time>2026-06-21T09:48:39.663+08:00</time>
<extensions>
<gpxtpx:TrackPointExtension>
<gpxtpx:speed>0.93</gpxtpx:speed>
</gpxtpx:TrackPointExtension>
<opentracks:accuracy_horizontal>3.837</opentracks:accuracy_horizontal></extensions>
</trkpt>
<trkpt lat="-32.240969" lon="115.794196">
<ele>-16.3</ele>
<time>2026-06-21T09:48:49.672+08:00</time>
<extensions>
<gpxtpx:TrackPointExtension>
<gpxtpx:speed>0.93</gpxtpx:speed>
</gpxtpx:TrackPointExtension>
<opentracks:accuracy_horizontal>3.519</opentracks:accuracy_horizontal></extensions>
</trkpt>
<trkpt lat="-32.241025" lon="115.794109">
<ele>-15.1</ele>
<time>2026-06-21T09:48:58.679+08:00</time>
<extensions>
<gpxtpx:TrackPointExtension>
<gpxtpx:speed>1.03</gpxtpx:speed>
</gpxtpx:TrackPointExtension>
<opentracks:accuracy_horizontal>3.029</opentracks:accuracy_horizontal></extensions>
</trkpt>
<trkpt lat="-32.24108" lon="115.794015">
<ele>-13.8</ele>
<time>2026-06-21T09:49:08.675+08:00</time>
<extensions>
<gpxtpx:TrackPointExtension>
<gpxtpx:speed>1.04</gpxtpx:speed>
</gpxtpx:TrackPointExtension>
<opentracks:accuracy_horizontal>3.187</opentracks:accuracy_horizontal></extensions>
</trkpt>
<trkpt lat="-32.241119" lon="115.79395">
<ele>-13.9</ele>
<time>2026-06-21T09:49:18.667+08:00</time>
<extensions>
<gpxtpx:TrackPointExtension>
<gpxtpx:speed>0.12</gpxtpx:speed>
</gpxtpx:TrackPointExtension>
<opentracks:accuracy_horizontal>2.307</opentracks:accuracy_horizontal></extensions>
</trkpt>
<trkpt lat="-32.241167" lon="115.793849">
<ele>-13.6</ele>
<time>2026-06-21T09:49:30.673+08:00</time>
<extensions>
<gpxtpx:TrackPointExtension>
<gpxtpx:speed>1.07</gpxtpx:speed>
</gpxtpx:TrackPointExtension>
<opentracks:accuracy_horizontal>3.256</opentracks:accuracy_horizontal></extensions>
</trkpt>
<trkpt lat="-32.241203" lon="115.793771">
<ele>-12.8</ele>
<time>2026-06-21T09:49:40.678+08:00</time>
<extensions>
<gpxtpx:TrackPointExtension>
<gpxtpx:speed>0.91</gpxtpx:speed>
</gpxtpx:TrackPointExtension>
<opentracks:accuracy_horizontal>4.072</opentracks:accuracy_horizontal></extensions>
</trkpt>
<trkpt lat="-32.241258" lon="115.793686">
<ele>-12</ele>
<time>2026-06-21T09:49:49.677+08:00</time>
<extensions>
<gpxtpx:TrackPointExtension>
<gpxtpx:speed>0.98</gpxtpx:speed>
</gpxtpx:TrackPointExtension>
<opentracks:accuracy_horizontal>4.049</opentracks:accuracy_horizontal></extensions>
</trkpt>
<trkpt lat="-32.241309" lon="115.793593">
<ele>-10.8</ele>
<time>2026-06-21T09:49:58.672+08:00</time>
<extensions>
<gpxtpx:TrackPointExtension>
<gpxtpx:speed>1.04</gpxtpx:speed>
</gpxtpx:TrackPointExtension>
<opentracks:accuracy_horizontal>3.871</opentracks:accuracy_horizontal></extensions>
</trkpt>
<trkpt lat="-32.241359" lon="115.793497">
<ele>-10.3</ele>
<time>2026-06-21T09:50:08.673+08:00</time>
<extensions>
<gpxtpx:TrackPointExtension>
<gpxtpx:speed>1</gpxtpx:speed>
</gpxtpx:TrackPointExtension>
<opentracks:accuracy_horizontal>3.534</opentracks:accuracy_horizontal></extensions>
</trkpt>
<trkpt lat="-32.241406" lon="115.793406">
<ele>-9.3</ele>
<time>2026-06-21T09:50:17.674+08:00</time>
<extensions>
<gpxtpx:TrackPointExtension>
<gpxtpx:speed>1.03</gpxtpx:speed>
</gpxtpx:TrackPointExtension>
<opentracks:accuracy_horizontal>3.171</opentracks:accuracy_horizontal></extensions>
</trkpt>
<trkpt lat="-32.241424" lon="115.793358">
<ele>-8.1</ele>
<time>2026-06-21T09:50:27.676+08:00</time>
<extensions>
<gpxtpx:TrackPointExtension>
<gpxtpx:speed>0.55</gpxtpx:speed>
</gpxtpx:TrackPointExtension>
<opentracks:accuracy_horizontal>4.409</opentracks:accuracy_horizontal></extensions>
</trkpt>
<trkpt lat="-32.241481" lon="115.793269">
<ele>-7.8</ele>
<time>2026-06-21T09:50:40.677+08:00</time>
<extensions>
<gpxtpx:TrackPointExtension>
<gpxtpx:speed>0.89</gpxtpx:speed>
</gpxtpx:TrackPointExtension>
<opentracks:accuracy_horizontal>3.866</opentracks:accuracy_horizontal></extensions>
</trkpt>
<trkpt lat="-32.241524" lon="115.793172">
<ele>-7.6</ele>
<time>2026-06-21T09:50:49.681+08:00</time>
<extensions>
<gpxtpx:TrackPointExtension>
<gpxtpx:speed>1.04</gpxtpx:speed>
</gpxtpx:TrackPointExtension>
<opentracks:accuracy_horizontal>3.253</opentracks:accuracy_horizontal></extensions>
</trkpt>
<trkpt lat="-32.241587" lon="115.793083">
<ele>-6.6</ele>
<time>2026-06-21T09:50:58.698+08:00</time>
<extensions>
<gpxtpx:TrackPointExtension>
<gpxtpx:speed>1.1</gpxtpx:speed>
</gpxtpx:TrackPointExtension>
<opentracks:accuracy_horizontal>3.359</opentracks:accuracy_horizontal></extensions>
</trkpt>
<trkpt lat="-32.241645" lon="115.793001">
<ele>-6.1</ele>
<time>2026-06-21T09:51:07.686+08:00</time>
<extensions>
<gpxtpx:TrackPointExtension>
<gpxtpx:speed>1.08</gpxtpx:speed>
</gpxtpx:TrackPointExtension>
<opentracks:accuracy_horizontal>3.223</opentracks:accuracy_horizontal></extensions>
</trkpt>
<trkpt lat="-32.241675" lon="115.792897">
<ele>-4.5</ele>
<time>2026-06-21T09:51:16.658+08:00</time>
<extensions>
<gpxtpx:TrackPointExtension>
<gpxtpx:speed>1.1</gpxtpx:speed>
</gpxtpx:TrackPointExtension>
<opentracks:accuracy_horizontal>3.176</opentracks:accuracy_horizontal></extensions>
</trkpt>
<trkpt lat="-32.241658" lon="115.792797">
<ele>-3.8</ele>
<time>2026-06-21T09:51:25.676+08:00</time>
<extensions>
<gpxtpx:TrackPointExtension>
<gpxtpx:speed>1.06</gpxtpx:speed>
</gpxtpx:TrackPointExtension>
<opentracks:accuracy_horizontal>3.135</opentracks:accuracy_horizontal></extensions>
</trkpt>
<trkpt lat="-32.241588" lon="115.792722">
<ele>-5</ele>
<time>2026-06-21T09:52:01.672+08:00</time>
<extensions>
<gpxtpx:TrackPointExtension>
<gpxtpx:speed>0.34</gpxtpx:speed>
</gpxtpx:TrackPointExtension>
<opentracks:accuracy_horizontal>2.779</opentracks:accuracy_horizontal></extensions>
</trkpt>
<trkpt lat="-32.241544" lon="115.792735">
<ele>-5.7</ele>
<time>2026-06-21T09:52:11.639+08:00</time>
<extensions>
<gpxtpx:TrackPointExtension>
<gpxtpx:speed>0.61</gpxtpx:speed>
</gpxtpx:TrackPointExtension>
<opentracks:accuracy_horizontal>2.526</opentracks:accuracy_horizontal></extensions>
</trkpt>
<trkpt lat="-32.241464" lon="115.79279">
<ele>-5.6</ele>
<time>2026-06-21T09:52:19.685+08:00</time>
<extensions>
<gpxtpx:TrackPointExtension>
<gpxtpx:speed>1.2</gpxtpx:speed>
</gpxtpx:TrackPointExtension>
<opentracks:accuracy_horizontal>2.973</opentracks:accuracy_horizontal></extensions>
</trkpt>
<trkpt lat="-32.241379" lon="115.792795">
<ele>-2.7</ele>
<time>2026-06-21T09:52:29.695+08:00</time>
<extensions>
<gpxtpx:TrackPointExtension>
<gpxtpx:speed>1.2</gpxtpx:speed>
</gpxtpx:TrackPointExtension>
<opentracks:accuracy_horizontal>2.699</opentracks:accuracy_horizontal></extensions>
</trkpt>
<trkpt lat="-32.241283" lon="115.792786">
<ele>-2.9</ele>
<time>2026-06-21T09:52:38.675+08:00</time>
<extensions>
<gpxtpx:TrackPointExtension>
<gpxtpx:speed>1.15</gpxtpx:speed>
</gpxtpx:TrackPointExtension>
<opentracks:accuracy_horizontal>3.33</opentracks:accuracy_horizontal></extensions>
</trkpt>
<trkpt lat="-32.241235" lon="115.792802">
<ele>2</ele>
<time>2026-06-21T09:52:48.629+08:00</time>
<extensions>
<gpxtpx:TrackPointExtension>
<gpxtpx:speed>0.06</gpxtpx:speed>
</gpxtpx:TrackPointExtension>
<opentracks:accuracy_horizontal>2.457</opentracks:accuracy_horizontal></extensions>
</trkpt>
<trkpt lat="-32.241132" lon="115.792821">
<ele>3.1</ele>
<time>2026-06-21T09:53:16.626+08:00</time>
<extensions>
<gpxtpx:TrackPointExtension>
<gpxtpx:speed>1.23</gpxtpx:speed>
</gpxtpx:TrackPointExtension>
<opentracks:accuracy_horizontal>2.369</opentracks:accuracy_horizontal></extensions>
</trkpt>
<trkpt lat="-32.241062" lon="115.792779">
<ele>1.6</ele>
<time>2026-06-21T09:53:26.608+08:00</time>
<extensions>
<gpxtpx:TrackPointExtension>
<gpxtpx:speed>1.04</gpxtpx:speed>
</gpxtpx:TrackPointExtension>
<opentracks:accuracy_horizontal>2.357</opentracks:accuracy_horizontal></extensions>
</trkpt>
<trkpt lat="-32.240964" lon="115.792758">
<ele>5</ele>
<time>2026-06-21T09:53:44.631+08:00</time>
<extensions>
<gpxtpx:TrackPointExtension>
<gpxtpx:speed>1.06</gpxtpx:speed>
</gpxtpx:TrackPointExtension>
<opentracks:accuracy_horizontal>2.444</opentracks:accuracy_horizontal></extensions>
</trkpt>
<trkpt lat="-32.24088" lon="115.792824">
<ele>3.3</ele>
<time>2026-06-21T09:53:53.627+08:00</time>
<extensions>
<gpxtpx:TrackPointExtension>
<gpxtpx:speed>1.3</gpxtpx:speed>
</gpxtpx:TrackPointExtension>
<opentracks:accuracy_horizontal>2.419</opentracks:accuracy_horizontal></extensions>
</trkpt>
<trkpt lat="-32.240843" lon="115.792922">
<ele>1.1</ele>
<time>2026-06-21T09:54:02.611+08:00</time>
<extensions>
<gpxtpx:TrackPointExtension>
<gpxtpx:speed>1.2</gpxtpx:speed>
</gpxtpx:TrackPointExtension>
<opentracks:accuracy_horizontal>2.422</opentracks:accuracy_horizontal></extensions>
</trkpt>
<trkpt lat="-32.240787" lon="115.793014">
<ele>2.2</ele>
<time>2026-06-21T09:54:11.6+08:00</time>
<extensions>
<gpxtpx:TrackPointExtension>
<gpxtpx:speed>1.14</gpxtpx:speed>
</gpxtpx:TrackPointExtension>
<opentracks:accuracy_horizontal>2.457</opentracks:accuracy_horizontal></extensions>
</trkpt>
<trkpt lat="-32.240713" lon="115.793085">
<ele>2.3</ele>
<time>2026-06-21T09:54:20.619+08:00</time>
<extensions>
<gpxtpx:TrackPointExtension>
<gpxtpx:speed>1.15</gpxtpx:speed>
</gpxtpx:TrackPointExtension>
<opentracks:accuracy_horizontal>2.409</opentracks:accuracy_horizontal></extensions>
</trkpt>
<trkpt lat="-32.240638" lon="115.79314">
<ele>2.7</ele>
<time>2026-06-21T09:54:30.619+08:00</time>
<extensions>
<gpxtpx:TrackPointExtension>
<gpxtpx:speed>1.04</gpxtpx:speed>
</gpxtpx:TrackPointExtension>
<opentracks:accuracy_horizontal>2.316</opentracks:accuracy_horizontal></extensions>
</trkpt>
<trkpt lat="-32.240543" lon="115.793179">
<ele>2.2</ele>
<time>2026-06-21T09:54:42.622+08:00</time>
<extensions>
<gpxtpx:TrackPointExtension>
<gpxtpx:speed>1.15</gpxtpx:speed>
</gpxtpx:TrackPointExtension>
<opentracks:accuracy_horizontal>2.284</opentracks:accuracy_horizontal></extensions>
</trkpt>
<trkpt lat="-32.240463" lon="115.793228">
<ele>1.6</ele>
<time>2026-06-21T09:54:50.614+08:00</time>
<extensions>
<gpxtpx:TrackPointExtension>
<gpxtpx:speed>1.2</gpxtpx:speed>
</gpxtpx:TrackPointExtension>
<opentracks:accuracy_horizontal>2.337</opentracks:accuracy_horizontal></extensions>
</trkpt>
<trkpt lat="-32.240371" lon="115.793232">
<ele>2.6</ele>
<time>2026-06-21T09:54:59.628+08:00</time>
<extensions>
<gpxtpx:TrackPointExtension>
<gpxtpx:speed>1.16</gpxtpx:speed>
</gpxtpx:TrackPointExtension>
<opentracks:accuracy_horizontal>2.319</opentracks:accuracy_horizontal></extensions>
</trkpt>
<trkpt lat="-32.240279" lon="115.793202">
<ele>2.5</ele>
<time>2026-06-21T09:55:08.633+08:00</time>
<extensions>
<gpxtpx:TrackPointExtension>
<gpxtpx:speed>1.14</gpxtpx:speed>
</gpxtpx:TrackPointExtension>
<opentracks:accuracy_horizontal>2.427</opentracks:accuracy_horizontal></extensions>
</trkpt>
<trkpt lat="-32.240186" lon="115.793189">
<ele>3.7</ele>
<time>2026-06-21T09:55:17.618+08:00</time>
<extensions>
<gpxtpx:TrackPointExtension>
<gpxtpx:speed>1.13</gpxtpx:speed>
</gpxtpx:TrackPointExtension>
<opentracks:accuracy_horizontal>2.341</opentracks:accuracy_horizontal></extensions>
</trkpt>
<trkpt lat="-32.240096" lon="115.793174">
<ele>2.9</ele>
<time>2026-06-21T09:55:25.62+08:00</time>
<extensions>
<gpxtpx:TrackPointExtension>
<gpxtpx:speed>1.18</gpxtpx:speed>
</gpxtpx:TrackPointExtension>
<opentracks:accuracy_horizontal>2.319</opentracks:accuracy_horizontal></extensions>
</trkpt>
<trkpt lat="-32.240009" lon="115.793148">
<ele>2.9</ele>
<time>2026-06-21T09:55:34.632+08:00</time>
<extensions>
<gpxtpx:TrackPointExtension>
<gpxtpx:speed>1.14</gpxtpx:speed>
</gpxtpx:TrackPointExtension>
<opentracks:accuracy_horizontal>2.36</opentracks:accuracy_horizontal></extensions>
</trkpt>
<trkpt lat="-32.239918" lon="115.793139">
<ele>3.6</ele>
<time>2026-06-21T09:55:43.603+08:00</time>
<extensions>
<gpxtpx:TrackPointExtension>
<gpxtpx:speed>1.09</gpxtpx:speed>
</gpxtpx:TrackPointExtension>
<opentracks:accuracy_horizontal>2.26</opentracks:accuracy_horizontal></extensions>
</trkpt>
<trkpt lat="-32.239903" lon="115.793101">
<ele>4.1</ele>
<time>2026-06-21T09:55:52.621+08:00</time>
<extensions>
<gpxtpx:TrackPointExtension>
<gpxtpx:speed>0.1</gpxtpx:speed>
</gpxtpx:TrackPointExtension>
<opentracks:accuracy_horizontal>2.426</opentracks:accuracy_horizontal></extensions>
</trkpt>
<trkpt lat="-32.23981" lon="115.793121">
<ele>2.8</ele>
<time>2026-06-21T09:56:22.62+08:00</time>
<extensions>
<gpxtpx:TrackPointExtension>
<gpxtpx:speed>1.1</gpxtpx:speed>
</gpxtpx:TrackPointExtension>
<opentracks:accuracy_horizontal>2.253</opentracks:accuracy_horizontal></extensions>
</trkpt>
<trkpt lat="-32.239785" lon="115.793073">
<ele>3.5</ele>
<time>2026-06-21T09:56:32.608+08:00</time>
<extensions>
<gpxtpx:TrackPointExtension>
<gpxtpx:speed>0.77</gpxtpx:speed>
</gpxtpx:TrackPointExtension>
<opentracks:accuracy_horizontal>2.259</opentracks:accuracy_horizontal></extensions>
</trkpt>
<trkpt lat="-32.239698" lon="115.79311">
<ele>1.5</ele>
<time>2026-06-21T09:58:19.653+08:00</time>
<extensions>
<gpxtpx:TrackPointExtension>
<gpxtpx:speed>1.37</gpxtpx:speed>
</gpxtpx:TrackPointExtension>
<opentracks:accuracy_horizontal>1.737</opentracks:accuracy_horizontal></extensions>
</trkpt>
<trkpt lat="-32.239605" lon="115.793113">
<ele>1.7</ele>
<time>2026-06-21T09:58:28.619+08:00</time>
<extensions>
<gpxtpx:TrackPointExtension>
<gpxtpx:speed>1.21</gpxtpx:speed>
</gpxtpx:TrackPointExtension>
<opentracks:accuracy_horizontal>2.293</opentracks:accuracy_horizontal></extensions>
</trkpt>
<trkpt lat="-32.239508" lon="115.793112">
<ele>3</ele>
<time>2026-06-21T09:58:36.611+08:00</time>
<extensions>
<gpxtpx:TrackPointExtension>
<gpxtpx:speed>1.27</gpxtpx:speed>
</gpxtpx:TrackPointExtension>
<opentracks:accuracy_horizontal>1.942</opentracks:accuracy_horizontal></extensions>
</trkpt>
<trkpt lat="-32.239426" lon="115.793117">
<ele>2.5</ele>
<time>2026-06-21T09:58:45.683+08:00</time>
<extensions>
<gpxtpx:TrackPointExtension>
<gpxtpx:speed>1</gpxtpx:speed>
</gpxtpx:TrackPointExtension>
<opentracks:accuracy_horizontal>3.242</opentracks:accuracy_horizontal></extensions>
</trkpt>
<trkpt lat="-32.239328" lon="115.793109">
<ele>1.2</ele>
<time>2026-06-21T09:59:18.687+08:00</time>
<extensions>
<gpxtpx:TrackPointExtension>
<gpxtpx:speed>1.1</gpxtpx:speed>
</gpxtpx:TrackPointExtension>
<opentracks:accuracy_horizontal>3.778</opentracks:accuracy_horizontal></extensions>
</trkpt>
<trkpt lat="-32.239237" lon="115.793158">
<ele>0.7</ele>
<time>2026-06-21T09:59:27.686+08:00</time>
<extensions>
<gpxtpx:TrackPointExtension>
<gpxtpx:speed>1.13</gpxtpx:speed>
</gpxtpx:TrackPointExtension>
<opentracks:accuracy_horizontal>3.659</opentracks:accuracy_horizontal></extensions>
</trkpt>
<trkpt lat="-32.239141" lon="115.79319">
<ele>0.5</ele>
<time>2026-06-21T09:59:36.676+08:00</time>
<extensions>
<gpxtpx:TrackPointExtension>
<gpxtpx:speed>1.18</gpxtpx:speed>
</gpxtpx:TrackPointExtension>
<opentracks:accuracy_horizontal>3.5</opentracks:accuracy_horizontal></extensions>
</trkpt>
<trkpt lat="-32.239051" lon="115.793204">
<ele>-0</ele>
<time>2026-06-21T09:59:46.686+08:00</time>
<extensions>
<gpxtpx:TrackPointExtension>
<gpxtpx:speed>1.05</gpxtpx:speed>
</gpxtpx:TrackPointExtension>
<opentracks:accuracy_horizontal>3.675</opentracks:accuracy_horizontal></extensions>
</trkpt>
<trkpt lat="-32.238965" lon="115.793241">
<ele>2.8</ele>
<time>2026-06-21T09:59:54.684+08:00</time>
<extensions>
<gpxtpx:TrackPointExtension>
<gpxtpx:speed>1.13</gpxtpx:speed>
</gpxtpx:TrackPointExtension>
<opentracks:accuracy_horizontal>2.357</opentracks:accuracy_horizontal></extensions>
</trkpt>
<trkpt lat="-32.238872" lon="115.793282">
<ele>5.2</ele>
<time>2026-06-21T10:00:03.625+08:00</time>
<extensions>
<gpxtpx:TrackPointExtension>
<gpxtpx:speed>1.16</gpxtpx:speed>
</gpxtpx:TrackPointExtension>
<opentracks:accuracy_horizontal>2.318</opentracks:accuracy_horizontal></extensions>
</trkpt>
<trkpt lat="-32.238807" lon="115.793331">
<ele>5.9</ele>
<time>2026-06-21T10:00:13.638+08:00</time>
<extensions>
<gpxtpx:TrackPointExtension>
<gpxtpx:speed>0.97</gpxtpx:speed>
</gpxtpx:TrackPointExtension>
<opentracks:accuracy_horizontal>2.323</opentracks:accuracy_horizontal></extensions>
</trkpt>
<trkpt lat="-32.23873" lon="115.793391">
<ele>5.4</ele>
<time>2026-06-21T10:01:01.65+08:00</time>
<extensions>
<gpxtpx:TrackPointExtension>
<gpxtpx:speed>0.85</gpxtpx:speed>
</gpxtpx:TrackPointExtension>
<opentracks:accuracy_horizontal>1.995</opentracks:accuracy_horizontal></extensions>
</trkpt>
<trkpt lat="-32.238688" lon="115.793469">
<ele>4.9</ele>
<time>2026-06-21T10:01:10.673+08:00</time>
<extensions>
<gpxtpx:TrackPointExtension>
<gpxtpx:speed>1.03</gpxtpx:speed>
</gpxtpx:TrackPointExtension>
<opentracks:accuracy_horizontal>3.095</opentracks:accuracy_horizontal></extensions>
</trkpt>
<trkpt lat="-32.23867" lon="115.793579">
<ele>5.3</ele>
<time>2026-06-21T10:01:20.686+08:00</time>
<extensions>
<gpxtpx:TrackPointExtension>
<gpxtpx:speed>1.07</gpxtpx:speed>
</gpxtpx:TrackPointExtension>
<opentracks:accuracy_horizontal>3.215</opentracks:accuracy_horizontal></extensions>
</trkpt>
<trkpt lat="-32.238663" lon="115.793689">
<ele>5.2</ele>
<time>2026-06-21T10:01:29.622+08:00</time>
<extensions>
<gpxtpx:TrackPointExtension>
<gpxtpx:speed>1.06</gpxtpx:speed>
</gpxtpx:TrackPointExtension>
<opentracks:accuracy_horizontal>2.464</opentracks:accuracy_horizontal></extensions>
</trkpt>
<trkpt lat="-32.238577" lon="115.793745">
<ele>7.5</ele>
<time>2026-06-21T10:01:38.626+08:00</time>
<extensions>
<gpxtpx:TrackPointExtension>
<gpxtpx:speed>1.04</gpxtpx:speed>
</gpxtpx:TrackPointExtension>
<opentracks:accuracy_horizontal>2.262</opentracks:accuracy_horizontal></extensions>
</trkpt>
<trkpt lat="-32.238481" lon="115.793755">
<ele>8</ele>
<time>2026-06-21T10:01:46.628+08:00</time>
<extensions>
<gpxtpx:TrackPointExtension>
<gpxtpx:speed>1.21</gpxtpx:speed>
</gpxtpx:TrackPointExtension>
<opentracks:accuracy_horizontal>2.196</opentracks:accuracy_horizontal></extensions>
</trkpt>
<trkpt lat="-32.238441" lon="115.793746">
<ele>8.7</ele>
<time>2026-06-21T10:01:56.59+08:00</time>
<extensions>
<gpxtpx:TrackPointExtension>
<gpxtpx:speed>0.24</gpxtpx:speed>
</gpxtpx:TrackPointExtension>
<opentracks:accuracy_horizontal>2.234</opentracks:accuracy_horizontal></extensions>
</trkpt>
<trkpt lat="-32.238361" lon="115.793801">
<ele>7</ele>
<time>2026-06-21T10:02:26.601+08:00</time>
<extensions>
<gpxtpx:TrackPointExtension>
<gpxtpx:speed>1.01</gpxtpx:speed>
</gpxtpx:TrackPointExtension>
<opentracks:accuracy_horizontal>2.088</opentracks:accuracy_horizontal></extensions>
</trkpt>
<trkpt lat="-32.238337" lon="115.793818">
<ele>3.9</ele>
<time>2026-06-21T10:02:36.594+08:00</time>
<extensions>
<gpxtpx:TrackPointExtension>
<gpxtpx:speed>0.1</gpxtpx:speed>
</gpxtpx:TrackPointExtension>
<opentracks:accuracy_horizontal>2.142</opentracks:accuracy_horizontal></extensions>
</trkpt>
<trkpt lat="-32.238254" lon="115.793892">
<ele>6</ele>
<time>2026-06-21T10:02:49.629+08:00</time>
<extensions>
<gpxtpx:TrackPointExtension>
<gpxtpx:speed>1.19</gpxtpx:speed>
</gpxtpx:TrackPointExtension>
<opentracks:accuracy_horizontal>2.439</opentracks:accuracy_horizontal></extensions>
</trkpt>
<trkpt lat="-32.238183" lon="115.793966">
<ele>6.3</ele>
<time>2026-06-21T10:02:57.623+08:00</time>
<extensions>
<gpxtpx:TrackPointExtension>
<gpxtpx:speed>1.23</gpxtpx:speed>
</gpxtpx:TrackPointExtension>
<opentracks:accuracy_horizontal>2.262</opentracks:accuracy_horizontal></extensions>
</trkpt>
<trkpt lat="-32.238092" lon="115.79401">
<ele>6.7</ele>
<time>2026-06-21T10:03:06.632+08:00</time>
<extensions>
<gpxtpx:TrackPointExtension>
<gpxtpx:speed>1.15</gpxtpx:speed>
</gpxtpx:TrackPointExtension>
<opentracks:accuracy_horizontal>2.304</opentracks:accuracy_horizontal></extensions>
</trkpt>
<trkpt lat="-32.238007" lon="115.794049">
<ele>6</ele>
<time>2026-06-21T10:03:14.62+08:00</time>
<extensions>
<gpxtpx:TrackPointExtension>
<gpxtpx:speed>1.19</gpxtpx:speed>
</gpxtpx:TrackPointExtension>
<opentracks:accuracy_horizontal>2.249</opentracks:accuracy_horizontal></extensions>
</trkpt>
<trkpt lat="-32.237915" lon="115.794091">
<ele>6.1</ele>
<time>2026-06-21T10:03:23.613+08:00</time>
<extensions>
<gpxtpx:TrackPointExtension>
<gpxtpx:speed>1.16</gpxtpx:speed>
</gpxtpx:TrackPointExtension>
<opentracks:accuracy_horizontal>2.599</opentracks:accuracy_horizontal></extensions>
</trkpt>
<trkpt lat="-32.237823" lon="115.794101">
<ele>5.8</ele>
<time>2026-06-21T10:03:32.611+08:00</time>
<extensions>
<gpxtpx:TrackPointExtension>
<gpxtpx:speed>1.12</gpxtpx:speed>
</gpxtpx:TrackPointExtension>
<opentracks:accuracy_horizontal>2.502</opentracks:accuracy_horizontal></extensions>
</trkpt>
<trkpt lat="-32.237729" lon="115.79406">
<ele>6.3</ele>
<time>2026-06-21T10:03:40.622+08:00</time>
<extensions>
<gpxtpx:TrackPointExtension>
<gpxtpx:speed>1.25</gpxtpx:speed>
</gpxtpx:TrackPointExtension>
<opentracks:accuracy_horizontal>2.362</opentracks:accuracy_horizontal></extensions>
</trkpt>
<trkpt lat="-32.237632" lon="115.79407">
<ele>7.1</ele>
<time>2026-06-21T10:03:50.604+08:00</time>
<extensions>
<gpxtpx:TrackPointExtension>
<gpxtpx:speed>1.14</gpxtpx:speed>
</gpxtpx:TrackPointExtension>
<opentracks:accuracy_horizontal>2.293</opentracks:accuracy_horizontal></extensions>
</trkpt>
<trkpt lat="-32.237538" lon="115.794048">
<ele>6.6</ele>
<time>2026-06-21T10:04:00.617+08:00</time>
<extensions>
<gpxtpx:TrackPointExtension>
<gpxtpx:speed>1.08</gpxtpx:speed>
</gpxtpx:TrackPointExtension>
<opentracks:accuracy_horizontal>2.264</opentracks:accuracy_horizontal></extensions>
</trkpt>
<trkpt lat="-32.237465" lon="115.794023">
<ele>6.2</ele>
<time>2026-06-21T10:04:09.636+08:00</time>
<extensions>
<gpxtpx:TrackPointExtension>
<gpxtpx:speed>0.99</gpxtpx:speed>
</gpxtpx:TrackPointExtension>
<opentracks:accuracy_horizontal>2.315</opentracks:accuracy_horizontal></extensions>
</trkpt>
<trkpt lat="-32.237379" lon="115.793983">
<ele>5.4</ele>
<time>2026-06-21T10:04:23.618+08:00</time>
<extensions>
<gpxtpx:TrackPointExtension>
<gpxtpx:speed>0.3</gpxtpx:speed>
</gpxtpx:TrackPointExtension>
<opentracks:accuracy_horizontal>2.387</opentracks:accuracy_horizontal></extensions>
</trkpt>
<trkpt lat="-32.237302" lon="115.793924">
<ele>5.5</ele>
<time>2026-06-21T10:04:31.61+08:00</time>
<extensions>
<gpxtpx:TrackPointExtension>
<gpxtpx:speed>1</gpxtpx:speed>
</gpxtpx:TrackPointExtension>
<opentracks:accuracy_horizontal>2.369</opentracks:accuracy_horizontal></extensions>
</trkpt>
<trkpt lat="-32.237226" lon="115.793896">
<ele>4.4</ele>
<time>2026-06-21T10:04:40.626+08:00</time>
<extensions>
<gpxtpx:TrackPointExtension>
<gpxtpx:speed>0.98</gpxtpx:speed>
</gpxtpx:TrackPointExtension>
<opentracks:accuracy_horizontal>2.231</opentracks:accuracy_horizontal></extensions>
</trkpt>
<trkpt lat="-32.237145" lon="115.793836">
<ele>4.3</ele>
<time>2026-06-21T10:04:50.626+08:00</time>
<extensions>
<gpxtpx:TrackPointExtension>
<gpxtpx:speed>1.02</gpxtpx:speed>
</gpxtpx:TrackPointExtension>
<opentracks:accuracy_horizontal>2.427</opentracks:accuracy_horizontal></extensions>
</trkpt>
<trkpt lat="-32.237072" lon="115.793802">
<ele>3.7</ele>
<time>2026-06-21T10:05:00.619+08:00</time>
<extensions>
<gpxtpx:TrackPointExtension>
<gpxtpx:speed>0.89</gpxtpx:speed>
</gpxtpx:TrackPointExtension>
<opentracks:accuracy_horizontal>2.379</opentracks:accuracy_horizontal></extensions>
</trkpt>
<trkpt lat="-32.236983" lon="115.793769">
<ele>3.2</ele>
<time>2026-06-21T10:05:10.629+08:00</time>
<extensions>
<gpxtpx:TrackPointExtension>
<gpxtpx:speed>0.95</gpxtpx:speed>
</gpxtpx:TrackPointExtension>
<opentracks:accuracy_horizontal>2.499</opentracks:accuracy_horizontal></extensions>
</trkpt>
<trkpt lat="-32.236902" lon="115.793719">
<ele>3.3</ele>
<time>2026-06-21T10:05:20.635+08:00</time>
<extensions>
<gpxtpx:TrackPointExtension>
<gpxtpx:speed>1</gpxtpx:speed>
</gpxtpx:TrackPointExtension>
<opentracks:accuracy_horizontal>2.449</opentracks:accuracy_horizontal></extensions>
</trkpt>
<trkpt lat="-32.236838" lon="115.793688">
<ele>1.4</ele>
<time>2026-06-21T10:05:30.632+08:00</time>
<extensions>
<gpxtpx:TrackPointExtension>
<gpxtpx:speed>0.82</gpxtpx:speed>
</gpxtpx:TrackPointExtension>
<opentracks:accuracy_horizontal>2.289</opentracks:accuracy_horizontal></extensions>
</trkpt>
<trkpt lat="-32.236768" lon="115.793613">
<ele>0.4</ele>
<time>2026-06-21T10:05:40.624+08:00</time>
<extensions>
<gpxtpx:TrackPointExtension>
<gpxtpx:speed>0.99</gpxtpx:speed>
</gpxtpx:TrackPointExtension>
<opentracks:accuracy_horizontal>2.301</opentracks:accuracy_horizontal></extensions>
</trkpt>
<trkpt lat="-32.236694" lon="115.793534">
<ele>0.8</ele>
<time>2026-06-21T10:05:50.631+08:00</time>
<extensions>
<gpxtpx:TrackPointExtension>
<gpxtpx:speed>1.05</gpxtpx:speed>
</gpxtpx:TrackPointExtension>
<opentracks:accuracy_horizontal>2.316</opentracks:accuracy_horizontal></extensions>
</trkpt>
<trkpt lat="-32.236611" lon="115.793478">
<ele>1</ele>
<time>2026-06-21T10:05:59.631+08:00</time>
<extensions>
<gpxtpx:TrackPointExtension>
<gpxtpx:speed>1.1</gpxtpx:speed>
</gpxtpx:TrackPointExtension>
<opentracks:accuracy_horizontal>2.293</opentracks:accuracy_horizontal></extensions>
</trkpt>
<trkpt lat="-32.236519" lon="115.793448">
<ele>0</ele>
<time>2026-06-21T10:06:09.626+08:00</time>
<extensions>
<gpxtpx:TrackPointExtension>
<gpxtpx:speed>1.07</gpxtpx:speed>
</gpxtpx:TrackPointExtension>
<opentracks:accuracy_horizontal>2.291</opentracks:accuracy_horizontal></extensions>
</trkpt>
<trkpt lat="-32.236433" lon="115.793394">
<ele>-1.3</ele>
<time>2026-06-21T10:06:18.631+08:00</time>
<extensions>
<gpxtpx:TrackPointExtension>
<gpxtpx:speed>1.14</gpxtpx:speed>
</gpxtpx:TrackPointExtension>
<opentracks:accuracy_horizontal>2.209</opentracks:accuracy_horizontal></extensions>
</trkpt>
<trkpt lat="-32.236357" lon="115.793331">
<ele>-1.9</ele>
<time>2026-06-21T10:06:27.631+08:00</time>
<extensions>
<gpxtpx:TrackPointExtension>
<gpxtpx:speed>1.13</gpxtpx:speed>
</gpxtpx:TrackPointExtension>
<opentracks:accuracy_horizontal>2.332</opentracks:accuracy_horizontal></extensions>
</trkpt>
<trkpt lat="-32.236296" lon="115.793249">
<ele>-0.3</ele>
<time>2026-06-21T10:06:35.634+08:00</time>
<extensions>
<gpxtpx:TrackPointExtension>
<gpxtpx:speed>1.17</gpxtpx:speed>
</gpxtpx:TrackPointExtension>
<opentracks:accuracy_horizontal>2.319</opentracks:accuracy_horizontal></extensions>
</trkpt>
<trkpt lat="-32.236219" lon="115.793195">
<ele>0.6</ele>
<time>2026-06-21T10:06:45.64+08:00</time>
<extensions>
<gpxtpx:TrackPointExtension>
<gpxtpx:speed>1.05</gpxtpx:speed>
</gpxtpx:TrackPointExtension>
<opentracks:accuracy_horizontal>2.438</opentracks:accuracy_horizontal></extensions>
</trkpt>
<trkpt lat="-32.236141" lon="115.793131">
<ele>1.1</ele>
<time>2026-06-21T10:07:08.628+08:00</time>
<extensions>
<gpxtpx:TrackPointExtension>
<gpxtpx:speed>0.75</gpxtpx:speed>
</gpxtpx:TrackPointExtension>
<opentracks:accuracy_horizontal>2.267</opentracks:accuracy_horizontal></extensions>
</trkpt>
<trkpt lat="-32.236058" lon="115.793083">
<ele>0.5</ele>
<time>2026-06-21T10:07:17.627+08:00</time>
<extensions>
<gpxtpx:TrackPointExtension>
<gpxtpx:speed>1.07</gpxtpx:speed>
</gpxtpx:TrackPointExtension>
<opentracks:accuracy_horizontal>2.307</opentracks:accuracy_horizontal></extensions>
</trkpt>
<trkpt lat="-32.235969" lon="115.793035">
<ele>1.3</ele>
<time>2026-06-21T10:07:26.629+08:00</time>
<extensions>
<gpxtpx:TrackPointExtension>
<gpxtpx:speed>1.13</gpxtpx:speed>
</gpxtpx:TrackPointExtension>
<opentracks:accuracy_horizontal>2.261</opentracks:accuracy_horizontal></extensions>
</trkpt>
<trkpt lat="-32.23592" lon="115.79303">
<ele>1.5</ele>
<time>2026-06-21T10:07:36.613+08:00</time>
<extensions>
<gpxtpx:TrackPointExtension>
<gpxtpx:speed>0.15</gpxtpx:speed>
</gpxtpx:TrackPointExtension>
<opentracks:accuracy_horizontal>2.364</opentracks:accuracy_horizontal></extensions>
</trkpt>
<trkpt lat="-32.235837" lon="115.792972">
<ele>2.8</ele>
<time>2026-06-21T10:07:55.627+08:00</time>
<extensions>
<gpxtpx:TrackPointExtension>
<gpxtpx:speed>1.11</gpxtpx:speed>
</gpxtpx:TrackPointExtension>
<opentracks:accuracy_horizontal>2.342</opentracks:accuracy_horizontal></extensions>
</trkpt>
<trkpt lat="-32.235753" lon="115.792922">
<ele>2.9</ele>
<time>2026-06-21T10:08:05.631+08:00</time>
<extensions>
<gpxtpx:TrackPointExtension>
<gpxtpx:speed>1.08</gpxtpx:speed>
</gpxtpx:TrackPointExtension>
<opentracks:accuracy_horizontal>2.235</opentracks:accuracy_horizontal></extensions>
</trkpt>
<trkpt lat="-32.235656" lon="115.792902">
<ele>2.7</ele>
<time>2026-06-21T10:08:15.633+08:00</time>
<extensions>
<gpxtpx:TrackPointExtension>
<gpxtpx:speed>1.08</gpxtpx:speed>
</gpxtpx:TrackPointExtension>
<opentracks:accuracy_horizontal>2.243</opentracks:accuracy_horizontal></extensions>
</trkpt>
<trkpt lat="-32.235557" lon="115.7929">
<ele>3.1</ele>
<time>2026-06-21T10:08:24.626+08:00</time>
<extensions>
<gpxtpx:TrackPointExtension>
<gpxtpx:speed>1.16</gpxtpx:speed>
</gpxtpx:TrackPointExtension>
<opentracks:accuracy_horizontal>2.24</opentracks:accuracy_horizontal></extensions>
</trkpt>
<trkpt lat="-32.23547" lon="115.792942">
<ele>4.3</ele>
<time>2026-06-21T10:08:34.632+08:00</time>
<extensions>
<gpxtpx:TrackPointExtension>
<gpxtpx:speed>1.08</gpxtpx:speed>
</gpxtpx:TrackPointExtension>
<opentracks:accuracy_horizontal>2.201</opentracks:accuracy_horizontal></extensions>
</trkpt>
<trkpt lat="-32.2354" lon="115.793028">
<ele>3.5</ele>
<time>2026-06-21T10:08:43.614+08:00</time>
<extensions>
<gpxtpx:TrackPointExtension>
<gpxtpx:speed>1.18</gpxtpx:speed>
</gpxtpx:TrackPointExtension>
<opentracks:accuracy_horizontal>2.332</opentracks:accuracy_horizontal></extensions>
</trkpt>
<trkpt lat="-32.235369" lon="115.79313">
<ele>4.2</ele>
<time>2026-06-21T10:08:52.647+08:00</time>
<extensions>
<gpxtpx:TrackPointExtension>
<gpxtpx:speed>1.14</gpxtpx:speed>
</gpxtpx:TrackPointExtension>
<opentracks:accuracy_horizontal>2.34</opentracks:accuracy_horizontal></extensions>
</trkpt>
<trkpt lat="-32.23531" lon="115.793224">
<ele>3.9</ele>
<time>2026-06-21T10:09:02.637+08:00</time>
<extensions>
<gpxtpx:TrackPointExtension>
<gpxtpx:speed>1.07</gpxtpx:speed>
</gpxtpx:TrackPointExtension>
<opentracks:accuracy_horizontal>2.391</opentracks:accuracy_horizontal></extensions>
</trkpt>
<trkpt lat="-32.23524" lon="115.793298">
<ele>4</ele>
<time>2026-06-21T10:09:12.637+08:00</time>
<extensions>
<gpxtpx:TrackPointExtension>
<gpxtpx:speed>1.03</gpxtpx:speed>
</gpxtpx:TrackPointExtension>
<opentracks:accuracy_horizontal>2.454</opentracks:accuracy_horizontal></extensions>
</trkpt>
<trkpt lat="-32.235177" lon="115.793375">
<ele>3.8</ele>
<time>2026-06-21T10:09:21.634+08:00</time>
<extensions>
<gpxtpx:TrackPointExtension>
<gpxtpx:speed>1.04</gpxtpx:speed>
</gpxtpx:TrackPointExtension>
<opentracks:accuracy_horizontal>2.383</opentracks:accuracy_horizontal></extensions>
</trkpt>
<trkpt lat="-32.235159" lon="115.793481">
<ele>6.8</ele>
<time>2026-06-21T10:09:30.651+08:00</time>
<extensions>
<gpxtpx:TrackPointExtension>
<gpxtpx:speed>1.08</gpxtpx:speed>
</gpxtpx:TrackPointExtension>
<opentracks:accuracy_horizontal>2.236</opentracks:accuracy_horizontal></extensions>
</trkpt>
<trkpt lat="-32.235149" lon="115.79359">
<ele>7.6</ele>
<time>2026-06-21T10:09:40.637+08:00</time>
<extensions>
<gpxtpx:TrackPointExtension>
<gpxtpx:speed>1.05</gpxtpx:speed>
</gpxtpx:TrackPointExtension>
<opentracks:accuracy_horizontal>2.521</opentracks:accuracy_horizontal></extensions>
</trkpt>
<trkpt lat="-32.235151" lon="115.793627">
<ele>7.2</ele>
<time>2026-06-21T10:09:50.647+08:00</time>
<extensions>
<gpxtpx:TrackPointExtension>
<gpxtpx:speed>0.33</gpxtpx:speed>
</gpxtpx:TrackPointExtension>
<opentracks:accuracy_horizontal>2.42</opentracks:accuracy_horizontal></extensions>
</trkpt>
<trkpt lat="-32.23506" lon="115.793641">
<ele>7.2</ele>
<time>2026-06-21T10:10:23.619+08:00</time>
<extensions>
<gpxtpx:TrackPointExtension>
<gpxtpx:speed>1</gpxtpx:speed>
</gpxtpx:TrackPointExtension>
<opentracks:accuracy_horizontal>2.311</opentracks:accuracy_horizontal></extensions>
</trkpt>
<trkpt lat="-32.234983" lon="115.793645">
<ele>7.2</ele>
<time>2026-06-21T10:10:32.634+08:00</time>
<extensions>
<gpxtpx:TrackPointExtension>
<gpxtpx:speed>0.96</gpxtpx:speed>
</gpxtpx:TrackPointExtension>
<opentracks:accuracy_horizontal>2.568</opentracks:accuracy_horizontal></extensions>
</trkpt>
<trkpt lat="-32.234893" lon="115.793678">
<ele>6.3</ele>
<time>2026-06-21T10:10:44.628+08:00</time>
<extensions>
<gpxtpx:TrackPointExtension>
<gpxtpx:speed>0.9</gpxtpx:speed>
</gpxtpx:TrackPointExtension>
<opentracks:accuracy_horizontal>2.386</opentracks:accuracy_horizontal></extensions>
</trkpt>
<trkpt lat="-32.234852" lon="115.793724">
<ele>4.1</ele>
<time>2026-06-21T10:10:53.685+08:00</time>
<extensions>
<gpxtpx:TrackPointExtension>
<gpxtpx:speed>0.41</gpxtpx:speed>
</gpxtpx:TrackPointExtension>
<opentracks:accuracy_horizontal>5.537</opentracks:accuracy_horizontal></extensions>
</trkpt>
<trkpt lat="-32.234749" lon="115.793655">
<ele>1.9</ele>
<time>2026-06-21T10:11:24.642+08:00</time>
<extensions>
<gpxtpx:TrackPointExtension>
<gpxtpx:speed>2.44</gpxtpx:speed>
</gpxtpx:TrackPointExtension>
<opentracks:accuracy_horizontal>2.191</opentracks:accuracy_horizontal></extensions>
</trkpt>
<trkpt lat="-32.234635" lon="115.793625">
<ele>0.6</ele>
<time>2026-06-21T10:11:28.628+08:00</time>
<extensions>
<gpxtpx:TrackPointExtension>
<gpxtpx:speed>2.92</gpxtpx:speed>
</gpxtpx:TrackPointExtension>
<opentracks:accuracy_horizontal>2.246</opentracks:accuracy_horizontal></extensions>
</trkpt>
<trkpt lat="-32.234528" lon="115.793645">
<ele>0.2</ele>
<time>2026-06-21T10:11:32.632+08:00</time>
<extensions>
<gpxtpx:TrackPointExtension>
<gpxtpx:speed>2.93</gpxtpx:speed>
</gpxtpx:TrackPointExtension>
<opentracks:accuracy_horizontal>2.154</opentracks:accuracy_horizontal></extensions>
</trkpt>
<trkpt lat="-32.234619" lon="115.793655">
<ele>-0.2</ele>
<time>2026-06-21T10:11:42.629+08:00</time>
<extensions>
<gpxtpx:TrackPointExtension>
<gpxtpx:speed>2.74</gpxtpx:speed>
</gpxtpx:TrackPointExtension>
<opentracks:accuracy_horizontal>2.219</opentracks:accuracy_horizontal></extensions>
</trkpt>
<trkpt lat="-32.234722" lon="115.79368">
<ele>0.5</ele>
<time>2026-06-21T10:11:47.632+08:00</time>
<extensions>
<gpxtpx:TrackPointExtension>
<gpxtpx:speed>2.47</gpxtpx:speed>
</gpxtpx:TrackPointExtension>
<opentracks:accuracy_horizontal>2.227</opentracks:accuracy_horizontal></extensions>
</trkpt>
<trkpt lat="-32.234821" lon="115.793702">
<ele>1.5</ele>
<time>2026-06-21T10:11:52.626+08:00</time>
<extensions>
<gpxtpx:TrackPointExtension>
<gpxtpx:speed>2.33</gpxtpx:speed>
</gpxtpx:TrackPointExtension>
<opentracks:accuracy_horizontal>2.253</opentracks:accuracy_horizontal></extensions>
</trkpt>
<trkpt lat="-32.234896" lon="115.793694">
<ele>3.9</ele>
<time>2026-06-21T10:12:02.632+08:00</time>
<extensions>
<gpxtpx:TrackPointExtension>
<gpxtpx:speed>1.35</gpxtpx:speed>
</gpxtpx:TrackPointExtension>
<opentracks:accuracy_horizontal>2.49</opentracks:accuracy_horizontal></extensions>
</trkpt>
<trkpt lat="-32.234802" lon="115.793709">
<ele>4.4</ele>
<time>2026-06-21T10:13:39.694+08:00</time>
<extensions>
<gpxtpx:TrackPointExtension>
<gpxtpx:speed>1.38</gpxtpx:speed>
</gpxtpx:TrackPointExtension>
<opentracks:accuracy_horizontal>3.34</opentracks:accuracy_horizontal></extensions>
</trkpt>
<trkpt lat="-32.234735" lon="115.793669">
<ele>1.5</ele>
<time>2026-06-21T10:13:49.642+08:00</time>
<extensions>
<gpxtpx:TrackPointExtension>
<gpxtpx:speed>0.48</gpxtpx:speed>
</gpxtpx:TrackPointExtension>
<opentracks:accuracy_horizontal>2.185</opentracks:accuracy_horizontal></extensions>
</trkpt>
<trkpt lat="-32.234642" lon="115.793639">
<ele>1.2</ele>
<time>2026-06-21T10:13:56.629+08:00</time>
<extensions>
<gpxtpx:TrackPointExtension>
<gpxtpx:speed>1.37</gpxtpx:speed>
</gpxtpx:TrackPointExtension>
<opentracks:accuracy_horizontal>2.243</opentracks:accuracy_horizontal></extensions>
</trkpt>
<trkpt lat="-32.234551" lon="115.793653">
<ele>-0.9</ele>
<time>2026-06-21T10:14:04.634+08:00</time>
<extensions>
<gpxtpx:TrackPointExtension>
<gpxtpx:speed>1.32</gpxtpx:speed>
</gpxtpx:TrackPointExtension>
<opentracks:accuracy_horizontal>2.141</opentracks:accuracy_horizontal></extensions>
</trkpt>
<trkpt lat="-32.234464" lon="115.79368">
<ele>-1.3</ele>
<time>2026-06-21T10:14:12.639+08:00</time>
<extensions>
<gpxtpx:TrackPointExtension>
<gpxtpx:speed>1.28</gpxtpx:speed>
</gpxtpx:TrackPointExtension>
<opentracks:accuracy_horizontal>2.125</opentracks:accuracy_horizontal></extensions>
</trkpt>
<trkpt lat="-32.234396" lon="115.793754">
<ele>-2.6</ele>
<time>2026-06-21T10:14:22.649+08:00</time>
<extensions>
<gpxtpx:TrackPointExtension>
<gpxtpx:speed>1.09</gpxtpx:speed>
</gpxtpx:TrackPointExtension>
<opentracks:accuracy_horizontal>2.284</opentracks:accuracy_horizontal></extensions>
</trkpt>
<trkpt lat="-32.234323" lon="115.793818">
<ele>-4.2</ele>
<time>2026-06-21T10:14:29.65+08:00</time>
<extensions>
<gpxtpx:TrackPointExtension>
<gpxtpx:speed>1.25</gpxtpx:speed>
</gpxtpx:TrackPointExtension>
<opentracks:accuracy_horizontal>2.148</opentracks:accuracy_horizontal></extensions>
</trkpt>
<trkpt lat="-32.234311" lon="115.793837">
<ele>-3.1</ele>
<time>2026-06-21T10:14:39.634+08:00</time>
<extensions>
<gpxtpx:TrackPointExtension>
<gpxtpx:speed>0.64</gpxtpx:speed>
</gpxtpx:TrackPointExtension>
<opentracks:accuracy_horizontal>3.195</opentracks:accuracy_horizontal></extensions>
</trkpt>
<trkpt lat="-32.234243" lon="115.793909">
<ele>-6.5</ele>
<time>2026-06-21T10:14:47.633+08:00</time>
<extensions>
<gpxtpx:TrackPointExtension>
<gpxtpx:speed>1.15</gpxtpx:speed>
</gpxtpx:TrackPointExtension>
<opentracks:accuracy_horizontal>2.337</opentracks:accuracy_horizontal></extensions>
</trkpt>
<trkpt lat="-32.234168" lon="115.793986">
<ele>-7.7</ele>
<time>2026-06-21T10:14:55.626+08:00</time>
<extensions>
<gpxtpx:TrackPointExtension>
<gpxtpx:speed>1.27</gpxtpx:speed>
</gpxtpx:TrackPointExtension>
<opentracks:accuracy_horizontal>2.205</opentracks:accuracy_horizontal></extensions>
</trkpt>
<trkpt lat="-32.234091" lon="115.79406">
<ele>-8.9</ele>
<time>2026-06-21T10:15:04.647+08:00</time>
<extensions>
<gpxtpx:TrackPointExtension>
<gpxtpx:speed>1.23</gpxtpx:speed>
</gpxtpx:TrackPointExtension>
<opentracks:accuracy_horizontal>2.205</opentracks:accuracy_horizontal></extensions>
</trkpt>
<trkpt lat="-32.234056" lon="115.794089">
<ele>-10.7</ele>
<time>2026-06-21T10:15:14.631+08:00</time>
<extensions>
<gpxtpx:TrackPointExtension>
<gpxtpx:speed>0.35</gpxtpx:speed>
</gpxtpx:TrackPointExtension>
<opentracks:accuracy_horizontal>2.44</opentracks:accuracy_horizontal></extensions>
</trkpt>
<trkpt lat="-32.233984" lon="115.794163">
<ele>-12.3</ele>
<time>2026-06-21T10:15:24.65+08:00</time>
<extensions>
<gpxtpx:TrackPointExtension>
<gpxtpx:speed>0.96</gpxtpx:speed>
</gpxtpx:TrackPointExtension>
<opentracks:accuracy_horizontal>2.105</opentracks:accuracy_horizontal></extensions>
</trkpt>
<trkpt lat="-32.233913" lon="115.794231">
<ele>-13.2</ele>
<time>2026-06-21T10:15:31.639+08:00</time>
<extensions>
<gpxtpx:TrackPointExtension>
<gpxtpx:speed>1.23</gpxtpx:speed>
</gpxtpx:TrackPointExtension>
<opentracks:accuracy_horizontal>2.104</opentracks:accuracy_horizontal></extensions>
</trkpt>
<trkpt lat="-32.233825" lon="115.794255">
<ele>-14.1</ele>
<time>2026-06-21T10:15:39.639+08:00</time>
<extensions>
<gpxtpx:TrackPointExtension>
<gpxtpx:speed>1.25</gpxtpx:speed>
</gpxtpx:TrackPointExtension>
<opentracks:accuracy_horizontal>2.193</opentracks:accuracy_horizontal></extensions>
</trkpt>
<trkpt lat="-32.233732" lon="115.794269">
<ele>-14.6</ele>
<time>2026-06-21T10:15:48.653+08:00</time>
<extensions>
<gpxtpx:TrackPointExtension>
<gpxtpx:speed>1.18</gpxtpx:speed>
</gpxtpx:TrackPointExtension>
<opentracks:accuracy_horizontal>2.18</opentracks:accuracy_horizontal></extensions>
</trkpt>
<trkpt lat="-32.23364" lon="115.79432">
<ele>-15.8</ele>
<time>2026-06-21T10:15:56.639+08:00</time>
<extensions>
<gpxtpx:TrackPointExtension>
<gpxtpx:speed>1.29</gpxtpx:speed>
</gpxtpx:TrackPointExtension>
<opentracks:accuracy_horizontal>2.154</opentracks:accuracy_horizontal></extensions>
</trkpt>
<trkpt lat="-32.233572" lon="115.794336">
<ele>-17.1</ele>
<time>2026-06-21T10:16:06.633+08:00</time>
<extensions>
<gpxtpx:TrackPointExtension>
<gpxtpx:speed>0.94</gpxtpx:speed>
</gpxtpx:TrackPointExtension>
<opentracks:accuracy_horizontal>2.41</opentracks:accuracy_horizontal></extensions>
</trkpt>
<trkpt lat="-32.233485" lon="115.794308">
<ele>-16.6</ele>
<time>2026-06-21T10:16:24.656+08:00</time>
<extensions>
<gpxtpx:TrackPointExtension>
<gpxtpx:speed>1.36</gpxtpx:speed>
</gpxtpx:TrackPointExtension>
<opentracks:accuracy_horizontal>2.259</opentracks:accuracy_horizontal></extensions>
</trkpt>
<trkpt lat="-32.23342" lon="115.794227">
<ele>-17.2</ele>
<time>2026-06-21T10:16:32.621+08:00</time>
<extensions>
<gpxtpx:TrackPointExtension>
<gpxtpx:speed>1.3</gpxtpx:speed>
</gpxtpx:TrackPointExtension>
<opentracks:accuracy_horizontal>2.21</opentracks:accuracy_horizontal></extensions>
</trkpt>
<trkpt lat="-32.233333" lon="115.794166">
<ele>-17.9</ele>
<time>2026-06-21T10:16:40.656+08:00</time>
<extensions>
<gpxtpx:TrackPointExtension>
<gpxtpx:speed>1.36</gpxtpx:speed>
</gpxtpx:TrackPointExtension>
<opentracks:accuracy_horizontal>2.213</opentracks:accuracy_horizontal></extensions>
</trkpt>
<trkpt lat="-32.233251" lon="115.794103">
<ele>-17.8</ele>
<time>2026-06-21T10:16:49.638+08:00</time>
<extensions>
<gpxtpx:TrackPointExtension>
<gpxtpx:speed>1.23</gpxtpx:speed>
</gpxtpx:TrackPointExtension>
<opentracks:accuracy_horizontal>2.264</opentracks:accuracy_horizontal></extensions>
</trkpt>
<trkpt lat="-32.233222" lon="115.794107">
<ele>-18</ele>
<time>2026-06-21T10:16:59.653+08:00</time>
<extensions>
<gpxtpx:TrackPointExtension>
<gpxtpx:speed>0.12</gpxtpx:speed>
</gpxtpx:TrackPointExtension>
<opentracks:accuracy_horizontal>2.507</opentracks:accuracy_horizontal></extensions>
</trkpt>
<trkpt lat="-32.23314" lon="115.794055">
<ele>-17.6</ele>
<time>2026-06-21T10:17:11.65+08:00</time>
<extensions>
<gpxtpx:TrackPointExtension>
<gpxtpx:speed>1.13</gpxtpx:speed>
</gpxtpx:TrackPointExtension>
<opentracks:accuracy_horizontal>2.182</opentracks:accuracy_horizontal></extensions>
</trkpt>
<trkpt lat="-32.233059" lon="115.793997">
<ele>-18.8</ele>
<time>2026-06-21T10:17:19.639+08:00</time>
<extensions>
<gpxtpx:TrackPointExtension>
<gpxtpx:speed>1.21</gpxtpx:speed>
</gpxtpx:TrackPointExtension>
<opentracks:accuracy_horizontal>2.379</opentracks:accuracy_horizontal></extensions>
</trkpt>
<trkpt lat="-32.23297" lon="115.794028">
<ele>-19.4</ele>
<time>2026-06-21T10:17:28.638+08:00</time>
<extensions>
<gpxtpx:TrackPointExtension>
<gpxtpx:speed>1.3</gpxtpx:speed>
</gpxtpx:TrackPointExtension>
<opentracks:accuracy_horizontal>2.598</opentracks:accuracy_horizontal></extensions>
</trkpt>
<trkpt lat="-32.232926" lon="115.79411">
<ele>-21.2</ele>
<time>2026-06-21T10:17:38.636+08:00</time>
<extensions>
<gpxtpx:TrackPointExtension>
<gpxtpx:speed>1.07</gpxtpx:speed>
</gpxtpx:TrackPointExtension>
<opentracks:accuracy_horizontal>2.439</opentracks:accuracy_horizontal></extensions>
</trkpt>
<trkpt lat="-32.232821" lon="115.794096">
<ele>-21.2</ele>
<time>2026-06-21T10:17:53.632+08:00</time>
<extensions>
<gpxtpx:TrackPointExtension>
<gpxtpx:speed>1.07</gpxtpx:speed>
</gpxtpx:TrackPointExtension>
<opentracks:accuracy_horizontal>2.488</opentracks:accuracy_horizontal></extensions>
</trkpt>
<trkpt lat="-32.232804" lon="115.794169">
<ele>-21.4</ele>
<time>2026-06-21T10:18:02.708+08:00</time>
<extensions>
<gpxtpx:TrackPointExtension>
<gpxtpx:speed>0.38</gpxtpx:speed>
</gpxtpx:TrackPointExtension>
<opentracks:accuracy_horizontal>3.88</opentracks:accuracy_horizontal></extensions>
</trkpt>
<trkpt lat="-32.232731" lon="115.794096">
<ele>-25.3</ele>
<time>2026-06-21T10:18:20.677+08:00</time>
<extensions>
<gpxtpx:TrackPointExtension>
<gpxtpx:speed>1.43</gpxtpx:speed>
</gpxtpx:TrackPointExtension>
<opentracks:accuracy_horizontal>2.501</opentracks:accuracy_horizontal></extensions>
</trkpt>
<trkpt lat="-32.23271" lon="115.794121">
<ele>-26.4</ele>
<time>2026-06-21T10:18:30.674+08:00</time>
<extensions>
<gpxtpx:TrackPointExtension>
<gpxtpx:speed>0.45</gpxtpx:speed>
</gpxtpx:TrackPointExtension>
<opentracks:accuracy_horizontal>2.478</opentracks:accuracy_horizontal></extensions>
</trkpt>
<trkpt lat="-32.232615" lon="115.794144">
<ele>-26.6</ele>
<time>2026-06-21T10:18:40.706+08:00</time>
<extensions>
<gpxtpx:TrackPointExtension>
<gpxtpx:speed>1.18</gpxtpx:speed>
</gpxtpx:TrackPointExtension>
<opentracks:accuracy_horizontal>2.017</opentracks:accuracy_horizontal></extensions>
</trkpt>
<trkpt lat="-32.232582" lon="115.794148">
<ele>-26.9</ele>
<time>2026-06-21T10:18:50.682+08:00</time>
<extensions>
<gpxtpx:TrackPointExtension>
<gpxtpx:speed>0.85</gpxtpx:speed>
</gpxtpx:TrackPointExtension>
<opentracks:accuracy_horizontal>2.566</opentracks:accuracy_horizontal></extensions>
</trkpt>
<trkpt lat="-32.232488" lon="115.794163">
<ele>-26.6</ele>
<time>2026-06-21T10:18:59.7+08:00</time>
<extensions>
<gpxtpx:TrackPointExtension>
<gpxtpx:speed>1.12</gpxtpx:speed>
</gpxtpx:TrackPointExtension>
<opentracks:accuracy_horizontal>3.534</opentracks:accuracy_horizontal></extensions>
</trkpt>
<trkpt lat="-32.232394" lon="115.794172">
<ele>-25.8</ele>
<time>2026-06-21T10:19:07.693+08:00</time>
<extensions>
<gpxtpx:TrackPointExtension>
<gpxtpx:speed>1.19</gpxtpx:speed>
</gpxtpx:TrackPointExtension>
<opentracks:accuracy_horizontal>4.043</opentracks:accuracy_horizontal></extensions>
</trkpt>
<trkpt lat="-32.232301" lon="115.794163">
<ele>-24.5</ele>
<time>2026-06-21T10:19:14.699+08:00</time>
<extensions>
<gpxtpx:TrackPointExtension>
<gpxtpx:speed>1.26</gpxtpx:speed>
</gpxtpx:TrackPointExtension>
<opentracks:accuracy_horizontal>3.211</opentracks:accuracy_horizontal></extensions>
</trkpt>
<trkpt lat="-32.232275" lon="115.794166">
<ele>-25.4</ele>
<time>2026-06-21T10:19:24.692+08:00</time>
<extensions>
<gpxtpx:TrackPointExtension>
<gpxtpx:speed>0.05</gpxtpx:speed>
</gpxtpx:TrackPointExtension>
<opentracks:accuracy_horizontal>1.77</opentracks:accuracy_horizontal></extensions>
</trkpt>
<trkpt lat="-32.232207" lon="115.794249">
<ele>-26.6</ele>
<time>2026-06-21T10:19:52.714+08:00</time>
<extensions>
<gpxtpx:TrackPointExtension>
<gpxtpx:speed>1.28</gpxtpx:speed>
</gpxtpx:TrackPointExtension>
<opentracks:accuracy_horizontal>3.164</opentracks:accuracy_horizontal></extensions>
</trkpt>
<trkpt lat="-32.232157" lon="115.794358">
<ele>-27.8</ele>
<time>2026-06-21T10:20:01.691+08:00</time>
<extensions>
<gpxtpx:TrackPointExtension>
<gpxtpx:speed>1.28</gpxtpx:speed>
</gpxtpx:TrackPointExtension>
<opentracks:accuracy_horizontal>3.134</opentracks:accuracy_horizontal></extensions>
</trkpt>
<trkpt lat="-32.232109" lon="115.794463">
<ele>-27.8</ele>
<time>2026-06-21T10:20:09.708+08:00</time>
<extensions>
<gpxtpx:TrackPointExtension>
<gpxtpx:speed>1.32</gpxtpx:speed>
</gpxtpx:TrackPointExtension>
<opentracks:accuracy_horizontal>3.096</opentracks:accuracy_horizontal></extensions>
</trkpt>
<trkpt lat="-32.232072" lon="115.794567">
<ele>-28.3</ele>
<time>2026-06-21T10:20:17.7+08:00</time>
<extensions>
<gpxtpx:TrackPointExtension>
<gpxtpx:speed>1.3</gpxtpx:speed>
</gpxtpx:TrackPointExtension>
<opentracks:accuracy_horizontal>3.058</opentracks:accuracy_horizontal></extensions>
</trkpt>
<trkpt lat="-32.232037" lon="115.794668">
<ele>-28.1</ele>
<time>2026-06-21T10:20:26.708+08:00</time>
<extensions>
<gpxtpx:TrackPointExtension>
<gpxtpx:speed>1.21</gpxtpx:speed>
</gpxtpx:TrackPointExtension>
<opentracks:accuracy_horizontal>2.916</opentracks:accuracy_horizontal></extensions>
</trkpt>
<trkpt lat="-32.232001" lon="115.794767">
<ele>-27.4</ele>
<time>2026-06-21T10:20:33.705+08:00</time>
<extensions>
<gpxtpx:TrackPointExtension>
<gpxtpx:speed>1.3</gpxtpx:speed>
</gpxtpx:TrackPointExtension>
<opentracks:accuracy_horizontal>2.924</opentracks:accuracy_horizontal></extensions>
</trkpt>
<trkpt lat="-32.231966" lon="115.794869">
<ele>-27.3</ele>
<time>2026-06-21T10:20:41.703+08:00</time>
<extensions>
<gpxtpx:TrackPointExtension>
<gpxtpx:speed>1.31</gpxtpx:speed>
</gpxtpx:TrackPointExtension>
<opentracks:accuracy_horizontal>2.846</opentracks:accuracy_horizontal></extensions>
</trkpt>
<trkpt lat="-32.23194" lon="115.794933">
<ele>-27.8</ele>
<time>2026-06-21T10:20:51.666+08:00</time>
<extensions>
<gpxtpx:TrackPointExtension>
<gpxtpx:speed>0.08</gpxtpx:speed>
</gpxtpx:TrackPointExtension>
<opentracks:accuracy_horizontal>2.15</opentracks:accuracy_horizontal></extensions>
</trkpt>
<trkpt lat="-32.231907" lon="115.795034">
<ele>-27.9</ele>
<time>2026-06-21T10:21:20.668+08:00</time>
<extensions>
<gpxtpx:TrackPointExtension>
<gpxtpx:speed>0.94</gpxtpx:speed>
</gpxtpx:TrackPointExtension>
<opentracks:accuracy_horizontal>1.306</opentracks:accuracy_horizontal></extensions>
</trkpt>
<trkpt lat="-32.23187" lon="115.795135">
<ele>-28.3</ele>
<time>2026-06-21T10:21:29.672+08:00</time>
<extensions>
<gpxtpx:TrackPointExtension>
<gpxtpx:speed>1.08</gpxtpx:speed>
</gpxtpx:TrackPointExtension>
<opentracks:accuracy_horizontal>1.212</opentracks:accuracy_horizontal></extensions>
</trkpt>
<trkpt lat="-32.231844" lon="115.795243">
<ele>-28.3</ele>
<time>2026-06-21T10:21:38.695+08:00</time>
<extensions>
<gpxtpx:TrackPointExtension>
<gpxtpx:speed>1.14</gpxtpx:speed>
</gpxtpx:TrackPointExtension>
<opentracks:accuracy_horizontal>1.934</opentracks:accuracy_horizontal></extensions>
</trkpt>
<trkpt lat="-32.231833" lon="115.795265">
<ele>-28.4</ele>
<time>2026-06-21T10:21:48.702+08:00</time>
<extensions>
<gpxtpx:TrackPointExtension>
<gpxtpx:speed>0.37</gpxtpx:speed>
</gpxtpx:TrackPointExtension>
<opentracks:accuracy_horizontal>3.619</opentracks:accuracy_horizontal></extensions>
</trkpt>
<trkpt lat="-32.231815" lon="115.795378">
<ele>-28.3</ele>
<time>2026-06-21T10:22:05.702+08:00</time>
<extensions>
<gpxtpx:TrackPointExtension>
<gpxtpx:speed>1.25</gpxtpx:speed>
</gpxtpx:TrackPointExtension>
<opentracks:accuracy_horizontal>3.199</opentracks:accuracy_horizontal></extensions>
</trkpt>
<trkpt lat="-32.231819" lon="115.795485">
<ele>-27.5</ele>
<time>2026-06-21T10:22:14.703+08:00</time>
<extensions>
<gpxtpx:TrackPointExtension>
<gpxtpx:speed>1.11</gpxtpx:speed>
</gpxtpx:TrackPointExtension>
<opentracks:accuracy_horizontal>3.678</opentracks:accuracy_horizontal></extensions>
</trkpt>
<trkpt lat="-32.231895" lon="115.795546">
<ele>-27</ele>
<time>2026-06-21T10:22:24.693+08:00</time>
<extensions>
<gpxtpx:TrackPointExtension>
<gpxtpx:speed>1.01</gpxtpx:speed>
</gpxtpx:TrackPointExtension>
<opentracks:accuracy_horizontal>3.396</opentracks:accuracy_horizontal></extensions>
</trkpt>
<trkpt lat="-32.231971" lon="115.795584">
<ele>-27.7</ele>
<time>2026-06-21T10:22:34.674+08:00</time>
<extensions>
<gpxtpx:TrackPointExtension>
<gpxtpx:speed>1</gpxtpx:speed>
</gpxtpx:TrackPointExtension>
<opentracks:accuracy_horizontal>4.311</opentracks:accuracy_horizontal></extensions>
</trkpt>
<trkpt lat="-32.232057" lon="115.795622">
<ele>-27</ele>
<time>2026-06-21T10:22:41.701+08:00</time>
<extensions>
<gpxtpx:TrackPointExtension>
<gpxtpx:speed>0.94</gpxtpx:speed>
</gpxtpx:TrackPointExtension>
<opentracks:accuracy_horizontal>3.409</opentracks:accuracy_horizontal></extensions>
</trkpt>
<trkpt lat="-32.232139" lon="115.795672">
<ele>-26.6</ele>
<time>2026-06-21T10:22:50.715+08:00</time>
<extensions>
<gpxtpx:TrackPointExtension>
<gpxtpx:speed>1.06</gpxtpx:speed>
</gpxtpx:TrackPointExtension>
<opentracks:accuracy_horizontal>3.316</opentracks:accuracy_horizontal></extensions>
</trkpt>
<trkpt lat="-32.232226" lon="115.79571">
<ele>-25.5</ele>
<time>2026-06-21T10:22:59.696+08:00</time>
<extensions>
<gpxtpx:TrackPointExtension>
<gpxtpx:speed>1.06</gpxtpx:speed>
</gpxtpx:TrackPointExtension>
<opentracks:accuracy_horizontal>3.188</opentracks:accuracy_horizontal></extensions>
</trkpt>
<trkpt lat="-32.232312" lon="115.795737">
<ele>-25.2</ele>
<time>2026-06-21T10:23:09.708+08:00</time>
<extensions>
<gpxtpx:TrackPointExtension>
<gpxtpx:speed>0.47</gpxtpx:speed>
</gpxtpx:TrackPointExtension>
<opentracks:accuracy_horizontal>2.924</opentracks:accuracy_horizontal></extensions>
</trkpt>
<trkpt lat="-32.232397" lon="115.795795">
<ele>-25.5</ele>
<time>2026-06-21T10:23:19.693+08:00</time>
<extensions>
<gpxtpx:TrackPointExtension>
<gpxtpx:speed>0.92</gpxtpx:speed>
</gpxtpx:TrackPointExtension>
<opentracks:accuracy_horizontal>3.405</opentracks:accuracy_horizontal></extensions>
</trkpt>
<trkpt lat="-32.232481" lon="115.79585">
<ele>-25.7</ele>
<time>2026-06-21T10:23:28.703+08:00</time>
<extensions>
<gpxtpx:TrackPointExtension>
<gpxtpx:speed>1.06</gpxtpx:speed>
</gpxtpx:TrackPointExtension>
<opentracks:accuracy_horizontal>3.645</opentracks:accuracy_horizontal></extensions>
</trkpt>
<trkpt lat="-32.232538" lon="115.795881">
<ele>-25.6</ele>
<time>2026-06-21T10:23:38.696+08:00</time>
<extensions>
<gpxtpx:TrackPointExtension>
<gpxtpx:speed>0.07</gpxtpx:speed>
</gpxtpx:TrackPointExtension>
<opentracks:accuracy_horizontal>2.815</opentracks:accuracy_horizontal></extensions>
</trkpt>
<trkpt lat="-32.232629" lon="115.795898">
<ele>-26.3</ele>
<time>2026-06-21T10:23:58.7+08:00</time>
<extensions>
<gpxtpx:TrackPointExtension>
<gpxtpx:speed>0.41</gpxtpx:speed>
</gpxtpx:TrackPointExtension>
<opentracks:accuracy_horizontal>3.951</opentracks:accuracy_horizontal></extensions>
</trkpt>
<trkpt lat="-32.23261" lon="115.795965">
<ele>-26.6</ele>
<time>2026-06-21T10:24:08.714+08:00</time>
<extensions>
<gpxtpx:TrackPointExtension>
<gpxtpx:speed>0.73</gpxtpx:speed>
</gpxtpx:TrackPointExtension>
<opentracks:accuracy_horizontal>3.699</opentracks:accuracy_horizontal></extensions>
</trkpt>
<trkpt lat="-32.232619" lon="115.796075">
<ele>-26.8</ele>
<time>2026-06-21T10:24:15.709+08:00</time>
<extensions>
<gpxtpx:TrackPointExtension>
<gpxtpx:speed>1.33</gpxtpx:speed>
</gpxtpx:TrackPointExtension>
<opentracks:accuracy_horizontal>3.497</opentracks:accuracy_horizontal></extensions>
</trkpt>
<trkpt lat="-32.232636" lon="115.796171">
<ele>-26</ele>
<time>2026-06-21T10:24:25.706+08:00</time>
<extensions>
<gpxtpx:TrackPointExtension>
<gpxtpx:speed>0.99</gpxtpx:speed>
</gpxtpx:TrackPointExtension>
<opentracks:accuracy_horizontal>2.534</opentracks:accuracy_horizontal></extensions>
</trkpt>
<trkpt lat="-32.232628" lon="115.796289">
<ele>-25.5</ele>
<time>2026-06-21T10:24:39.702+08:00</time>
<extensions>
<gpxtpx:TrackPointExtension>
<gpxtpx:speed>1.24</gpxtpx:speed>
</gpxtpx:TrackPointExtension>
<opentracks:accuracy_horizontal>3.017</opentracks:accuracy_horizontal></extensions>
</trkpt>
<trkpt lat="-32.23261" lon="115.796398">
<ele>-25.8</ele>
<time>2026-06-21T10:24:48.714+08:00</time>
<extensions>
<gpxtpx:TrackPointExtension>
<gpxtpx:speed>1.14</gpxtpx:speed>
</gpxtpx:TrackPointExtension>
<opentracks:accuracy_horizontal>2.951</opentracks:accuracy_horizontal></extensions>
</trkpt>
<trkpt lat="-32.232594" lon="115.796504">
<ele>-27</ele>
<time>2026-06-21T10:24:58.713+08:00</time>
<extensions>
<gpxtpx:TrackPointExtension>
<gpxtpx:speed>1.03</gpxtpx:speed>
</gpxtpx:TrackPointExtension>
<opentracks:accuracy_horizontal>3.04</opentracks:accuracy_horizontal></extensions>
</trkpt>
<trkpt lat="-32.232591" lon="115.796605">
<ele>-26.7</ele>
<time>2026-06-21T10:25:08.709+08:00</time>
<extensions>
<gpxtpx:TrackPointExtension>
<gpxtpx:speed>0.86</gpxtpx:speed>
</gpxtpx:TrackPointExtension>
<opentracks:accuracy_horizontal>3.004</opentracks:accuracy_horizontal></extensions>
</trkpt>
<trkpt lat="-32.232574" lon="115.796717">
<ele>-26.7</ele>
<time>2026-06-21T10:25:17.702+08:00</time>
<extensions>
<gpxtpx:TrackPointExtension>
<gpxtpx:speed>1.1</gpxtpx:speed>
</gpxtpx:TrackPointExtension>
<opentracks:accuracy_horizontal>3.501</opentracks:accuracy_horizontal></extensions>
</trkpt>
<trkpt lat="-32.2326" lon="115.796826">
<ele>-25.4</ele>
<time>2026-06-21T10:25:26.704+08:00</time>
<extensions>
<gpxtpx:TrackPointExtension>
<gpxtpx:speed>1.13</gpxtpx:speed>
</gpxtpx:TrackPointExtension>
<opentracks:accuracy_horizontal>3.2</opentracks:accuracy_horizontal></extensions>
</trkpt>
<trkpt lat="-32.232559" lon="115.796873">
<ele>-23.5</ele>
<time>2026-06-21T10:25:36.648+08:00</time>
<extensions>
<gpxtpx:TrackPointExtension>
<gpxtpx:speed>0.54</gpxtpx:speed>
</gpxtpx:TrackPointExtension>
<opentracks:accuracy_horizontal>2.321</opentracks:accuracy_horizontal></extensions>
</trkpt>
<trkpt lat="-32.232482" lon="115.796939">
<ele>-21.6</ele>
<time>2026-06-21T10:25:45.664+08:00</time>
<extensions>
<gpxtpx:TrackPointExtension>
<gpxtpx:speed>1.15</gpxtpx:speed>
</gpxtpx:TrackPointExtension>
<opentracks:accuracy_horizontal>2.227</opentracks:accuracy_horizontal></extensions>
</trkpt>
<trkpt lat="-32.232465" lon="115.796961">
<ele>-20.6</ele>
<time>2026-06-21T10:25:55.638+08:00</time>
<extensions>
<gpxtpx:TrackPointExtension>
<gpxtpx:speed>0.06</gpxtpx:speed>
</gpxtpx:TrackPointExtension>
<opentracks:accuracy_horizontal>2.918</opentracks:accuracy_horizontal></extensions>
</trkpt>
<trkpt lat="-32.232494" lon="115.797065">
<ele>-20.3</ele>
<time>2026-06-21T10:26:18.709+08:00</time>
<extensions>
<gpxtpx:TrackPointExtension>
<gpxtpx:speed>0.96</gpxtpx:speed>
</gpxtpx:TrackPointExtension>
<opentracks:accuracy_horizontal>2.318</opentracks:accuracy_horizontal></extensions>
</trkpt>
<trkpt lat="-32.232522" lon="115.797084">
<ele>-20.1</ele>
<time>2026-06-21T10:26:28.649+08:00</time>
<extensions>
<gpxtpx:TrackPointExtension>
<gpxtpx:speed>0.08</gpxtpx:speed>
</gpxtpx:TrackPointExtension>
<opentracks:accuracy_horizontal>2.422</opentracks:accuracy_horizontal></extensions>
</trkpt>
<trkpt lat="-32.232601" lon="115.797138">
<ele>-22.6</ele>
<time>2026-06-21T10:27:47.647+08:00</time>
<extensions>
<gpxtpx:TrackPointExtension>
<gpxtpx:speed>0.07</gpxtpx:speed>
</gpxtpx:TrackPointExtension>
<opentracks:accuracy_horizontal>2.557</opentracks:accuracy_horizontal></extensions>
</trkpt>
<trkpt lat="-32.232613" lon="115.797137">
<ele>-20.7</ele>
<time>2026-06-21T10:27:57.625+08:00</time>
<extensions>
<gpxtpx:TrackPointExtension>
<gpxtpx:speed>0.02</gpxtpx:speed>
</gpxtpx:TrackPointExtension>
<opentracks:accuracy_horizontal>2.874</opentracks:accuracy_horizontal></extensions>
</trkpt>
<trkpt lat="-32.232575" lon="115.797246">
<ele>-23.3</ele>
<time>2026-06-21T10:28:44.626+08:00</time>
<extensions>
<gpxtpx:TrackPointExtension>
<gpxtpx:speed>1.16</gpxtpx:speed>
</gpxtpx:TrackPointExtension>
<opentracks:accuracy_horizontal>2.687</opentracks:accuracy_horizontal></extensions>
</trkpt>
<trkpt lat="-32.232517" lon="115.797299">
<ele>-25.3</ele>
<time>2026-06-21T10:28:54.619+08:00</time>
<extensions>
<gpxtpx:TrackPointExtension>
<gpxtpx:speed>1.05</gpxtpx:speed>
</gpxtpx:TrackPointExtension>
<opentracks:accuracy_horizontal>2.083</opentracks:accuracy_horizontal></extensions>
</trkpt>
<trkpt lat="-32.232438" lon="115.797357">
<ele>-28</ele>
<time>2026-06-21T10:29:16.642+08:00</time>
<extensions>
<gpxtpx:TrackPointExtension>
<gpxtpx:speed>1.1</gpxtpx:speed>
</gpxtpx:TrackPointExtension>
<opentracks:accuracy_horizontal>2.311</opentracks:accuracy_horizontal></extensions>
</trkpt>
<trkpt lat="-32.232421" lon="115.797471">
<ele>-27.2</ele>
<time>2026-06-21T10:29:26.662+08:00</time>
<extensions>
<gpxtpx:TrackPointExtension>
<gpxtpx:speed>1.08</gpxtpx:speed>
</gpxtpx:TrackPointExtension>
<opentracks:accuracy_horizontal>2.233</opentracks:accuracy_horizontal></extensions>
</trkpt>
<trkpt lat="-32.232386" lon="115.797526">
<ele>-27.2</ele>
<time>2026-06-21T10:29:36.651+08:00</time>
<extensions>
<gpxtpx:TrackPointExtension>
<gpxtpx:speed>0.42</gpxtpx:speed>
</gpxtpx:TrackPointExtension>
<opentracks:accuracy_horizontal>2.261</opentracks:accuracy_horizontal></extensions>
</trkpt>
<trkpt lat="-32.232361" lon="115.797637">
<ele>-26.8</ele>
<time>2026-06-21T10:29:44.643+08:00</time>
<extensions>
<gpxtpx:TrackPointExtension>
<gpxtpx:speed>1.16</gpxtpx:speed>
</gpxtpx:TrackPointExtension>
<opentracks:accuracy_horizontal>2.19</opentracks:accuracy_horizontal></extensions>
</trkpt>
<trkpt lat="-32.232358" lon="115.79775">
<ele>-27.3</ele>
<time>2026-06-21T10:29:53.658+08:00</time>
<extensions>
<gpxtpx:TrackPointExtension>
<gpxtpx:speed>1.17</gpxtpx:speed>
</gpxtpx:TrackPointExtension>
<opentracks:accuracy_horizontal>2.226</opentracks:accuracy_horizontal></extensions>
</trkpt>
<trkpt lat="-32.232347" lon="115.797858">
<ele>-27.5</ele>
<time>2026-06-21T10:30:01.645+08:00</time>
<extensions>
<gpxtpx:TrackPointExtension>
<gpxtpx:speed>1.23</gpxtpx:speed>
</gpxtpx:TrackPointExtension>
<opentracks:accuracy_horizontal>2.313</opentracks:accuracy_horizontal></extensions>
</trkpt>
<trkpt lat="-32.232359" lon="115.797976">
<ele>-27.7</ele>
<time>2026-06-21T10:30:10.641+08:00</time>
<extensions>
<gpxtpx:TrackPointExtension>
<gpxtpx:speed>1.24</gpxtpx:speed>
</gpxtpx:TrackPointExtension>
<opentracks:accuracy_horizontal>2.277</opentracks:accuracy_horizontal></extensions>
</trkpt>
<trkpt lat="-32.232365" lon="115.798094">
<ele>-26.5</ele>
<time>2026-06-21T10:30:19.649+08:00</time>
<extensions>
<gpxtpx:TrackPointExtension>
<gpxtpx:speed>1.24</gpxtpx:speed>
</gpxtpx:TrackPointExtension>
<opentracks:accuracy_horizontal>2.177</opentracks:accuracy_horizontal></extensions>
</trkpt>
<trkpt lat="-32.232378" lon="115.798206">
<ele>-26.4</ele>
<time>2026-06-21T10:30:27.659+08:00</time>
<extensions>
<gpxtpx:TrackPointExtension>
<gpxtpx:speed>1.29</gpxtpx:speed>
</gpxtpx:TrackPointExtension>
<opentracks:accuracy_horizontal>2.197</opentracks:accuracy_horizontal></extensions>
</trkpt>
<trkpt lat="-32.232413" lon="115.798312">
<ele>-27.3</ele>
<time>2026-06-21T10:30:37.645+08:00</time>
<extensions>
<gpxtpx:TrackPointExtension>
<gpxtpx:speed>1.16</gpxtpx:speed>
</gpxtpx:TrackPointExtension>
<opentracks:accuracy_horizontal>2.232</opentracks:accuracy_horizontal></extensions>
</trkpt>
<trkpt lat="-32.232428" lon="115.798418">
<ele>-27.7</ele>
<time>2026-06-21T10:30:45.647+08:00</time>
<extensions>
<gpxtpx:TrackPointExtension>
<gpxtpx:speed>1.2</gpxtpx:speed>
</gpxtpx:TrackPointExtension>
<opentracks:accuracy_horizontal>2.184</opentracks:accuracy_horizontal></extensions>
</trkpt>
<trkpt lat="-32.232451" lon="115.798529">
<ele>-26.2</ele>
<time>2026-06-21T10:30:53.639+08:00</time>
<extensions>
<gpxtpx:TrackPointExtension>
<gpxtpx:speed>1.3</gpxtpx:speed>
</gpxtpx:TrackPointExtension>
<opentracks:accuracy_horizontal>1.99</opentracks:accuracy_horizontal></extensions>
</trkpt>
<trkpt lat="-32.232476" lon="115.798637">
<ele>-26.4</ele>
<time>2026-06-21T10:31:02.619+08:00</time>
<extensions>
<gpxtpx:TrackPointExtension>
<gpxtpx:speed>1.23</gpxtpx:speed>
</gpxtpx:TrackPointExtension>
<opentracks:accuracy_horizontal>1.991</opentracks:accuracy_horizontal></extensions>
</trkpt>
<trkpt lat="-32.232493" lon="115.798742">
<ele>-26.3</ele>
<time>2026-06-21T10:31:10.647+08:00</time>
<extensions>
<gpxtpx:TrackPointExtension>
<gpxtpx:speed>1.25</gpxtpx:speed>
</gpxtpx:TrackPointExtension>
<opentracks:accuracy_horizontal>2.03</opentracks:accuracy_horizontal></extensions>
</trkpt>
<trkpt lat="-32.232487" lon="115.79877">
<ele>-27.1</ele>
<time>2026-06-21T10:31:20.64+08:00</time>
<extensions>
<gpxtpx:TrackPointExtension>
<gpxtpx:speed>0.06</gpxtpx:speed>
</gpxtpx:TrackPointExtension>
<opentracks:accuracy_horizontal>2.092</opentracks:accuracy_horizontal></extensions>
</trkpt>
<trkpt lat="-32.232503" lon="115.798882">
<ele>-26.4</ele>
<time>2026-06-21T10:31:32.627+08:00</time>
<extensions>
<gpxtpx:TrackPointExtension>
<gpxtpx:speed>1.1</gpxtpx:speed>
</gpxtpx:TrackPointExtension>
<opentracks:accuracy_horizontal>2.063</opentracks:accuracy_horizontal></extensions>
</trkpt>
<trkpt lat="-32.232518" lon="115.798997">
<ele>-26.2</ele>
<time>2026-06-21T10:31:42.626+08:00</time>
<extensions>
<gpxtpx:TrackPointExtension>
<gpxtpx:speed>1.11</gpxtpx:speed>
</gpxtpx:TrackPointExtension>
<opentracks:accuracy_horizontal>2.268</opentracks:accuracy_horizontal></extensions>
</trkpt>
<trkpt lat="-32.232502" lon="115.799058">
<ele>-24</ele>
<time>2026-06-21T10:31:51.665+08:00</time>
<extensions>
<gpxtpx:TrackPointExtension>
<gpxtpx:speed>0.23</gpxtpx:speed>
</gpxtpx:TrackPointExtension>
<opentracks:accuracy_horizontal>2.494</opentracks:accuracy_horizontal></extensions>
</trkpt>
<trkpt lat="-32.232515" lon="115.799166">
<ele>-22.6</ele>
<time>2026-06-21T10:32:09.659+08:00</time>
<extensions>
<gpxtpx:TrackPointExtension>
<gpxtpx:speed>0.9</gpxtpx:speed>
</gpxtpx:TrackPointExtension>
<opentracks:accuracy_horizontal>2.266</opentracks:accuracy_horizontal></extensions>
</trkpt>
<trkpt lat="-32.232509" lon="115.799176">
<ele>-20.6</ele>
<time>2026-06-21T10:32:19.628+08:00</time>
<extensions>
<gpxtpx:TrackPointExtension>
<gpxtpx:speed>0.02</gpxtpx:speed>
</gpxtpx:TrackPointExtension>
<opentracks:accuracy_horizontal>2.182</opentracks:accuracy_horizontal></extensions>
</trkpt>
<trkpt lat="-32.232487" lon="115.799281">
<ele>-23.9</ele>
<time>2026-06-21T10:32:39.676+08:00</time>
<extensions>
<gpxtpx:TrackPointExtension>
<gpxtpx:speed>0.69</gpxtpx:speed>
</gpxtpx:TrackPointExtension>
<opentracks:accuracy_horizontal>2.731</opentracks:accuracy_horizontal></extensions>
</trkpt>
<trkpt lat="-32.232496" lon="115.79928">
<ele>-24.4</ele>
<time>2026-06-21T10:32:48.705+08:00</time>
<extensions>
<gpxtpx:TrackPointExtension>
<gpxtpx:speed>0.07</gpxtpx:speed>
</gpxtpx:TrackPointExtension>
<opentracks:accuracy_horizontal>2.296</opentracks:accuracy_horizontal></extensions>
</trkpt>
<trkpt lat="-32.232508" lon="115.799386">
<ele>-26.1</ele>
<time>2026-06-21T10:33:25.671+08:00</time>
<extensions>
<gpxtpx:TrackPointExtension>
<gpxtpx:speed>1.4</gpxtpx:speed>
</gpxtpx:TrackPointExtension>
<opentracks:accuracy_horizontal>2.781</opentracks:accuracy_horizontal></extensions>
</trkpt>
<trkpt lat="-32.232538" lon="115.799494">
<ele>-25.7</ele>
<time>2026-06-21T10:33:34.673+08:00</time>
<extensions>
<gpxtpx:TrackPointExtension>
<gpxtpx:speed>1.23</gpxtpx:speed>
</gpxtpx:TrackPointExtension>
<opentracks:accuracy_horizontal>2.141</opentracks:accuracy_horizontal></extensions>
</trkpt>
<trkpt lat="-32.232561" lon="115.799594">
<ele>-25.6</ele>
<time>2026-06-21T10:33:43.714+08:00</time>
<extensions>
<gpxtpx:TrackPointExtension>
<gpxtpx:speed>1.15</gpxtpx:speed>
</gpxtpx:TrackPointExtension>
<opentracks:accuracy_horizontal>2.001</opentracks:accuracy_horizontal></extensions>
</trkpt>
<trkpt lat="-32.232588" lon="115.799703">
<ele>-24.9</ele>
<time>2026-06-21T10:33:58.679+08:00</time>
<extensions>
<gpxtpx:TrackPointExtension>
<gpxtpx:speed>1.18</gpxtpx:speed>
</gpxtpx:TrackPointExtension>
<opentracks:accuracy_horizontal>1.364</opentracks:accuracy_horizontal></extensions>
</trkpt>
<trkpt lat="-32.232629" lon="115.7998">
<ele>-24.6</ele>
<time>2026-06-21T10:34:07.685+08:00</time>
<extensions>
<gpxtpx:TrackPointExtension>
<gpxtpx:speed>1.15</gpxtpx:speed>
</gpxtpx:TrackPointExtension>
<opentracks:accuracy_horizontal>1.91</opentracks:accuracy_horizontal></extensions>
</trkpt>
<trkpt lat="-32.232677" lon="115.799898">
<ele>-24.1</ele>
<time>2026-06-21T10:34:16.687+08:00</time>
<extensions>
<gpxtpx:TrackPointExtension>
<gpxtpx:speed>1.16</gpxtpx:speed>
</gpxtpx:TrackPointExtension>
<opentracks:accuracy_horizontal>1.784</opentracks:accuracy_horizontal></extensions>
</trkpt>
<trkpt lat="-32.232728" lon="115.79999">
<ele>-24</ele>
<time>2026-06-21T10:34:25.675+08:00</time>
<extensions>
<gpxtpx:TrackPointExtension>
<gpxtpx:speed>1.15</gpxtpx:speed>
</gpxtpx:TrackPointExtension>
<opentracks:accuracy_horizontal>1.631</opentracks:accuracy_horizontal></extensions>
</trkpt>
<trkpt lat="-32.232751" lon="115.800036">
<ele>-21.5</ele>
<time>2026-06-21T10:34:35.651+08:00</time>
<extensions>
<gpxtpx:TrackPointExtension>
<gpxtpx:speed>0.3</gpxtpx:speed>
</gpxtpx:TrackPointExtension>
<opentracks:accuracy_horizontal>2.275</opentracks:accuracy_horizontal></extensions>
</trkpt>
<trkpt lat="-32.232819" lon="115.800121">
<ele>-22.7</ele>
<time>2026-06-21T10:34:45.678+08:00</time>
<extensions>
<gpxtpx:TrackPointExtension>
<gpxtpx:speed>1.31</gpxtpx:speed>
</gpxtpx:TrackPointExtension>
<opentracks:accuracy_horizontal>2.573</opentracks:accuracy_horizontal></extensions>
</trkpt>
<trkpt lat="-32.232877" lon="115.800203">
<ele>-23.1</ele>
<time>2026-06-21T10:34:53.712+08:00</time>
<extensions>
<gpxtpx:TrackPointExtension>
<gpxtpx:speed>1.26</gpxtpx:speed>
</gpxtpx:TrackPointExtension>
<opentracks:accuracy_horizontal>1.803</opentracks:accuracy_horizontal></extensions>
</trkpt>
<trkpt lat="-32.232891" lon="115.80022">
<ele>-23.2</ele>
<time>2026-06-21T10:35:03.698+08:00</time>
<extensions>
<gpxtpx:TrackPointExtension>
<gpxtpx:speed>0.02</gpxtpx:speed>
</gpxtpx:TrackPointExtension>
<opentracks:accuracy_horizontal>1.319</opentracks:accuracy_horizontal></extensions>
</trkpt>
<trkpt lat="-32.232951" lon="115.800315">
<ele>-23.8</ele>
<time>2026-06-21T10:35:35.703+08:00</time>
<extensions>
<gpxtpx:TrackPointExtension>
<gpxtpx:speed>1.01</gpxtpx:speed>
</gpxtpx:TrackPointExtension>
<opentracks:accuracy_horizontal>1.095</opentracks:accuracy_horizontal></extensions>
</trkpt>
<trkpt lat="-32.233013" lon="115.800403">
<ele>-23</ele>
<time>2026-06-21T10:35:44.714+08:00</time>
<extensions>
<gpxtpx:TrackPointExtension>
<gpxtpx:speed>1.17</gpxtpx:speed>
</gpxtpx:TrackPointExtension>
<opentracks:accuracy_horizontal>2.135</opentracks:accuracy_horizontal></extensions>
</trkpt>
<trkpt lat="-32.23305" lon="115.800443">
<ele>-22.9</ele>
<time>2026-06-21T10:35:54.716+08:00</time>
<extensions>
<gpxtpx:TrackPointExtension>
<gpxtpx:speed>0.12</gpxtpx:speed>
</gpxtpx:TrackPointExtension>
<opentracks:accuracy_horizontal>2.522</opentracks:accuracy_horizontal></extensions>
</trkpt>
<trkpt lat="-32.233128" lon="115.800519">
<ele>-23.4</ele>
<time>2026-06-21T10:36:15.713+08:00</time>
<extensions>
<gpxtpx:TrackPointExtension>
<gpxtpx:speed>1.1</gpxtpx:speed>
</gpxtpx:TrackPointExtension>
<opentracks:accuracy_horizontal>4.017</opentracks:accuracy_horizontal></extensions>
</trkpt>
<trkpt lat="-32.2332" lon="115.800591">
<ele>-24.5</ele>
<time>2026-06-21T10:36:22.674+08:00</time>
<extensions>
<gpxtpx:TrackPointExtension>
<gpxtpx:speed>1.29</gpxtpx:speed>
</gpxtpx:TrackPointExtension>
<opentracks:accuracy_horizontal>2.886</opentracks:accuracy_horizontal></extensions>
</trkpt>
<trkpt lat="-32.23325" lon="115.800684">
<ele>-24.7</ele>
<time>2026-06-21T10:36:30.689+08:00</time>
<extensions>
<gpxtpx:TrackPointExtension>
<gpxtpx:speed>1.26</gpxtpx:speed>
</gpxtpx:TrackPointExtension>
<opentracks:accuracy_horizontal>2.404</opentracks:accuracy_horizontal></extensions>
</trkpt>
<trkpt lat="-32.233264" lon="115.800724">
<ele>-25.9</ele>
<time>2026-06-21T10:36:40.698+08:00</time>
<extensions>
<gpxtpx:TrackPointExtension>
<gpxtpx:speed>0.09</gpxtpx:speed>
</gpxtpx:TrackPointExtension>
<opentracks:accuracy_horizontal>1.619</opentracks:accuracy_horizontal></extensions>
</trkpt>
<trkpt lat="-32.233322" lon="115.800824">
<ele>-25.2</ele>
<time>2026-06-21T10:36:52.68+08:00</time>
<extensions>
<gpxtpx:TrackPointExtension>
<gpxtpx:speed>1.14</gpxtpx:speed>
</gpxtpx:TrackPointExtension>
<opentracks:accuracy_horizontal>2.795</opentracks:accuracy_horizontal></extensions>
</trkpt>
<trkpt lat="-32.233388" lon="115.800897">
<ele>-25.1</ele>
<time>2026-06-21T10:37:00.668+08:00</time>
<extensions>
<gpxtpx:TrackPointExtension>
<gpxtpx:speed>1.2</gpxtpx:speed>
</gpxtpx:TrackPointExtension>
<opentracks:accuracy_horizontal>2.607</opentracks:accuracy_horizontal></extensions>
</trkpt>
<trkpt lat="-32.233444" lon="115.800984">
<ele>-24.5</ele>
<time>2026-06-21T10:37:09.68+08:00</time>
<extensions>
<gpxtpx:TrackPointExtension>
<gpxtpx:speed>1.17</gpxtpx:speed>
</gpxtpx:TrackPointExtension>
<opentracks:accuracy_horizontal>2.038</opentracks:accuracy_horizontal></extensions>
</trkpt>
<trkpt lat="-32.233457" lon="115.801016">
<ele>-24.4</ele>
<time>2026-06-21T10:37:19.685+08:00</time>
<extensions>
<gpxtpx:TrackPointExtension>
<gpxtpx:speed>0.13</gpxtpx:speed>
</gpxtpx:TrackPointExtension>
<opentracks:accuracy_horizontal>1.643</opentracks:accuracy_horizontal></extensions>
</trkpt>
<trkpt lat="-32.233505" lon="115.801105">
<ele>-24.3</ele>
<time>2026-06-21T10:37:29.715+08:00</time>
<extensions>
<gpxtpx:TrackPointExtension>
<gpxtpx:speed>0.99</gpxtpx:speed>
</gpxtpx:TrackPointExtension>
<opentracks:accuracy_horizontal>3.619</opentracks:accuracy_horizontal></extensions>
</trkpt>
<trkpt lat="-32.233543" lon="115.801208">
<ele>-24.1</ele>
<time>2026-06-21T10:37:38.725+08:00</time>
<extensions>
<gpxtpx:TrackPointExtension>
<gpxtpx:speed>1.09</gpxtpx:speed>
</gpxtpx:TrackPointExtension>
<opentracks:accuracy_horizontal>4.606</opentracks:accuracy_horizontal></extensions>
</trkpt>
<trkpt lat="-32.233589" lon="115.8013">
<ele>-24</ele>
<time>2026-06-21T10:37:48.709+08:00</time>
<extensions>
<gpxtpx:TrackPointExtension>
<gpxtpx:speed>0.86</gpxtpx:speed>
</gpxtpx:TrackPointExtension>
<opentracks:accuracy_horizontal>3.869</opentracks:accuracy_horizontal></extensions>
</trkpt>
<trkpt lat="-32.233646" lon="115.801384">
<ele>-23.3</ele>
<time>2026-06-21T10:37:56.705+08:00</time>
<extensions>
<gpxtpx:TrackPointExtension>
<gpxtpx:speed>1.13</gpxtpx:speed>
</gpxtpx:TrackPointExtension>
<opentracks:accuracy_horizontal>4.053</opentracks:accuracy_horizontal></extensions>
</trkpt>
<trkpt lat="-32.233705" lon="115.801472">
<ele>-22.8</ele>
<time>2026-06-21T10:38:04.718+08:00</time>
<extensions>
<gpxtpx:TrackPointExtension>
<gpxtpx:speed>1.19</gpxtpx:speed>
</gpxtpx:TrackPointExtension>
<opentracks:accuracy_horizontal>3.559</opentracks:accuracy_horizontal></extensions>
</trkpt>
<trkpt lat="-32.233761" lon="115.801561">
<ele>-23.4</ele>
<time>2026-06-21T10:38:13.718+08:00</time>
<extensions>
<gpxtpx:TrackPointExtension>
<gpxtpx:speed>1.13</gpxtpx:speed>
</gpxtpx:TrackPointExtension>
<opentracks:accuracy_horizontal>3.503</opentracks:accuracy_horizontal></extensions>
</trkpt>
<trkpt lat="-32.233837" lon="115.801632">
<ele>-25.4</ele>
<time>2026-06-21T10:38:22.715+08:00</time>
<extensions>
<gpxtpx:TrackPointExtension>
<gpxtpx:speed>1.14</gpxtpx:speed>
</gpxtpx:TrackPointExtension>
<opentracks:accuracy_horizontal>3.28</opentracks:accuracy_horizontal></extensions>
</trkpt>
<trkpt lat="-32.233873" lon="115.801737">
<ele>-25.7</ele>
<time>2026-06-21T10:38:30.694+08:00</time>
<extensions>
<gpxtpx:TrackPointExtension>
<gpxtpx:speed>1.22</gpxtpx:speed>
</gpxtpx:TrackPointExtension>
<opentracks:accuracy_horizontal>3.125</opentracks:accuracy_horizontal></extensions>
</trkpt>
<trkpt lat="-32.233874" lon="115.801741">
<ele>-25.5</ele>
<time>2026-06-21T10:38:39.711+08:00</time>
<extensions>
<gpxtpx:TrackPointExtension>
<gpxtpx:speed>0.02</gpxtpx:speed>
</gpxtpx:TrackPointExtension>
<opentracks:accuracy_horizontal>2.007</opentracks:accuracy_horizontal></extensions>
</trkpt>
<trkpt lat="-32.233872" lon="115.801853">
<ele>-26</ele>
<time>2026-06-21T10:39:13.714+08:00</time>
<extensions>
<gpxtpx:TrackPointExtension>
<gpxtpx:speed>0.58</gpxtpx:speed>
</gpxtpx:TrackPointExtension>
<opentracks:accuracy_horizontal>2.87</opentracks:accuracy_horizontal></extensions>
</trkpt>
<trkpt lat="-32.233888" lon="115.801964">
<ele>-25.6</ele>
<time>2026-06-21T10:39:21.719+08:00</time>
<extensions>
<gpxtpx:TrackPointExtension>
<gpxtpx:speed>1.22</gpxtpx:speed>
</gpxtpx:TrackPointExtension>
<opentracks:accuracy_horizontal>3.138</opentracks:accuracy_horizontal></extensions>
</trkpt>
<trkpt lat="-32.233876" lon="115.801993">
<ele>-26.1</ele>
<time>2026-06-21T10:39:31.716+08:00</time>
<extensions>
<gpxtpx:TrackPointExtension>
<gpxtpx:speed>0.06</gpxtpx:speed>
</gpxtpx:TrackPointExtension>
<opentracks:accuracy_horizontal>3.118</opentracks:accuracy_horizontal></extensions>
</trkpt>
<trkpt lat="-32.233876" lon="115.802115">
<ele>-25.8</ele>
<time>2026-06-21T10:39:40.721+08:00</time>
<extensions>
<gpxtpx:TrackPointExtension>
<gpxtpx:speed>1.18</gpxtpx:speed>
</gpxtpx:TrackPointExtension>
<opentracks:accuracy_horizontal>3.602</opentracks:accuracy_horizontal></extensions>
</trkpt>
<trkpt lat="-32.233878" lon="115.802224">
<ele>-25.3</ele>
<time>2026-06-21T10:39:48.727+08:00</time>
<extensions>
<gpxtpx:TrackPointExtension>
<gpxtpx:speed>1.18</gpxtpx:speed>
</gpxtpx:TrackPointExtension>
<opentracks:accuracy_horizontal>3.677</opentracks:accuracy_horizontal></extensions>
</trkpt>
<trkpt lat="-32.233879" lon="115.802336">
<ele>-23.9</ele>
<time>2026-06-21T10:39:58.708+08:00</time>
<extensions>
<gpxtpx:TrackPointExtension>
<gpxtpx:speed>1.09</gpxtpx:speed>
</gpxtpx:TrackPointExtension>
<opentracks:accuracy_horizontal>3.429</opentracks:accuracy_horizontal></extensions>
</trkpt>
<trkpt lat="-32.233878" lon="115.802444">
<ele>-23.6</ele>
<time>2026-06-21T10:40:06.71+08:00</time>
<extensions>
<gpxtpx:TrackPointExtension>
<gpxtpx:speed>1.14</gpxtpx:speed>
</gpxtpx:TrackPointExtension>
<opentracks:accuracy_horizontal>3.909</opentracks:accuracy_horizontal></extensions>
</trkpt>
<trkpt lat="-32.233877" lon="115.80256">
<ele>-22.9</ele>
<time>2026-06-21T10:40:14.713+08:00</time>
<extensions>
<gpxtpx:TrackPointExtension>
<gpxtpx:speed>1.2</gpxtpx:speed>
</gpxtpx:TrackPointExtension>
<opentracks:accuracy_horizontal>3.319</opentracks:accuracy_horizontal></extensions>
</trkpt>
<trkpt lat="-32.233881" lon="115.802674">
<ele>-22.1</ele>
<time>2026-06-21T10:40:23.712+08:00</time>
<extensions>
<gpxtpx:TrackPointExtension>
<gpxtpx:speed>1.15</gpxtpx:speed>
</gpxtpx:TrackPointExtension>
<opentracks:accuracy_horizontal>3.401</opentracks:accuracy_horizontal></extensions>
</trkpt>
<trkpt lat="-32.233888" lon="115.802719">
<ele>-21.1</ele>
<time>2026-06-21T10:40:33.716+08:00</time>
<extensions>
<gpxtpx:TrackPointExtension>
<gpxtpx:speed>0.45</gpxtpx:speed>
</gpxtpx:TrackPointExtension>
<opentracks:accuracy_horizontal>3.224</opentracks:accuracy_horizontal></extensions>
</trkpt>
<trkpt lat="-32.233883" lon="115.802827">
<ele>-20.8</ele>
<time>2026-06-21T10:40:41.732+08:00</time>
<extensions>
<gpxtpx:TrackPointExtension>
<gpxtpx:speed>1.18</gpxtpx:speed>
</gpxtpx:TrackPointExtension>
<opentracks:accuracy_horizontal>3.389</opentracks:accuracy_horizontal></extensions>
</trkpt>
<trkpt lat="-32.233878" lon="115.802944">
<ele>-20.8</ele>
<time>2026-06-21T10:40:50.713+08:00</time>
<extensions>
<gpxtpx:TrackPointExtension>
<gpxtpx:speed>1.18</gpxtpx:speed>
</gpxtpx:TrackPointExtension>
<opentracks:accuracy_horizontal>3.419</opentracks:accuracy_horizontal></extensions>
</trkpt>
<trkpt lat="-32.233879" lon="115.802991">
<ele>-20.3</ele>
<time>2026-06-21T10:41:00.715+08:00</time>
<extensions>
<gpxtpx:TrackPointExtension>
<gpxtpx:speed>0.03</gpxtpx:speed>
</gpxtpx:TrackPointExtension>
<opentracks:accuracy_horizontal>2.176</opentracks:accuracy_horizontal></extensions>
</trkpt>
<trkpt lat="-32.233837" lon="115.803088">
<ele>-19.3</ele>
<time>2026-06-21T10:41:26.718+08:00</time>
<extensions>
<gpxtpx:TrackPointExtension>
<gpxtpx:speed>1.19</gpxtpx:speed>
</gpxtpx:TrackPointExtension>
<opentracks:accuracy_horizontal>2.865</opentracks:accuracy_horizontal></extensions>
</trkpt>
<trkpt lat="-32.233739" lon="115.803111">
<ele>-19.6</ele>
<time>2026-06-21T10:41:36.714+08:00</time>
<extensions>
<gpxtpx:TrackPointExtension>
<gpxtpx:speed>1.08</gpxtpx:speed>
</gpxtpx:TrackPointExtension>
<opentracks:accuracy_horizontal>2.975</opentracks:accuracy_horizontal></extensions>
</trkpt>
<trkpt lat="-32.233641" lon="115.803113">
<ele>-18.1</ele>
<time>2026-06-21T10:41:46.722+08:00</time>
<extensions>
<gpxtpx:TrackPointExtension>
<gpxtpx:speed>1.05</gpxtpx:speed>
</gpxtpx:TrackPointExtension>
<opentracks:accuracy_horizontal>3.174</opentracks:accuracy_horizontal></extensions>
</trkpt>
<trkpt lat="-32.233596" lon="115.80311">
<ele>-18.7</ele>
<time>2026-06-21T10:41:56.712+08:00</time>
<extensions>
<gpxtpx:TrackPointExtension>
<gpxtpx:speed>0.2</gpxtpx:speed>
</gpxtpx:TrackPointExtension>
<opentracks:accuracy_horizontal>3.425</opentracks:accuracy_horizontal></extensions>
</trkpt>
<trkpt lat="-32.233694" lon="115.803104">
<ele>-19.1</ele>
<time>2026-06-21T10:42:13.717+08:00</time>
<extensions>
<gpxtpx:TrackPointExtension>
<gpxtpx:speed>1.29</gpxtpx:speed>
</gpxtpx:TrackPointExtension>
<opentracks:accuracy_horizontal>4.234</opentracks:accuracy_horizontal></extensions>
</trkpt>
<trkpt lat="-32.23378" lon="115.803066">
<ele>-18.6</ele>
<time>2026-06-21T10:42:21.721+08:00</time>
<extensions>
<gpxtpx:TrackPointExtension>
<gpxtpx:speed>1.17</gpxtpx:speed>
</gpxtpx:TrackPointExtension>
<opentracks:accuracy_horizontal>3.531</opentracks:accuracy_horizontal></extensions>
</trkpt>
<trkpt lat="-32.233745" lon="115.80309">
<ele>-18.6</ele>
<time>2026-06-21T10:42:31.721+08:00</time>
<extensions>
<gpxtpx:TrackPointExtension>
<gpxtpx:speed>0.46</gpxtpx:speed>
</gpxtpx:TrackPointExtension>
<opentracks:accuracy_horizontal>3.444</opentracks:accuracy_horizontal></extensions>
</trkpt>
<trkpt lat="-32.233649" lon="115.803117">
<ele>-18.1</ele>
<time>2026-06-21T10:42:41.714+08:00</time>
<extensions>
<gpxtpx:TrackPointExtension>
<gpxtpx:speed>1.06</gpxtpx:speed>
</gpxtpx:TrackPointExtension>
<opentracks:accuracy_horizontal>3.081</opentracks:accuracy_horizontal></extensions>
</trkpt>
<trkpt lat="-32.23355" lon="115.803109">
<ele>-17.7</ele>
<time>2026-06-21T10:42:50.708+08:00</time>
<extensions>
<gpxtpx:TrackPointExtension>
<gpxtpx:speed>1.12</gpxtpx:speed>
</gpxtpx:TrackPointExtension>
<opentracks:accuracy_horizontal>2.943</opentracks:accuracy_horizontal></extensions>
</trkpt>
<trkpt lat="-32.233478" lon="115.803101">
<ele>-18.3</ele>
<time>2026-06-21T10:43:00.72+08:00</time>
<extensions>
<gpxtpx:TrackPointExtension>
<gpxtpx:speed>0.28</gpxtpx:speed>
</gpxtpx:TrackPointExtension>
<opentracks:accuracy_horizontal>2.176</opentracks:accuracy_horizontal></extensions>
</trkpt>
<trkpt lat="-32.233385" lon="115.803112">
<ele>-18.2</ele>
<time>2026-06-21T10:43:14.714+08:00</time>
<extensions>
<gpxtpx:TrackPointExtension>
<gpxtpx:speed>0.86</gpxtpx:speed>
</gpxtpx:TrackPointExtension>
<opentracks:accuracy_horizontal>3.251</opentracks:accuracy_horizontal></extensions>
</trkpt>
<trkpt lat="-32.233303" lon="115.803109">
<ele>-17.7</ele>
<time>2026-06-21T10:43:24.713+08:00</time>
<extensions>
<gpxtpx:TrackPointExtension>
<gpxtpx:speed>0.9</gpxtpx:speed>
</gpxtpx:TrackPointExtension>
<opentracks:accuracy_horizontal>3.43</opentracks:accuracy_horizontal></extensions>
</trkpt>
<trkpt lat="-32.233219" lon="115.803046">
<ele>-18.2</ele>
<time>2026-06-21T10:43:41.719+08:00</time>
<extensions>
<gpxtpx:TrackPointExtension>
<gpxtpx:speed>0.75</gpxtpx:speed>
</gpxtpx:TrackPointExtension>
<opentracks:accuracy_horizontal>3.22</opentracks:accuracy_horizontal></extensions>
</trkpt>
<trkpt lat="-32.233222" lon="115.802995">
<ele>-18.7</ele>
<time>2026-06-21T10:43:50.716+08:00</time>
<extensions>
<gpxtpx:TrackPointExtension>
<gpxtpx:speed>0.68</gpxtpx:speed>
</gpxtpx:TrackPointExtension>
<opentracks:accuracy_horizontal>4.167</opentracks:accuracy_horizontal></extensions>
</trkpt>
<trkpt lat="-32.233201" lon="115.80289">
<ele>-19.3</ele>
<time>2026-06-21T10:43:59.708+08:00</time>
<extensions>
<gpxtpx:TrackPointExtension>
<gpxtpx:speed>0.27</gpxtpx:speed>
</gpxtpx:TrackPointExtension>
<opentracks:accuracy_horizontal>4.563</opentracks:accuracy_horizontal></extensions>
</trkpt>
<trkpt lat="-32.233205" lon="115.802899">
<ele>-19.5</ele>
<time>2026-06-21T10:44:09.718+08:00</time>
<extensions>
<gpxtpx:TrackPointExtension>
<gpxtpx:speed>0.05</gpxtpx:speed>
</gpxtpx:TrackPointExtension>
<opentracks:accuracy_horizontal>3.994</opentracks:accuracy_horizontal></extensions>
</trkpt>
<trkpt lat="-32.233271" lon="115.802847">
<ele>-20.1</ele>
<time>2026-06-21T10:45:28.704+08:00</time>
<extensions>
<gpxtpx:TrackPointExtension>
<gpxtpx:speed>0.13</gpxtpx:speed>
</gpxtpx:TrackPointExtension>
<opentracks:accuracy_horizontal>4.716</opentracks:accuracy_horizontal></extensions>
</trkpt>
</trkseg>
</trk>
</gpx>
