<?xml version="1.0" encoding="UTF-8"?>
<gpx
version="1.1"
creator="OpenTracks"
xmlns="http://www.topografix.com/GPX/1/1"
xmlns:topografix="http://www.topografix.com/GPX/Private/TopoGrafix/0/1"
xmlns:xsi="http://www.w3.org/2001/XMLSchema-instance"
xmlns:opentracks="http://opentracksapp.com/xmlschemas/v1"
xmlns:gpxtpx="http://www.garmin.com/xmlschemas/TrackPointExtension/v2"
xmlns:gpxtrkx="http://www.garmin.com/xmlschemas/TrackStatsExtension/v1"
xmlns:cluetrust="http://www.cluetrust.com/Schemas/"
xmlns:pwr="http://www.garmin.com/xmlschemas/PowerExtension/v1"
xsi:schemaLocation="http://www.topografix.com/GPX/1/1 http://www.topografix.com/GPX/1/1/gpx.xsd http://www.topografix.com/GPX/Private/TopoGrafix/0/1 http://www.topografix.com/GPX/Private/TopoGrafix/0/1/topografix.xsd http://www.garmin.com/xmlschemas/TrackPointExtension/v2 https://www8.garmin.com/xmlschemas/TrackPointExtensionv2.xsd http://www.garmin.com/xmlschemas/PowerExtension/v1 https://www8.garmin.com/xmlschemas/PowerExtensionv1.xsd http://www.garmin.com/xmlschemas/TrackStatsExtension/v1 https://www8.garmin.com/xmlschemas/TrackStatsExtension.xsd http://www.cluetrust.com/Schemas https://www.cluetrust.com/Schemas/gpxdata10.xsd http://opentracksapp.com/xmlschemas/v1 http://opentracksapp.com/xmlschemas/OpenTracks_v1.xsd">
<trk>
<name><![CDATA[2026-06-12T08:44+08]]></name>
<desc><![CDATA[]]></desc>
<type><![CDATA[cycling]]></type>
<extensions>
<topografix:color>c0c0c0</topografix:color>
<opentracks:trackid>a64c15dc-fa30-48de-aec0-d1eb89d4f25f</opentracks:trackid>
<opentracks:typeTranslated><![CDATA[cycling]]></opentracks:typeTranslated>
<gpxtrkx:TrackStatsExtension>
<gpxtrkx:Distance>4220.54052734375</gpxtrkx:Distance>
<gpxtrkx:TimerTime>4565</gpxtrkx:TimerTime>
<gpxtrkx:MovingTime>3094</gpxtrkx:MovingTime>
<gpxtrkx:StoppedTime>1470</gpxtrkx:StoppedTime>
<gpxtrkx:MaxSpeed>1.6270941495895386</gpxtrkx:MaxSpeed>
</gpxtrkx:TrackStatsExtension>
</extensions>
<trkseg>
<trkpt lat="-32.233312" lon="115.803072">
<ele>-36.3</ele>
<time>2026-06-12T08:44:06.694+08:00</time>
<extensions>
<gpxtpx:TrackPointExtension>
<gpxtpx:speed>0</gpxtpx:speed>
</gpxtpx:TrackPointExtension>
<opentracks:accuracy_horizontal>16.254</opentracks:accuracy_horizontal></extensions>
</trkpt>
<trkpt lat="-32.233276" lon="115.803147">
<ele>-22.5</ele>
<time>2026-06-12T08:44:16.681+08:00</time>
<extensions>
<gpxtpx:TrackPointExtension>
<gpxtpx:speed>1.5</gpxtpx:speed>
</gpxtpx:TrackPointExtension>
<opentracks:accuracy_horizontal>2.555</opentracks:accuracy_horizontal></extensions>
</trkpt>
<trkpt lat="-32.233366" lon="115.803146">
<ele>-18</ele>
<time>2026-06-12T08:44:23.723+08:00</time>
<extensions>
<gpxtpx:TrackPointExtension>
<gpxtpx:speed>1.43</gpxtpx:speed>
</gpxtpx:TrackPointExtension>
<opentracks:accuracy_horizontal>2.441</opentracks:accuracy_horizontal></extensions>
</trkpt>
<trkpt lat="-32.233461" lon="115.803133">
<ele>-17.8</ele>
<time>2026-06-12T08:44:31.711+08:00</time>
<extensions>
<gpxtpx:TrackPointExtension>
<gpxtpx:speed>0.99</gpxtpx:speed>
</gpxtpx:TrackPointExtension>
<opentracks:accuracy_horizontal>2.987</opentracks:accuracy_horizontal></extensions>
</trkpt>
<trkpt lat="-32.233557" lon="115.80313">
<ele>-18</ele>
<time>2026-06-12T08:44:39.714+08:00</time>
<extensions>
<gpxtpx:TrackPointExtension>
<gpxtpx:speed>1.3</gpxtpx:speed>
</gpxtpx:TrackPointExtension>
<opentracks:accuracy_horizontal>3.48</opentracks:accuracy_horizontal></extensions>
</trkpt>
<trkpt lat="-32.233649" lon="115.803131">
<ele>-17.2</ele>
<time>2026-06-12T08:44:46.713+08:00</time>
<extensions>
<gpxtpx:TrackPointExtension>
<gpxtpx:speed>1.35</gpxtpx:speed>
</gpxtpx:TrackPointExtension>
<opentracks:accuracy_horizontal>3.837</opentracks:accuracy_horizontal></extensions>
</trkpt>
<trkpt lat="-32.233741" lon="115.803138">
<ele>-17.1</ele>
<time>2026-06-12T08:44:54.72+08:00</time>
<extensions>
<gpxtpx:TrackPointExtension>
<gpxtpx:speed>1.3</gpxtpx:speed>
</gpxtpx:TrackPointExtension>
<opentracks:accuracy_horizontal>3.559</opentracks:accuracy_horizontal></extensions>
</trkpt>
<trkpt lat="-32.233834" lon="115.803135">
<ele>-17.5</ele>
<time>2026-06-12T08:45:01.725+08:00</time>
<extensions>
<gpxtpx:TrackPointExtension>
<gpxtpx:speed>1.36</gpxtpx:speed>
</gpxtpx:TrackPointExtension>
<opentracks:accuracy_horizontal>3.522</opentracks:accuracy_horizontal></extensions>
</trkpt>
<trkpt lat="-32.233913" lon="115.803095">
<ele>-18.7</ele>
<time>2026-06-12T08:45:11.724+08:00</time>
<extensions>
<gpxtpx:TrackPointExtension>
<gpxtpx:speed>0.94</gpxtpx:speed>
</gpxtpx:TrackPointExtension>
<opentracks:accuracy_horizontal>2.875</opentracks:accuracy_horizontal></extensions>
</trkpt>
<trkpt lat="-32.233907" lon="115.802989">
<ele>-19.3</ele>
<time>2026-06-12T08:45:21.719+08:00</time>
<extensions>
<gpxtpx:TrackPointExtension>
<gpxtpx:speed>1.27</gpxtpx:speed>
</gpxtpx:TrackPointExtension>
<opentracks:accuracy_horizontal>3.314</opentracks:accuracy_horizontal></extensions>
</trkpt>
<trkpt lat="-32.233901" lon="115.802871">
<ele>-19.9</ele>
<time>2026-06-12T08:45:30.724+08:00</time>
<extensions>
<gpxtpx:TrackPointExtension>
<gpxtpx:speed>1.25</gpxtpx:speed>
</gpxtpx:TrackPointExtension>
<opentracks:accuracy_horizontal>3.522</opentracks:accuracy_horizontal></extensions>
</trkpt>
<trkpt lat="-32.233903" lon="115.802763">
<ele>-20.9</ele>
<time>2026-06-12T08:45:37.712+08:00</time>
<extensions>
<gpxtpx:TrackPointExtension>
<gpxtpx:speed>1.32</gpxtpx:speed>
</gpxtpx:TrackPointExtension>
<opentracks:accuracy_horizontal>3.82</opentracks:accuracy_horizontal></extensions>
</trkpt>
<trkpt lat="-32.23391" lon="115.802647">
<ele>-21.7</ele>
<time>2026-06-12T08:45:45.726+08:00</time>
<extensions>
<gpxtpx:TrackPointExtension>
<gpxtpx:speed>1.33</gpxtpx:speed>
</gpxtpx:TrackPointExtension>
<opentracks:accuracy_horizontal>3.858</opentracks:accuracy_horizontal></extensions>
</trkpt>
<trkpt lat="-32.233902" lon="115.802532">
<ele>-22.6</ele>
<time>2026-06-12T08:45:54.716+08:00</time>
<extensions>
<gpxtpx:TrackPointExtension>
<gpxtpx:speed>1.25</gpxtpx:speed>
</gpxtpx:TrackPointExtension>
<opentracks:accuracy_horizontal>3.973</opentracks:accuracy_horizontal></extensions>
</trkpt>
<trkpt lat="-32.233889" lon="115.802423">
<ele>-22.9</ele>
<time>2026-06-12T08:46:02.726+08:00</time>
<extensions>
<gpxtpx:TrackPointExtension>
<gpxtpx:speed>1.26</gpxtpx:speed>
</gpxtpx:TrackPointExtension>
<opentracks:accuracy_horizontal>4.468</opentracks:accuracy_horizontal></extensions>
</trkpt>
<trkpt lat="-32.233898" lon="115.802305">
<ele>-24</ele>
<time>2026-06-12T08:46:11.731+08:00</time>
<extensions>
<gpxtpx:TrackPointExtension>
<gpxtpx:speed>1.22</gpxtpx:speed>
</gpxtpx:TrackPointExtension>
<opentracks:accuracy_horizontal>4.488</opentracks:accuracy_horizontal></extensions>
</trkpt>
<trkpt lat="-32.233894" lon="115.802197">
<ele>-23.2</ele>
<time>2026-06-12T08:46:19.735+08:00</time>
<extensions>
<gpxtpx:TrackPointExtension>
<gpxtpx:speed>1.21</gpxtpx:speed>
</gpxtpx:TrackPointExtension>
<opentracks:accuracy_horizontal>3.605</opentracks:accuracy_horizontal></extensions>
</trkpt>
<trkpt lat="-32.233885" lon="115.802108">
<ele>-25.1</ele>
<time>2026-06-12T08:46:29.719+08:00</time>
<extensions>
<gpxtpx:TrackPointExtension>
<gpxtpx:speed>0.34</gpxtpx:speed>
</gpxtpx:TrackPointExtension>
<opentracks:accuracy_horizontal>3.798</opentracks:accuracy_horizontal></extensions>
</trkpt>
<trkpt lat="-32.233886" lon="115.801994">
<ele>-25</ele>
<time>2026-06-12T08:46:53.725+08:00</time>
<extensions>
<gpxtpx:TrackPointExtension>
<gpxtpx:speed>1.36</gpxtpx:speed>
</gpxtpx:TrackPointExtension>
<opentracks:accuracy_horizontal>3.653</opentracks:accuracy_horizontal></extensions>
</trkpt>
<trkpt lat="-32.23383" lon="115.801911">
<ele>-25.3</ele>
<time>2026-06-12T08:46:59.728+08:00</time>
<extensions>
<gpxtpx:TrackPointExtension>
<gpxtpx:speed>1.47</gpxtpx:speed>
</gpxtpx:TrackPointExtension>
<opentracks:accuracy_horizontal>3.431</opentracks:accuracy_horizontal></extensions>
</trkpt>
<trkpt lat="-32.233774" lon="115.801821">
<ele>-25.4</ele>
<time>2026-06-12T08:47:06.723+08:00</time>
<extensions>
<gpxtpx:TrackPointExtension>
<gpxtpx:speed>1.44</gpxtpx:speed>
</gpxtpx:TrackPointExtension>
<opentracks:accuracy_horizontal>3.715</opentracks:accuracy_horizontal></extensions>
</trkpt>
<trkpt lat="-32.233762" lon="115.80174">
<ele>-26.4</ele>
<time>2026-06-12T08:47:16.72+08:00</time>
<extensions>
<gpxtpx:TrackPointExtension>
<gpxtpx:speed>1</gpxtpx:speed>
</gpxtpx:TrackPointExtension>
<opentracks:accuracy_horizontal>3.092</opentracks:accuracy_horizontal></extensions>
</trkpt>
<trkpt lat="-32.233774" lon="115.801621">
<ele>-27.6</ele>
<time>2026-06-12T08:47:27.719+08:00</time>
<extensions>
<gpxtpx:TrackPointExtension>
<gpxtpx:speed>1.36</gpxtpx:speed>
</gpxtpx:TrackPointExtension>
<opentracks:accuracy_horizontal>3.727</opentracks:accuracy_horizontal></extensions>
</trkpt>
<trkpt lat="-32.233738" lon="115.801516">
<ele>-27.3</ele>
<time>2026-06-12T08:47:37.727+08:00</time>
<extensions>
<gpxtpx:TrackPointExtension>
<gpxtpx:speed>1.19</gpxtpx:speed>
</gpxtpx:TrackPointExtension>
<opentracks:accuracy_horizontal>4.544</opentracks:accuracy_horizontal></extensions>
</trkpt>
<trkpt lat="-32.233674" lon="115.801426">
<ele>-27.4</ele>
<time>2026-06-12T08:47:45.728+08:00</time>
<extensions>
<gpxtpx:TrackPointExtension>
<gpxtpx:speed>1.25</gpxtpx:speed>
</gpxtpx:TrackPointExtension>
<opentracks:accuracy_horizontal>4.598</opentracks:accuracy_horizontal></extensions>
</trkpt>
<trkpt lat="-32.233614" lon="115.801333">
<ele>-27.9</ele>
<time>2026-06-12T08:47:53.723+08:00</time>
<extensions>
<gpxtpx:TrackPointExtension>
<gpxtpx:speed>1.27</gpxtpx:speed>
</gpxtpx:TrackPointExtension>
<opentracks:accuracy_horizontal>4.199</opentracks:accuracy_horizontal></extensions>
</trkpt>
<trkpt lat="-32.233559" lon="115.801245">
<ele>-27.6</ele>
<time>2026-06-12T08:48:03.722+08:00</time>
<extensions>
<gpxtpx:TrackPointExtension>
<gpxtpx:speed>1.13</gpxtpx:speed>
</gpxtpx:TrackPointExtension>
<opentracks:accuracy_horizontal>4.888</opentracks:accuracy_horizontal></extensions>
</trkpt>
<trkpt lat="-32.233513" lon="115.801145">
<ele>-28</ele>
<time>2026-06-12T08:48:10.74+08:00</time>
<extensions>
<gpxtpx:TrackPointExtension>
<gpxtpx:speed>1.29</gpxtpx:speed>
</gpxtpx:TrackPointExtension>
<opentracks:accuracy_horizontal>4.586</opentracks:accuracy_horizontal></extensions>
</trkpt>
<trkpt lat="-32.23346" lon="115.801054">
<ele>-27</ele>
<time>2026-06-12T08:48:17.726+08:00</time>
<extensions>
<gpxtpx:TrackPointExtension>
<gpxtpx:speed>1.34</gpxtpx:speed>
</gpxtpx:TrackPointExtension>
<opentracks:accuracy_horizontal>4.4</opentracks:accuracy_horizontal></extensions>
</trkpt>
<trkpt lat="-32.233405" lon="115.800962">
<ele>-27.8</ele>
<time>2026-06-12T08:48:25.708+08:00</time>
<extensions>
<gpxtpx:TrackPointExtension>
<gpxtpx:speed>1.31</gpxtpx:speed>
</gpxtpx:TrackPointExtension>
<opentracks:accuracy_horizontal>3.994</opentracks:accuracy_horizontal></extensions>
</trkpt>
<trkpt lat="-32.233352" lon="115.800869">
<ele>-27.3</ele>
<time>2026-06-12T08:48:33.733+08:00</time>
<extensions>
<gpxtpx:TrackPointExtension>
<gpxtpx:speed>1.27</gpxtpx:speed>
</gpxtpx:TrackPointExtension>
<opentracks:accuracy_horizontal>4.125</opentracks:accuracy_horizontal></extensions>
</trkpt>
<trkpt lat="-32.233333" lon="115.800759">
<ele>-27.2</ele>
<time>2026-06-12T08:48:42.721+08:00</time>
<extensions>
<gpxtpx:TrackPointExtension>
<gpxtpx:speed>1.16</gpxtpx:speed>
</gpxtpx:TrackPointExtension>
<opentracks:accuracy_horizontal>4.267</opentracks:accuracy_horizontal></extensions>
</trkpt>
<trkpt lat="-32.233265" lon="115.800666">
<ele>-27.8</ele>
<time>2026-06-12T08:48:50.734+08:00</time>
<extensions>
<gpxtpx:TrackPointExtension>
<gpxtpx:speed>1.29</gpxtpx:speed>
</gpxtpx:TrackPointExtension>
<opentracks:accuracy_horizontal>3.832</opentracks:accuracy_horizontal></extensions>
</trkpt>
<trkpt lat="-32.233202" lon="115.800579">
<ele>-28.2</ele>
<time>2026-06-12T08:48:59.724+08:00</time>
<extensions>
<gpxtpx:TrackPointExtension>
<gpxtpx:speed>1.21</gpxtpx:speed>
</gpxtpx:TrackPointExtension>
<opentracks:accuracy_horizontal>3.92</opentracks:accuracy_horizontal></extensions>
</trkpt>
<trkpt lat="-32.233131" lon="115.800509">
<ele>-27.2</ele>
<time>2026-06-12T08:49:08.724+08:00</time>
<extensions>
<gpxtpx:TrackPointExtension>
<gpxtpx:speed>1.13</gpxtpx:speed>
</gpxtpx:TrackPointExtension>
<opentracks:accuracy_horizontal>3.778</opentracks:accuracy_horizontal></extensions>
</trkpt>
<trkpt lat="-32.233069" lon="115.800422">
<ele>-28.2</ele>
<time>2026-06-12T08:49:17.73+08:00</time>
<extensions>
<gpxtpx:TrackPointExtension>
<gpxtpx:speed>1.15</gpxtpx:speed>
</gpxtpx:TrackPointExtension>
<opentracks:accuracy_horizontal>4.379</opentracks:accuracy_horizontal></extensions>
</trkpt>
<trkpt lat="-32.233013" lon="115.80033">
<ele>-28.1</ele>
<time>2026-06-12T08:49:25.722+08:00</time>
<extensions>
<gpxtpx:TrackPointExtension>
<gpxtpx:speed>1.2</gpxtpx:speed>
</gpxtpx:TrackPointExtension>
<opentracks:accuracy_horizontal>4.072</opentracks:accuracy_horizontal></extensions>
</trkpt>
<trkpt lat="-32.232956" lon="115.80024">
<ele>-27.4</ele>
<time>2026-06-12T08:49:34.731+08:00</time>
<extensions>
<gpxtpx:TrackPointExtension>
<gpxtpx:speed>1.16</gpxtpx:speed>
</gpxtpx:TrackPointExtension>
<opentracks:accuracy_horizontal>3.886</opentracks:accuracy_horizontal></extensions>
</trkpt>
<trkpt lat="-32.232894" lon="115.800157">
<ele>-27.3</ele>
<time>2026-06-12T08:49:42.726+08:00</time>
<extensions>
<gpxtpx:TrackPointExtension>
<gpxtpx:speed>1.21</gpxtpx:speed>
</gpxtpx:TrackPointExtension>
<opentracks:accuracy_horizontal>4.114</opentracks:accuracy_horizontal></extensions>
</trkpt>
<trkpt lat="-32.232832" lon="115.800074">
<ele>-27.2</ele>
<time>2026-06-12T08:49:50.703+08:00</time>
<extensions>
<gpxtpx:TrackPointExtension>
<gpxtpx:speed>1.23</gpxtpx:speed>
</gpxtpx:TrackPointExtension>
<opentracks:accuracy_horizontal>4.057</opentracks:accuracy_horizontal></extensions>
</trkpt>
<trkpt lat="-32.232788" lon="115.79997">
<ele>-26.8</ele>
<time>2026-06-12T08:49:59.723+08:00</time>
<extensions>
<gpxtpx:TrackPointExtension>
<gpxtpx:speed>1.19</gpxtpx:speed>
</gpxtpx:TrackPointExtension>
<opentracks:accuracy_horizontal>4.317</opentracks:accuracy_horizontal></extensions>
</trkpt>
<trkpt lat="-32.232764" lon="115.799869">
<ele>-27.7</ele>
<time>2026-06-12T08:50:09.724+08:00</time>
<extensions>
<gpxtpx:TrackPointExtension>
<gpxtpx:speed>0.15</gpxtpx:speed>
</gpxtpx:TrackPointExtension>
<opentracks:accuracy_horizontal>2.752</opentracks:accuracy_horizontal></extensions>
</trkpt>
<trkpt lat="-32.232779" lon="115.799977">
<ele>-27.7</ele>
<time>2026-06-12T08:50:40.718+08:00</time>
<extensions>
<gpxtpx:TrackPointExtension>
<gpxtpx:speed>0.51</gpxtpx:speed>
</gpxtpx:TrackPointExtension>
<opentracks:accuracy_horizontal>3.67</opentracks:accuracy_horizontal></extensions>
</trkpt>
<trkpt lat="-32.232719" lon="115.800002">
<ele>-28.1</ele>
<time>2026-06-12T08:50:50.726+08:00</time>
<extensions>
<gpxtpx:TrackPointExtension>
<gpxtpx:speed>1.07</gpxtpx:speed>
</gpxtpx:TrackPointExtension>
<opentracks:accuracy_horizontal>3.561</opentracks:accuracy_horizontal></extensions>
</trkpt>
<trkpt lat="-32.232625" lon="115.799966">
<ele>-28.5</ele>
<time>2026-06-12T08:51:14.715+08:00</time>
<extensions>
<gpxtpx:TrackPointExtension>
<gpxtpx:speed>1.07</gpxtpx:speed>
</gpxtpx:TrackPointExtension>
<opentracks:accuracy_horizontal>4.136</opentracks:accuracy_horizontal></extensions>
</trkpt>
<trkpt lat="-32.232566" lon="115.799885">
<ele>-28.3</ele>
<time>2026-06-12T08:51:24.721+08:00</time>
<extensions>
<gpxtpx:TrackPointExtension>
<gpxtpx:speed>1.02</gpxtpx:speed>
</gpxtpx:TrackPointExtension>
<opentracks:accuracy_horizontal>4.823</opentracks:accuracy_horizontal></extensions>
</trkpt>
<trkpt lat="-32.232511" lon="115.799799">
<ele>-29.3</ele>
<time>2026-06-12T08:51:31.746+08:00</time>
<extensions>
<gpxtpx:TrackPointExtension>
<gpxtpx:speed>1.24</gpxtpx:speed>
</gpxtpx:TrackPointExtension>
<opentracks:accuracy_horizontal>4.316</opentracks:accuracy_horizontal></extensions>
</trkpt>
<trkpt lat="-32.232449" lon="115.799707">
<ele>-29.5</ele>
<time>2026-06-12T08:51:39.722+08:00</time>
<extensions>
<gpxtpx:TrackPointExtension>
<gpxtpx:speed>1.3</gpxtpx:speed>
</gpxtpx:TrackPointExtension>
<opentracks:accuracy_horizontal>4.043</opentracks:accuracy_horizontal></extensions>
</trkpt>
<trkpt lat="-32.232449" lon="115.799597">
<ele>-29.1</ele>
<time>2026-06-12T08:51:47.723+08:00</time>
<extensions>
<gpxtpx:TrackPointExtension>
<gpxtpx:speed>1.33</gpxtpx:speed>
</gpxtpx:TrackPointExtension>
<opentracks:accuracy_horizontal>3.954</opentracks:accuracy_horizontal></extensions>
</trkpt>
<trkpt lat="-32.232491" lon="115.799488">
<ele>-29.2</ele>
<time>2026-06-12T08:51:55.728+08:00</time>
<extensions>
<gpxtpx:TrackPointExtension>
<gpxtpx:speed>1.34</gpxtpx:speed>
</gpxtpx:TrackPointExtension>
<opentracks:accuracy_horizontal>4.211</opentracks:accuracy_horizontal></extensions>
</trkpt>
<trkpt lat="-32.232496" lon="115.799416">
<ele>-30.1</ele>
<time>2026-06-12T08:52:05.732+08:00</time>
<extensions>
<gpxtpx:TrackPointExtension>
<gpxtpx:speed>0.83</gpxtpx:speed>
</gpxtpx:TrackPointExtension>
<opentracks:accuracy_horizontal>3.45</opentracks:accuracy_horizontal></extensions>
</trkpt>
<trkpt lat="-32.232581" lon="115.799376">
<ele>-29.7</ele>
<time>2026-06-12T08:52:15.743+08:00</time>
<extensions>
<gpxtpx:TrackPointExtension>
<gpxtpx:speed>1.05</gpxtpx:speed>
</gpxtpx:TrackPointExtension>
<opentracks:accuracy_horizontal>3.708</opentracks:accuracy_horizontal></extensions>
</trkpt>
<trkpt lat="-32.232606" lon="115.799376">
<ele>-30.4</ele>
<time>2026-06-12T08:52:25.733+08:00</time>
<extensions>
<gpxtpx:TrackPointExtension>
<gpxtpx:speed>0.05</gpxtpx:speed>
</gpxtpx:TrackPointExtension>
<opentracks:accuracy_horizontal>2.915</opentracks:accuracy_horizontal></extensions>
</trkpt>
<trkpt lat="-32.232644" lon="115.799267">
<ele>-31.5</ele>
<time>2026-06-12T08:52:40.726+08:00</time>
<extensions>
<gpxtpx:TrackPointExtension>
<gpxtpx:speed>1.26</gpxtpx:speed>
</gpxtpx:TrackPointExtension>
<opentracks:accuracy_horizontal>3.67</opentracks:accuracy_horizontal></extensions>
</trkpt>
<trkpt lat="-32.232669" lon="115.79916">
<ele>-30.8</ele>
<time>2026-06-12T08:52:47.728+08:00</time>
<extensions>
<gpxtpx:TrackPointExtension>
<gpxtpx:speed>1.36</gpxtpx:speed>
</gpxtpx:TrackPointExtension>
<opentracks:accuracy_horizontal>4.163</opentracks:accuracy_horizontal></extensions>
</trkpt>
<trkpt lat="-32.23267" lon="115.799044">
<ele>-30.2</ele>
<time>2026-06-12T08:52:54.737+08:00</time>
<extensions>
<gpxtpx:TrackPointExtension>
<gpxtpx:speed>1.41</gpxtpx:speed>
</gpxtpx:TrackPointExtension>
<opentracks:accuracy_horizontal>3.602</opentracks:accuracy_horizontal></extensions>
</trkpt>
<trkpt lat="-32.232647" lon="115.798941">
<ele>-30.9</ele>
<time>2026-06-12T08:53:03.73+08:00</time>
<extensions>
<gpxtpx:TrackPointExtension>
<gpxtpx:speed>1.21</gpxtpx:speed>
</gpxtpx:TrackPointExtension>
<opentracks:accuracy_horizontal>3.808</opentracks:accuracy_horizontal></extensions>
</trkpt>
<trkpt lat="-32.232634" lon="115.798851">
<ele>-30.3</ele>
<time>2026-06-12T08:53:13.73+08:00</time>
<extensions>
<gpxtpx:TrackPointExtension>
<gpxtpx:speed>0.24</gpxtpx:speed>
</gpxtpx:TrackPointExtension>
<opentracks:accuracy_horizontal>3.894</opentracks:accuracy_horizontal></extensions>
</trkpt>
<trkpt lat="-32.232622" lon="115.798732">
<ele>-30.6</ele>
<time>2026-06-12T08:53:22.7+08:00</time>
<extensions>
<gpxtpx:TrackPointExtension>
<gpxtpx:speed>1.41</gpxtpx:speed>
</gpxtpx:TrackPointExtension>
<opentracks:accuracy_horizontal>2.575</opentracks:accuracy_horizontal></extensions>
</trkpt>
<trkpt lat="-32.232623" lon="115.798622">
<ele>-29.7</ele>
<time>2026-06-12T08:53:30.698+08:00</time>
<extensions>
<gpxtpx:TrackPointExtension>
<gpxtpx:speed>1.3</gpxtpx:speed>
</gpxtpx:TrackPointExtension>
<opentracks:accuracy_horizontal>2.191</opentracks:accuracy_horizontal></extensions>
</trkpt>
<trkpt lat="-32.232625" lon="115.798522">
<ele>-29.8</ele>
<time>2026-06-12T08:53:39.694+08:00</time>
<extensions>
<gpxtpx:TrackPointExtension>
<gpxtpx:speed>1.15</gpxtpx:speed>
</gpxtpx:TrackPointExtension>
<opentracks:accuracy_horizontal>1.722</opentracks:accuracy_horizontal></extensions>
</trkpt>
<trkpt lat="-32.232636" lon="115.798412">
<ele>-28.9</ele>
<time>2026-06-12T08:54:07.732+08:00</time>
<extensions>
<gpxtpx:TrackPointExtension>
<gpxtpx:speed>1.05</gpxtpx:speed>
</gpxtpx:TrackPointExtension>
<opentracks:accuracy_horizontal>1.055</opentracks:accuracy_horizontal></extensions>
</trkpt>
<trkpt lat="-32.232643" lon="115.798389">
<ele>-27.7</ele>
<time>2026-06-12T08:54:17.695+08:00</time>
<extensions>
<gpxtpx:TrackPointExtension>
<gpxtpx:speed>0.05</gpxtpx:speed>
</gpxtpx:TrackPointExtension>
<opentracks:accuracy_horizontal>2.184</opentracks:accuracy_horizontal></extensions>
</trkpt>
<trkpt lat="-32.232672" lon="115.798276">
<ele>-27.2</ele>
<time>2026-06-12T08:55:05.672+08:00</time>
<extensions>
<gpxtpx:TrackPointExtension>
<gpxtpx:speed>1.29</gpxtpx:speed>
</gpxtpx:TrackPointExtension>
<opentracks:accuracy_horizontal>2.816</opentracks:accuracy_horizontal></extensions>
</trkpt>
<trkpt lat="-32.232682" lon="115.798165">
<ele>-26.6</ele>
<time>2026-06-12T08:55:11.668+08:00</time>
<extensions>
<gpxtpx:TrackPointExtension>
<gpxtpx:speed>1.49</gpxtpx:speed>
</gpxtpx:TrackPointExtension>
<opentracks:accuracy_horizontal>2.798</opentracks:accuracy_horizontal></extensions>
</trkpt>
<trkpt lat="-32.232714" lon="115.798056">
<ele>-27.9</ele>
<time>2026-06-12T08:55:19.686+08:00</time>
<extensions>
<gpxtpx:TrackPointExtension>
<gpxtpx:speed>1.43</gpxtpx:speed>
</gpxtpx:TrackPointExtension>
<opentracks:accuracy_horizontal>2.66</opentracks:accuracy_horizontal></extensions>
</trkpt>
<trkpt lat="-32.232766" lon="115.797956">
<ele>-27.8</ele>
<time>2026-06-12T08:55:27.675+08:00</time>
<extensions>
<gpxtpx:TrackPointExtension>
<gpxtpx:speed>1.39</gpxtpx:speed>
</gpxtpx:TrackPointExtension>
<opentracks:accuracy_horizontal>2.761</opentracks:accuracy_horizontal></extensions>
</trkpt>
<trkpt lat="-32.232804" lon="115.797844">
<ele>-27.1</ele>
<time>2026-06-12T08:55:35.671+08:00</time>
<extensions>
<gpxtpx:TrackPointExtension>
<gpxtpx:speed>1.38</gpxtpx:speed>
</gpxtpx:TrackPointExtension>
<opentracks:accuracy_horizontal>2.728</opentracks:accuracy_horizontal></extensions>
</trkpt>
<trkpt lat="-32.232837" lon="115.797737">
<ele>-27.1</ele>
<time>2026-06-12T08:55:44.671+08:00</time>
<extensions>
<gpxtpx:TrackPointExtension>
<gpxtpx:speed>1.32</gpxtpx:speed>
</gpxtpx:TrackPointExtension>
<opentracks:accuracy_horizontal>2.799</opentracks:accuracy_horizontal></extensions>
</trkpt>
<trkpt lat="-32.232874" lon="115.797635">
<ele>-26.8</ele>
<time>2026-06-12T08:55:51.681+08:00</time>
<extensions>
<gpxtpx:TrackPointExtension>
<gpxtpx:speed>1.38</gpxtpx:speed>
</gpxtpx:TrackPointExtension>
<opentracks:accuracy_horizontal>2.898</opentracks:accuracy_horizontal></extensions>
</trkpt>
<trkpt lat="-32.232901" lon="115.797528">
<ele>-28</ele>
<time>2026-06-12T08:55:59.686+08:00</time>
<extensions>
<gpxtpx:TrackPointExtension>
<gpxtpx:speed>1.33</gpxtpx:speed>
</gpxtpx:TrackPointExtension>
<opentracks:accuracy_horizontal>2.71</opentracks:accuracy_horizontal></extensions>
</trkpt>
<trkpt lat="-32.232924" lon="115.797414">
<ele>-27</ele>
<time>2026-06-12T08:56:07.672+08:00</time>
<extensions>
<gpxtpx:TrackPointExtension>
<gpxtpx:speed>1.35</gpxtpx:speed>
</gpxtpx:TrackPointExtension>
<opentracks:accuracy_horizontal>2.831</opentracks:accuracy_horizontal></extensions>
</trkpt>
<trkpt lat="-32.232941" lon="115.797302">
<ele>-27.1</ele>
<time>2026-06-12T08:56:15.679+08:00</time>
<extensions>
<gpxtpx:TrackPointExtension>
<gpxtpx:speed>1.34</gpxtpx:speed>
</gpxtpx:TrackPointExtension>
<opentracks:accuracy_horizontal>2.959</opentracks:accuracy_horizontal></extensions>
</trkpt>
<trkpt lat="-32.232972" lon="115.797195">
<ele>-27.7</ele>
<time>2026-06-12T08:56:23.673+08:00</time>
<extensions>
<gpxtpx:TrackPointExtension>
<gpxtpx:speed>1.33</gpxtpx:speed>
</gpxtpx:TrackPointExtension>
<opentracks:accuracy_horizontal>2.94</opentracks:accuracy_horizontal></extensions>
</trkpt>
<trkpt lat="-32.233013" lon="115.797099">
<ele>-26.4</ele>
<time>2026-06-12T08:56:30.672+08:00</time>
<extensions>
<gpxtpx:TrackPointExtension>
<gpxtpx:speed>1.38</gpxtpx:speed>
</gpxtpx:TrackPointExtension>
<opentracks:accuracy_horizontal>2.94</opentracks:accuracy_horizontal></extensions>
</trkpt>
<trkpt lat="-32.233027" lon="115.796982">
<ele>-27</ele>
<time>2026-06-12T08:56:39.671+08:00</time>
<extensions>
<gpxtpx:TrackPointExtension>
<gpxtpx:speed>1.32</gpxtpx:speed>
</gpxtpx:TrackPointExtension>
<opentracks:accuracy_horizontal>2.945</opentracks:accuracy_horizontal></extensions>
</trkpt>
<trkpt lat="-32.233039" lon="115.796869">
<ele>-27.8</ele>
<time>2026-06-12T08:56:47.681+08:00</time>
<extensions>
<gpxtpx:TrackPointExtension>
<gpxtpx:speed>1.31</gpxtpx:speed>
</gpxtpx:TrackPointExtension>
<opentracks:accuracy_horizontal>2.908</opentracks:accuracy_horizontal></extensions>
</trkpt>
<trkpt lat="-32.233047" lon="115.796758">
<ele>-27.7</ele>
<time>2026-06-12T08:56:55.678+08:00</time>
<extensions>
<gpxtpx:TrackPointExtension>
<gpxtpx:speed>1.29</gpxtpx:speed>
</gpxtpx:TrackPointExtension>
<opentracks:accuracy_horizontal>2.702</opentracks:accuracy_horizontal></extensions>
</trkpt>
<trkpt lat="-32.233043" lon="115.796645">
<ele>-27.5</ele>
<time>2026-06-12T08:57:03.667+08:00</time>
<extensions>
<gpxtpx:TrackPointExtension>
<gpxtpx:speed>1.28</gpxtpx:speed>
</gpxtpx:TrackPointExtension>
<opentracks:accuracy_horizontal>2.898</opentracks:accuracy_horizontal></extensions>
</trkpt>
<trkpt lat="-32.233042" lon="115.796538">
<ele>-28.8</ele>
<time>2026-06-12T08:57:12.675+08:00</time>
<extensions>
<gpxtpx:TrackPointExtension>
<gpxtpx:speed>1.2</gpxtpx:speed>
</gpxtpx:TrackPointExtension>
<opentracks:accuracy_horizontal>2.854</opentracks:accuracy_horizontal></extensions>
</trkpt>
<trkpt lat="-32.233028" lon="115.796422">
<ele>-28.3</ele>
<time>2026-06-12T08:57:20.682+08:00</time>
<extensions>
<gpxtpx:TrackPointExtension>
<gpxtpx:speed>1.26</gpxtpx:speed>
</gpxtpx:TrackPointExtension>
<opentracks:accuracy_horizontal>2.588</opentracks:accuracy_horizontal></extensions>
</trkpt>
<trkpt lat="-32.232951" lon="115.796361">
<ele>-26.6</ele>
<time>2026-06-12T08:57:28.674+08:00</time>
<extensions>
<gpxtpx:TrackPointExtension>
<gpxtpx:speed>1.32</gpxtpx:speed>
</gpxtpx:TrackPointExtension>
<opentracks:accuracy_horizontal>3.17</opentracks:accuracy_horizontal></extensions>
</trkpt>
<trkpt lat="-32.232877" lon="115.796286">
<ele>-24.3</ele>
<time>2026-06-12T08:57:36.713+08:00</time>
<extensions>
<gpxtpx:TrackPointExtension>
<gpxtpx:speed>1.35</gpxtpx:speed>
</gpxtpx:TrackPointExtension>
<opentracks:accuracy_horizontal>2.922</opentracks:accuracy_horizontal></extensions>
</trkpt>
<trkpt lat="-32.232825" lon="115.796199">
<ele>-24</ele>
<time>2026-06-12T08:57:45.712+08:00</time>
<extensions>
<gpxtpx:TrackPointExtension>
<gpxtpx:speed>1.19</gpxtpx:speed>
</gpxtpx:TrackPointExtension>
<opentracks:accuracy_horizontal>3.252</opentracks:accuracy_horizontal></extensions>
</trkpt>
<trkpt lat="-32.232766" lon="115.796138">
<ele>-24.4</ele>
<time>2026-06-12T08:57:55.671+08:00</time>
<extensions>
<gpxtpx:TrackPointExtension>
<gpxtpx:speed>1.07</gpxtpx:speed>
</gpxtpx:TrackPointExtension>
<opentracks:accuracy_horizontal>3.368</opentracks:accuracy_horizontal></extensions>
</trkpt>
<trkpt lat="-32.232792" lon="115.796031">
<ele>-24.7</ele>
<time>2026-06-12T08:58:22.672+08:00</time>
<extensions>
<gpxtpx:TrackPointExtension>
<gpxtpx:speed>0.83</gpxtpx:speed>
</gpxtpx:TrackPointExtension>
<opentracks:accuracy_horizontal>2.523</opentracks:accuracy_horizontal></extensions>
</trkpt>
<trkpt lat="-32.232786" lon="115.795922">
<ele>-23.7</ele>
<time>2026-06-12T08:58:32.677+08:00</time>
<extensions>
<gpxtpx:TrackPointExtension>
<gpxtpx:speed>1.01</gpxtpx:speed>
</gpxtpx:TrackPointExtension>
<opentracks:accuracy_horizontal>2.573</opentracks:accuracy_horizontal></extensions>
</trkpt>
<trkpt lat="-32.232786" lon="115.795888">
<ele>-23.7</ele>
<time>2026-06-12T08:58:42.683+08:00</time>
<extensions>
<gpxtpx:TrackPointExtension>
<gpxtpx:speed>0.14</gpxtpx:speed>
</gpxtpx:TrackPointExtension>
<opentracks:accuracy_horizontal>2.465</opentracks:accuracy_horizontal></extensions>
</trkpt>
<trkpt lat="-32.232821" lon="115.795782">
<ele>-25</ele>
<time>2026-06-12T08:59:09.679+08:00</time>
<extensions>
<gpxtpx:TrackPointExtension>
<gpxtpx:speed>0.82</gpxtpx:speed>
</gpxtpx:TrackPointExtension>
<opentracks:accuracy_horizontal>2.401</opentracks:accuracy_horizontal></extensions>
</trkpt>
<trkpt lat="-32.232819" lon="115.795771">
<ele>-22.8</ele>
<time>2026-06-12T08:59:19.679+08:00</time>
<extensions>
<gpxtpx:TrackPointExtension>
<gpxtpx:speed>0.03</gpxtpx:speed>
</gpxtpx:TrackPointExtension>
<opentracks:accuracy_horizontal>2.591</opentracks:accuracy_horizontal></extensions>
</trkpt>
<trkpt lat="-32.232727" lon="115.795754">
<ele>-23.4</ele>
<time>2026-06-12T08:59:47.681+08:00</time>
<extensions>
<gpxtpx:TrackPointExtension>
<gpxtpx:speed>1.4</gpxtpx:speed>
</gpxtpx:TrackPointExtension>
<opentracks:accuracy_horizontal>2.456</opentracks:accuracy_horizontal></extensions>
</trkpt>
<trkpt lat="-32.232629" lon="115.79576">
<ele>-24.1</ele>
<time>2026-06-12T08:59:55.673+08:00</time>
<extensions>
<gpxtpx:TrackPointExtension>
<gpxtpx:speed>1.35</gpxtpx:speed>
</gpxtpx:TrackPointExtension>
<opentracks:accuracy_horizontal>2.432</opentracks:accuracy_horizontal></extensions>
</trkpt>
<trkpt lat="-32.232537" lon="115.79581">
<ele>-24.4</ele>
<time>2026-06-12T09:00:03.668+08:00</time>
<extensions>
<gpxtpx:TrackPointExtension>
<gpxtpx:speed>1.38</gpxtpx:speed>
</gpxtpx:TrackPointExtension>
<opentracks:accuracy_horizontal>2.544</opentracks:accuracy_horizontal></extensions>
</trkpt>
<trkpt lat="-32.232439" lon="115.795817">
<ele>-23.8</ele>
<time>2026-06-12T09:00:12.678+08:00</time>
<extensions>
<gpxtpx:TrackPointExtension>
<gpxtpx:speed>1.3</gpxtpx:speed>
</gpxtpx:TrackPointExtension>
<opentracks:accuracy_horizontal>2.583</opentracks:accuracy_horizontal></extensions>
</trkpt>
<trkpt lat="-32.232363" lon="115.79576">
<ele>-23.1</ele>
<time>2026-06-12T09:00:19.675+08:00</time>
<extensions>
<gpxtpx:TrackPointExtension>
<gpxtpx:speed>1.38</gpxtpx:speed>
</gpxtpx:TrackPointExtension>
<opentracks:accuracy_horizontal>2.817</opentracks:accuracy_horizontal></extensions>
</trkpt>
<trkpt lat="-32.232278" lon="115.795731">
<ele>-24</ele>
<time>2026-06-12T09:00:29.674+08:00</time>
<extensions>
<gpxtpx:TrackPointExtension>
<gpxtpx:speed>1.02</gpxtpx:speed>
</gpxtpx:TrackPointExtension>
<opentracks:accuracy_horizontal>2.545</opentracks:accuracy_horizontal></extensions>
</trkpt>
<trkpt lat="-32.2322" lon="115.795674">
<ele>-24.3</ele>
<time>2026-06-12T09:00:36.671+08:00</time>
<extensions>
<gpxtpx:TrackPointExtension>
<gpxtpx:speed>1.26</gpxtpx:speed>
</gpxtpx:TrackPointExtension>
<opentracks:accuracy_horizontal>2.651</opentracks:accuracy_horizontal></extensions>
</trkpt>
<trkpt lat="-32.232118" lon="115.795628">
<ele>-24.2</ele>
<time>2026-06-12T09:00:43.684+08:00</time>
<extensions>
<gpxtpx:TrackPointExtension>
<gpxtpx:speed>1.33</gpxtpx:speed>
</gpxtpx:TrackPointExtension>
<opentracks:accuracy_horizontal>2.548</opentracks:accuracy_horizontal></extensions>
</trkpt>
<trkpt lat="-32.232029" lon="115.795577">
<ele>-24.3</ele>
<time>2026-06-12T09:00:52.672+08:00</time>
<extensions>
<gpxtpx:TrackPointExtension>
<gpxtpx:speed>1.26</gpxtpx:speed>
</gpxtpx:TrackPointExtension>
<opentracks:accuracy_horizontal>2.65</opentracks:accuracy_horizontal></extensions>
</trkpt>
<trkpt lat="-32.231941" lon="115.79554">
<ele>-25</ele>
<time>2026-06-12T09:01:00.67+08:00</time>
<extensions>
<gpxtpx:TrackPointExtension>
<gpxtpx:speed>1.27</gpxtpx:speed>
</gpxtpx:TrackPointExtension>
<opentracks:accuracy_horizontal>3.096</opentracks:accuracy_horizontal></extensions>
</trkpt>
<trkpt lat="-32.231859" lon="115.795479">
<ele>-24.2</ele>
<time>2026-06-12T09:01:07.689+08:00</time>
<extensions>
<gpxtpx:TrackPointExtension>
<gpxtpx:speed>1.36</gpxtpx:speed>
</gpxtpx:TrackPointExtension>
<opentracks:accuracy_horizontal>2.747</opentracks:accuracy_horizontal></extensions>
</trkpt>
<trkpt lat="-32.231775" lon="115.795436">
<ele>-24.6</ele>
<time>2026-06-12T09:01:15.676+08:00</time>
<extensions>
<gpxtpx:TrackPointExtension>
<gpxtpx:speed>1.3</gpxtpx:speed>
</gpxtpx:TrackPointExtension>
<opentracks:accuracy_horizontal>2.629</opentracks:accuracy_horizontal></extensions>
</trkpt>
<trkpt lat="-32.231715" lon="115.795431">
<ele>-25.4</ele>
<time>2026-06-12T09:01:24.713+08:00</time>
<extensions>
<gpxtpx:TrackPointExtension>
<gpxtpx:speed>0.23</gpxtpx:speed>
</gpxtpx:TrackPointExtension>
<opentracks:accuracy_horizontal>2.901</opentracks:accuracy_horizontal></extensions>
</trkpt>
<trkpt lat="-32.231623" lon="115.795431">
<ele>-23.2</ele>
<time>2026-06-12T09:01:59.721+08:00</time>
<extensions>
<gpxtpx:TrackPointExtension>
<gpxtpx:speed>1.08</gpxtpx:speed>
</gpxtpx:TrackPointExtension>
<opentracks:accuracy_horizontal>2.876</opentracks:accuracy_horizontal></extensions>
</trkpt>
<trkpt lat="-32.231535" lon="115.795455">
<ele>-20.8</ele>
<time>2026-06-12T09:02:08.68+08:00</time>
<extensions>
<gpxtpx:TrackPointExtension>
<gpxtpx:speed>1.1</gpxtpx:speed>
</gpxtpx:TrackPointExtension>
<opentracks:accuracy_horizontal>2.782</opentracks:accuracy_horizontal></extensions>
</trkpt>
<trkpt lat="-32.231446" lon="115.795485">
<ele>-20.9</ele>
<time>2026-06-12T09:02:18.681+08:00</time>
<extensions>
<gpxtpx:TrackPointExtension>
<gpxtpx:speed>1.1</gpxtpx:speed>
</gpxtpx:TrackPointExtension>
<opentracks:accuracy_horizontal>2.784</opentracks:accuracy_horizontal></extensions>
</trkpt>
<trkpt lat="-32.231356" lon="115.795436">
<ele>-18.9</ele>
<time>2026-06-12T09:02:28.672+08:00</time>
<extensions>
<gpxtpx:TrackPointExtension>
<gpxtpx:speed>1.11</gpxtpx:speed>
</gpxtpx:TrackPointExtension>
<opentracks:accuracy_horizontal>2.897</opentracks:accuracy_horizontal></extensions>
</trkpt>
<trkpt lat="-32.231267" lon="115.79548">
<ele>-19</ele>
<time>2026-06-12T09:02:37.681+08:00</time>
<extensions>
<gpxtpx:TrackPointExtension>
<gpxtpx:speed>1.13</gpxtpx:speed>
</gpxtpx:TrackPointExtension>
<opentracks:accuracy_horizontal>2.666</opentracks:accuracy_horizontal></extensions>
</trkpt>
<trkpt lat="-32.231202" lon="115.79557">
<ele>-19.2</ele>
<time>2026-06-12T09:02:47.688+08:00</time>
<extensions>
<gpxtpx:TrackPointExtension>
<gpxtpx:speed>1.12</gpxtpx:speed>
</gpxtpx:TrackPointExtension>
<opentracks:accuracy_horizontal>2.879</opentracks:accuracy_horizontal></extensions>
</trkpt>
<trkpt lat="-32.231197" lon="115.795586">
<ele>-19</ele>
<time>2026-06-12T09:02:57.689+08:00</time>
<extensions>
<gpxtpx:TrackPointExtension>
<gpxtpx:speed>0.06</gpxtpx:speed>
</gpxtpx:TrackPointExtension>
<opentracks:accuracy_horizontal>2.544</opentracks:accuracy_horizontal></extensions>
</trkpt>
<trkpt lat="-32.231108" lon="115.795655">
<ele>-16.9</ele>
<time>2026-06-12T09:03:36.675+08:00</time>
<extensions>
<gpxtpx:TrackPointExtension>
<gpxtpx:speed>1.49</gpxtpx:speed>
</gpxtpx:TrackPointExtension>
<opentracks:accuracy_horizontal>2.835</opentracks:accuracy_horizontal></extensions>
</trkpt>
<trkpt lat="-32.23107" lon="115.795751">
<ele>-15.7</ele>
<time>2026-06-12T09:03:44.686+08:00</time>
<extensions>
<gpxtpx:TrackPointExtension>
<gpxtpx:speed>1.28</gpxtpx:speed>
</gpxtpx:TrackPointExtension>
<opentracks:accuracy_horizontal>2.782</opentracks:accuracy_horizontal></extensions>
</trkpt>
<trkpt lat="-32.23101" lon="115.795836">
<ele>-12.9</ele>
<time>2026-06-12T09:03:53.68+08:00</time>
<extensions>
<gpxtpx:TrackPointExtension>
<gpxtpx:speed>1.18</gpxtpx:speed>
</gpxtpx:TrackPointExtension>
<opentracks:accuracy_horizontal>2.758</opentracks:accuracy_horizontal></extensions>
</trkpt>
<trkpt lat="-32.230947" lon="115.795922">
<ele>-11.2</ele>
<time>2026-06-12T09:04:03.693+08:00</time>
<extensions>
<gpxtpx:TrackPointExtension>
<gpxtpx:speed>1.1</gpxtpx:speed>
</gpxtpx:TrackPointExtension>
<opentracks:accuracy_horizontal>2.667</opentracks:accuracy_horizontal></extensions>
</trkpt>
<trkpt lat="-32.230885" lon="115.795966">
<ele>-9.9</ele>
<time>2026-06-12T09:04:13.677+08:00</time>
<extensions>
<gpxtpx:TrackPointExtension>
<gpxtpx:speed>0.94</gpxtpx:speed>
</gpxtpx:TrackPointExtension>
<opentracks:accuracy_horizontal>2.762</opentracks:accuracy_horizontal></extensions>
</trkpt>
<trkpt lat="-32.230812" lon="115.796032">
<ele>-11.9</ele>
<time>2026-06-12T09:04:25.681+08:00</time>
<extensions>
<gpxtpx:TrackPointExtension>
<gpxtpx:speed>0.99</gpxtpx:speed>
</gpxtpx:TrackPointExtension>
<opentracks:accuracy_horizontal>3.003</opentracks:accuracy_horizontal></extensions>
</trkpt>
<trkpt lat="-32.230733" lon="115.796068">
<ele>-10.9</ele>
<time>2026-06-12T09:04:35.672+08:00</time>
<extensions>
<gpxtpx:TrackPointExtension>
<gpxtpx:speed>0.93</gpxtpx:speed>
</gpxtpx:TrackPointExtension>
<opentracks:accuracy_horizontal>2.814</opentracks:accuracy_horizontal></extensions>
</trkpt>
<trkpt lat="-32.230646" lon="115.796116">
<ele>-8.1</ele>
<time>2026-06-12T09:04:46.68+08:00</time>
<extensions>
<gpxtpx:TrackPointExtension>
<gpxtpx:speed>0.94</gpxtpx:speed>
</gpxtpx:TrackPointExtension>
<opentracks:accuracy_horizontal>2.996</opentracks:accuracy_horizontal></extensions>
</trkpt>
<trkpt lat="-32.230604" lon="115.796169">
<ele>-7.7</ele>
<time>2026-06-12T09:04:56.686+08:00</time>
<extensions>
<gpxtpx:TrackPointExtension>
<gpxtpx:speed>0.43</gpxtpx:speed>
</gpxtpx:TrackPointExtension>
<opentracks:accuracy_horizontal>2.717</opentracks:accuracy_horizontal></extensions>
</trkpt>
<trkpt lat="-32.230549" lon="115.796254">
<ele>-7.1</ele>
<time>2026-06-12T09:05:08.684+08:00</time>
<extensions>
<gpxtpx:TrackPointExtension>
<gpxtpx:speed>0.84</gpxtpx:speed>
</gpxtpx:TrackPointExtension>
<opentracks:accuracy_horizontal>2.646</opentracks:accuracy_horizontal></extensions>
</trkpt>
<trkpt lat="-32.230511" lon="115.796308">
<ele>-5.8</ele>
<time>2026-06-12T09:05:18.678+08:00</time>
<extensions>
<gpxtpx:TrackPointExtension>
<gpxtpx:speed>0.44</gpxtpx:speed>
</gpxtpx:TrackPointExtension>
<opentracks:accuracy_horizontal>2.7</opentracks:accuracy_horizontal></extensions>
</trkpt>
<trkpt lat="-32.23044" lon="115.796374">
<ele>-4.7</ele>
<time>2026-06-12T09:05:29.696+08:00</time>
<extensions>
<gpxtpx:TrackPointExtension>
<gpxtpx:speed>0.81</gpxtpx:speed>
</gpxtpx:TrackPointExtension>
<opentracks:accuracy_horizontal>3.067</opentracks:accuracy_horizontal></extensions>
</trkpt>
<trkpt lat="-32.230392" lon="115.796434">
<ele>-3.7</ele>
<time>2026-06-12T09:05:39.683+08:00</time>
<extensions>
<gpxtpx:TrackPointExtension>
<gpxtpx:speed>0.84</gpxtpx:speed>
</gpxtpx:TrackPointExtension>
<opentracks:accuracy_horizontal>2.866</opentracks:accuracy_horizontal></extensions>
</trkpt>
<trkpt lat="-32.230304" lon="115.796468">
<ele>-5.5</ele>
<time>2026-06-12T09:06:00.681+08:00</time>
<extensions>
<gpxtpx:TrackPointExtension>
<gpxtpx:speed>0.23</gpxtpx:speed>
</gpxtpx:TrackPointExtension>
<opentracks:accuracy_horizontal>2.94</opentracks:accuracy_horizontal></extensions>
</trkpt>
<trkpt lat="-32.230283" lon="115.796483">
<ele>-2.6</ele>
<time>2026-06-12T09:06:10.693+08:00</time>
<extensions>
<gpxtpx:TrackPointExtension>
<gpxtpx:speed>0.03</gpxtpx:speed>
</gpxtpx:TrackPointExtension>
<opentracks:accuracy_horizontal>2.727</opentracks:accuracy_horizontal></extensions>
</trkpt>
<trkpt lat="-32.23022" lon="115.796566">
<ele>-1.8</ele>
<time>2026-06-12T09:06:20.683+08:00</time>
<extensions>
<gpxtpx:TrackPointExtension>
<gpxtpx:speed>0.41</gpxtpx:speed>
</gpxtpx:TrackPointExtension>
<opentracks:accuracy_horizontal>2.774</opentracks:accuracy_horizontal></extensions>
</trkpt>
<trkpt lat="-32.230196" lon="115.796639">
<ele>-1.1</ele>
<time>2026-06-12T09:06:29.741+08:00</time>
<extensions>
<gpxtpx:TrackPointExtension>
<gpxtpx:speed>0.38</gpxtpx:speed>
</gpxtpx:TrackPointExtension>
<opentracks:accuracy_horizontal>3.256</opentracks:accuracy_horizontal></extensions>
</trkpt>
<trkpt lat="-32.230118" lon="115.796694">
<ele>-1.2</ele>
<time>2026-06-12T09:06:41.726+08:00</time>
<extensions>
<gpxtpx:TrackPointExtension>
<gpxtpx:speed>0.88</gpxtpx:speed>
</gpxtpx:TrackPointExtension>
<opentracks:accuracy_horizontal>3.536</opentracks:accuracy_horizontal></extensions>
</trkpt>
<trkpt lat="-32.230061" lon="115.796756">
<ele>-0.3</ele>
<time>2026-06-12T09:06:51.741+08:00</time>
<extensions>
<gpxtpx:TrackPointExtension>
<gpxtpx:speed>0.89</gpxtpx:speed>
</gpxtpx:TrackPointExtension>
<opentracks:accuracy_horizontal>3.529</opentracks:accuracy_horizontal></extensions>
</trkpt>
<trkpt lat="-32.23004" lon="115.796867">
<ele>2.2</ele>
<time>2026-06-12T09:07:01.732+08:00</time>
<extensions>
<gpxtpx:TrackPointExtension>
<gpxtpx:speed>1.07</gpxtpx:speed>
</gpxtpx:TrackPointExtension>
<opentracks:accuracy_horizontal>2.769</opentracks:accuracy_horizontal></extensions>
</trkpt>
<trkpt lat="-32.230011" lon="115.796956">
<ele>2.3</ele>
<time>2026-06-12T09:07:11.681+08:00</time>
<extensions>
<gpxtpx:TrackPointExtension>
<gpxtpx:speed>0.95</gpxtpx:speed>
</gpxtpx:TrackPointExtension>
<opentracks:accuracy_horizontal>2.898</opentracks:accuracy_horizontal></extensions>
</trkpt>
<trkpt lat="-32.229941" lon="115.797035">
<ele>2.7</ele>
<time>2026-06-12T09:07:21.658+08:00</time>
<extensions>
<gpxtpx:TrackPointExtension>
<gpxtpx:speed>1.01</gpxtpx:speed>
</gpxtpx:TrackPointExtension>
<opentracks:accuracy_horizontal>2.887</opentracks:accuracy_horizontal></extensions>
</trkpt>
<trkpt lat="-32.229888" lon="115.797091">
<ele>5.7</ele>
<time>2026-06-12T09:07:30.702+08:00</time>
<extensions>
<gpxtpx:TrackPointExtension>
<gpxtpx:speed>0.9</gpxtpx:speed>
</gpxtpx:TrackPointExtension>
<opentracks:accuracy_horizontal>3.027</opentracks:accuracy_horizontal></extensions>
</trkpt>
<trkpt lat="-32.229825" lon="115.797176">
<ele>8</ele>
<time>2026-06-12T09:07:41.685+08:00</time>
<extensions>
<gpxtpx:TrackPointExtension>
<gpxtpx:speed>0.95</gpxtpx:speed>
</gpxtpx:TrackPointExtension>
<opentracks:accuracy_horizontal>2.936</opentracks:accuracy_horizontal></extensions>
</trkpt>
<trkpt lat="-32.229783" lon="115.79724">
<ele>8.5</ele>
<time>2026-06-12T09:07:51.669+08:00</time>
<extensions>
<gpxtpx:TrackPointExtension>
<gpxtpx:speed>0.75</gpxtpx:speed>
</gpxtpx:TrackPointExtension>
<opentracks:accuracy_horizontal>2.83</opentracks:accuracy_horizontal></extensions>
</trkpt>
<trkpt lat="-32.229699" lon="115.797279">
<ele>9.5</ele>
<time>2026-06-12T09:08:02.692+08:00</time>
<extensions>
<gpxtpx:TrackPointExtension>
<gpxtpx:speed>0.94</gpxtpx:speed>
</gpxtpx:TrackPointExtension>
<opentracks:accuracy_horizontal>2.649</opentracks:accuracy_horizontal></extensions>
</trkpt>
<trkpt lat="-32.229667" lon="115.797382">
<ele>11.3</ele>
<time>2026-06-12T09:08:11.691+08:00</time>
<extensions>
<gpxtpx:TrackPointExtension>
<gpxtpx:speed>1.11</gpxtpx:speed>
</gpxtpx:TrackPointExtension>
<opentracks:accuracy_horizontal>2.529</opentracks:accuracy_horizontal></extensions>
</trkpt>
<trkpt lat="-32.229614" lon="115.797475">
<ele>12.5</ele>
<time>2026-06-12T09:08:21.681+08:00</time>
<extensions>
<gpxtpx:TrackPointExtension>
<gpxtpx:speed>1.07</gpxtpx:speed>
</gpxtpx:TrackPointExtension>
<opentracks:accuracy_horizontal>2.653</opentracks:accuracy_horizontal></extensions>
</trkpt>
<trkpt lat="-32.229593" lon="115.797544">
<ele>12.1</ele>
<time>2026-06-12T09:08:31.685+08:00</time>
<extensions>
<gpxtpx:TrackPointExtension>
<gpxtpx:speed>0.79</gpxtpx:speed>
</gpxtpx:TrackPointExtension>
<opentracks:accuracy_horizontal>2.557</opentracks:accuracy_horizontal></extensions>
</trkpt>
<trkpt lat="-32.229523" lon="115.797622">
<ele>12.2</ele>
<time>2026-06-12T09:08:42.695+08:00</time>
<extensions>
<gpxtpx:TrackPointExtension>
<gpxtpx:speed>1.09</gpxtpx:speed>
</gpxtpx:TrackPointExtension>
<opentracks:accuracy_horizontal>2.51</opentracks:accuracy_horizontal></extensions>
</trkpt>
<trkpt lat="-32.229454" lon="115.797699">
<ele>11.7</ele>
<time>2026-06-12T09:08:52.701+08:00</time>
<extensions>
<gpxtpx:TrackPointExtension>
<gpxtpx:speed>1.05</gpxtpx:speed>
</gpxtpx:TrackPointExtension>
<opentracks:accuracy_horizontal>2.676</opentracks:accuracy_horizontal></extensions>
</trkpt>
<trkpt lat="-32.229415" lon="115.797779">
<ele>10.2</ele>
<time>2026-06-12T09:09:02.693+08:00</time>
<extensions>
<gpxtpx:TrackPointExtension>
<gpxtpx:speed>0.94</gpxtpx:speed>
</gpxtpx:TrackPointExtension>
<opentracks:accuracy_horizontal>2.691</opentracks:accuracy_horizontal></extensions>
</trkpt>
<trkpt lat="-32.229327" lon="115.797816">
<ele>9.4</ele>
<time>2026-06-12T09:09:12.681+08:00</time>
<extensions>
<gpxtpx:TrackPointExtension>
<gpxtpx:speed>1.03</gpxtpx:speed>
</gpxtpx:TrackPointExtension>
<opentracks:accuracy_horizontal>2.567</opentracks:accuracy_horizontal></extensions>
</trkpt>
<trkpt lat="-32.229236" lon="115.797793">
<ele>6.6</ele>
<time>2026-06-12T09:09:21.705+08:00</time>
<extensions>
<gpxtpx:TrackPointExtension>
<gpxtpx:speed>1.08</gpxtpx:speed>
</gpxtpx:TrackPointExtension>
<opentracks:accuracy_horizontal>2.593</opentracks:accuracy_horizontal></extensions>
</trkpt>
<trkpt lat="-32.229146" lon="115.797837">
<ele>4.7</ele>
<time>2026-06-12T09:09:30.689+08:00</time>
<extensions>
<gpxtpx:TrackPointExtension>
<gpxtpx:speed>1.15</gpxtpx:speed>
</gpxtpx:TrackPointExtension>
<opentracks:accuracy_horizontal>2.629</opentracks:accuracy_horizontal></extensions>
</trkpt>
<trkpt lat="-32.229066" lon="115.797902">
<ele>2.8</ele>
<time>2026-06-12T09:09:40.677+08:00</time>
<extensions>
<gpxtpx:TrackPointExtension>
<gpxtpx:speed>1.03</gpxtpx:speed>
</gpxtpx:TrackPointExtension>
<opentracks:accuracy_horizontal>2.883</opentracks:accuracy_horizontal></extensions>
</trkpt>
<trkpt lat="-32.229074" lon="115.797905">
<ele>4.4</ele>
<time>2026-06-12T09:09:50.69+08:00</time>
<extensions>
<gpxtpx:TrackPointExtension>
<gpxtpx:speed>0.04</gpxtpx:speed>
</gpxtpx:TrackPointExtension>
<opentracks:accuracy_horizontal>2.857</opentracks:accuracy_horizontal></extensions>
</trkpt>
<trkpt lat="-32.229107" lon="115.798008">
<ele>2.9</ele>
<time>2026-06-12T09:09:58.692+08:00</time>
<extensions>
<gpxtpx:TrackPointExtension>
<gpxtpx:speed>1.19</gpxtpx:speed>
</gpxtpx:TrackPointExtension>
<opentracks:accuracy_horizontal>2.744</opentracks:accuracy_horizontal></extensions>
</trkpt>
<trkpt lat="-32.229083" lon="115.798111">
<ele>3.2</ele>
<time>2026-06-12T09:10:06.68+08:00</time>
<extensions>
<gpxtpx:TrackPointExtension>
<gpxtpx:speed>1.18</gpxtpx:speed>
</gpxtpx:TrackPointExtension>
<opentracks:accuracy_horizontal>2.662</opentracks:accuracy_horizontal></extensions>
</trkpt>
<trkpt lat="-32.229079" lon="115.798228">
<ele>2.2</ele>
<time>2026-06-12T09:10:16.691+08:00</time>
<extensions>
<gpxtpx:TrackPointExtension>
<gpxtpx:speed>1.1</gpxtpx:speed>
</gpxtpx:TrackPointExtension>
<opentracks:accuracy_horizontal>2.635</opentracks:accuracy_horizontal></extensions>
</trkpt>
<trkpt lat="-32.22905" lon="115.798341">
<ele>0.9</ele>
<time>2026-06-12T09:10:25.685+08:00</time>
<extensions>
<gpxtpx:TrackPointExtension>
<gpxtpx:speed>1.14</gpxtpx:speed>
</gpxtpx:TrackPointExtension>
<opentracks:accuracy_horizontal>2.603</opentracks:accuracy_horizontal></extensions>
</trkpt>
<trkpt lat="-32.229034" lon="115.798453">
<ele>-1</ele>
<time>2026-06-12T09:10:35.667+08:00</time>
<extensions>
<gpxtpx:TrackPointExtension>
<gpxtpx:speed>1.08</gpxtpx:speed>
</gpxtpx:TrackPointExtension>
<opentracks:accuracy_horizontal>2.604</opentracks:accuracy_horizontal></extensions>
</trkpt>
<trkpt lat="-32.229009" lon="115.798557">
<ele>-1.9</ele>
<time>2026-06-12T09:10:42.696+08:00</time>
<extensions>
<gpxtpx:TrackPointExtension>
<gpxtpx:speed>1.22</gpxtpx:speed>
</gpxtpx:TrackPointExtension>
<opentracks:accuracy_horizontal>2.549</opentracks:accuracy_horizontal></extensions>
</trkpt>
<trkpt lat="-32.229002" lon="115.798675">
<ele>-2.5</ele>
<time>2026-06-12T09:10:52.69+08:00</time>
<extensions>
<gpxtpx:TrackPointExtension>
<gpxtpx:speed>1.14</gpxtpx:speed>
</gpxtpx:TrackPointExtension>
<opentracks:accuracy_horizontal>2.57</opentracks:accuracy_horizontal></extensions>
</trkpt>
<trkpt lat="-32.228997" lon="115.798787">
<ele>-2.5</ele>
<time>2026-06-12T09:11:00.691+08:00</time>
<extensions>
<gpxtpx:TrackPointExtension>
<gpxtpx:speed>1.22</gpxtpx:speed>
</gpxtpx:TrackPointExtension>
<opentracks:accuracy_horizontal>2.573</opentracks:accuracy_horizontal></extensions>
</trkpt>
<trkpt lat="-32.228996" lon="115.798904">
<ele>-2.6</ele>
<time>2026-06-12T09:11:08.685+08:00</time>
<extensions>
<gpxtpx:TrackPointExtension>
<gpxtpx:speed>1.27</gpxtpx:speed>
</gpxtpx:TrackPointExtension>
<opentracks:accuracy_horizontal>2.676</opentracks:accuracy_horizontal></extensions>
</trkpt>
<trkpt lat="-32.228999" lon="115.799024">
<ele>-2.8</ele>
<time>2026-06-12T09:11:18.682+08:00</time>
<extensions>
<gpxtpx:TrackPointExtension>
<gpxtpx:speed>1.22</gpxtpx:speed>
</gpxtpx:TrackPointExtension>
<opentracks:accuracy_horizontal>2.616</opentracks:accuracy_horizontal></extensions>
</trkpt>
<trkpt lat="-32.228972" lon="115.799127">
<ele>-4.6</ele>
<time>2026-06-12T09:11:26.691+08:00</time>
<extensions>
<gpxtpx:TrackPointExtension>
<gpxtpx:speed>1.25</gpxtpx:speed>
</gpxtpx:TrackPointExtension>
<opentracks:accuracy_horizontal>2.531</opentracks:accuracy_horizontal></extensions>
</trkpt>
<trkpt lat="-32.228958" lon="115.799237">
<ele>-4.1</ele>
<time>2026-06-12T09:11:35.69+08:00</time>
<extensions>
<gpxtpx:TrackPointExtension>
<gpxtpx:speed>1.2</gpxtpx:speed>
</gpxtpx:TrackPointExtension>
<opentracks:accuracy_horizontal>2.562</opentracks:accuracy_horizontal></extensions>
</trkpt>
<trkpt lat="-32.228959" lon="115.799347">
<ele>-4.1</ele>
<time>2026-06-12T09:11:44.683+08:00</time>
<extensions>
<gpxtpx:TrackPointExtension>
<gpxtpx:speed>1.19</gpxtpx:speed>
</gpxtpx:TrackPointExtension>
<opentracks:accuracy_horizontal>2.514</opentracks:accuracy_horizontal></extensions>
</trkpt>
<trkpt lat="-32.228916" lon="115.799452">
<ele>-5.4</ele>
<time>2026-06-12T09:11:53.685+08:00</time>
<extensions>
<gpxtpx:TrackPointExtension>
<gpxtpx:speed>1.2</gpxtpx:speed>
</gpxtpx:TrackPointExtension>
<opentracks:accuracy_horizontal>2.715</opentracks:accuracy_horizontal></extensions>
</trkpt>
<trkpt lat="-32.228884" lon="115.799562">
<ele>-5.9</ele>
<time>2026-06-12T09:12:02.691+08:00</time>
<extensions>
<gpxtpx:TrackPointExtension>
<gpxtpx:speed>1.19</gpxtpx:speed>
</gpxtpx:TrackPointExtension>
<opentracks:accuracy_horizontal>2.539</opentracks:accuracy_horizontal></extensions>
</trkpt>
<trkpt lat="-32.228864" lon="115.799665">
<ele>-6.9</ele>
<time>2026-06-12T09:12:11.698+08:00</time>
<extensions>
<gpxtpx:TrackPointExtension>
<gpxtpx:speed>1.13</gpxtpx:speed>
</gpxtpx:TrackPointExtension>
<opentracks:accuracy_horizontal>2.515</opentracks:accuracy_horizontal></extensions>
</trkpt>
<trkpt lat="-32.228845" lon="115.799775">
<ele>-8.1</ele>
<time>2026-06-12T09:12:20.683+08:00</time>
<extensions>
<gpxtpx:TrackPointExtension>
<gpxtpx:speed>1.12</gpxtpx:speed>
</gpxtpx:TrackPointExtension>
<opentracks:accuracy_horizontal>2.567</opentracks:accuracy_horizontal></extensions>
</trkpt>
<trkpt lat="-32.228824" lon="115.799886">
<ele>-8.8</ele>
<time>2026-06-12T09:12:29.69+08:00</time>
<extensions>
<gpxtpx:TrackPointExtension>
<gpxtpx:speed>1.12</gpxtpx:speed>
</gpxtpx:TrackPointExtension>
<opentracks:accuracy_horizontal>2.559</opentracks:accuracy_horizontal></extensions>
</trkpt>
<trkpt lat="-32.228804" lon="115.799998">
<ele>-9.6</ele>
<time>2026-06-12T09:12:39.705+08:00</time>
<extensions>
<gpxtpx:TrackPointExtension>
<gpxtpx:speed>1.11</gpxtpx:speed>
</gpxtpx:TrackPointExtension>
<opentracks:accuracy_horizontal>2.735</opentracks:accuracy_horizontal></extensions>
</trkpt>
<trkpt lat="-32.228799" lon="115.800107">
<ele>-8.3</ele>
<time>2026-06-12T09:12:46.692+08:00</time>
<extensions>
<gpxtpx:TrackPointExtension>
<gpxtpx:speed>1.24</gpxtpx:speed>
</gpxtpx:TrackPointExtension>
<opentracks:accuracy_horizontal>2.705</opentracks:accuracy_horizontal></extensions>
</trkpt>
<trkpt lat="-32.228755" lon="115.800213">
<ele>-11.1</ele>
<time>2026-06-12T09:12:56.689+08:00</time>
<extensions>
<gpxtpx:TrackPointExtension>
<gpxtpx:speed>1.13</gpxtpx:speed>
</gpxtpx:TrackPointExtension>
<opentracks:accuracy_horizontal>2.657</opentracks:accuracy_horizontal></extensions>
</trkpt>
<trkpt lat="-32.228706" lon="115.800305">
<ele>-10.1</ele>
<time>2026-06-12T09:13:04.712+08:00</time>
<extensions>
<gpxtpx:TrackPointExtension>
<gpxtpx:speed>1.18</gpxtpx:speed>
</gpxtpx:TrackPointExtension>
<opentracks:accuracy_horizontal>2.571</opentracks:accuracy_horizontal></extensions>
</trkpt>
<trkpt lat="-32.228707" lon="115.800365">
<ele>-11.3</ele>
<time>2026-06-12T09:13:14.705+08:00</time>
<extensions>
<gpxtpx:TrackPointExtension>
<gpxtpx:speed>0.23</gpxtpx:speed>
</gpxtpx:TrackPointExtension>
<opentracks:accuracy_horizontal>2.774</opentracks:accuracy_horizontal></extensions>
</trkpt>
<trkpt lat="-32.228662" lon="115.800472">
<ele>-13.7</ele>
<time>2026-06-12T09:13:40.702+08:00</time>
<extensions>
<gpxtpx:TrackPointExtension>
<gpxtpx:speed>1.3</gpxtpx:speed>
</gpxtpx:TrackPointExtension>
<opentracks:accuracy_horizontal>2.518</opentracks:accuracy_horizontal></extensions>
</trkpt>
<trkpt lat="-32.22866" lon="115.800579">
<ele>-13.4</ele>
<time>2026-06-12T09:13:49.696+08:00</time>
<extensions>
<gpxtpx:TrackPointExtension>
<gpxtpx:speed>1.13</gpxtpx:speed>
</gpxtpx:TrackPointExtension>
<opentracks:accuracy_horizontal>2.656</opentracks:accuracy_horizontal></extensions>
</trkpt>
<trkpt lat="-32.228624" lon="115.800657">
<ele>-14.2</ele>
<time>2026-06-12T09:13:59.704+08:00</time>
<extensions>
<gpxtpx:TrackPointExtension>
<gpxtpx:speed>0.86</gpxtpx:speed>
</gpxtpx:TrackPointExtension>
<opentracks:accuracy_horizontal>2.712</opentracks:accuracy_horizontal></extensions>
</trkpt>
<trkpt lat="-32.228635" lon="115.800766">
<ele>-12.4</ele>
<time>2026-06-12T09:14:09.693+08:00</time>
<extensions>
<gpxtpx:TrackPointExtension>
<gpxtpx:speed>0.95</gpxtpx:speed>
</gpxtpx:TrackPointExtension>
<opentracks:accuracy_horizontal>2.629</opentracks:accuracy_horizontal></extensions>
</trkpt>
<trkpt lat="-32.228576" lon="115.800855">
<ele>-11.5</ele>
<time>2026-06-12T09:14:18.692+08:00</time>
<extensions>
<gpxtpx:TrackPointExtension>
<gpxtpx:speed>1.08</gpxtpx:speed>
</gpxtpx:TrackPointExtension>
<opentracks:accuracy_horizontal>2.523</opentracks:accuracy_horizontal></extensions>
</trkpt>
<trkpt lat="-32.228514" lon="115.800942">
<ele>-11.6</ele>
<time>2026-06-12T09:14:27.699+08:00</time>
<extensions>
<gpxtpx:TrackPointExtension>
<gpxtpx:speed>1.11</gpxtpx:speed>
</gpxtpx:TrackPointExtension>
<opentracks:accuracy_horizontal>2.8</opentracks:accuracy_horizontal></extensions>
</trkpt>
<trkpt lat="-32.228451" lon="115.801018">
<ele>-11.7</ele>
<time>2026-06-12T09:14:35.679+08:00</time>
<extensions>
<gpxtpx:TrackPointExtension>
<gpxtpx:speed>1.14</gpxtpx:speed>
</gpxtpx:TrackPointExtension>
<opentracks:accuracy_horizontal>2.573</opentracks:accuracy_horizontal></extensions>
</trkpt>
<trkpt lat="-32.228435" lon="115.801057">
<ele>-13.8</ele>
<time>2026-06-12T09:14:45.673+08:00</time>
<extensions>
<gpxtpx:TrackPointExtension>
<gpxtpx:speed>0.36</gpxtpx:speed>
</gpxtpx:TrackPointExtension>
<opentracks:accuracy_horizontal>2.404</opentracks:accuracy_horizontal></extensions>
</trkpt>
<trkpt lat="-32.228338" lon="115.801053">
<ele>-15.2</ele>
<time>2026-06-12T09:14:59.685+08:00</time>
<extensions>
<gpxtpx:TrackPointExtension>
<gpxtpx:speed>1.34</gpxtpx:speed>
</gpxtpx:TrackPointExtension>
<opentracks:accuracy_horizontal>2.389</opentracks:accuracy_horizontal></extensions>
</trkpt>
<trkpt lat="-32.228257" lon="115.801004">
<ele>-15</ele>
<time>2026-06-12T09:15:07.682+08:00</time>
<extensions>
<gpxtpx:TrackPointExtension>
<gpxtpx:speed>1.28</gpxtpx:speed>
</gpxtpx:TrackPointExtension>
<opentracks:accuracy_horizontal>2.606</opentracks:accuracy_horizontal></extensions>
</trkpt>
<trkpt lat="-32.228173" lon="115.800953">
<ele>-15.6</ele>
<time>2026-06-12T09:15:15.674+08:00</time>
<extensions>
<gpxtpx:TrackPointExtension>
<gpxtpx:speed>1.26</gpxtpx:speed>
</gpxtpx:TrackPointExtension>
<opentracks:accuracy_horizontal>2.5</opentracks:accuracy_horizontal></extensions>
</trkpt>
<trkpt lat="-32.228104" lon="115.801038">
<ele>-15.8</ele>
<time>2026-06-12T09:15:23.679+08:00</time>
<extensions>
<gpxtpx:TrackPointExtension>
<gpxtpx:speed>1.33</gpxtpx:speed>
</gpxtpx:TrackPointExtension>
<opentracks:accuracy_horizontal>2.79</opentracks:accuracy_horizontal></extensions>
</trkpt>
<trkpt lat="-32.228094" lon="115.801144">
<ele>-13.2</ele>
<time>2026-06-12T09:15:31.724+08:00</time>
<extensions>
<gpxtpx:TrackPointExtension>
<gpxtpx:speed>1.27</gpxtpx:speed>
</gpxtpx:TrackPointExtension>
<opentracks:accuracy_horizontal>2.873</opentracks:accuracy_horizontal></extensions>
</trkpt>
<trkpt lat="-32.228094" lon="115.801256">
<ele>-13.3</ele>
<time>2026-06-12T09:15:38.682+08:00</time>
<extensions>
<gpxtpx:TrackPointExtension>
<gpxtpx:speed>1.36</gpxtpx:speed>
</gpxtpx:TrackPointExtension>
<opentracks:accuracy_horizontal>2.631</opentracks:accuracy_horizontal></extensions>
</trkpt>
<trkpt lat="-32.228106" lon="115.801372">
<ele>-13.2</ele>
<time>2026-06-12T09:15:47.682+08:00</time>
<extensions>
<gpxtpx:TrackPointExtension>
<gpxtpx:speed>1.24</gpxtpx:speed>
</gpxtpx:TrackPointExtension>
<opentracks:accuracy_horizontal>2.686</opentracks:accuracy_horizontal></extensions>
</trkpt>
<trkpt lat="-32.228052" lon="115.801467">
<ele>-13.7</ele>
<time>2026-06-12T09:15:56.729+08:00</time>
<extensions>
<gpxtpx:TrackPointExtension>
<gpxtpx:speed>1.21</gpxtpx:speed>
</gpxtpx:TrackPointExtension>
<opentracks:accuracy_horizontal>3.043</opentracks:accuracy_horizontal></extensions>
</trkpt>
<trkpt lat="-32.228011" lon="115.801562">
<ele>-13.8</ele>
<time>2026-06-12T09:16:04.688+08:00</time>
<extensions>
<gpxtpx:TrackPointExtension>
<gpxtpx:speed>1.15</gpxtpx:speed>
</gpxtpx:TrackPointExtension>
<opentracks:accuracy_horizontal>2.738</opentracks:accuracy_horizontal></extensions>
</trkpt>
<trkpt lat="-32.22803" lon="115.801551">
<ele>-13.2</ele>
<time>2026-06-12T09:16:14.673+08:00</time>
<extensions>
<gpxtpx:TrackPointExtension>
<gpxtpx:speed>0.01</gpxtpx:speed>
</gpxtpx:TrackPointExtension>
<opentracks:accuracy_horizontal>3.028</opentracks:accuracy_horizontal></extensions>
</trkpt>
<trkpt lat="-32.227953" lon="115.801606">
<ele>-17.7</ele>
<time>2026-06-12T09:16:48.738+08:00</time>
<extensions>
<gpxtpx:TrackPointExtension>
<gpxtpx:speed>1.05</gpxtpx:speed>
</gpxtpx:TrackPointExtension>
<opentracks:accuracy_horizontal>3.182</opentracks:accuracy_horizontal></extensions>
</trkpt>
<trkpt lat="-32.227913" lon="115.801663">
<ele>-17.1</ele>
<time>2026-06-12T09:16:58.749+08:00</time>
<extensions>
<gpxtpx:TrackPointExtension>
<gpxtpx:speed>0.94</gpxtpx:speed>
</gpxtpx:TrackPointExtension>
<opentracks:accuracy_horizontal>3.299</opentracks:accuracy_horizontal></extensions>
</trkpt>
<trkpt lat="-32.227891" lon="115.801766">
<ele>-17.5</ele>
<time>2026-06-12T09:17:05.766+08:00</time>
<extensions>
<gpxtpx:TrackPointExtension>
<gpxtpx:speed>1.26</gpxtpx:speed>
</gpxtpx:TrackPointExtension>
<opentracks:accuracy_horizontal>2.779</opentracks:accuracy_horizontal></extensions>
</trkpt>
<trkpt lat="-32.227879" lon="115.801795">
<ele>-17.3</ele>
<time>2026-06-12T09:17:15.742+08:00</time>
<extensions>
<gpxtpx:TrackPointExtension>
<gpxtpx:speed>0.31</gpxtpx:speed>
</gpxtpx:TrackPointExtension>
<opentracks:accuracy_horizontal>3.328</opentracks:accuracy_horizontal></extensions>
</trkpt>
<trkpt lat="-32.227827" lon="115.801887">
<ele>-18</ele>
<time>2026-06-12T09:17:23.741+08:00</time>
<extensions>
<gpxtpx:TrackPointExtension>
<gpxtpx:speed>1.28</gpxtpx:speed>
</gpxtpx:TrackPointExtension>
<opentracks:accuracy_horizontal>3.156</opentracks:accuracy_horizontal></extensions>
</trkpt>
<trkpt lat="-32.227747" lon="115.801944">
<ele>-19.3</ele>
<time>2026-06-12T09:17:33.742+08:00</time>
<extensions>
<gpxtpx:TrackPointExtension>
<gpxtpx:speed>1.09</gpxtpx:speed>
</gpxtpx:TrackPointExtension>
<opentracks:accuracy_horizontal>3.284</opentracks:accuracy_horizontal></extensions>
</trkpt>
<trkpt lat="-32.22766" lon="115.801998">
<ele>-19.8</ele>
<time>2026-06-12T09:17:42.736+08:00</time>
<extensions>
<gpxtpx:TrackPointExtension>
<gpxtpx:speed>1.15</gpxtpx:speed>
</gpxtpx:TrackPointExtension>
<opentracks:accuracy_horizontal>4.067</opentracks:accuracy_horizontal></extensions>
</trkpt>
<trkpt lat="-32.227589" lon="115.802076">
<ele>-19.7</ele>
<time>2026-06-12T09:17:51.745+08:00</time>
<extensions>
<gpxtpx:TrackPointExtension>
<gpxtpx:speed>1.15</gpxtpx:speed>
</gpxtpx:TrackPointExtension>
<opentracks:accuracy_horizontal>3.414</opentracks:accuracy_horizontal></extensions>
</trkpt>
<trkpt lat="-32.227594" lon="115.802182">
<ele>-20.8</ele>
<time>2026-06-12T09:18:00.735+08:00</time>
<extensions>
<gpxtpx:TrackPointExtension>
<gpxtpx:speed>1.09</gpxtpx:speed>
</gpxtpx:TrackPointExtension>
<opentracks:accuracy_horizontal>3.794</opentracks:accuracy_horizontal></extensions>
</trkpt>
<trkpt lat="-32.227567" lon="115.802284">
<ele>-20.8</ele>
<time>2026-06-12T09:18:08.737+08:00</time>
<extensions>
<gpxtpx:TrackPointExtension>
<gpxtpx:speed>1.16</gpxtpx:speed>
</gpxtpx:TrackPointExtension>
<opentracks:accuracy_horizontal>3.914</opentracks:accuracy_horizontal></extensions>
</trkpt>
<trkpt lat="-32.227512" lon="115.802377">
<ele>-19.5</ele>
<time>2026-06-12T09:18:17.735+08:00</time>
<extensions>
<gpxtpx:TrackPointExtension>
<gpxtpx:speed>1.14</gpxtpx:speed>
</gpxtpx:TrackPointExtension>
<opentracks:accuracy_horizontal>3.209</opentracks:accuracy_horizontal></extensions>
</trkpt>
<trkpt lat="-32.22748" lon="115.802428">
<ele>-20.5</ele>
<time>2026-06-12T09:18:26.756+08:00</time>
<extensions>
<gpxtpx:TrackPointExtension>
<gpxtpx:speed>0.86</gpxtpx:speed>
</gpxtpx:TrackPointExtension>
<opentracks:accuracy_horizontal>3.599</opentracks:accuracy_horizontal></extensions>
</trkpt>
<trkpt lat="-32.227448" lon="115.802527">
<ele>-15.8</ele>
<time>2026-06-12T09:18:53.734+08:00</time>
<extensions>
<gpxtpx:TrackPointExtension>
<gpxtpx:speed>0.07</gpxtpx:speed>
</gpxtpx:TrackPointExtension>
<opentracks:accuracy_horizontal>1.807</opentracks:accuracy_horizontal></extensions>
</trkpt>
<trkpt lat="-32.227444" lon="115.802532">
<ele>-15.3</ele>
<time>2026-06-12T09:19:03.733+08:00</time>
<extensions>
<gpxtpx:TrackPointExtension>
<gpxtpx:speed>0.02</gpxtpx:speed>
</gpxtpx:TrackPointExtension>
<opentracks:accuracy_horizontal>2.067</opentracks:accuracy_horizontal></extensions>
</trkpt>
<trkpt lat="-32.227461" lon="115.80265">
<ele>-16.7</ele>
<time>2026-06-12T09:19:16.749+08:00</time>
<extensions>
<gpxtpx:TrackPointExtension>
<gpxtpx:speed>1.24</gpxtpx:speed>
</gpxtpx:TrackPointExtension>
<opentracks:accuracy_horizontal>4.725</opentracks:accuracy_horizontal></extensions>
</trkpt>
<trkpt lat="-32.227481" lon="115.802756">
<ele>-17.1</ele>
<time>2026-06-12T09:19:23.745+08:00</time>
<extensions>
<gpxtpx:TrackPointExtension>
<gpxtpx:speed>1.31</gpxtpx:speed>
</gpxtpx:TrackPointExtension>
<opentracks:accuracy_horizontal>3.549</opentracks:accuracy_horizontal></extensions>
</trkpt>
<trkpt lat="-32.227484" lon="115.802864">
<ele>-17.4</ele>
<time>2026-06-12T09:19:32.759+08:00</time>
<extensions>
<gpxtpx:TrackPointExtension>
<gpxtpx:speed>1.19</gpxtpx:speed>
</gpxtpx:TrackPointExtension>
<opentracks:accuracy_horizontal>3.494</opentracks:accuracy_horizontal></extensions>
</trkpt>
<trkpt lat="-32.227448" lon="115.802962">
<ele>-17</ele>
<time>2026-06-12T09:19:41.744+08:00</time>
<extensions>
<gpxtpx:TrackPointExtension>
<gpxtpx:speed>1.03</gpxtpx:speed>
</gpxtpx:TrackPointExtension>
<opentracks:accuracy_horizontal>3.249</opentracks:accuracy_horizontal></extensions>
</trkpt>
<trkpt lat="-32.227429" lon="115.802982">
<ele>-18.4</ele>
<time>2026-06-12T09:19:51.751+08:00</time>
<extensions>
<gpxtpx:TrackPointExtension>
<gpxtpx:speed>0.95</gpxtpx:speed>
</gpxtpx:TrackPointExtension>
<opentracks:accuracy_horizontal>3.274</opentracks:accuracy_horizontal></extensions>
</trkpt>
<trkpt lat="-32.227367" lon="115.803067">
<ele>-17.3</ele>
<time>2026-06-12T09:19:59.752+08:00</time>
<extensions>
<gpxtpx:TrackPointExtension>
<gpxtpx:speed>1.22</gpxtpx:speed>
</gpxtpx:TrackPointExtension>
<opentracks:accuracy_horizontal>3.374</opentracks:accuracy_horizontal></extensions>
</trkpt>
<trkpt lat="-32.227303" lon="115.803145">
<ele>-17.5</ele>
<time>2026-06-12T09:20:08.734+08:00</time>
<extensions>
<gpxtpx:TrackPointExtension>
<gpxtpx:speed>1.15</gpxtpx:speed>
</gpxtpx:TrackPointExtension>
<opentracks:accuracy_horizontal>3.608</opentracks:accuracy_horizontal></extensions>
</trkpt>
<trkpt lat="-32.227234" lon="115.803229">
<ele>-16.6</ele>
<time>2026-06-12T09:20:16.769+08:00</time>
<extensions>
<gpxtpx:TrackPointExtension>
<gpxtpx:speed>1.24</gpxtpx:speed>
</gpxtpx:TrackPointExtension>
<opentracks:accuracy_horizontal>3.37</opentracks:accuracy_horizontal></extensions>
</trkpt>
<trkpt lat="-32.227166" lon="115.80331">
<ele>-15.7</ele>
<time>2026-06-12T09:20:24.744+08:00</time>
<extensions>
<gpxtpx:TrackPointExtension>
<gpxtpx:speed>1.28</gpxtpx:speed>
</gpxtpx:TrackPointExtension>
<opentracks:accuracy_horizontal>3.318</opentracks:accuracy_horizontal></extensions>
</trkpt>
<trkpt lat="-32.227111" lon="115.803398">
<ele>-15</ele>
<time>2026-06-12T09:20:32.737+08:00</time>
<extensions>
<gpxtpx:TrackPointExtension>
<gpxtpx:speed>1.23</gpxtpx:speed>
</gpxtpx:TrackPointExtension>
<opentracks:accuracy_horizontal>3.265</opentracks:accuracy_horizontal></extensions>
</trkpt>
<trkpt lat="-32.227076" lon="115.803508">
<ele>-14.1</ele>
<time>2026-06-12T09:20:41.753+08:00</time>
<extensions>
<gpxtpx:TrackPointExtension>
<gpxtpx:speed>1.19</gpxtpx:speed>
</gpxtpx:TrackPointExtension>
<opentracks:accuracy_horizontal>3.39</opentracks:accuracy_horizontal></extensions>
</trkpt>
<trkpt lat="-32.227062" lon="115.803558">
<ele>-13.4</ele>
<time>2026-06-12T09:20:51.756+08:00</time>
<extensions>
<gpxtpx:TrackPointExtension>
<gpxtpx:speed>0.08</gpxtpx:speed>
</gpxtpx:TrackPointExtension>
<opentracks:accuracy_horizontal>2.52</opentracks:accuracy_horizontal></extensions>
</trkpt>
<trkpt lat="-32.22705" lon="115.803663">
<ele>-14.7</ele>
<time>2026-06-12T09:21:24.759+08:00</time>
<extensions>
<gpxtpx:TrackPointExtension>
<gpxtpx:speed>1.18</gpxtpx:speed>
</gpxtpx:TrackPointExtension>
<opentracks:accuracy_horizontal>4.211</opentracks:accuracy_horizontal></extensions>
</trkpt>
<trkpt lat="-32.227055" lon="115.803721">
<ele>-15.2</ele>
<time>2026-06-12T09:21:34.756+08:00</time>
<extensions>
<gpxtpx:TrackPointExtension>
<gpxtpx:speed>0.09</gpxtpx:speed>
</gpxtpx:TrackPointExtension>
<opentracks:accuracy_horizontal>2.878</opentracks:accuracy_horizontal></extensions>
</trkpt>
<trkpt lat="-32.227058" lon="115.803831">
<ele>-14.3</ele>
<time>2026-06-12T09:22:22.748+08:00</time>
<extensions>
<gpxtpx:TrackPointExtension>
<gpxtpx:speed>1.38</gpxtpx:speed>
</gpxtpx:TrackPointExtension>
<opentracks:accuracy_horizontal>3.542</opentracks:accuracy_horizontal></extensions>
</trkpt>
<trkpt lat="-32.227003" lon="115.803926">
<ele>-13.8</ele>
<time>2026-06-12T09:22:29.751+08:00</time>
<extensions>
<gpxtpx:TrackPointExtension>
<gpxtpx:speed>1.43</gpxtpx:speed>
</gpxtpx:TrackPointExtension>
<opentracks:accuracy_horizontal>2.954</opentracks:accuracy_horizontal></extensions>
</trkpt>
<trkpt lat="-32.226972" lon="115.804037">
<ele>-12.9</ele>
<time>2026-06-12T09:22:38.749+08:00</time>
<extensions>
<gpxtpx:TrackPointExtension>
<gpxtpx:speed>1.29</gpxtpx:speed>
</gpxtpx:TrackPointExtension>
<opentracks:accuracy_horizontal>3.04</opentracks:accuracy_horizontal></extensions>
</trkpt>
<trkpt lat="-32.226963" lon="115.804147">
<ele>-12.6</ele>
<time>2026-06-12T09:22:47.759+08:00</time>
<extensions>
<gpxtpx:TrackPointExtension>
<gpxtpx:speed>1.2</gpxtpx:speed>
</gpxtpx:TrackPointExtension>
<opentracks:accuracy_horizontal>3.294</opentracks:accuracy_horizontal></extensions>
</trkpt>
<trkpt lat="-32.226948" lon="115.804257">
<ele>-13.4</ele>
<time>2026-06-12T09:22:57.75+08:00</time>
<extensions>
<gpxtpx:TrackPointExtension>
<gpxtpx:speed>1.12</gpxtpx:speed>
</gpxtpx:TrackPointExtension>
<opentracks:accuracy_horizontal>3.343</opentracks:accuracy_horizontal></extensions>
</trkpt>
<trkpt lat="-32.226938" lon="115.804365">
<ele>-12.9</ele>
<time>2026-06-12T09:23:07.743+08:00</time>
<extensions>
<gpxtpx:TrackPointExtension>
<gpxtpx:speed>1.06</gpxtpx:speed>
</gpxtpx:TrackPointExtension>
<opentracks:accuracy_horizontal>3.353</opentracks:accuracy_horizontal></extensions>
</trkpt>
<trkpt lat="-32.226923" lon="115.804477">
<ele>-12.8</ele>
<time>2026-06-12T09:23:15.757+08:00</time>
<extensions>
<gpxtpx:TrackPointExtension>
<gpxtpx:speed>1.19</gpxtpx:speed>
</gpxtpx:TrackPointExtension>
<opentracks:accuracy_horizontal>3.173</opentracks:accuracy_horizontal></extensions>
</trkpt>
<trkpt lat="-32.226916" lon="115.804592">
<ele>-10.2</ele>
<time>2026-06-12T09:23:24.746+08:00</time>
<extensions>
<gpxtpx:TrackPointExtension>
<gpxtpx:speed>1.19</gpxtpx:speed>
</gpxtpx:TrackPointExtension>
<opentracks:accuracy_horizontal>2.725</opentracks:accuracy_horizontal></extensions>
</trkpt>
<trkpt lat="-32.22691" lon="115.804637">
<ele>-8.8</ele>
<time>2026-06-12T09:23:34.695+08:00</time>
<extensions>
<gpxtpx:TrackPointExtension>
<gpxtpx:speed>0.54</gpxtpx:speed>
</gpxtpx:TrackPointExtension>
<opentracks:accuracy_horizontal>2.501</opentracks:accuracy_horizontal></extensions>
</trkpt>
<trkpt lat="-32.226892" lon="115.804742">
<ele>-8</ele>
<time>2026-06-12T09:23:41.746+08:00</time>
<extensions>
<gpxtpx:TrackPointExtension>
<gpxtpx:speed>1.34</gpxtpx:speed>
</gpxtpx:TrackPointExtension>
<opentracks:accuracy_horizontal>2.562</opentracks:accuracy_horizontal></extensions>
</trkpt>
<trkpt lat="-32.226879" lon="115.804849">
<ele>-8.4</ele>
<time>2026-06-12T09:23:49.754+08:00</time>
<extensions>
<gpxtpx:TrackPointExtension>
<gpxtpx:speed>1.26</gpxtpx:speed>
</gpxtpx:TrackPointExtension>
<opentracks:accuracy_horizontal>2.45</opentracks:accuracy_horizontal></extensions>
</trkpt>
<trkpt lat="-32.226867" lon="115.804959">
<ele>-6.8</ele>
<time>2026-06-12T09:23:56.694+08:00</time>
<extensions>
<gpxtpx:TrackPointExtension>
<gpxtpx:speed>1.34</gpxtpx:speed>
</gpxtpx:TrackPointExtension>
<opentracks:accuracy_horizontal>2.582</opentracks:accuracy_horizontal></extensions>
</trkpt>
<trkpt lat="-32.226858" lon="115.805067">
<ele>-5.6</ele>
<time>2026-06-12T09:24:04.692+08:00</time>
<extensions>
<gpxtpx:TrackPointExtension>
<gpxtpx:speed>1.29</gpxtpx:speed>
</gpxtpx:TrackPointExtension>
<opentracks:accuracy_horizontal>2.505</opentracks:accuracy_horizontal></extensions>
</trkpt>
<trkpt lat="-32.226866" lon="115.805178">
<ele>-5</ele>
<time>2026-06-12T09:24:12.697+08:00</time>
<extensions>
<gpxtpx:TrackPointExtension>
<gpxtpx:speed>1.3</gpxtpx:speed>
</gpxtpx:TrackPointExtension>
<opentracks:accuracy_horizontal>2.504</opentracks:accuracy_horizontal></extensions>
</trkpt>
<trkpt lat="-32.226872" lon="115.805297">
<ele>-5.2</ele>
<time>2026-06-12T09:24:21.688+08:00</time>
<extensions>
<gpxtpx:TrackPointExtension>
<gpxtpx:speed>1.3</gpxtpx:speed>
</gpxtpx:TrackPointExtension>
<opentracks:accuracy_horizontal>2.538</opentracks:accuracy_horizontal></extensions>
</trkpt>
<trkpt lat="-32.226879" lon="115.805371">
<ele>-6.8</ele>
<time>2026-06-12T09:24:31.696+08:00</time>
<extensions>
<gpxtpx:TrackPointExtension>
<gpxtpx:speed>1.15</gpxtpx:speed>
</gpxtpx:TrackPointExtension>
<opentracks:accuracy_horizontal>2.397</opentracks:accuracy_horizontal></extensions>
</trkpt>
<trkpt lat="-32.226899" lon="115.805479">
<ele>-6.5</ele>
<time>2026-06-12T09:24:40.691+08:00</time>
<extensions>
<gpxtpx:TrackPointExtension>
<gpxtpx:speed>1.12</gpxtpx:speed>
</gpxtpx:TrackPointExtension>
<opentracks:accuracy_horizontal>2.632</opentracks:accuracy_horizontal></extensions>
</trkpt>
<trkpt lat="-32.226894" lon="115.805587">
<ele>-7.6</ele>
<time>2026-06-12T09:24:48.708+08:00</time>
<extensions>
<gpxtpx:TrackPointExtension>
<gpxtpx:speed>1.19</gpxtpx:speed>
</gpxtpx:TrackPointExtension>
<opentracks:accuracy_horizontal>2.513</opentracks:accuracy_horizontal></extensions>
</trkpt>
<trkpt lat="-32.226906" lon="115.805703">
<ele>-9.4</ele>
<time>2026-06-12T09:24:58.699+08:00</time>
<extensions>
<gpxtpx:TrackPointExtension>
<gpxtpx:speed>1.13</gpxtpx:speed>
</gpxtpx:TrackPointExtension>
<opentracks:accuracy_horizontal>2.485</opentracks:accuracy_horizontal></extensions>
</trkpt>
<trkpt lat="-32.226917" lon="115.805771">
<ele>-9.7</ele>
<time>2026-06-12T09:25:08.704+08:00</time>
<extensions>
<gpxtpx:TrackPointExtension>
<gpxtpx:speed>0.31</gpxtpx:speed>
</gpxtpx:TrackPointExtension>
<opentracks:accuracy_horizontal>2.487</opentracks:accuracy_horizontal></extensions>
</trkpt>
<trkpt lat="-32.226923" lon="115.805886">
<ele>-10</ele>
<time>2026-06-12T09:25:17.695+08:00</time>
<extensions>
<gpxtpx:TrackPointExtension>
<gpxtpx:speed>1.38</gpxtpx:speed>
</gpxtpx:TrackPointExtension>
<opentracks:accuracy_horizontal>2.679</opentracks:accuracy_horizontal></extensions>
</trkpt>
<trkpt lat="-32.226936" lon="115.806">
<ele>-9.5</ele>
<time>2026-06-12T09:25:25.696+08:00</time>
<extensions>
<gpxtpx:TrackPointExtension>
<gpxtpx:speed>1.33</gpxtpx:speed>
</gpxtpx:TrackPointExtension>
<opentracks:accuracy_horizontal>2.704</opentracks:accuracy_horizontal></extensions>
</trkpt>
<trkpt lat="-32.226948" lon="115.806113">
<ele>-7.6</ele>
<time>2026-06-12T09:25:33.701+08:00</time>
<extensions>
<gpxtpx:TrackPointExtension>
<gpxtpx:speed>1.3</gpxtpx:speed>
</gpxtpx:TrackPointExtension>
<opentracks:accuracy_horizontal>2.672</opentracks:accuracy_horizontal></extensions>
</trkpt>
<trkpt lat="-32.226942" lon="115.80623">
<ele>-7.7</ele>
<time>2026-06-12T09:25:40.713+08:00</time>
<extensions>
<gpxtpx:TrackPointExtension>
<gpxtpx:speed>1.39</gpxtpx:speed>
</gpxtpx:TrackPointExtension>
<opentracks:accuracy_horizontal>2.76</opentracks:accuracy_horizontal></extensions>
</trkpt>
<trkpt lat="-32.226961" lon="115.806336">
<ele>-8.6</ele>
<time>2026-06-12T09:25:49.694+08:00</time>
<extensions>
<gpxtpx:TrackPointExtension>
<gpxtpx:speed>1.23</gpxtpx:speed>
</gpxtpx:TrackPointExtension>
<opentracks:accuracy_horizontal>2.824</opentracks:accuracy_horizontal></extensions>
</trkpt>
<trkpt lat="-32.226962" lon="115.806443">
<ele>-9.7</ele>
<time>2026-06-12T09:25:57.69+08:00</time>
<extensions>
<gpxtpx:TrackPointExtension>
<gpxtpx:speed>1.22</gpxtpx:speed>
</gpxtpx:TrackPointExtension>
<opentracks:accuracy_horizontal>2.581</opentracks:accuracy_horizontal></extensions>
</trkpt>
<trkpt lat="-32.226966" lon="115.806558">
<ele>-9.5</ele>
<time>2026-06-12T09:26:05.719+08:00</time>
<extensions>
<gpxtpx:TrackPointExtension>
<gpxtpx:speed>1.25</gpxtpx:speed>
</gpxtpx:TrackPointExtension>
<opentracks:accuracy_horizontal>2.55</opentracks:accuracy_horizontal></extensions>
</trkpt>
<trkpt lat="-32.226962" lon="115.806673">
<ele>-9.7</ele>
<time>2026-06-12T09:26:14.667+08:00</time>
<extensions>
<gpxtpx:TrackPointExtension>
<gpxtpx:speed>1.27</gpxtpx:speed>
</gpxtpx:TrackPointExtension>
<opentracks:accuracy_horizontal>2.747</opentracks:accuracy_horizontal></extensions>
</trkpt>
<trkpt lat="-32.227004" lon="115.80677">
<ele>-10.5</ele>
<time>2026-06-12T09:26:22.668+08:00</time>
<extensions>
<gpxtpx:TrackPointExtension>
<gpxtpx:speed>1.09</gpxtpx:speed>
</gpxtpx:TrackPointExtension>
<opentracks:accuracy_horizontal>2.557</opentracks:accuracy_horizontal></extensions>
</trkpt>
<trkpt lat="-32.227011" lon="115.80688">
<ele>-8.9</ele>
<time>2026-06-12T09:26:32.669+08:00</time>
<extensions>
<gpxtpx:TrackPointExtension>
<gpxtpx:speed>1.19</gpxtpx:speed>
</gpxtpx:TrackPointExtension>
<opentracks:accuracy_horizontal>2.598</opentracks:accuracy_horizontal></extensions>
</trkpt>
<trkpt lat="-32.227006" lon="115.806987">
<ele>-11.3</ele>
<time>2026-06-12T09:26:40.669+08:00</time>
<extensions>
<gpxtpx:TrackPointExtension>
<gpxtpx:speed>1.22</gpxtpx:speed>
</gpxtpx:TrackPointExtension>
<opentracks:accuracy_horizontal>2.96</opentracks:accuracy_horizontal></extensions>
</trkpt>
<trkpt lat="-32.227015" lon="115.807096">
<ele>-13.9</ele>
<time>2026-06-12T09:26:48.71+08:00</time>
<extensions>
<gpxtpx:TrackPointExtension>
<gpxtpx:speed>1.29</gpxtpx:speed>
</gpxtpx:TrackPointExtension>
<opentracks:accuracy_horizontal>2.563</opentracks:accuracy_horizontal></extensions>
</trkpt>
<trkpt lat="-32.227028" lon="115.80721">
<ele>-15.2</ele>
<time>2026-06-12T09:26:58.693+08:00</time>
<extensions>
<gpxtpx:TrackPointExtension>
<gpxtpx:speed>1.15</gpxtpx:speed>
</gpxtpx:TrackPointExtension>
<opentracks:accuracy_horizontal>2.951</opentracks:accuracy_horizontal></extensions>
</trkpt>
<trkpt lat="-32.227042" lon="115.807318">
<ele>-14.2</ele>
<time>2026-06-12T09:27:06.703+08:00</time>
<extensions>
<gpxtpx:TrackPointExtension>
<gpxtpx:speed>1.19</gpxtpx:speed>
</gpxtpx:TrackPointExtension>
<opentracks:accuracy_horizontal>2.629</opentracks:accuracy_horizontal></extensions>
</trkpt>
<trkpt lat="-32.227049" lon="115.807432">
<ele>-15.9</ele>
<time>2026-06-12T09:27:14.691+08:00</time>
<extensions>
<gpxtpx:TrackPointExtension>
<gpxtpx:speed>1.21</gpxtpx:speed>
</gpxtpx:TrackPointExtension>
<opentracks:accuracy_horizontal>2.674</opentracks:accuracy_horizontal></extensions>
</trkpt>
<trkpt lat="-32.227054" lon="115.807549">
<ele>-14.8</ele>
<time>2026-06-12T09:27:22.704+08:00</time>
<extensions>
<gpxtpx:TrackPointExtension>
<gpxtpx:speed>1.25</gpxtpx:speed>
</gpxtpx:TrackPointExtension>
<opentracks:accuracy_horizontal>2.848</opentracks:accuracy_horizontal></extensions>
</trkpt>
<trkpt lat="-32.227089" lon="115.807651">
<ele>-14.5</ele>
<time>2026-06-12T09:27:31.697+08:00</time>
<extensions>
<gpxtpx:TrackPointExtension>
<gpxtpx:speed>1.22</gpxtpx:speed>
</gpxtpx:TrackPointExtension>
<opentracks:accuracy_horizontal>2.763</opentracks:accuracy_horizontal></extensions>
</trkpt>
<trkpt lat="-32.227177" lon="115.807695">
<ele>-15.9</ele>
<time>2026-06-12T09:27:40.691+08:00</time>
<extensions>
<gpxtpx:TrackPointExtension>
<gpxtpx:speed>1.17</gpxtpx:speed>
</gpxtpx:TrackPointExtension>
<opentracks:accuracy_horizontal>2.932</opentracks:accuracy_horizontal></extensions>
</trkpt>
<trkpt lat="-32.227281" lon="115.807689">
<ele>-15.1</ele>
<time>2026-06-12T09:27:48.699+08:00</time>
<extensions>
<gpxtpx:TrackPointExtension>
<gpxtpx:speed>1.25</gpxtpx:speed>
</gpxtpx:TrackPointExtension>
<opentracks:accuracy_horizontal>2.949</opentracks:accuracy_horizontal></extensions>
</trkpt>
<trkpt lat="-32.227378" lon="115.807678">
<ele>-16.6</ele>
<time>2026-06-12T09:27:57.705+08:00</time>
<extensions>
<gpxtpx:TrackPointExtension>
<gpxtpx:speed>1.14</gpxtpx:speed>
</gpxtpx:TrackPointExtension>
<opentracks:accuracy_horizontal>3.014</opentracks:accuracy_horizontal></extensions>
</trkpt>
<trkpt lat="-32.227435" lon="115.807699">
<ele>-18.3</ele>
<time>2026-06-12T09:28:07.711+08:00</time>
<extensions>
<gpxtpx:TrackPointExtension>
<gpxtpx:speed>0.87</gpxtpx:speed>
</gpxtpx:TrackPointExtension>
<opentracks:accuracy_horizontal>2.585</opentracks:accuracy_horizontal></extensions>
</trkpt>
<trkpt lat="-32.227529" lon="115.807674">
<ele>-15.8</ele>
<time>2026-06-12T09:28:23.759+08:00</time>
<extensions>
<gpxtpx:TrackPointExtension>
<gpxtpx:speed>1.23</gpxtpx:speed>
</gpxtpx:TrackPointExtension>
<opentracks:accuracy_horizontal>3.098</opentracks:accuracy_horizontal></extensions>
</trkpt>
<trkpt lat="-32.227563" lon="115.807668">
<ele>-15.5</ele>
<time>2026-06-12T09:28:33.756+08:00</time>
<extensions>
<gpxtpx:TrackPointExtension>
<gpxtpx:speed>0.03</gpxtpx:speed>
</gpxtpx:TrackPointExtension>
<opentracks:accuracy_horizontal>2.358</opentracks:accuracy_horizontal></extensions>
</trkpt>
<trkpt lat="-32.227654" lon="115.807688">
<ele>-16.1</ele>
<time>2026-06-12T09:28:49.756+08:00</time>
<extensions>
<gpxtpx:TrackPointExtension>
<gpxtpx:speed>1.08</gpxtpx:speed>
</gpxtpx:TrackPointExtension>
<opentracks:accuracy_horizontal>3.163</opentracks:accuracy_horizontal></extensions>
</trkpt>
<trkpt lat="-32.227697" lon="115.807689">
<ele>-18.2</ele>
<time>2026-06-12T09:28:59.761+08:00</time>
<extensions>
<gpxtpx:TrackPointExtension>
<gpxtpx:speed>0.77</gpxtpx:speed>
</gpxtpx:TrackPointExtension>
<opentracks:accuracy_horizontal>3.669</opentracks:accuracy_horizontal></extensions>
</trkpt>
<trkpt lat="-32.227797" lon="115.807715">
<ele>-19</ele>
<time>2026-06-12T09:29:08.755+08:00</time>
<extensions>
<gpxtpx:TrackPointExtension>
<gpxtpx:speed>1.19</gpxtpx:speed>
</gpxtpx:TrackPointExtension>
<opentracks:accuracy_horizontal>3.257</opentracks:accuracy_horizontal></extensions>
</trkpt>
<trkpt lat="-32.227886" lon="115.807742">
<ele>-20.5</ele>
<time>2026-06-12T09:29:16.756+08:00</time>
<extensions>
<gpxtpx:TrackPointExtension>
<gpxtpx:speed>1.21</gpxtpx:speed>
</gpxtpx:TrackPointExtension>
<opentracks:accuracy_horizontal>2.849</opentracks:accuracy_horizontal></extensions>
</trkpt>
<trkpt lat="-32.227981" lon="115.807766">
<ele>-20.3</ele>
<time>2026-06-12T09:29:25.754+08:00</time>
<extensions>
<gpxtpx:TrackPointExtension>
<gpxtpx:speed>1.18</gpxtpx:speed>
</gpxtpx:TrackPointExtension>
<opentracks:accuracy_horizontal>3.242</opentracks:accuracy_horizontal></extensions>
</trkpt>
<trkpt lat="-32.228045" lon="115.807798">
<ele>-21.2</ele>
<time>2026-06-12T09:29:35.766+08:00</time>
<extensions>
<gpxtpx:TrackPointExtension>
<gpxtpx:speed>0.82</gpxtpx:speed>
</gpxtpx:TrackPointExtension>
<opentracks:accuracy_horizontal>3.114</opentracks:accuracy_horizontal></extensions>
</trkpt>
<trkpt lat="-32.227953" lon="115.807769">
<ele>-22.5</ele>
<time>2026-06-12T09:29:49.754+08:00</time>
<extensions>
<gpxtpx:TrackPointExtension>
<gpxtpx:speed>0.8</gpxtpx:speed>
</gpxtpx:TrackPointExtension>
<opentracks:accuracy_horizontal>3.494</opentracks:accuracy_horizontal></extensions>
</trkpt>
<trkpt lat="-32.227862" lon="115.807741">
<ele>-22.9</ele>
<time>2026-06-12T09:29:57.762+08:00</time>
<extensions>
<gpxtpx:TrackPointExtension>
<gpxtpx:speed>1.12</gpxtpx:speed>
</gpxtpx:TrackPointExtension>
<opentracks:accuracy_horizontal>3.59</opentracks:accuracy_horizontal></extensions>
</trkpt>
<trkpt lat="-32.227768" lon="115.807721">
<ele>-23.7</ele>
<time>2026-06-12T09:30:04.743+08:00</time>
<extensions>
<gpxtpx:TrackPointExtension>
<gpxtpx:speed>1.32</gpxtpx:speed>
</gpxtpx:TrackPointExtension>
<opentracks:accuracy_horizontal>3.421</opentracks:accuracy_horizontal></extensions>
</trkpt>
<trkpt lat="-32.227675" lon="115.807685">
<ele>-24</ele>
<time>2026-06-12T09:30:11.756+08:00</time>
<extensions>
<gpxtpx:TrackPointExtension>
<gpxtpx:speed>1.41</gpxtpx:speed>
</gpxtpx:TrackPointExtension>
<opentracks:accuracy_horizontal>3.671</opentracks:accuracy_horizontal></extensions>
</trkpt>
<trkpt lat="-32.227653" lon="115.807631">
<ele>-23.7</ele>
<time>2026-06-12T09:30:21.76+08:00</time>
<extensions>
<gpxtpx:TrackPointExtension>
<gpxtpx:speed>0.71</gpxtpx:speed>
</gpxtpx:TrackPointExtension>
<opentracks:accuracy_horizontal>3.904</opentracks:accuracy_horizontal></extensions>
</trkpt>
<trkpt lat="-32.227742" lon="115.807649">
<ele>-22.9</ele>
<time>2026-06-12T09:30:29.752+08:00</time>
<extensions>
<gpxtpx:TrackPointExtension>
<gpxtpx:speed>1.09</gpxtpx:speed>
</gpxtpx:TrackPointExtension>
<opentracks:accuracy_horizontal>4.597</opentracks:accuracy_horizontal></extensions>
</trkpt>
<trkpt lat="-32.227789" lon="115.807716">
<ele>-20.6</ele>
<time>2026-06-12T09:30:39.736+08:00</time>
<extensions>
<gpxtpx:TrackPointExtension>
<gpxtpx:speed>1.3</gpxtpx:speed>
</gpxtpx:TrackPointExtension>
<opentracks:accuracy_horizontal>2.855</opentracks:accuracy_horizontal></extensions>
</trkpt>
<trkpt lat="-32.227883" lon="115.807751">
<ele>-21.4</ele>
<time>2026-06-12T09:30:47.765+08:00</time>
<extensions>
<gpxtpx:TrackPointExtension>
<gpxtpx:speed>1.31</gpxtpx:speed>
</gpxtpx:TrackPointExtension>
<opentracks:accuracy_horizontal>3.146</opentracks:accuracy_horizontal></extensions>
</trkpt>
<trkpt lat="-32.227979" lon="115.807784">
<ele>-21.7</ele>
<time>2026-06-12T09:30:56.754+08:00</time>
<extensions>
<gpxtpx:TrackPointExtension>
<gpxtpx:speed>1.23</gpxtpx:speed>
</gpxtpx:TrackPointExtension>
<opentracks:accuracy_horizontal>3.451</opentracks:accuracy_horizontal></extensions>
</trkpt>
<trkpt lat="-32.228064" lon="115.807822">
<ele>-21.4</ele>
<time>2026-06-12T09:31:05.739+08:00</time>
<extensions>
<gpxtpx:TrackPointExtension>
<gpxtpx:speed>1.14</gpxtpx:speed>
</gpxtpx:TrackPointExtension>
<opentracks:accuracy_horizontal>2.954</opentracks:accuracy_horizontal></extensions>
</trkpt>
<trkpt lat="-32.228146" lon="115.807867">
<ele>-21</ele>
<time>2026-06-12T09:31:13.775+08:00</time>
<extensions>
<gpxtpx:TrackPointExtension>
<gpxtpx:speed>1.18</gpxtpx:speed>
</gpxtpx:TrackPointExtension>
<opentracks:accuracy_horizontal>3.431</opentracks:accuracy_horizontal></extensions>
</trkpt>
<trkpt lat="-32.228186" lon="115.8079">
<ele>-20.5</ele>
<time>2026-06-12T09:31:23.759+08:00</time>
<extensions>
<gpxtpx:TrackPointExtension>
<gpxtpx:speed>0.56</gpxtpx:speed>
</gpxtpx:TrackPointExtension>
<opentracks:accuracy_horizontal>3.411</opentracks:accuracy_horizontal></extensions>
</trkpt>
<trkpt lat="-32.228259" lon="115.807963">
<ele>-20.4</ele>
<time>2026-06-12T09:31:30.753+08:00</time>
<extensions>
<gpxtpx:TrackPointExtension>
<gpxtpx:speed>1.29</gpxtpx:speed>
</gpxtpx:TrackPointExtension>
<opentracks:accuracy_horizontal>2.788</opentracks:accuracy_horizontal></extensions>
</trkpt>
<trkpt lat="-32.228342" lon="115.808023">
<ele>-19.9</ele>
<time>2026-06-12T09:31:38.758+08:00</time>
<extensions>
<gpxtpx:TrackPointExtension>
<gpxtpx:speed>1.3</gpxtpx:speed>
</gpxtpx:TrackPointExtension>
<opentracks:accuracy_horizontal>2.883</opentracks:accuracy_horizontal></extensions>
</trkpt>
<trkpt lat="-32.228433" lon="115.808046">
<ele>-20.4</ele>
<time>2026-06-12T09:31:47.761+08:00</time>
<extensions>
<gpxtpx:TrackPointExtension>
<gpxtpx:speed>1.19</gpxtpx:speed>
</gpxtpx:TrackPointExtension>
<opentracks:accuracy_horizontal>3.046</opentracks:accuracy_horizontal></extensions>
</trkpt>
<trkpt lat="-32.228436" lon="115.808043">
<ele>-19.9</ele>
<time>2026-06-12T09:31:57.761+08:00</time>
<extensions>
<gpxtpx:TrackPointExtension>
<gpxtpx:speed>0.02</gpxtpx:speed>
</gpxtpx:TrackPointExtension>
<opentracks:accuracy_horizontal>2.355</opentracks:accuracy_horizontal></extensions>
</trkpt>
<trkpt lat="-32.228504" lon="115.807968">
<ele>-20.1</ele>
<time>2026-06-12T09:32:22.764+08:00</time>
<extensions>
<gpxtpx:TrackPointExtension>
<gpxtpx:speed>0.66</gpxtpx:speed>
</gpxtpx:TrackPointExtension>
<opentracks:accuracy_horizontal>3.037</opentracks:accuracy_horizontal></extensions>
</trkpt>
<trkpt lat="-32.228571" lon="115.807887">
<ele>-20.2</ele>
<time>2026-06-12T09:32:30.772+08:00</time>
<extensions>
<gpxtpx:TrackPointExtension>
<gpxtpx:speed>1.2</gpxtpx:speed>
</gpxtpx:TrackPointExtension>
<opentracks:accuracy_horizontal>3.514</opentracks:accuracy_horizontal></extensions>
</trkpt>
<trkpt lat="-32.228624" lon="115.8078">
<ele>-20.1</ele>
<time>2026-06-12T09:32:39.755+08:00</time>
<extensions>
<gpxtpx:TrackPointExtension>
<gpxtpx:speed>1.13</gpxtpx:speed>
</gpxtpx:TrackPointExtension>
<opentracks:accuracy_horizontal>3.431</opentracks:accuracy_horizontal></extensions>
</trkpt>
<trkpt lat="-32.228685" lon="115.807707">
<ele>-19.7</ele>
<time>2026-06-12T09:32:49.764+08:00</time>
<extensions>
<gpxtpx:TrackPointExtension>
<gpxtpx:speed>1.1</gpxtpx:speed>
</gpxtpx:TrackPointExtension>
<opentracks:accuracy_horizontal>3.557</opentracks:accuracy_horizontal></extensions>
</trkpt>
<trkpt lat="-32.228731" lon="115.80761">
<ele>-19.9</ele>
<time>2026-06-12T09:32:58.758+08:00</time>
<extensions>
<gpxtpx:TrackPointExtension>
<gpxtpx:speed>1.12</gpxtpx:speed>
</gpxtpx:TrackPointExtension>
<opentracks:accuracy_horizontal>3.194</opentracks:accuracy_horizontal></extensions>
</trkpt>
<trkpt lat="-32.228782" lon="115.807511">
<ele>-21.6</ele>
<time>2026-06-12T09:33:08.758+08:00</time>
<extensions>
<gpxtpx:TrackPointExtension>
<gpxtpx:speed>1.08</gpxtpx:speed>
</gpxtpx:TrackPointExtension>
<opentracks:accuracy_horizontal>3.405</opentracks:accuracy_horizontal></extensions>
</trkpt>
<trkpt lat="-32.228834" lon="115.80741">
<ele>-20</ele>
<time>2026-06-12T09:33:17.77+08:00</time>
<extensions>
<gpxtpx:TrackPointExtension>
<gpxtpx:speed>1.16</gpxtpx:speed>
</gpxtpx:TrackPointExtension>
<opentracks:accuracy_horizontal>3.285</opentracks:accuracy_horizontal></extensions>
</trkpt>
<trkpt lat="-32.22889" lon="115.807325">
<ele>-19.1</ele>
<time>2026-06-12T09:33:26.738+08:00</time>
<extensions>
<gpxtpx:TrackPointExtension>
<gpxtpx:speed>1.12</gpxtpx:speed>
</gpxtpx:TrackPointExtension>
<opentracks:accuracy_horizontal>3.291</opentracks:accuracy_horizontal></extensions>
</trkpt>
<trkpt lat="-32.228932" lon="115.807241">
<ele>-18.7</ele>
<time>2026-06-12T09:33:35.763+08:00</time>
<extensions>
<gpxtpx:TrackPointExtension>
<gpxtpx:speed>1.09</gpxtpx:speed>
</gpxtpx:TrackPointExtension>
<opentracks:accuracy_horizontal>3.633</opentracks:accuracy_horizontal></extensions>
</trkpt>
<trkpt lat="-32.228983" lon="115.807152">
<ele>-18.4</ele>
<time>2026-06-12T09:33:43.755+08:00</time>
<extensions>
<gpxtpx:TrackPointExtension>
<gpxtpx:speed>1.18</gpxtpx:speed>
</gpxtpx:TrackPointExtension>
<opentracks:accuracy_horizontal>3.686</opentracks:accuracy_horizontal></extensions>
</trkpt>
<trkpt lat="-32.22903" lon="115.807054">
<ele>-18.3</ele>
<time>2026-06-12T09:33:52.76+08:00</time>
<extensions>
<gpxtpx:TrackPointExtension>
<gpxtpx:speed>1.16</gpxtpx:speed>
</gpxtpx:TrackPointExtension>
<opentracks:accuracy_horizontal>3.255</opentracks:accuracy_horizontal></extensions>
</trkpt>
<trkpt lat="-32.229036" lon="115.806962">
<ele>-19.5</ele>
<time>2026-06-12T09:34:02.76+08:00</time>
<extensions>
<gpxtpx:TrackPointExtension>
<gpxtpx:speed>0.84</gpxtpx:speed>
</gpxtpx:TrackPointExtension>
<opentracks:accuracy_horizontal>3.064</opentracks:accuracy_horizontal></extensions>
</trkpt>
<trkpt lat="-32.229022" lon="115.806844">
<ele>-21.8</ele>
<time>2026-06-12T09:34:48.76+08:00</time>
<extensions>
<gpxtpx:TrackPointExtension>
<gpxtpx:speed>1.45</gpxtpx:speed>
</gpxtpx:TrackPointExtension>
<opentracks:accuracy_horizontal>3.65</opentracks:accuracy_horizontal></extensions>
</trkpt>
<trkpt lat="-32.229019" lon="115.80673">
<ele>-21.2</ele>
<time>2026-06-12T09:34:55.754+08:00</time>
<extensions>
<gpxtpx:TrackPointExtension>
<gpxtpx:speed>1.45</gpxtpx:speed>
</gpxtpx:TrackPointExtension>
<opentracks:accuracy_horizontal>3.629</opentracks:accuracy_horizontal></extensions>
</trkpt>
<trkpt lat="-32.229021" lon="115.806624">
<ele>-20.4</ele>
<time>2026-06-12T09:35:03.773+08:00</time>
<extensions>
<gpxtpx:TrackPointExtension>
<gpxtpx:speed>1.3</gpxtpx:speed>
</gpxtpx:TrackPointExtension>
<opentracks:accuracy_horizontal>3.719</opentracks:accuracy_horizontal></extensions>
</trkpt>
<trkpt lat="-32.229029" lon="115.806511">
<ele>-19.6</ele>
<time>2026-06-12T09:35:12.764+08:00</time>
<extensions>
<gpxtpx:TrackPointExtension>
<gpxtpx:speed>1.2</gpxtpx:speed>
</gpxtpx:TrackPointExtension>
<opentracks:accuracy_horizontal>3.991</opentracks:accuracy_horizontal></extensions>
</trkpt>
<trkpt lat="-32.22905" lon="115.806397">
<ele>-19.5</ele>
<time>2026-06-12T09:35:20.761+08:00</time>
<extensions>
<gpxtpx:TrackPointExtension>
<gpxtpx:speed>1.3</gpxtpx:speed>
</gpxtpx:TrackPointExtension>
<opentracks:accuracy_horizontal>4.035</opentracks:accuracy_horizontal></extensions>
</trkpt>
<trkpt lat="-32.229075" lon="115.806289">
<ele>-18.9</ele>
<time>2026-06-12T09:35:27.761+08:00</time>
<extensions>
<gpxtpx:TrackPointExtension>
<gpxtpx:speed>1.37</gpxtpx:speed>
</gpxtpx:TrackPointExtension>
<opentracks:accuracy_horizontal>3.257</opentracks:accuracy_horizontal></extensions>
</trkpt>
<trkpt lat="-32.229115" lon="115.806183">
<ele>-18.5</ele>
<time>2026-06-12T09:35:35.758+08:00</time>
<extensions>
<gpxtpx:TrackPointExtension>
<gpxtpx:speed>1.36</gpxtpx:speed>
</gpxtpx:TrackPointExtension>
<opentracks:accuracy_horizontal>3.321</opentracks:accuracy_horizontal></extensions>
</trkpt>
<trkpt lat="-32.229138" lon="115.806079">
<ele>-19.9</ele>
<time>2026-06-12T09:35:44.765+08:00</time>
<extensions>
<gpxtpx:TrackPointExtension>
<gpxtpx:speed>1.22</gpxtpx:speed>
</gpxtpx:TrackPointExtension>
<opentracks:accuracy_horizontal>3.458</opentracks:accuracy_horizontal></extensions>
</trkpt>
<trkpt lat="-32.229176" lon="115.805978">
<ele>-19.1</ele>
<time>2026-06-12T09:35:52.759+08:00</time>
<extensions>
<gpxtpx:TrackPointExtension>
<gpxtpx:speed>1.25</gpxtpx:speed>
</gpxtpx:TrackPointExtension>
<opentracks:accuracy_horizontal>3.451</opentracks:accuracy_horizontal></extensions>
</trkpt>
<trkpt lat="-32.229222" lon="115.805904">
<ele>-20.1</ele>
<time>2026-06-12T09:36:02.769+08:00</time>
<extensions>
<gpxtpx:TrackPointExtension>
<gpxtpx:speed>0.13</gpxtpx:speed>
</gpxtpx:TrackPointExtension>
<opentracks:accuracy_horizontal>2.999</opentracks:accuracy_horizontal></extensions>
</trkpt>
<trkpt lat="-32.229261" lon="115.805802">
<ele>-21.7</ele>
<time>2026-06-12T09:36:18.768+08:00</time>
<extensions>
<gpxtpx:TrackPointExtension>
<gpxtpx:speed>1.34</gpxtpx:speed>
</gpxtpx:TrackPointExtension>
<opentracks:accuracy_horizontal>4.472</opentracks:accuracy_horizontal></extensions>
</trkpt>
<trkpt lat="-32.229301" lon="115.805688">
<ele>-21.7</ele>
<time>2026-06-12T09:36:24.756+08:00</time>
<extensions>
<gpxtpx:TrackPointExtension>
<gpxtpx:speed>1.63</gpxtpx:speed>
</gpxtpx:TrackPointExtension>
<opentracks:accuracy_horizontal>4.253</opentracks:accuracy_horizontal></extensions>
</trkpt>
<trkpt lat="-32.229335" lon="115.805586">
<ele>-21.2</ele>
<time>2026-06-12T09:36:31.768+08:00</time>
<extensions>
<gpxtpx:TrackPointExtension>
<gpxtpx:speed>1.51</gpxtpx:speed>
</gpxtpx:TrackPointExtension>
<opentracks:accuracy_horizontal>3.578</opentracks:accuracy_horizontal></extensions>
</trkpt>
<trkpt lat="-32.229382" lon="115.805487">
<ele>-20.9</ele>
<time>2026-06-12T09:36:39.769+08:00</time>
<extensions>
<gpxtpx:TrackPointExtension>
<gpxtpx:speed>1.39</gpxtpx:speed>
</gpxtpx:TrackPointExtension>
<opentracks:accuracy_horizontal>3.509</opentracks:accuracy_horizontal></extensions>
</trkpt>
<trkpt lat="-32.229435" lon="115.8054">
<ele>-21.1</ele>
<time>2026-06-12T09:36:46.764+08:00</time>
<extensions>
<gpxtpx:TrackPointExtension>
<gpxtpx:speed>1.4</gpxtpx:speed>
</gpxtpx:TrackPointExtension>
<opentracks:accuracy_horizontal>3.496</opentracks:accuracy_horizontal></extensions>
</trkpt>
<trkpt lat="-32.229471" lon="115.805302">
<ele>-21.4</ele>
<time>2026-06-12T09:36:54.767+08:00</time>
<extensions>
<gpxtpx:TrackPointExtension>
<gpxtpx:speed>1.32</gpxtpx:speed>
</gpxtpx:TrackPointExtension>
<opentracks:accuracy_horizontal>3.426</opentracks:accuracy_horizontal></extensions>
</trkpt>
<trkpt lat="-32.229485" lon="115.805186">
<ele>-21.5</ele>
<time>2026-06-12T09:37:02.77+08:00</time>
<extensions>
<gpxtpx:TrackPointExtension>
<gpxtpx:speed>1.33</gpxtpx:speed>
</gpxtpx:TrackPointExtension>
<opentracks:accuracy_horizontal>3.524</opentracks:accuracy_horizontal></extensions>
</trkpt>
<trkpt lat="-32.229511" lon="115.805085">
<ele>-23.2</ele>
<time>2026-06-12T09:37:12.772+08:00</time>
<extensions>
<gpxtpx:TrackPointExtension>
<gpxtpx:speed>1.15</gpxtpx:speed>
</gpxtpx:TrackPointExtension>
<opentracks:accuracy_horizontal>3.702</opentracks:accuracy_horizontal></extensions>
</trkpt>
<trkpt lat="-32.229599" lon="115.805038">
<ele>-23.2</ele>
<time>2026-06-12T09:37:23.768+08:00</time>
<extensions>
<gpxtpx:TrackPointExtension>
<gpxtpx:speed>1.07</gpxtpx:speed>
</gpxtpx:TrackPointExtension>
<opentracks:accuracy_horizontal>3.379</opentracks:accuracy_horizontal></extensions>
</trkpt>
<trkpt lat="-32.229653" lon="115.805035">
<ele>-24.5</ele>
<time>2026-06-12T09:37:33.754+08:00</time>
<extensions>
<gpxtpx:TrackPointExtension>
<gpxtpx:speed>0.07</gpxtpx:speed>
</gpxtpx:TrackPointExtension>
<opentracks:accuracy_horizontal>3.028</opentracks:accuracy_horizontal></extensions>
</trkpt>
<trkpt lat="-32.229631" lon="115.804925">
<ele>-23.4</ele>
<time>2026-06-12T09:38:36.766+08:00</time>
<extensions>
<gpxtpx:TrackPointExtension>
<gpxtpx:speed>1.13</gpxtpx:speed>
</gpxtpx:TrackPointExtension>
<opentracks:accuracy_horizontal>3.905</opentracks:accuracy_horizontal></extensions>
</trkpt>
<trkpt lat="-32.22968" lon="115.804831">
<ele>-23.2</ele>
<time>2026-06-12T09:38:44.761+08:00</time>
<extensions>
<gpxtpx:TrackPointExtension>
<gpxtpx:speed>1.22</gpxtpx:speed>
</gpxtpx:TrackPointExtension>
<opentracks:accuracy_horizontal>4.026</opentracks:accuracy_horizontal></extensions>
</trkpt>
<trkpt lat="-32.229735" lon="115.804738">
<ele>-22.1</ele>
<time>2026-06-12T09:38:52.747+08:00</time>
<extensions>
<gpxtpx:TrackPointExtension>
<gpxtpx:speed>1.23</gpxtpx:speed>
</gpxtpx:TrackPointExtension>
<opentracks:accuracy_horizontal>3.744</opentracks:accuracy_horizontal></extensions>
</trkpt>
<trkpt lat="-32.229782" lon="115.804645">
<ele>-22</ele>
<time>2026-06-12T09:39:00.762+08:00</time>
<extensions>
<gpxtpx:TrackPointExtension>
<gpxtpx:speed>1.23</gpxtpx:speed>
</gpxtpx:TrackPointExtension>
<opentracks:accuracy_horizontal>4.199</opentracks:accuracy_horizontal></extensions>
</trkpt>
<trkpt lat="-32.229842" lon="115.804556">
<ele>-23.9</ele>
<time>2026-06-12T09:39:09.77+08:00</time>
<extensions>
<gpxtpx:TrackPointExtension>
<gpxtpx:speed>1.17</gpxtpx:speed>
</gpxtpx:TrackPointExtension>
<opentracks:accuracy_horizontal>4.076</opentracks:accuracy_horizontal></extensions>
</trkpt>
<trkpt lat="-32.229884" lon="115.804452">
<ele>-23.5</ele>
<time>2026-06-12T09:39:18.774+08:00</time>
<extensions>
<gpxtpx:TrackPointExtension>
<gpxtpx:speed>1.18</gpxtpx:speed>
</gpxtpx:TrackPointExtension>
<opentracks:accuracy_horizontal>4.919</opentracks:accuracy_horizontal></extensions>
</trkpt>
<trkpt lat="-32.22993" lon="115.804361">
<ele>-23.1</ele>
<time>2026-06-12T09:39:28.763+08:00</time>
<extensions>
<gpxtpx:TrackPointExtension>
<gpxtpx:speed>1.05</gpxtpx:speed>
</gpxtpx:TrackPointExtension>
<opentracks:accuracy_horizontal>5.429</opentracks:accuracy_horizontal></extensions>
</trkpt>
<trkpt lat="-32.22991" lon="115.804354">
<ele>-24.5</ele>
<time>2026-06-12T09:39:38.761+08:00</time>
<extensions>
<gpxtpx:TrackPointExtension>
<gpxtpx:speed>0.32</gpxtpx:speed>
</gpxtpx:TrackPointExtension>
<opentracks:accuracy_horizontal>4.533</opentracks:accuracy_horizontal></extensions>
</trkpt>
<trkpt lat="-32.22998" lon="115.80425">
<ele>-24.6</ele>
<time>2026-06-12T09:40:24.768+08:00</time>
<extensions>
<gpxtpx:TrackPointExtension>
<gpxtpx:speed>1.09</gpxtpx:speed>
</gpxtpx:TrackPointExtension>
<opentracks:accuracy_horizontal>5.525</opentracks:accuracy_horizontal></extensions>
</trkpt>
<trkpt lat="-32.230035" lon="115.804161">
<ele>-26.9</ele>
<time>2026-06-12T09:40:30.769+08:00</time>
<extensions>
<gpxtpx:TrackPointExtension>
<gpxtpx:speed>1.53</gpxtpx:speed>
</gpxtpx:TrackPointExtension>
<opentracks:accuracy_horizontal>5.735</opentracks:accuracy_horizontal></extensions>
</trkpt>
<trkpt lat="-32.230097" lon="115.804072">
<ele>-26.8</ele>
<time>2026-06-12T09:40:38.775+08:00</time>
<extensions>
<gpxtpx:TrackPointExtension>
<gpxtpx:speed>1.31</gpxtpx:speed>
</gpxtpx:TrackPointExtension>
<opentracks:accuracy_horizontal>5.978</opentracks:accuracy_horizontal></extensions>
</trkpt>
<trkpt lat="-32.230148" lon="115.803956">
<ele>-24.9</ele>
<time>2026-06-12T09:40:45.757+08:00</time>
<extensions>
<gpxtpx:TrackPointExtension>
<gpxtpx:speed>1.47</gpxtpx:speed>
</gpxtpx:TrackPointExtension>
<opentracks:accuracy_horizontal>5.11</opentracks:accuracy_horizontal></extensions>
</trkpt>
<trkpt lat="-32.230192" lon="115.803863">
<ele>-22.6</ele>
<time>2026-06-12T09:40:51.763+08:00</time>
<extensions>
<gpxtpx:TrackPointExtension>
<gpxtpx:speed>1.49</gpxtpx:speed>
</gpxtpx:TrackPointExtension>
<opentracks:accuracy_horizontal>4.422</opentracks:accuracy_horizontal></extensions>
</trkpt>
<trkpt lat="-32.23026" lon="115.803771">
<ele>-22.2</ele>
<time>2026-06-12T09:41:00.765+08:00</time>
<extensions>
<gpxtpx:TrackPointExtension>
<gpxtpx:speed>1.32</gpxtpx:speed>
</gpxtpx:TrackPointExtension>
<opentracks:accuracy_horizontal>4.174</opentracks:accuracy_horizontal></extensions>
</trkpt>
<trkpt lat="-32.230345" lon="115.803708">
<ele>-21.9</ele>
<time>2026-06-12T09:41:08.765+08:00</time>
<extensions>
<gpxtpx:TrackPointExtension>
<gpxtpx:speed>1.31</gpxtpx:speed>
</gpxtpx:TrackPointExtension>
<opentracks:accuracy_horizontal>4.064</opentracks:accuracy_horizontal></extensions>
</trkpt>
<trkpt lat="-32.230432" lon="115.803657">
<ele>-21.3</ele>
<time>2026-06-12T09:41:16.767+08:00</time>
<extensions>
<gpxtpx:TrackPointExtension>
<gpxtpx:speed>1.25</gpxtpx:speed>
</gpxtpx:TrackPointExtension>
<opentracks:accuracy_horizontal>3.867</opentracks:accuracy_horizontal></extensions>
</trkpt>
<trkpt lat="-32.230515" lon="115.803605">
<ele>-20.9</ele>
<time>2026-06-12T09:41:24.764+08:00</time>
<extensions>
<gpxtpx:TrackPointExtension>
<gpxtpx:speed>1.25</gpxtpx:speed>
</gpxtpx:TrackPointExtension>
<opentracks:accuracy_horizontal>3.598</opentracks:accuracy_horizontal></extensions>
</trkpt>
<trkpt lat="-32.230568" lon="115.803511">
<ele>-20.5</ele>
<time>2026-06-12T09:41:32.764+08:00</time>
<extensions>
<gpxtpx:TrackPointExtension>
<gpxtpx:speed>1.26</gpxtpx:speed>
</gpxtpx:TrackPointExtension>
<opentracks:accuracy_horizontal>3.458</opentracks:accuracy_horizontal></extensions>
</trkpt>
<trkpt lat="-32.230562" lon="115.803508">
<ele>-21</ele>
<time>2026-06-12T09:41:42.754+08:00</time>
<extensions>
<gpxtpx:TrackPointExtension>
<gpxtpx:speed>0.07</gpxtpx:speed>
</gpxtpx:TrackPointExtension>
<opentracks:accuracy_horizontal>3.338</opentracks:accuracy_horizontal></extensions>
</trkpt>
<trkpt lat="-32.230609" lon="115.803409">
<ele>-22.2</ele>
<time>2026-06-12T09:42:25.763+08:00</time>
<extensions>
<gpxtpx:TrackPointExtension>
<gpxtpx:speed>1.22</gpxtpx:speed>
</gpxtpx:TrackPointExtension>
<opentracks:accuracy_horizontal>4</opentracks:accuracy_horizontal></extensions>
</trkpt>
<trkpt lat="-32.230669" lon="115.803322">
<ele>-22.5</ele>
<time>2026-06-12T09:42:33.769+08:00</time>
<extensions>
<gpxtpx:TrackPointExtension>
<gpxtpx:speed>1.22</gpxtpx:speed>
</gpxtpx:TrackPointExtension>
<opentracks:accuracy_horizontal>3.904</opentracks:accuracy_horizontal></extensions>
</trkpt>
<trkpt lat="-32.230735" lon="115.80324">
<ele>-21.2</ele>
<time>2026-06-12T09:42:41.771+08:00</time>
<extensions>
<gpxtpx:TrackPointExtension>
<gpxtpx:speed>1.27</gpxtpx:speed>
</gpxtpx:TrackPointExtension>
<opentracks:accuracy_horizontal>3.834</opentracks:accuracy_horizontal></extensions>
</trkpt>
<trkpt lat="-32.230791" lon="115.803152">
<ele>-20.3</ele>
<time>2026-06-12T09:42:49.786+08:00</time>
<extensions>
<gpxtpx:TrackPointExtension>
<gpxtpx:speed>1.25</gpxtpx:speed>
</gpxtpx:TrackPointExtension>
<opentracks:accuracy_horizontal>3.677</opentracks:accuracy_horizontal></extensions>
</trkpt>
<trkpt lat="-32.230844" lon="115.803055">
<ele>-19.4</ele>
<time>2026-06-12T09:42:58.773+08:00</time>
<extensions>
<gpxtpx:TrackPointExtension>
<gpxtpx:speed>1.19</gpxtpx:speed>
</gpxtpx:TrackPointExtension>
<opentracks:accuracy_horizontal>3.862</opentracks:accuracy_horizontal></extensions>
</trkpt>
<trkpt lat="-32.23091" lon="115.80296">
<ele>-20.1</ele>
<time>2026-06-12T09:43:06.759+08:00</time>
<extensions>
<gpxtpx:TrackPointExtension>
<gpxtpx:speed>1.3</gpxtpx:speed>
</gpxtpx:TrackPointExtension>
<opentracks:accuracy_horizontal>4.128</opentracks:accuracy_horizontal></extensions>
</trkpt>
<trkpt lat="-32.230959" lon="115.802867">
<ele>-20.1</ele>
<time>2026-06-12T09:43:15.775+08:00</time>
<extensions>
<gpxtpx:TrackPointExtension>
<gpxtpx:speed>1.16</gpxtpx:speed>
</gpxtpx:TrackPointExtension>
<opentracks:accuracy_horizontal>4.867</opentracks:accuracy_horizontal></extensions>
</trkpt>
<trkpt lat="-32.230976" lon="115.802762">
<ele>-20.8</ele>
<time>2026-06-12T09:43:23.762+08:00</time>
<extensions>
<gpxtpx:TrackPointExtension>
<gpxtpx:speed>1.17</gpxtpx:speed>
</gpxtpx:TrackPointExtension>
<opentracks:accuracy_horizontal>4.348</opentracks:accuracy_horizontal></extensions>
</trkpt>
<trkpt lat="-32.231004" lon="115.802657">
<ele>-21.9</ele>
<time>2026-06-12T09:43:31.774+08:00</time>
<extensions>
<gpxtpx:TrackPointExtension>
<gpxtpx:speed>1.23</gpxtpx:speed>
</gpxtpx:TrackPointExtension>
<opentracks:accuracy_horizontal>4.529</opentracks:accuracy_horizontal></extensions>
</trkpt>
<trkpt lat="-32.231011" lon="115.802635">
<ele>-21.4</ele>
<time>2026-06-12T09:43:41.768+08:00</time>
<extensions>
<gpxtpx:TrackPointExtension>
<gpxtpx:speed>0.08</gpxtpx:speed>
</gpxtpx:TrackPointExtension>
<opentracks:accuracy_horizontal>2.771</opentracks:accuracy_horizontal></extensions>
</trkpt>
<trkpt lat="-32.231043" lon="115.802535">
<ele>-21.9</ele>
<time>2026-06-12T09:44:07.773+08:00</time>
<extensions>
<gpxtpx:TrackPointExtension>
<gpxtpx:speed>1.17</gpxtpx:speed>
</gpxtpx:TrackPointExtension>
<opentracks:accuracy_horizontal>3.917</opentracks:accuracy_horizontal></extensions>
</trkpt>
<trkpt lat="-32.231054" lon="115.802426">
<ele>-21.7</ele>
<time>2026-06-12T09:44:16.772+08:00</time>
<extensions>
<gpxtpx:TrackPointExtension>
<gpxtpx:speed>1.13</gpxtpx:speed>
</gpxtpx:TrackPointExtension>
<opentracks:accuracy_horizontal>3.909</opentracks:accuracy_horizontal></extensions>
</trkpt>
<trkpt lat="-32.231052" lon="115.802374">
<ele>-21.7</ele>
<time>2026-06-12T09:44:26.776+08:00</time>
<extensions>
<gpxtpx:TrackPointExtension>
<gpxtpx:speed>0.87</gpxtpx:speed>
</gpxtpx:TrackPointExtension>
<opentracks:accuracy_horizontal>3.206</opentracks:accuracy_horizontal></extensions>
</trkpt>
<trkpt lat="-32.231005" lon="115.802277">
<ele>-21.5</ele>
<time>2026-06-12T09:44:34.787+08:00</time>
<extensions>
<gpxtpx:TrackPointExtension>
<gpxtpx:speed>1.22</gpxtpx:speed>
</gpxtpx:TrackPointExtension>
<opentracks:accuracy_horizontal>3.203</opentracks:accuracy_horizontal></extensions>
</trkpt>
<trkpt lat="-32.230997" lon="115.802242">
<ele>-21</ele>
<time>2026-06-12T09:44:44.776+08:00</time>
<extensions>
<gpxtpx:TrackPointExtension>
<gpxtpx:speed>0.02</gpxtpx:speed>
</gpxtpx:TrackPointExtension>
<opentracks:accuracy_horizontal>3.112</opentracks:accuracy_horizontal></extensions>
</trkpt>
<trkpt lat="-32.230957" lon="115.802141">
<ele>-21.7</ele>
<time>2026-06-12T09:45:03.77+08:00</time>
<extensions>
<gpxtpx:TrackPointExtension>
<gpxtpx:speed>0.84</gpxtpx:speed>
</gpxtpx:TrackPointExtension>
<opentracks:accuracy_horizontal>3.765</opentracks:accuracy_horizontal></extensions>
</trkpt>
<trkpt lat="-32.230962" lon="115.802027">
<ele>-22.5</ele>
<time>2026-06-12T09:45:12.778+08:00</time>
<extensions>
<gpxtpx:TrackPointExtension>
<gpxtpx:speed>1.04</gpxtpx:speed>
</gpxtpx:TrackPointExtension>
<opentracks:accuracy_horizontal>3.642</opentracks:accuracy_horizontal></extensions>
</trkpt>
<trkpt lat="-32.230965" lon="115.802008">
<ele>-21.4</ele>
<time>2026-06-12T09:45:22.74+08:00</time>
<extensions>
<gpxtpx:TrackPointExtension>
<gpxtpx:speed>0.41</gpxtpx:speed>
</gpxtpx:TrackPointExtension>
<opentracks:accuracy_horizontal>3.521</opentracks:accuracy_horizontal></extensions>
</trkpt>
<trkpt lat="-32.23095" lon="115.801894">
<ele>-20.6</ele>
<time>2026-06-12T09:45:38.737+08:00</time>
<extensions>
<gpxtpx:TrackPointExtension>
<gpxtpx:speed>1.3</gpxtpx:speed>
</gpxtpx:TrackPointExtension>
<opentracks:accuracy_horizontal>2.991</opentracks:accuracy_horizontal></extensions>
</trkpt>
<trkpt lat="-32.230937" lon="115.801795">
<ele>-20.4</ele>
<time>2026-06-12T09:45:47.776+08:00</time>
<extensions>
<gpxtpx:TrackPointExtension>
<gpxtpx:speed>1.13</gpxtpx:speed>
</gpxtpx:TrackPointExtension>
<opentracks:accuracy_horizontal>3.526</opentracks:accuracy_horizontal></extensions>
</trkpt>
<trkpt lat="-32.230906" lon="115.80169">
<ele>-19.6</ele>
<time>2026-06-12T09:45:57.756+08:00</time>
<extensions>
<gpxtpx:TrackPointExtension>
<gpxtpx:speed>1.07</gpxtpx:speed>
</gpxtpx:TrackPointExtension>
<opentracks:accuracy_horizontal>5.243</opentracks:accuracy_horizontal></extensions>
</trkpt>
<trkpt lat="-32.230915" lon="115.801667">
<ele>-20.6</ele>
<time>2026-06-12T09:46:07.75+08:00</time>
<extensions>
<gpxtpx:TrackPointExtension>
<gpxtpx:speed>0.06</gpxtpx:speed>
</gpxtpx:TrackPointExtension>
<opentracks:accuracy_horizontal>3.135</opentracks:accuracy_horizontal></extensions>
</trkpt>
<trkpt lat="-32.230938" lon="115.801557">
<ele>-19.7</ele>
<time>2026-06-12T09:46:22.757+08:00</time>
<extensions>
<gpxtpx:TrackPointExtension>
<gpxtpx:speed>1.51</gpxtpx:speed>
</gpxtpx:TrackPointExtension>
<opentracks:accuracy_horizontal>3.42</opentracks:accuracy_horizontal></extensions>
</trkpt>
<trkpt lat="-32.230939" lon="115.801447">
<ele>-20.4</ele>
<time>2026-06-12T09:46:32.746+08:00</time>
<extensions>
<gpxtpx:TrackPointExtension>
<gpxtpx:speed>1</gpxtpx:speed>
</gpxtpx:TrackPointExtension>
<opentracks:accuracy_horizontal>5.003</opentracks:accuracy_horizontal></extensions>
</trkpt>
<trkpt lat="-32.230926" lon="115.801424">
<ele>-22.6</ele>
<time>2026-06-12T09:46:41.774+08:00</time>
<extensions>
<gpxtpx:TrackPointExtension>
<gpxtpx:speed>0.62</gpxtpx:speed>
</gpxtpx:TrackPointExtension>
<opentracks:accuracy_horizontal>6.26</opentracks:accuracy_horizontal></extensions>
</trkpt>
<trkpt lat="-32.230934" lon="115.801296">
<ele>-21.9</ele>
<time>2026-06-12T09:46:51.775+08:00</time>
<extensions>
<gpxtpx:TrackPointExtension>
<gpxtpx:speed>1.44</gpxtpx:speed>
</gpxtpx:TrackPointExtension>
<opentracks:accuracy_horizontal>6.727</opentracks:accuracy_horizontal></extensions>
</trkpt>
<trkpt lat="-32.230934" lon="115.801265">
<ele>-17.2</ele>
<time>2026-06-12T09:47:01.78+08:00</time>
<extensions>
<gpxtpx:TrackPointExtension>
<gpxtpx:speed>0.01</gpxtpx:speed>
</gpxtpx:TrackPointExtension>
<opentracks:accuracy_horizontal>3.343</opentracks:accuracy_horizontal></extensions>
</trkpt>
<trkpt lat="-32.230972" lon="115.801156">
<ele>-20.3</ele>
<time>2026-06-12T09:47:38.769+08:00</time>
<extensions>
<gpxtpx:TrackPointExtension>
<gpxtpx:speed>1.22</gpxtpx:speed>
</gpxtpx:TrackPointExtension>
<opentracks:accuracy_horizontal>4.034</opentracks:accuracy_horizontal></extensions>
</trkpt>
<trkpt lat="-32.231008" lon="115.801063">
<ele>-20.7</ele>
<time>2026-06-12T09:47:48.768+08:00</time>
<extensions>
<gpxtpx:TrackPointExtension>
<gpxtpx:speed>0.15</gpxtpx:speed>
</gpxtpx:TrackPointExtension>
<opentracks:accuracy_horizontal>2.718</opentracks:accuracy_horizontal></extensions>
</trkpt>
<trkpt lat="-32.230983" lon="115.800948">
<ele>-21.3</ele>
<time>2026-06-12T09:47:57.775+08:00</time>
<extensions>
<gpxtpx:TrackPointExtension>
<gpxtpx:speed>1.31</gpxtpx:speed>
</gpxtpx:TrackPointExtension>
<opentracks:accuracy_horizontal>3.894</opentracks:accuracy_horizontal></extensions>
</trkpt>
<trkpt lat="-32.231046" lon="115.800858">
<ele>-21.2</ele>
<time>2026-06-12T09:48:07.777+08:00</time>
<extensions>
<gpxtpx:TrackPointExtension>
<gpxtpx:speed>1.2</gpxtpx:speed>
</gpxtpx:TrackPointExtension>
<opentracks:accuracy_horizontal>4.314</opentracks:accuracy_horizontal></extensions>
</trkpt>
<trkpt lat="-32.231128" lon="115.800789">
<ele>-21.4</ele>
<time>2026-06-12T09:48:15.771+08:00</time>
<extensions>
<gpxtpx:TrackPointExtension>
<gpxtpx:speed>1.24</gpxtpx:speed>
</gpxtpx:TrackPointExtension>
<opentracks:accuracy_horizontal>3.801</opentracks:accuracy_horizontal></extensions>
</trkpt>
<trkpt lat="-32.231199" lon="115.800718">
<ele>-20.7</ele>
<time>2026-06-12T09:48:22.794+08:00</time>
<extensions>
<gpxtpx:TrackPointExtension>
<gpxtpx:speed>1.31</gpxtpx:speed>
</gpxtpx:TrackPointExtension>
<opentracks:accuracy_horizontal>3.093</opentracks:accuracy_horizontal></extensions>
</trkpt>
<trkpt lat="-32.231272" lon="115.800647">
<ele>-21.1</ele>
<time>2026-06-12T09:48:32.772+08:00</time>
<extensions>
<gpxtpx:TrackPointExtension>
<gpxtpx:speed>1.12</gpxtpx:speed>
</gpxtpx:TrackPointExtension>
<opentracks:accuracy_horizontal>3.407</opentracks:accuracy_horizontal></extensions>
</trkpt>
<trkpt lat="-32.231333" lon="115.800588">
<ele>-20.9</ele>
<time>2026-06-12T09:48:42.771+08:00</time>
<extensions>
<gpxtpx:TrackPointExtension>
<gpxtpx:speed>0.79</gpxtpx:speed>
</gpxtpx:TrackPointExtension>
<opentracks:accuracy_horizontal>3.451</opentracks:accuracy_horizontal></extensions>
</trkpt>
<trkpt lat="-32.23141" lon="115.800519">
<ele>-22.3</ele>
<time>2026-06-12T09:48:54.77+08:00</time>
<extensions>
<gpxtpx:TrackPointExtension>
<gpxtpx:speed>1.28</gpxtpx:speed>
</gpxtpx:TrackPointExtension>
<opentracks:accuracy_horizontal>4.445</opentracks:accuracy_horizontal></extensions>
</trkpt>
<trkpt lat="-32.231447" lon="115.800487">
<ele>-23</ele>
<time>2026-06-12T09:49:04.774+08:00</time>
<extensions>
<gpxtpx:TrackPointExtension>
<gpxtpx:speed>0.4</gpxtpx:speed>
</gpxtpx:TrackPointExtension>
<opentracks:accuracy_horizontal>4.737</opentracks:accuracy_horizontal></extensions>
</trkpt>
<trkpt lat="-32.231516" lon="115.800412">
<ele>-24.4</ele>
<time>2026-06-12T09:49:11.769+08:00</time>
<extensions>
<gpxtpx:TrackPointExtension>
<gpxtpx:speed>1.36</gpxtpx:speed>
</gpxtpx:TrackPointExtension>
<opentracks:accuracy_horizontal>4.879</opentracks:accuracy_horizontal></extensions>
</trkpt>
<trkpt lat="-32.231574" lon="115.800358">
<ele>-25.1</ele>
<time>2026-06-12T09:49:21.774+08:00</time>
<extensions>
<gpxtpx:TrackPointExtension>
<gpxtpx:speed>0.07</gpxtpx:speed>
</gpxtpx:TrackPointExtension>
<opentracks:accuracy_horizontal>3.157</opentracks:accuracy_horizontal></extensions>
</trkpt>
<trkpt lat="-32.231641" lon="115.800286">
<ele>-24.8</ele>
<time>2026-06-12T09:49:31.784+08:00</time>
<extensions>
<gpxtpx:TrackPointExtension>
<gpxtpx:speed>1.27</gpxtpx:speed>
</gpxtpx:TrackPointExtension>
<opentracks:accuracy_horizontal>3.61</opentracks:accuracy_horizontal></extensions>
</trkpt>
<trkpt lat="-32.231727" lon="115.800215">
<ele>-24.4</ele>
<time>2026-06-12T09:49:39.775+08:00</time>
<extensions>
<gpxtpx:TrackPointExtension>
<gpxtpx:speed>1.32</gpxtpx:speed>
</gpxtpx:TrackPointExtension>
<opentracks:accuracy_horizontal>3.262</opentracks:accuracy_horizontal></extensions>
</trkpt>
<trkpt lat="-32.231794" lon="115.800142">
<ele>-24.4</ele>
<time>2026-06-12T09:49:47.777+08:00</time>
<extensions>
<gpxtpx:TrackPointExtension>
<gpxtpx:speed>1.26</gpxtpx:speed>
</gpxtpx:TrackPointExtension>
<opentracks:accuracy_horizontal>3.048</opentracks:accuracy_horizontal></extensions>
</trkpt>
<trkpt lat="-32.231868" lon="115.800072">
<ele>-25.6</ele>
<time>2026-06-12T09:49:57.772+08:00</time>
<extensions>
<gpxtpx:TrackPointExtension>
<gpxtpx:speed>1.11</gpxtpx:speed>
</gpxtpx:TrackPointExtension>
<opentracks:accuracy_horizontal>3.303</opentracks:accuracy_horizontal></extensions>
</trkpt>
<trkpt lat="-32.231941" lon="115.800002">
<ele>-26.7</ele>
<time>2026-06-12T09:50:07.778+08:00</time>
<extensions>
<gpxtpx:TrackPointExtension>
<gpxtpx:speed>1.06</gpxtpx:speed>
</gpxtpx:TrackPointExtension>
<opentracks:accuracy_horizontal>3.372</opentracks:accuracy_horizontal></extensions>
</trkpt>
<trkpt lat="-32.232019" lon="115.799928">
<ele>-26.8</ele>
<time>2026-06-12T09:50:16.777+08:00</time>
<extensions>
<gpxtpx:TrackPointExtension>
<gpxtpx:speed>1.14</gpxtpx:speed>
</gpxtpx:TrackPointExtension>
<opentracks:accuracy_horizontal>2.961</opentracks:accuracy_horizontal></extensions>
</trkpt>
<trkpt lat="-32.232086" lon="115.799852">
<ele>-23.9</ele>
<time>2026-06-12T09:50:24.716+08:00</time>
<extensions>
<gpxtpx:TrackPointExtension>
<gpxtpx:speed>1.18</gpxtpx:speed>
</gpxtpx:TrackPointExtension>
<opentracks:accuracy_horizontal>2.437</opentracks:accuracy_horizontal></extensions>
</trkpt>
<trkpt lat="-32.232128" lon="115.79981">
<ele>-22.5</ele>
<time>2026-06-12T09:50:34.716+08:00</time>
<extensions>
<gpxtpx:TrackPointExtension>
<gpxtpx:speed>0.56</gpxtpx:speed>
</gpxtpx:TrackPointExtension>
<opentracks:accuracy_horizontal>2.555</opentracks:accuracy_horizontal></extensions>
</trkpt>
<trkpt lat="-32.232224" lon="115.799788">
<ele>-22.5</ele>
<time>2026-06-12T09:50:42.733+08:00</time>
<extensions>
<gpxtpx:TrackPointExtension>
<gpxtpx:speed>1.25</gpxtpx:speed>
</gpxtpx:TrackPointExtension>
<opentracks:accuracy_horizontal>2.484</opentracks:accuracy_horizontal></extensions>
</trkpt>
<trkpt lat="-32.232239" lon="115.799809">
<ele>-22.7</ele>
<time>2026-06-12T09:50:52.707+08:00</time>
<extensions>
<gpxtpx:TrackPointExtension>
<gpxtpx:speed>0.02</gpxtpx:speed>
</gpxtpx:TrackPointExtension>
<opentracks:accuracy_horizontal>2.412</opentracks:accuracy_horizontal></extensions>
</trkpt>
<trkpt lat="-32.232329" lon="115.799791">
<ele>-23.8</ele>
<time>2026-06-12T09:51:35.714+08:00</time>
<extensions>
<gpxtpx:TrackPointExtension>
<gpxtpx:speed>1.11</gpxtpx:speed>
</gpxtpx:TrackPointExtension>
<opentracks:accuracy_horizontal>2.575</opentracks:accuracy_horizontal></extensions>
</trkpt>
<trkpt lat="-32.232403" lon="115.799858">
<ele>-22.5</ele>
<time>2026-06-12T09:51:44.718+08:00</time>
<extensions>
<gpxtpx:TrackPointExtension>
<gpxtpx:speed>1.19</gpxtpx:speed>
</gpxtpx:TrackPointExtension>
<opentracks:accuracy_horizontal>2.519</opentracks:accuracy_horizontal></extensions>
</trkpt>
<trkpt lat="-32.232464" lon="115.79994">
<ele>-21.6</ele>
<time>2026-06-12T09:51:52.726+08:00</time>
<extensions>
<gpxtpx:TrackPointExtension>
<gpxtpx:speed>1.24</gpxtpx:speed>
</gpxtpx:TrackPointExtension>
<opentracks:accuracy_horizontal>2.546</opentracks:accuracy_horizontal></extensions>
</trkpt>
<trkpt lat="-32.232508" lon="115.800036">
<ele>-23.4</ele>
<time>2026-06-12T09:52:00.723+08:00</time>
<extensions>
<gpxtpx:TrackPointExtension>
<gpxtpx:speed>1.25</gpxtpx:speed>
</gpxtpx:TrackPointExtension>
<opentracks:accuracy_horizontal>2.323</opentracks:accuracy_horizontal></extensions>
</trkpt>
<trkpt lat="-32.232581" lon="115.800119">
<ele>-23.5</ele>
<time>2026-06-12T09:52:08.719+08:00</time>
<extensions>
<gpxtpx:TrackPointExtension>
<gpxtpx:speed>1.32</gpxtpx:speed>
</gpxtpx:TrackPointExtension>
<opentracks:accuracy_horizontal>2.754</opentracks:accuracy_horizontal></extensions>
</trkpt>
<trkpt lat="-32.232619" lon="115.800159">
<ele>-23.9</ele>
<time>2026-06-12T09:52:18.723+08:00</time>
<extensions>
<gpxtpx:TrackPointExtension>
<gpxtpx:speed>0.28</gpxtpx:speed>
</gpxtpx:TrackPointExtension>
<opentracks:accuracy_horizontal>2.807</opentracks:accuracy_horizontal></extensions>
</trkpt>
<trkpt lat="-32.232548" lon="115.800075">
<ele>-24.5</ele>
<time>2026-06-12T09:52:30.711+08:00</time>
<extensions>
<gpxtpx:TrackPointExtension>
<gpxtpx:speed>1.29</gpxtpx:speed>
</gpxtpx:TrackPointExtension>
<opentracks:accuracy_horizontal>2.658</opentracks:accuracy_horizontal></extensions>
</trkpt>
<trkpt lat="-32.232487" lon="115.799989">
<ele>-23.7</ele>
<time>2026-06-12T09:52:39.709+08:00</time>
<extensions>
<gpxtpx:TrackPointExtension>
<gpxtpx:speed>1.11</gpxtpx:speed>
</gpxtpx:TrackPointExtension>
<opentracks:accuracy_horizontal>2.535</opentracks:accuracy_horizontal></extensions>
</trkpt>
<trkpt lat="-32.232515" lon="115.799988">
<ele>-23.3</ele>
<time>2026-06-12T09:52:49.708+08:00</time>
<extensions>
<gpxtpx:TrackPointExtension>
<gpxtpx:speed>0.6</gpxtpx:speed>
</gpxtpx:TrackPointExtension>
<opentracks:accuracy_horizontal>2.606</opentracks:accuracy_horizontal></extensions>
</trkpt>
<trkpt lat="-32.232548" lon="115.80009">
<ele>-24.6</ele>
<time>2026-06-12T09:52:57.727+08:00</time>
<extensions>
<gpxtpx:TrackPointExtension>
<gpxtpx:speed>1.1</gpxtpx:speed>
</gpxtpx:TrackPointExtension>
<opentracks:accuracy_horizontal>2.868</opentracks:accuracy_horizontal></extensions>
</trkpt>
<trkpt lat="-32.232609" lon="115.80017">
<ele>-23.4</ele>
<time>2026-06-12T09:53:05.718+08:00</time>
<extensions>
<gpxtpx:TrackPointExtension>
<gpxtpx:speed>1.15</gpxtpx:speed>
</gpxtpx:TrackPointExtension>
<opentracks:accuracy_horizontal>2.448</opentracks:accuracy_horizontal></extensions>
</trkpt>
<trkpt lat="-32.232681" lon="115.800241">
<ele>-22.9</ele>
<time>2026-06-12T09:53:14.72+08:00</time>
<extensions>
<gpxtpx:TrackPointExtension>
<gpxtpx:speed>1.14</gpxtpx:speed>
</gpxtpx:TrackPointExtension>
<opentracks:accuracy_horizontal>2.572</opentracks:accuracy_horizontal></extensions>
</trkpt>
<trkpt lat="-32.232712" lon="115.800277">
<ele>-23.2</ele>
<time>2026-06-12T09:53:23.722+08:00</time>
<extensions>
<gpxtpx:TrackPointExtension>
<gpxtpx:speed>0.21</gpxtpx:speed>
</gpxtpx:TrackPointExtension>
<opentracks:accuracy_horizontal>2.848</opentracks:accuracy_horizontal></extensions>
</trkpt>
<trkpt lat="-32.232753" lon="115.800373">
<ele>-23.3</ele>
<time>2026-06-12T09:53:31.72+08:00</time>
<extensions>
<gpxtpx:TrackPointExtension>
<gpxtpx:speed>1.15</gpxtpx:speed>
</gpxtpx:TrackPointExtension>
<opentracks:accuracy_horizontal>2.554</opentracks:accuracy_horizontal></extensions>
</trkpt>
<trkpt lat="-32.232779" lon="115.800457">
<ele>-23.6</ele>
<time>2026-06-12T09:53:41.72+08:00</time>
<extensions>
<gpxtpx:TrackPointExtension>
<gpxtpx:speed>0.98</gpxtpx:speed>
</gpxtpx:TrackPointExtension>
<opentracks:accuracy_horizontal>2.639</opentracks:accuracy_horizontal></extensions>
</trkpt>
<trkpt lat="-32.232864" lon="115.800525">
<ele>-24.1</ele>
<time>2026-06-12T09:53:53.738+08:00</time>
<extensions>
<gpxtpx:TrackPointExtension>
<gpxtpx:speed>1.14</gpxtpx:speed>
</gpxtpx:TrackPointExtension>
<opentracks:accuracy_horizontal>2.636</opentracks:accuracy_horizontal></extensions>
</trkpt>
<trkpt lat="-32.232923" lon="115.800606">
<ele>-24.2</ele>
<time>2026-06-12T09:54:00.723+08:00</time>
<extensions>
<gpxtpx:TrackPointExtension>
<gpxtpx:speed>1.29</gpxtpx:speed>
</gpxtpx:TrackPointExtension>
<opentracks:accuracy_horizontal>2.575</opentracks:accuracy_horizontal></extensions>
</trkpt>
<trkpt lat="-32.232981" lon="115.800695">
<ele>-23.9</ele>
<time>2026-06-12T09:54:08.715+08:00</time>
<extensions>
<gpxtpx:TrackPointExtension>
<gpxtpx:speed>1.28</gpxtpx:speed>
</gpxtpx:TrackPointExtension>
<opentracks:accuracy_horizontal>2.57</opentracks:accuracy_horizontal></extensions>
</trkpt>
<trkpt lat="-32.233039" lon="115.800785">
<ele>-23.2</ele>
<time>2026-06-12T09:54:18.726+08:00</time>
<extensions>
<gpxtpx:TrackPointExtension>
<gpxtpx:speed>1.15</gpxtpx:speed>
</gpxtpx:TrackPointExtension>
<opentracks:accuracy_horizontal>2.615</opentracks:accuracy_horizontal></extensions>
</trkpt>
<trkpt lat="-32.233106" lon="115.800874">
<ele>-23.8</ele>
<time>2026-06-12T09:54:27.71+08:00</time>
<extensions>
<gpxtpx:TrackPointExtension>
<gpxtpx:speed>1.18</gpxtpx:speed>
</gpxtpx:TrackPointExtension>
<opentracks:accuracy_horizontal>2.565</opentracks:accuracy_horizontal></extensions>
</trkpt>
<trkpt lat="-32.233173" lon="115.800954">
<ele>-23.6</ele>
<time>2026-06-12T09:54:35.731+08:00</time>
<extensions>
<gpxtpx:TrackPointExtension>
<gpxtpx:speed>1.24</gpxtpx:speed>
</gpxtpx:TrackPointExtension>
<opentracks:accuracy_horizontal>2.39</opentracks:accuracy_horizontal></extensions>
</trkpt>
<trkpt lat="-32.233222" lon="115.801053">
<ele>-22.9</ele>
<time>2026-06-12T09:54:43.734+08:00</time>
<extensions>
<gpxtpx:TrackPointExtension>
<gpxtpx:speed>1.27</gpxtpx:speed>
</gpxtpx:TrackPointExtension>
<opentracks:accuracy_horizontal>2.751</opentracks:accuracy_horizontal></extensions>
</trkpt>
<trkpt lat="-32.233287" lon="115.801138">
<ele>-23.3</ele>
<time>2026-06-12T09:54:51.733+08:00</time>
<extensions>
<gpxtpx:TrackPointExtension>
<gpxtpx:speed>1.31</gpxtpx:speed>
</gpxtpx:TrackPointExtension>
<opentracks:accuracy_horizontal>2.445</opentracks:accuracy_horizontal></extensions>
</trkpt>
<trkpt lat="-32.233342" lon="115.801232">
<ele>-23.8</ele>
<time>2026-06-12T09:54:59.719+08:00</time>
<extensions>
<gpxtpx:TrackPointExtension>
<gpxtpx:speed>1.31</gpxtpx:speed>
</gpxtpx:TrackPointExtension>
<opentracks:accuracy_horizontal>2.664</opentracks:accuracy_horizontal></extensions>
</trkpt>
<trkpt lat="-32.233406" lon="115.801314">
<ele>-23.8</ele>
<time>2026-06-12T09:55:07.717+08:00</time>
<extensions>
<gpxtpx:TrackPointExtension>
<gpxtpx:speed>1.28</gpxtpx:speed>
</gpxtpx:TrackPointExtension>
<opentracks:accuracy_horizontal>2.477</opentracks:accuracy_horizontal></extensions>
</trkpt>
<trkpt lat="-32.233473" lon="115.80139">
<ele>-23.6</ele>
<time>2026-06-12T09:55:14.726+08:00</time>
<extensions>
<gpxtpx:TrackPointExtension>
<gpxtpx:speed>1.33</gpxtpx:speed>
</gpxtpx:TrackPointExtension>
<opentracks:accuracy_horizontal>2.476</opentracks:accuracy_horizontal></extensions>
</trkpt>
<trkpt lat="-32.23352" lon="115.801477">
<ele>-22.3</ele>
<time>2026-06-12T09:55:23.768+08:00</time>
<extensions>
<gpxtpx:TrackPointExtension>
<gpxtpx:speed>1.09</gpxtpx:speed>
</gpxtpx:TrackPointExtension>
<opentracks:accuracy_horizontal>2.874</opentracks:accuracy_horizontal></extensions>
</trkpt>
<trkpt lat="-32.233577" lon="115.801567">
<ele>-23.1</ele>
<time>2026-06-12T09:55:38.717+08:00</time>
<extensions>
<gpxtpx:TrackPointExtension>
<gpxtpx:speed>1.23</gpxtpx:speed>
</gpxtpx:TrackPointExtension>
<opentracks:accuracy_horizontal>2.718</opentracks:accuracy_horizontal></extensions>
</trkpt>
<trkpt lat="-32.233642" lon="115.801661">
<ele>-23.9</ele>
<time>2026-06-12T09:55:47.722+08:00</time>
<extensions>
<gpxtpx:TrackPointExtension>
<gpxtpx:speed>1.23</gpxtpx:speed>
</gpxtpx:TrackPointExtension>
<opentracks:accuracy_horizontal>2.586</opentracks:accuracy_horizontal></extensions>
</trkpt>
<trkpt lat="-32.233712" lon="115.801748">
<ele>-24</ele>
<time>2026-06-12T09:55:56.731+08:00</time>
<extensions>
<gpxtpx:TrackPointExtension>
<gpxtpx:speed>1.21</gpxtpx:speed>
</gpxtpx:TrackPointExtension>
<opentracks:accuracy_horizontal>3.116</opentracks:accuracy_horizontal></extensions>
</trkpt>
<trkpt lat="-32.233763" lon="115.801836">
<ele>-23.7</ele>
<time>2026-06-12T09:56:03.733+08:00</time>
<extensions>
<gpxtpx:TrackPointExtension>
<gpxtpx:speed>1.28</gpxtpx:speed>
</gpxtpx:TrackPointExtension>
<opentracks:accuracy_horizontal>2.544</opentracks:accuracy_horizontal></extensions>
</trkpt>
<trkpt lat="-32.233824" lon="115.801919">
<ele>-23.9</ele>
<time>2026-06-12T09:56:11.714+08:00</time>
<extensions>
<gpxtpx:TrackPointExtension>
<gpxtpx:speed>1.26</gpxtpx:speed>
</gpxtpx:TrackPointExtension>
<opentracks:accuracy_horizontal>2.577</opentracks:accuracy_horizontal></extensions>
</trkpt>
<trkpt lat="-32.233881" lon="115.802001">
<ele>-22.9</ele>
<time>2026-06-12T09:56:19.725+08:00</time>
<extensions>
<gpxtpx:TrackPointExtension>
<gpxtpx:speed>1.21</gpxtpx:speed>
</gpxtpx:TrackPointExtension>
<opentracks:accuracy_horizontal>2.405</opentracks:accuracy_horizontal></extensions>
</trkpt>
<trkpt lat="-32.233871" lon="115.802109">
<ele>-22.1</ele>
<time>2026-06-12T09:56:29.721+08:00</time>
<extensions>
<gpxtpx:TrackPointExtension>
<gpxtpx:speed>1.1</gpxtpx:speed>
</gpxtpx:TrackPointExtension>
<opentracks:accuracy_horizontal>2.64</opentracks:accuracy_horizontal></extensions>
</trkpt>
<trkpt lat="-32.233885" lon="115.802222">
<ele>-21.1</ele>
<time>2026-06-12T09:56:37.746+08:00</time>
<extensions>
<gpxtpx:TrackPointExtension>
<gpxtpx:speed>1.17</gpxtpx:speed>
</gpxtpx:TrackPointExtension>
<opentracks:accuracy_horizontal>2.513</opentracks:accuracy_horizontal></extensions>
</trkpt>
<trkpt lat="-32.233887" lon="115.802334">
<ele>-20.6</ele>
<time>2026-06-12T09:56:45.767+08:00</time>
<extensions>
<gpxtpx:TrackPointExtension>
<gpxtpx:speed>1.15</gpxtpx:speed>
</gpxtpx:TrackPointExtension>
<opentracks:accuracy_horizontal>2.735</opentracks:accuracy_horizontal></extensions>
</trkpt>
<trkpt lat="-32.233885" lon="115.802443">
<ele>-21.1</ele>
<time>2026-06-12T09:56:53.768+08:00</time>
<extensions>
<gpxtpx:TrackPointExtension>
<gpxtpx:speed>1.18</gpxtpx:speed>
</gpxtpx:TrackPointExtension>
<opentracks:accuracy_horizontal>2.829</opentracks:accuracy_horizontal></extensions>
</trkpt>
<trkpt lat="-32.233886" lon="115.802557">
<ele>-19.8</ele>
<time>2026-06-12T09:57:02.714+08:00</time>
<extensions>
<gpxtpx:TrackPointExtension>
<gpxtpx:speed>1.14</gpxtpx:speed>
</gpxtpx:TrackPointExtension>
<opentracks:accuracy_horizontal>2.429</opentracks:accuracy_horizontal></extensions>
</trkpt>
<trkpt lat="-32.233896" lon="115.802664">
<ele>-19</ele>
<time>2026-06-12T09:57:11.766+08:00</time>
<extensions>
<gpxtpx:TrackPointExtension>
<gpxtpx:speed>1.1</gpxtpx:speed>
</gpxtpx:TrackPointExtension>
<opentracks:accuracy_horizontal>2.464</opentracks:accuracy_horizontal></extensions>
</trkpt>
<trkpt lat="-32.233891" lon="115.80277">
<ele>-19</ele>
<time>2026-06-12T09:57:20.72+08:00</time>
<extensions>
<gpxtpx:TrackPointExtension>
<gpxtpx:speed>1.09</gpxtpx:speed>
</gpxtpx:TrackPointExtension>
<opentracks:accuracy_horizontal>2.814</opentracks:accuracy_horizontal></extensions>
</trkpt>
<trkpt lat="-32.233895" lon="115.802869">
<ele>-17.6</ele>
<time>2026-06-12T09:57:30.729+08:00</time>
<extensions>
<gpxtpx:TrackPointExtension>
<gpxtpx:speed>0.4</gpxtpx:speed>
</gpxtpx:TrackPointExtension>
<opentracks:accuracy_horizontal>2.697</opentracks:accuracy_horizontal></extensions>
</trkpt>
<trkpt lat="-32.233895" lon="115.802981">
<ele>-15.4</ele>
<time>2026-06-12T09:57:41.732+08:00</time>
<extensions>
<gpxtpx:TrackPointExtension>
<gpxtpx:speed>0.94</gpxtpx:speed>
</gpxtpx:TrackPointExtension>
<opentracks:accuracy_horizontal>3.32</opentracks:accuracy_horizontal></extensions>
</trkpt>
<trkpt lat="-32.233855" lon="115.803076">
<ele>-15.5</ele>
<time>2026-06-12T09:57:49.736+08:00</time>
<extensions>
<gpxtpx:TrackPointExtension>
<gpxtpx:speed>1.2</gpxtpx:speed>
</gpxtpx:TrackPointExtension>
<opentracks:accuracy_horizontal>2.55</opentracks:accuracy_horizontal></extensions>
</trkpt>
<trkpt lat="-32.233763" lon="115.803096">
<ele>-15.5</ele>
<time>2026-06-12T09:57:56.729+08:00</time>
<extensions>
<gpxtpx:TrackPointExtension>
<gpxtpx:speed>1.3</gpxtpx:speed>
</gpxtpx:TrackPointExtension>
<opentracks:accuracy_horizontal>2.447</opentracks:accuracy_horizontal></extensions>
</trkpt>
<trkpt lat="-32.233693" lon="115.803105">
<ele>-16.2</ele>
<time>2026-06-12T09:58:05.762+08:00</time>
<extensions>
<gpxtpx:TrackPointExtension>
<gpxtpx:speed>0.99</gpxtpx:speed>
</gpxtpx:TrackPointExtension>
<opentracks:accuracy_horizontal>2.81</opentracks:accuracy_horizontal></extensions>
</trkpt>
<trkpt lat="-32.233603" lon="115.803116">
<ele>-17.2</ele>
<time>2026-06-12T09:58:15.753+08:00</time>
<extensions>
<gpxtpx:TrackPointExtension>
<gpxtpx:speed>1.12</gpxtpx:speed>
</gpxtpx:TrackPointExtension>
<opentracks:accuracy_horizontal>2.665</opentracks:accuracy_horizontal></extensions>
</trkpt>
<trkpt lat="-32.233506" lon="115.803116">
<ele>-17.8</ele>
<time>2026-06-12T09:58:23.744+08:00</time>
<extensions>
<gpxtpx:TrackPointExtension>
<gpxtpx:speed>1.23</gpxtpx:speed>
</gpxtpx:TrackPointExtension>
<opentracks:accuracy_horizontal>2.528</opentracks:accuracy_horizontal></extensions>
</trkpt>
<trkpt lat="-32.233412" lon="115.803113">
<ele>-17.6</ele>
<time>2026-06-12T09:58:33.722+08:00</time>
<extensions>
<gpxtpx:TrackPointExtension>
<gpxtpx:speed>1.11</gpxtpx:speed>
</gpxtpx:TrackPointExtension>
<opentracks:accuracy_horizontal>2.582</opentracks:accuracy_horizontal></extensions>
</trkpt>
<trkpt lat="-32.233321" lon="115.803132">
<ele>-14.8</ele>
<time>2026-06-12T09:58:41.73+08:00</time>
<extensions>
<gpxtpx:TrackPointExtension>
<gpxtpx:speed>1.19</gpxtpx:speed>
</gpxtpx:TrackPointExtension>
<opentracks:accuracy_horizontal>2.765</opentracks:accuracy_horizontal></extensions>
</trkpt>
<trkpt lat="-32.233236" lon="115.803079">
<ele>-13.9</ele>
<time>2026-06-12T09:58:50.769+08:00</time>
<extensions>
<gpxtpx:TrackPointExtension>
<gpxtpx:speed>1.17</gpxtpx:speed>
</gpxtpx:TrackPointExtension>
<opentracks:accuracy_horizontal>2.642</opentracks:accuracy_horizontal></extensions>
</trkpt>
<trkpt lat="-32.233205" lon="115.803054">
<ele>-14.5</ele>
<time>2026-06-12T09:59:00.771+08:00</time>
<extensions>
<gpxtpx:TrackPointExtension>
<gpxtpx:speed>0.05</gpxtpx:speed>
</gpxtpx:TrackPointExtension>
<opentracks:accuracy_horizontal>2.835</opentracks:accuracy_horizontal></extensions>
</trkpt>
<trkpt lat="-32.233262" lon="115.802955">
<ele>-17.3</ele>
<time>2026-06-12T09:59:13.78+08:00</time>
<extensions>
<gpxtpx:TrackPointExtension>
<gpxtpx:speed>0.81</gpxtpx:speed>
</gpxtpx:TrackPointExtension>
<opentracks:accuracy_horizontal>3.56</opentracks:accuracy_horizontal></extensions>
</trkpt>
<trkpt lat="-32.233237" lon="115.802956">
<ele>-17.5</ele>
<time>2026-06-12T09:59:22.763+08:00</time>
<extensions>
<gpxtpx:TrackPointExtension>
<gpxtpx:speed>0.27</gpxtpx:speed>
</gpxtpx:TrackPointExtension>
<opentracks:accuracy_horizontal>2.916</opentracks:accuracy_horizontal></extensions>
</trkpt>
<trkpt lat="-32.233243" lon="115.80284">
<ele>-17.3</ele>
<time>2026-06-12T09:59:45.721+08:00</time>
<extensions>
<gpxtpx:TrackPointExtension>
<gpxtpx:speed>0.3</gpxtpx:speed>
</gpxtpx:TrackPointExtension>
<opentracks:accuracy_horizontal>3.525</opentracks:accuracy_horizontal></extensions>
</trkpt>
<trkpt lat="-32.233271" lon="115.802825">
<ele>-18.5</ele>
<time>2026-06-12T09:59:54.771+08:00</time>
<extensions>
<gpxtpx:TrackPointExtension>
<gpxtpx:speed>0.36</gpxtpx:speed>
</gpxtpx:TrackPointExtension>
<opentracks:accuracy_horizontal>5.175</opentracks:accuracy_horizontal></extensions>
</trkpt>
<trkpt lat="-32.233318" lon="115.802873">
<ele>-18.8</ele>
<time>2026-06-12T10:00:08.751+08:00</time>
<extensions>
<gpxtpx:TrackPointExtension>
<gpxtpx:speed>0.36</gpxtpx:speed>
</gpxtpx:TrackPointExtension>
<opentracks:accuracy_horizontal>5.393</opentracks:accuracy_horizontal></extensions>
</trkpt>
</trkseg>
</trk>
</gpx>
