<?xml version="1.0" encoding="UTF-8"?>
<gpx
version="1.1"
creator="OpenTracks"
xmlns="http://www.topografix.com/GPX/1/1"
xmlns:topografix="http://www.topografix.com/GPX/Private/TopoGrafix/0/1"
xmlns:xsi="http://www.w3.org/2001/XMLSchema-instance"
xmlns:opentracks="http://opentracksapp.com/xmlschemas/v1"
xmlns:gpxtpx="http://www.garmin.com/xmlschemas/TrackPointExtension/v2"
xmlns:gpxtrkx="http://www.garmin.com/xmlschemas/TrackStatsExtension/v1"
xmlns:cluetrust="http://www.cluetrust.com/Schemas/"
xmlns:pwr="http://www.garmin.com/xmlschemas/PowerExtension/v1"
xsi:schemaLocation="http://www.topografix.com/GPX/1/1 http://www.topografix.com/GPX/1/1/gpx.xsd http://www.topografix.com/GPX/Private/TopoGrafix/0/1 http://www.topografix.com/GPX/Private/TopoGrafix/0/1/topografix.xsd http://www.garmin.com/xmlschemas/TrackPointExtension/v2 https://www8.garmin.com/xmlschemas/TrackPointExtensionv2.xsd http://www.garmin.com/xmlschemas/PowerExtension/v1 https://www8.garmin.com/xmlschemas/PowerExtensionv1.xsd http://www.garmin.com/xmlschemas/TrackStatsExtension/v1 https://www8.garmin.com/xmlschemas/TrackStatsExtension.xsd http://www.cluetrust.com/Schemas https://www.cluetrust.com/Schemas/gpxdata10.xsd http://opentracksapp.com/xmlschemas/v1 http://opentracksapp.com/xmlschemas/OpenTracks_v1.xsd">
<trk>
<name><![CDATA[2026-06-22T09:20+08]]></name>
<desc><![CDATA[]]></desc>
<type><![CDATA[cycling]]></type>
<extensions>
<topografix:color>c0c0c0</topografix:color>
<opentracks:trackid>423d2df4-e149-462b-8a68-7b9855e52197</opentracks:trackid>
<opentracks:typeTranslated><![CDATA[cycling]]></opentracks:typeTranslated>
<gpxtrkx:TrackStatsExtension>
<gpxtrkx:Distance>3339.49755859375</gpxtrkx:Distance>
<gpxtrkx:TimerTime>5235</gpxtrkx:TimerTime>
<gpxtrkx:MovingTime>2170</gpxtrkx:MovingTime>
<gpxtrkx:StoppedTime>3064</gpxtrkx:StoppedTime>
<gpxtrkx:MaxSpeed>1.7419135570526123</gpxtrkx:MaxSpeed>
</gpxtrkx:TrackStatsExtension>
</extensions>
<trkseg>
<trkpt lat="-32.233219" lon="115.803103">
<ele>-9</ele>
<time>2026-06-22T09:20:26.123+08:00</time>
<extensions>
<gpxtpx:TrackPointExtension>
<gpxtpx:speed>0</gpxtpx:speed>
</gpxtpx:TrackPointExtension>
<opentracks:accuracy_horizontal>17.284</opentracks:accuracy_horizontal></extensions>
</trkpt>
<trkpt lat="-32.233273" lon="115.803146">
<ele>-17</ele>
<time>2026-06-22T09:20:35.891+08:00</time>
<extensions>
<gpxtpx:TrackPointExtension>
<gpxtpx:speed>1.57</gpxtpx:speed>
</gpxtpx:TrackPointExtension>
<opentracks:accuracy_horizontal>2.114</opentracks:accuracy_horizontal></extensions>
</trkpt>
<trkpt lat="-32.233371" lon="115.803142">
<ele>-16.2</ele>
<time>2026-06-22T09:20:42.894+08:00</time>
<extensions>
<gpxtpx:TrackPointExtension>
<gpxtpx:speed>1.33</gpxtpx:speed>
</gpxtpx:TrackPointExtension>
<opentracks:accuracy_horizontal>2.228</opentracks:accuracy_horizontal></extensions>
</trkpt>
<trkpt lat="-32.233462" lon="115.80313">
<ele>-16</ele>
<time>2026-06-22T09:20:49.866+08:00</time>
<extensions>
<gpxtpx:TrackPointExtension>
<gpxtpx:speed>1.37</gpxtpx:speed>
</gpxtpx:TrackPointExtension>
<opentracks:accuracy_horizontal>2.392</opentracks:accuracy_horizontal></extensions>
</trkpt>
<trkpt lat="-32.233553" lon="115.80312">
<ele>-16.6</ele>
<time>2026-06-22T09:20:57.889+08:00</time>
<extensions>
<gpxtpx:TrackPointExtension>
<gpxtpx:speed>1.3</gpxtpx:speed>
</gpxtpx:TrackPointExtension>
<opentracks:accuracy_horizontal>1.654</opentracks:accuracy_horizontal></extensions>
</trkpt>
<trkpt lat="-32.23365" lon="115.803136">
<ele>-16.5</ele>
<time>2026-06-22T09:21:06.847+08:00</time>
<extensions>
<gpxtpx:TrackPointExtension>
<gpxtpx:speed>1.22</gpxtpx:speed>
</gpxtpx:TrackPointExtension>
<opentracks:accuracy_horizontal>2.632</opentracks:accuracy_horizontal></extensions>
</trkpt>
<trkpt lat="-32.233751" lon="115.803116">
<ele>-16.4</ele>
<time>2026-06-22T09:21:14.891+08:00</time>
<extensions>
<gpxtpx:TrackPointExtension>
<gpxtpx:speed>1.29</gpxtpx:speed>
</gpxtpx:TrackPointExtension>
<opentracks:accuracy_horizontal>3.197</opentracks:accuracy_horizontal></extensions>
</trkpt>
<trkpt lat="-32.233844" lon="115.803104">
<ele>-17.3</ele>
<time>2026-06-22T09:21:22.906+08:00</time>
<extensions>
<gpxtpx:TrackPointExtension>
<gpxtpx:speed>1.28</gpxtpx:speed>
</gpxtpx:TrackPointExtension>
<opentracks:accuracy_horizontal>3.056</opentracks:accuracy_horizontal></extensions>
</trkpt>
<trkpt lat="-32.233871" lon="115.803083">
<ele>-15.3</ele>
<time>2026-06-22T09:21:31.855+08:00</time>
<extensions>
<gpxtpx:TrackPointExtension>
<gpxtpx:speed>0.28</gpxtpx:speed>
</gpxtpx:TrackPointExtension>
<opentracks:accuracy_horizontal>2.776</opentracks:accuracy_horizontal></extensions>
</trkpt>
<trkpt lat="-32.233899" lon="115.802968">
<ele>-16.6</ele>
<time>2026-06-22T09:21:50.892+08:00</time>
<extensions>
<gpxtpx:TrackPointExtension>
<gpxtpx:speed>1.37</gpxtpx:speed>
</gpxtpx:TrackPointExtension>
<opentracks:accuracy_horizontal>2.938</opentracks:accuracy_horizontal></extensions>
</trkpt>
<trkpt lat="-32.233899" lon="115.802848">
<ele>-18.6</ele>
<time>2026-06-22T09:21:59.908+08:00</time>
<extensions>
<gpxtpx:TrackPointExtension>
<gpxtpx:speed>1.26</gpxtpx:speed>
</gpxtpx:TrackPointExtension>
<opentracks:accuracy_horizontal>3.43</opentracks:accuracy_horizontal></extensions>
</trkpt>
<trkpt lat="-32.233894" lon="115.802745">
<ele>-19</ele>
<time>2026-06-22T09:22:09.914+08:00</time>
<extensions>
<gpxtpx:TrackPointExtension>
<gpxtpx:speed>1.33</gpxtpx:speed>
</gpxtpx:TrackPointExtension>
<opentracks:accuracy_horizontal>3.835</opentracks:accuracy_horizontal></extensions>
</trkpt>
<trkpt lat="-32.233901" lon="115.802632">
<ele>-19.8</ele>
<time>2026-06-22T09:22:16.903+08:00</time>
<extensions>
<gpxtpx:TrackPointExtension>
<gpxtpx:speed>1.43</gpxtpx:speed>
</gpxtpx:TrackPointExtension>
<opentracks:accuracy_horizontal>3.351</opentracks:accuracy_horizontal></extensions>
</trkpt>
<trkpt lat="-32.233901" lon="115.802521">
<ele>-21.3</ele>
<time>2026-06-22T09:22:25.903+08:00</time>
<extensions>
<gpxtpx:TrackPointExtension>
<gpxtpx:speed>1.24</gpxtpx:speed>
</gpxtpx:TrackPointExtension>
<opentracks:accuracy_horizontal>3.445</opentracks:accuracy_horizontal></extensions>
</trkpt>
<trkpt lat="-32.233903" lon="115.802414">
<ele>-22.3</ele>
<time>2026-06-22T09:22:33.907+08:00</time>
<extensions>
<gpxtpx:TrackPointExtension>
<gpxtpx:speed>1.25</gpxtpx:speed>
</gpxtpx:TrackPointExtension>
<opentracks:accuracy_horizontal>3.654</opentracks:accuracy_horizontal></extensions>
</trkpt>
<trkpt lat="-32.233892" lon="115.802298">
<ele>-21.9</ele>
<time>2026-06-22T09:22:40.874+08:00</time>
<extensions>
<gpxtpx:TrackPointExtension>
<gpxtpx:speed>1.39</gpxtpx:speed>
</gpxtpx:TrackPointExtension>
<opentracks:accuracy_horizontal>2.977</opentracks:accuracy_horizontal></extensions>
</trkpt>
<trkpt lat="-32.23389" lon="115.802188">
<ele>-22.5</ele>
<time>2026-06-22T09:22:48.91+08:00</time>
<extensions>
<gpxtpx:TrackPointExtension>
<gpxtpx:speed>1.32</gpxtpx:speed>
</gpxtpx:TrackPointExtension>
<opentracks:accuracy_horizontal>2.918</opentracks:accuracy_horizontal></extensions>
</trkpt>
<trkpt lat="-32.233887" lon="115.802072">
<ele>-23.8</ele>
<time>2026-06-22T09:22:57.906+08:00</time>
<extensions>
<gpxtpx:TrackPointExtension>
<gpxtpx:speed>1.22</gpxtpx:speed>
</gpxtpx:TrackPointExtension>
<opentracks:accuracy_horizontal>2.839</opentracks:accuracy_horizontal></extensions>
</trkpt>
<trkpt lat="-32.233867" lon="115.801961">
<ele>-23.6</ele>
<time>2026-06-22T09:23:05.893+08:00</time>
<extensions>
<gpxtpx:TrackPointExtension>
<gpxtpx:speed>1.28</gpxtpx:speed>
</gpxtpx:TrackPointExtension>
<opentracks:accuracy_horizontal>2.13</opentracks:accuracy_horizontal></extensions>
</trkpt>
<trkpt lat="-32.233805" lon="115.801873">
<ele>-23.5</ele>
<time>2026-06-22T09:23:14.836+08:00</time>
<extensions>
<gpxtpx:TrackPointExtension>
<gpxtpx:speed>1.22</gpxtpx:speed>
</gpxtpx:TrackPointExtension>
<opentracks:accuracy_horizontal>2.201</opentracks:accuracy_horizontal></extensions>
</trkpt>
<trkpt lat="-32.233755" lon="115.801778">
<ele>-23.4</ele>
<time>2026-06-22T09:23:23.864+08:00</time>
<extensions>
<gpxtpx:TrackPointExtension>
<gpxtpx:speed>1.18</gpxtpx:speed>
</gpxtpx:TrackPointExtension>
<opentracks:accuracy_horizontal>2.157</opentracks:accuracy_horizontal></extensions>
</trkpt>
<trkpt lat="-32.233751" lon="115.801749">
<ele>-22.8</ele>
<time>2026-06-22T09:23:33.821+08:00</time>
<extensions>
<gpxtpx:TrackPointExtension>
<gpxtpx:speed>0.19</gpxtpx:speed>
</gpxtpx:TrackPointExtension>
<opentracks:accuracy_horizontal>2.568</opentracks:accuracy_horizontal></extensions>
</trkpt>
<trkpt lat="-32.233765" lon="115.801643">
<ele>-23.3</ele>
<time>2026-06-22T09:23:42.852+08:00</time>
<extensions>
<gpxtpx:TrackPointExtension>
<gpxtpx:speed>1.49</gpxtpx:speed>
</gpxtpx:TrackPointExtension>
<opentracks:accuracy_horizontal>2.528</opentracks:accuracy_horizontal></extensions>
</trkpt>
<trkpt lat="-32.233802" lon="115.801544">
<ele>-22.9</ele>
<time>2026-06-22T09:23:49.84+08:00</time>
<extensions>
<gpxtpx:TrackPointExtension>
<gpxtpx:speed>1.42</gpxtpx:speed>
</gpxtpx:TrackPointExtension>
<opentracks:accuracy_horizontal>2.435</opentracks:accuracy_horizontal></extensions>
</trkpt>
<trkpt lat="-32.233796" lon="115.801436">
<ele>-23.4</ele>
<time>2026-06-22T09:23:57.822+08:00</time>
<extensions>
<gpxtpx:TrackPointExtension>
<gpxtpx:speed>1.3</gpxtpx:speed>
</gpxtpx:TrackPointExtension>
<opentracks:accuracy_horizontal>2.317</opentracks:accuracy_horizontal></extensions>
</trkpt>
<trkpt lat="-32.233819" lon="115.801333">
<ele>-22.3</ele>
<time>2026-06-22T09:24:04.852+08:00</time>
<extensions>
<gpxtpx:TrackPointExtension>
<gpxtpx:speed>1.36</gpxtpx:speed>
</gpxtpx:TrackPointExtension>
<opentracks:accuracy_horizontal>2.356</opentracks:accuracy_horizontal></extensions>
</trkpt>
<trkpt lat="-32.233842" lon="115.801222">
<ele>-23</ele>
<time>2026-06-22T09:24:13.84+08:00</time>
<extensions>
<gpxtpx:TrackPointExtension>
<gpxtpx:speed>1.27</gpxtpx:speed>
</gpxtpx:TrackPointExtension>
<opentracks:accuracy_horizontal>2.293</opentracks:accuracy_horizontal></extensions>
</trkpt>
<trkpt lat="-32.233857" lon="115.801114">
<ele>-24.4</ele>
<time>2026-06-22T09:24:21.859+08:00</time>
<extensions>
<gpxtpx:TrackPointExtension>
<gpxtpx:speed>1.28</gpxtpx:speed>
</gpxtpx:TrackPointExtension>
<opentracks:accuracy_horizontal>2.207</opentracks:accuracy_horizontal></extensions>
</trkpt>
<trkpt lat="-32.233864" lon="115.801">
<ele>-25.4</ele>
<time>2026-06-22T09:24:29.815+08:00</time>
<extensions>
<gpxtpx:TrackPointExtension>
<gpxtpx:speed>1.28</gpxtpx:speed>
</gpxtpx:TrackPointExtension>
<opentracks:accuracy_horizontal>2.234</opentracks:accuracy_horizontal></extensions>
</trkpt>
<trkpt lat="-32.233878" lon="115.800887">
<ele>-24.4</ele>
<time>2026-06-22T09:24:38.848+08:00</time>
<extensions>
<gpxtpx:TrackPointExtension>
<gpxtpx:speed>1.27</gpxtpx:speed>
</gpxtpx:TrackPointExtension>
<opentracks:accuracy_horizontal>2.305</opentracks:accuracy_horizontal></extensions>
</trkpt>
<trkpt lat="-32.233876" lon="115.800776">
<ele>-23.3</ele>
<time>2026-06-22T09:24:46.854+08:00</time>
<extensions>
<gpxtpx:TrackPointExtension>
<gpxtpx:speed>1.3</gpxtpx:speed>
</gpxtpx:TrackPointExtension>
<opentracks:accuracy_horizontal>2.229</opentracks:accuracy_horizontal></extensions>
</trkpt>
<trkpt lat="-32.23389" lon="115.800664">
<ele>-22.8</ele>
<time>2026-06-22T09:24:55.832+08:00</time>
<extensions>
<gpxtpx:TrackPointExtension>
<gpxtpx:speed>1.23</gpxtpx:speed>
</gpxtpx:TrackPointExtension>
<opentracks:accuracy_horizontal>2.159</opentracks:accuracy_horizontal></extensions>
</trkpt>
<trkpt lat="-32.2339" lon="115.800549">
<ele>-22.1</ele>
<time>2026-06-22T09:25:04.845+08:00</time>
<extensions>
<gpxtpx:TrackPointExtension>
<gpxtpx:speed>1.2</gpxtpx:speed>
</gpxtpx:TrackPointExtension>
<opentracks:accuracy_horizontal>2.29</opentracks:accuracy_horizontal></extensions>
</trkpt>
<trkpt lat="-32.233888" lon="115.800438">
<ele>-22.2</ele>
<time>2026-06-22T09:25:13.837+08:00</time>
<extensions>
<gpxtpx:TrackPointExtension>
<gpxtpx:speed>1.22</gpxtpx:speed>
</gpxtpx:TrackPointExtension>
<opentracks:accuracy_horizontal>2.444</opentracks:accuracy_horizontal></extensions>
</trkpt>
<trkpt lat="-32.233876" lon="115.800353">
<ele>-23.8</ele>
<time>2026-06-22T09:25:22.84+08:00</time>
<extensions>
<gpxtpx:TrackPointExtension>
<gpxtpx:speed>1.04</gpxtpx:speed>
</gpxtpx:TrackPointExtension>
<opentracks:accuracy_horizontal>2.17</opentracks:accuracy_horizontal></extensions>
</trkpt>
<trkpt lat="-32.233869" lon="115.800241">
<ele>-24.7</ele>
<time>2026-06-22T09:25:30.853+08:00</time>
<extensions>
<gpxtpx:TrackPointExtension>
<gpxtpx:speed>1.18</gpxtpx:speed>
</gpxtpx:TrackPointExtension>
<opentracks:accuracy_horizontal>2.162</opentracks:accuracy_horizontal></extensions>
</trkpt>
<trkpt lat="-32.233834" lon="115.800138">
<ele>-24.4</ele>
<time>2026-06-22T09:25:38.841+08:00</time>
<extensions>
<gpxtpx:TrackPointExtension>
<gpxtpx:speed>1.25</gpxtpx:speed>
</gpxtpx:TrackPointExtension>
<opentracks:accuracy_horizontal>2.147</opentracks:accuracy_horizontal></extensions>
</trkpt>
<trkpt lat="-32.233801" lon="115.800033">
<ele>-23.6</ele>
<time>2026-06-22T09:25:46.82+08:00</time>
<extensions>
<gpxtpx:TrackPointExtension>
<gpxtpx:speed>1.29</gpxtpx:speed>
</gpxtpx:TrackPointExtension>
<opentracks:accuracy_horizontal>2.093</opentracks:accuracy_horizontal></extensions>
</trkpt>
<trkpt lat="-32.233758" lon="115.799933">
<ele>-22.9</ele>
<time>2026-06-22T09:25:55.817+08:00</time>
<extensions>
<gpxtpx:TrackPointExtension>
<gpxtpx:speed>1.23</gpxtpx:speed>
</gpxtpx:TrackPointExtension>
<opentracks:accuracy_horizontal>2.155</opentracks:accuracy_horizontal></extensions>
</trkpt>
<trkpt lat="-32.233725" lon="115.799837">
<ele>-22.8</ele>
<time>2026-06-22T09:26:04.851+08:00</time>
<extensions>
<gpxtpx:TrackPointExtension>
<gpxtpx:speed>1.15</gpxtpx:speed>
</gpxtpx:TrackPointExtension>
<opentracks:accuracy_horizontal>2.519</opentracks:accuracy_horizontal></extensions>
</trkpt>
<trkpt lat="-32.233685" lon="115.799735">
<ele>-22.7</ele>
<time>2026-06-22T09:26:11.853+08:00</time>
<extensions>
<gpxtpx:TrackPointExtension>
<gpxtpx:speed>1.3</gpxtpx:speed>
</gpxtpx:TrackPointExtension>
<opentracks:accuracy_horizontal>2.502</opentracks:accuracy_horizontal></extensions>
</trkpt>
<trkpt lat="-32.233646" lon="115.799622">
<ele>-22.7</ele>
<time>2026-06-22T09:26:20.849+08:00</time>
<extensions>
<gpxtpx:TrackPointExtension>
<gpxtpx:speed>1.28</gpxtpx:speed>
</gpxtpx:TrackPointExtension>
<opentracks:accuracy_horizontal>2.602</opentracks:accuracy_horizontal></extensions>
</trkpt>
<trkpt lat="-32.233633" lon="115.799568">
<ele>-23.3</ele>
<time>2026-06-22T09:26:30.857+08:00</time>
<extensions>
<gpxtpx:TrackPointExtension>
<gpxtpx:speed>0.83</gpxtpx:speed>
</gpxtpx:TrackPointExtension>
<opentracks:accuracy_horizontal>2.401</opentracks:accuracy_horizontal></extensions>
</trkpt>
<trkpt lat="-32.233601" lon="115.799458">
<ele>-29.4</ele>
<time>2026-06-22T09:27:03.895+08:00</time>
<extensions>
<gpxtpx:TrackPointExtension>
<gpxtpx:speed>0.87</gpxtpx:speed>
</gpxtpx:TrackPointExtension>
<opentracks:accuracy_horizontal>9.515</opentracks:accuracy_horizontal></extensions>
</trkpt>
<trkpt lat="-32.233588" lon="115.799458">
<ele>-31.6</ele>
<time>2026-06-22T09:27:13.9+08:00</time>
<extensions>
<gpxtpx:TrackPointExtension>
<gpxtpx:speed>1.13</gpxtpx:speed>
</gpxtpx:TrackPointExtension>
<opentracks:accuracy_horizontal>4.393</opentracks:accuracy_horizontal></extensions>
</trkpt>
<trkpt lat="-32.233648" lon="115.799378">
<ele>-31</ele>
<time>2026-06-22T09:27:18.899+08:00</time>
<extensions>
<gpxtpx:TrackPointExtension>
<gpxtpx:speed>1.74</gpxtpx:speed>
</gpxtpx:TrackPointExtension>
<opentracks:accuracy_horizontal>4.22</opentracks:accuracy_horizontal></extensions>
</trkpt>
<trkpt lat="-32.233703" lon="115.799309">
<ele>-29.4</ele>
<time>2026-06-22T09:27:28.908+08:00</time>
<extensions>
<gpxtpx:TrackPointExtension>
<gpxtpx:speed>0.67</gpxtpx:speed>
</gpxtpx:TrackPointExtension>
<opentracks:accuracy_horizontal>3.303</opentracks:accuracy_horizontal></extensions>
</trkpt>
<trkpt lat="-32.23379" lon="115.799263">
<ele>-27.1</ele>
<time>2026-06-22T09:27:34.905+08:00</time>
<extensions>
<gpxtpx:TrackPointExtension>
<gpxtpx:speed>1.03</gpxtpx:speed>
</gpxtpx:TrackPointExtension>
<opentracks:accuracy_horizontal>2.858</opentracks:accuracy_horizontal></extensions>
</trkpt>
<trkpt lat="-32.23387" lon="115.799213">
<ele>-24.6</ele>
<time>2026-06-22T09:27:41.909+08:00</time>
<extensions>
<gpxtpx:TrackPointExtension>
<gpxtpx:speed>1.38</gpxtpx:speed>
</gpxtpx:TrackPointExtension>
<opentracks:accuracy_horizontal>2.539</opentracks:accuracy_horizontal></extensions>
</trkpt>
<trkpt lat="-32.233954" lon="115.799171">
<ele>-23.1</ele>
<time>2026-06-22T09:27:49.862+08:00</time>
<extensions>
<gpxtpx:TrackPointExtension>
<gpxtpx:speed>1.26</gpxtpx:speed>
</gpxtpx:TrackPointExtension>
<opentracks:accuracy_horizontal>2.572</opentracks:accuracy_horizontal></extensions>
</trkpt>
<trkpt lat="-32.234041" lon="115.799122">
<ele>-22.1</ele>
<time>2026-06-22T09:27:58.843+08:00</time>
<extensions>
<gpxtpx:TrackPointExtension>
<gpxtpx:speed>1.16</gpxtpx:speed>
</gpxtpx:TrackPointExtension>
<opentracks:accuracy_horizontal>2.647</opentracks:accuracy_horizontal></extensions>
</trkpt>
<trkpt lat="-32.234125" lon="115.799068">
<ele>-22.1</ele>
<time>2026-06-22T09:28:06.851+08:00</time>
<extensions>
<gpxtpx:TrackPointExtension>
<gpxtpx:speed>1.21</gpxtpx:speed>
</gpxtpx:TrackPointExtension>
<opentracks:accuracy_horizontal>2.452</opentracks:accuracy_horizontal></extensions>
</trkpt>
<trkpt lat="-32.234165" lon="115.798972">
<ele>-22.3</ele>
<time>2026-06-22T09:28:15.857+08:00</time>
<extensions>
<gpxtpx:TrackPointExtension>
<gpxtpx:speed>1.03</gpxtpx:speed>
</gpxtpx:TrackPointExtension>
<opentracks:accuracy_horizontal>2.535</opentracks:accuracy_horizontal></extensions>
</trkpt>
<trkpt lat="-32.234165" lon="115.798995">
<ele>-21.9</ele>
<time>2026-06-22T09:28:25.854+08:00</time>
<extensions>
<gpxtpx:TrackPointExtension>
<gpxtpx:speed>0.02</gpxtpx:speed>
</gpxtpx:TrackPointExtension>
<opentracks:accuracy_horizontal>2.508</opentracks:accuracy_horizontal></extensions>
</trkpt>
<trkpt lat="-32.234159" lon="115.798884">
<ele>-22.7</ele>
<time>2026-06-22T09:28:37.853+08:00</time>
<extensions>
<gpxtpx:TrackPointExtension>
<gpxtpx:speed>1.4</gpxtpx:speed>
</gpxtpx:TrackPointExtension>
<opentracks:accuracy_horizontal>2.572</opentracks:accuracy_horizontal></extensions>
</trkpt>
<trkpt lat="-32.234161" lon="115.798774">
<ele>-23.9</ele>
<time>2026-06-22T09:28:45.85+08:00</time>
<extensions>
<gpxtpx:TrackPointExtension>
<gpxtpx:speed>1.26</gpxtpx:speed>
</gpxtpx:TrackPointExtension>
<opentracks:accuracy_horizontal>2.277</opentracks:accuracy_horizontal></extensions>
</trkpt>
<trkpt lat="-32.234136" lon="115.798671">
<ele>-23.9</ele>
<time>2026-06-22T09:28:53.864+08:00</time>
<extensions>
<gpxtpx:TrackPointExtension>
<gpxtpx:speed>1.38</gpxtpx:speed>
</gpxtpx:TrackPointExtension>
<opentracks:accuracy_horizontal>2.624</opentracks:accuracy_horizontal></extensions>
</trkpt>
<trkpt lat="-32.234133" lon="115.798561">
<ele>-23.8</ele>
<time>2026-06-22T09:29:00.843+08:00</time>
<extensions>
<gpxtpx:TrackPointExtension>
<gpxtpx:speed>1.41</gpxtpx:speed>
</gpxtpx:TrackPointExtension>
<opentracks:accuracy_horizontal>2.818</opentracks:accuracy_horizontal></extensions>
</trkpt>
<trkpt lat="-32.234126" lon="115.798503">
<ele>-24.3</ele>
<time>2026-06-22T09:29:10.859+08:00</time>
<extensions>
<gpxtpx:TrackPointExtension>
<gpxtpx:speed>0.16</gpxtpx:speed>
</gpxtpx:TrackPointExtension>
<opentracks:accuracy_horizontal>2.778</opentracks:accuracy_horizontal></extensions>
</trkpt>
<trkpt lat="-32.234113" lon="115.798615">
<ele>-24.5</ele>
<time>2026-06-22T09:29:21.853+08:00</time>
<extensions>
<gpxtpx:TrackPointExtension>
<gpxtpx:speed>1.21</gpxtpx:speed>
</gpxtpx:TrackPointExtension>
<opentracks:accuracy_horizontal>2.561</opentracks:accuracy_horizontal></extensions>
</trkpt>
<trkpt lat="-32.234078" lon="115.798713">
<ele>-25</ele>
<time>2026-06-22T09:29:27.851+08:00</time>
<extensions>
<gpxtpx:TrackPointExtension>
<gpxtpx:speed>1.46</gpxtpx:speed>
</gpxtpx:TrackPointExtension>
<opentracks:accuracy_horizontal>2.343</opentracks:accuracy_horizontal></extensions>
</trkpt>
<trkpt lat="-32.234065" lon="115.798755">
<ele>-23.5</ele>
<time>2026-06-22T09:29:37.86+08:00</time>
<extensions>
<gpxtpx:TrackPointExtension>
<gpxtpx:speed>0.3</gpxtpx:speed>
</gpxtpx:TrackPointExtension>
<opentracks:accuracy_horizontal>3.483</opentracks:accuracy_horizontal></extensions>
</trkpt>
<trkpt lat="-32.234061" lon="115.798648">
<ele>-24.3</ele>
<time>2026-06-22T09:29:45.844+08:00</time>
<extensions>
<gpxtpx:TrackPointExtension>
<gpxtpx:speed>1.13</gpxtpx:speed>
</gpxtpx:TrackPointExtension>
<opentracks:accuracy_horizontal>2.461</opentracks:accuracy_horizontal></extensions>
</trkpt>
<trkpt lat="-32.234051" lon="115.798557">
<ele>-24.3</ele>
<time>2026-06-22T09:29:55.855+08:00</time>
<extensions>
<gpxtpx:TrackPointExtension>
<gpxtpx:speed>1.49</gpxtpx:speed>
</gpxtpx:TrackPointExtension>
<opentracks:accuracy_horizontal>2.587</opentracks:accuracy_horizontal></extensions>
</trkpt>
<trkpt lat="-32.234078" lon="115.798453">
<ele>-24.3</ele>
<time>2026-06-22T09:30:02.853+08:00</time>
<extensions>
<gpxtpx:TrackPointExtension>
<gpxtpx:speed>1.41</gpxtpx:speed>
</gpxtpx:TrackPointExtension>
<opentracks:accuracy_horizontal>2.586</opentracks:accuracy_horizontal></extensions>
</trkpt>
<trkpt lat="-32.234103" lon="115.798354">
<ele>-24.8</ele>
<time>2026-06-22T09:30:12.859+08:00</time>
<extensions>
<gpxtpx:TrackPointExtension>
<gpxtpx:speed>1.15</gpxtpx:speed>
</gpxtpx:TrackPointExtension>
<opentracks:accuracy_horizontal>2.531</opentracks:accuracy_horizontal></extensions>
</trkpt>
<trkpt lat="-32.234135" lon="115.798243">
<ele>-24.5</ele>
<time>2026-06-22T09:30:21.844+08:00</time>
<extensions>
<gpxtpx:TrackPointExtension>
<gpxtpx:speed>1.19</gpxtpx:speed>
</gpxtpx:TrackPointExtension>
<opentracks:accuracy_horizontal>2.508</opentracks:accuracy_horizontal></extensions>
</trkpt>
<trkpt lat="-32.234168" lon="115.798142">
<ele>-24.1</ele>
<time>2026-06-22T09:30:28.895+08:00</time>
<extensions>
<gpxtpx:TrackPointExtension>
<gpxtpx:speed>1.3</gpxtpx:speed>
</gpxtpx:TrackPointExtension>
<opentracks:accuracy_horizontal>2.473</opentracks:accuracy_horizontal></extensions>
</trkpt>
<trkpt lat="-32.234181" lon="115.798048">
<ele>-24.9</ele>
<time>2026-06-22T09:30:38.858+08:00</time>
<extensions>
<gpxtpx:TrackPointExtension>
<gpxtpx:speed>1.2</gpxtpx:speed>
</gpxtpx:TrackPointExtension>
<opentracks:accuracy_horizontal>2.474</opentracks:accuracy_horizontal></extensions>
</trkpt>
<trkpt lat="-32.234169" lon="115.79794">
<ele>-26</ele>
<time>2026-06-22T09:30:47.853+08:00</time>
<extensions>
<gpxtpx:TrackPointExtension>
<gpxtpx:speed>1.28</gpxtpx:speed>
</gpxtpx:TrackPointExtension>
<opentracks:accuracy_horizontal>2.465</opentracks:accuracy_horizontal></extensions>
</trkpt>
<trkpt lat="-32.234158" lon="115.797867">
<ele>-27.2</ele>
<time>2026-06-22T09:30:57.83+08:00</time>
<extensions>
<gpxtpx:TrackPointExtension>
<gpxtpx:speed>1.02</gpxtpx:speed>
</gpxtpx:TrackPointExtension>
<opentracks:accuracy_horizontal>2.524</opentracks:accuracy_horizontal></extensions>
</trkpt>
<trkpt lat="-32.234172" lon="115.79776">
<ele>-27.2</ele>
<time>2026-06-22T09:31:05.847+08:00</time>
<extensions>
<gpxtpx:TrackPointExtension>
<gpxtpx:speed>1.17</gpxtpx:speed>
</gpxtpx:TrackPointExtension>
<opentracks:accuracy_horizontal>2.478</opentracks:accuracy_horizontal></extensions>
</trkpt>
<trkpt lat="-32.234186" lon="115.797645">
<ele>-26.5</ele>
<time>2026-06-22T09:31:13.849+08:00</time>
<extensions>
<gpxtpx:TrackPointExtension>
<gpxtpx:speed>1.26</gpxtpx:speed>
</gpxtpx:TrackPointExtension>
<opentracks:accuracy_horizontal>2.418</opentracks:accuracy_horizontal></extensions>
</trkpt>
<trkpt lat="-32.23419" lon="115.797552">
<ele>-27</ele>
<time>2026-06-22T09:31:23.854+08:00</time>
<extensions>
<gpxtpx:TrackPointExtension>
<gpxtpx:speed>1.12</gpxtpx:speed>
</gpxtpx:TrackPointExtension>
<opentracks:accuracy_horizontal>2.386</opentracks:accuracy_horizontal></extensions>
</trkpt>
<trkpt lat="-32.234189" lon="115.797442">
<ele>-26.8</ele>
<time>2026-06-22T09:31:30.83+08:00</time>
<extensions>
<gpxtpx:TrackPointExtension>
<gpxtpx:speed>1.28</gpxtpx:speed>
</gpxtpx:TrackPointExtension>
<opentracks:accuracy_horizontal>2.456</opentracks:accuracy_horizontal></extensions>
</trkpt>
<trkpt lat="-32.234195" lon="115.797356">
<ele>-27.2</ele>
<time>2026-06-22T09:31:39.837+08:00</time>
<extensions>
<gpxtpx:TrackPointExtension>
<gpxtpx:speed>1.11</gpxtpx:speed>
</gpxtpx:TrackPointExtension>
<opentracks:accuracy_horizontal>2.221</opentracks:accuracy_horizontal></extensions>
</trkpt>
<trkpt lat="-32.234128" lon="115.797271">
<ele>-26.5</ele>
<time>2026-06-22T09:32:07.854+08:00</time>
<extensions>
<gpxtpx:TrackPointExtension>
<gpxtpx:speed>1.13</gpxtpx:speed>
</gpxtpx:TrackPointExtension>
<opentracks:accuracy_horizontal>2.252</opentracks:accuracy_horizontal></extensions>
</trkpt>
<trkpt lat="-32.234148" lon="115.797159">
<ele>-26.8</ele>
<time>2026-06-22T09:32:17.85+08:00</time>
<extensions>
<gpxtpx:TrackPointExtension>
<gpxtpx:speed>1.09</gpxtpx:speed>
</gpxtpx:TrackPointExtension>
<opentracks:accuracy_horizontal>2.433</opentracks:accuracy_horizontal></extensions>
</trkpt>
<trkpt lat="-32.234175" lon="115.797046">
<ele>-27.1</ele>
<time>2026-06-22T09:32:26.849+08:00</time>
<extensions>
<gpxtpx:TrackPointExtension>
<gpxtpx:speed>1.18</gpxtpx:speed>
</gpxtpx:TrackPointExtension>
<opentracks:accuracy_horizontal>2.518</opentracks:accuracy_horizontal></extensions>
</trkpt>
<trkpt lat="-32.234174" lon="115.796932">
<ele>-27.3</ele>
<time>2026-06-22T09:32:35.861+08:00</time>
<extensions>
<gpxtpx:TrackPointExtension>
<gpxtpx:speed>1.15</gpxtpx:speed>
</gpxtpx:TrackPointExtension>
<opentracks:accuracy_horizontal>2.42</opentracks:accuracy_horizontal></extensions>
</trkpt>
<trkpt lat="-32.234209" lon="115.796834">
<ele>-27.5</ele>
<time>2026-06-22T09:32:43.859+08:00</time>
<extensions>
<gpxtpx:TrackPointExtension>
<gpxtpx:speed>1.21</gpxtpx:speed>
</gpxtpx:TrackPointExtension>
<opentracks:accuracy_horizontal>2.332</opentracks:accuracy_horizontal></extensions>
</trkpt>
<trkpt lat="-32.234293" lon="115.796769">
<ele>-27.8</ele>
<time>2026-06-22T09:32:52.863+08:00</time>
<extensions>
<gpxtpx:TrackPointExtension>
<gpxtpx:speed>1.22</gpxtpx:speed>
</gpxtpx:TrackPointExtension>
<opentracks:accuracy_horizontal>2.501</opentracks:accuracy_horizontal></extensions>
</trkpt>
<trkpt lat="-32.234368" lon="115.796709">
<ele>-27.4</ele>
<time>2026-06-22T09:32:59.856+08:00</time>
<extensions>
<gpxtpx:TrackPointExtension>
<gpxtpx:speed>1.29</gpxtpx:speed>
</gpxtpx:TrackPointExtension>
<opentracks:accuracy_horizontal>2.215</opentracks:accuracy_horizontal></extensions>
</trkpt>
<trkpt lat="-32.234446" lon="115.796634">
<ele>-27</ele>
<time>2026-06-22T09:33:09.857+08:00</time>
<extensions>
<gpxtpx:TrackPointExtension>
<gpxtpx:speed>1.16</gpxtpx:speed>
</gpxtpx:TrackPointExtension>
<opentracks:accuracy_horizontal>2.296</opentracks:accuracy_horizontal></extensions>
</trkpt>
<trkpt lat="-32.234531" lon="115.796588">
<ele>-26.7</ele>
<time>2026-06-22T09:33:17.87+08:00</time>
<extensions>
<gpxtpx:TrackPointExtension>
<gpxtpx:speed>1.21</gpxtpx:speed>
</gpxtpx:TrackPointExtension>
<opentracks:accuracy_horizontal>2.323</opentracks:accuracy_horizontal></extensions>
</trkpt>
<trkpt lat="-32.234607" lon="115.796528">
<ele>-26</ele>
<time>2026-06-22T09:33:25.872+08:00</time>
<extensions>
<gpxtpx:TrackPointExtension>
<gpxtpx:speed>1.22</gpxtpx:speed>
</gpxtpx:TrackPointExtension>
<opentracks:accuracy_horizontal>2.658</opentracks:accuracy_horizontal></extensions>
</trkpt>
<trkpt lat="-32.234692" lon="115.796478">
<ele>-25.4</ele>
<time>2026-06-22T09:33:33.844+08:00</time>
<extensions>
<gpxtpx:TrackPointExtension>
<gpxtpx:speed>1.24</gpxtpx:speed>
</gpxtpx:TrackPointExtension>
<opentracks:accuracy_horizontal>2.386</opentracks:accuracy_horizontal></extensions>
</trkpt>
<trkpt lat="-32.234785" lon="115.796459">
<ele>-26.6</ele>
<time>2026-06-22T09:33:40.897+08:00</time>
<extensions>
<gpxtpx:TrackPointExtension>
<gpxtpx:speed>1.32</gpxtpx:speed>
</gpxtpx:TrackPointExtension>
<opentracks:accuracy_horizontal>2.495</opentracks:accuracy_horizontal></extensions>
</trkpt>
<trkpt lat="-32.234871" lon="115.796401">
<ele>-27.9</ele>
<time>2026-06-22T09:33:48.851+08:00</time>
<extensions>
<gpxtpx:TrackPointExtension>
<gpxtpx:speed>1.32</gpxtpx:speed>
</gpxtpx:TrackPointExtension>
<opentracks:accuracy_horizontal>3.039</opentracks:accuracy_horizontal></extensions>
</trkpt>
<trkpt lat="-32.234925" lon="115.796347">
<ele>-28.2</ele>
<time>2026-06-22T09:33:58.859+08:00</time>
<extensions>
<gpxtpx:TrackPointExtension>
<gpxtpx:speed>0.43</gpxtpx:speed>
</gpxtpx:TrackPointExtension>
<opentracks:accuracy_horizontal>2.538</opentracks:accuracy_horizontal></extensions>
</trkpt>
<trkpt lat="-32.235015" lon="115.796315">
<ele>-26.8</ele>
<time>2026-06-22T09:34:16.851+08:00</time>
<extensions>
<gpxtpx:TrackPointExtension>
<gpxtpx:speed>1.28</gpxtpx:speed>
</gpxtpx:TrackPointExtension>
<opentracks:accuracy_horizontal>2.752</opentracks:accuracy_horizontal></extensions>
</trkpt>
<trkpt lat="-32.235082" lon="115.79626">
<ele>-23.9</ele>
<time>2026-06-22T09:34:26.859+08:00</time>
<extensions>
<gpxtpx:TrackPointExtension>
<gpxtpx:speed>1.03</gpxtpx:speed>
</gpxtpx:TrackPointExtension>
<opentracks:accuracy_horizontal>2.616</opentracks:accuracy_horizontal></extensions>
</trkpt>
<trkpt lat="-32.235171" lon="115.796214">
<ele>-22.3</ele>
<time>2026-06-22T09:34:35.831+08:00</time>
<extensions>
<gpxtpx:TrackPointExtension>
<gpxtpx:speed>1.15</gpxtpx:speed>
</gpxtpx:TrackPointExtension>
<opentracks:accuracy_horizontal>2.849</opentracks:accuracy_horizontal></extensions>
</trkpt>
<trkpt lat="-32.235222" lon="115.796215">
<ele>-20.8</ele>
<time>2026-06-22T09:34:44.858+08:00</time>
<extensions>
<gpxtpx:TrackPointExtension>
<gpxtpx:speed>1.02</gpxtpx:speed>
</gpxtpx:TrackPointExtension>
<opentracks:accuracy_horizontal>2.802</opentracks:accuracy_horizontal></extensions>
</trkpt>
<trkpt lat="-32.235247" lon="115.796325">
<ele>-21.6</ele>
<time>2026-06-22T09:34:52.863+08:00</time>
<extensions>
<gpxtpx:TrackPointExtension>
<gpxtpx:speed>1.19</gpxtpx:speed>
</gpxtpx:TrackPointExtension>
<opentracks:accuracy_horizontal>2.71</opentracks:accuracy_horizontal></extensions>
</trkpt>
<trkpt lat="-32.235288" lon="115.796421">
<ele>-20</ele>
<time>2026-06-22T09:35:00.873+08:00</time>
<extensions>
<gpxtpx:TrackPointExtension>
<gpxtpx:speed>1.21</gpxtpx:speed>
</gpxtpx:TrackPointExtension>
<opentracks:accuracy_horizontal>2.543</opentracks:accuracy_horizontal></extensions>
</trkpt>
<trkpt lat="-32.235309" lon="115.796378">
<ele>-19.8</ele>
<time>2026-06-22T09:35:10.848+08:00</time>
<extensions>
<gpxtpx:TrackPointExtension>
<gpxtpx:speed>0.03</gpxtpx:speed>
</gpxtpx:TrackPointExtension>
<opentracks:accuracy_horizontal>2.615</opentracks:accuracy_horizontal></extensions>
</trkpt>
<trkpt lat="-32.235279" lon="115.796271">
<ele>-20.3</ele>
<time>2026-06-22T09:35:30.836+08:00</time>
<extensions>
<gpxtpx:TrackPointExtension>
<gpxtpx:speed>1.19</gpxtpx:speed>
</gpxtpx:TrackPointExtension>
<opentracks:accuracy_horizontal>2.512</opentracks:accuracy_horizontal></extensions>
</trkpt>
<trkpt lat="-32.235283" lon="115.796168">
<ele>-20.6</ele>
<time>2026-06-22T09:35:39.864+08:00</time>
<extensions>
<gpxtpx:TrackPointExtension>
<gpxtpx:speed>1.19</gpxtpx:speed>
</gpxtpx:TrackPointExtension>
<opentracks:accuracy_horizontal>2.467</opentracks:accuracy_horizontal></extensions>
</trkpt>
<trkpt lat="-32.235303" lon="115.796057">
<ele>-21.9</ele>
<time>2026-06-22T09:35:51.855+08:00</time>
<extensions>
<gpxtpx:TrackPointExtension>
<gpxtpx:speed>0.38</gpxtpx:speed>
</gpxtpx:TrackPointExtension>
<opentracks:accuracy_horizontal>2.595</opentracks:accuracy_horizontal></extensions>
</trkpt>
<trkpt lat="-32.235372" lon="115.795985">
<ele>-20.6</ele>
<time>2026-06-22T09:35:59.871+08:00</time>
<extensions>
<gpxtpx:TrackPointExtension>
<gpxtpx:speed>1.01</gpxtpx:speed>
</gpxtpx:TrackPointExtension>
<opentracks:accuracy_horizontal>2.363</opentracks:accuracy_horizontal></extensions>
</trkpt>
<trkpt lat="-32.235456" lon="115.795981">
<ele>-19.6</ele>
<time>2026-06-22T09:36:09.862+08:00</time>
<extensions>
<gpxtpx:TrackPointExtension>
<gpxtpx:speed>1.16</gpxtpx:speed>
</gpxtpx:TrackPointExtension>
<opentracks:accuracy_horizontal>2.616</opentracks:accuracy_horizontal></extensions>
</trkpt>
<trkpt lat="-32.235542" lon="115.795939">
<ele>-19.3</ele>
<time>2026-06-22T09:36:28.86+08:00</time>
<extensions>
<gpxtpx:TrackPointExtension>
<gpxtpx:speed>1.35</gpxtpx:speed>
</gpxtpx:TrackPointExtension>
<opentracks:accuracy_horizontal>2.853</opentracks:accuracy_horizontal></extensions>
</trkpt>
<trkpt lat="-32.235634" lon="115.795896">
<ele>-19.6</ele>
<time>2026-06-22T09:36:36.853+08:00</time>
<extensions>
<gpxtpx:TrackPointExtension>
<gpxtpx:speed>1.27</gpxtpx:speed>
</gpxtpx:TrackPointExtension>
<opentracks:accuracy_horizontal>2.708</opentracks:accuracy_horizontal></extensions>
</trkpt>
<trkpt lat="-32.235657" lon="115.795842">
<ele>-18.1</ele>
<time>2026-06-22T09:36:45.892+08:00</time>
<extensions>
<gpxtpx:TrackPointExtension>
<gpxtpx:speed>0.95</gpxtpx:speed>
</gpxtpx:TrackPointExtension>
<opentracks:accuracy_horizontal>2.707</opentracks:accuracy_horizontal></extensions>
</trkpt>
<trkpt lat="-32.235753" lon="115.795849">
<ele>-17.2</ele>
<time>2026-06-22T09:37:20.853+08:00</time>
<extensions>
<gpxtpx:TrackPointExtension>
<gpxtpx:speed>0.53</gpxtpx:speed>
</gpxtpx:TrackPointExtension>
<opentracks:accuracy_horizontal>2.613</opentracks:accuracy_horizontal></extensions>
</trkpt>
<trkpt lat="-32.235743" lon="115.795865">
<ele>-15.4</ele>
<time>2026-06-22T09:37:30.839+08:00</time>
<extensions>
<gpxtpx:TrackPointExtension>
<gpxtpx:speed>0.01</gpxtpx:speed>
</gpxtpx:TrackPointExtension>
<opentracks:accuracy_horizontal>2.722</opentracks:accuracy_horizontal></extensions>
</trkpt>
<trkpt lat="-32.235659" lon="115.79581">
<ele>-19.4</ele>
<time>2026-06-22T09:37:47.919+08:00</time>
<extensions>
<gpxtpx:TrackPointExtension>
<gpxtpx:speed>1.27</gpxtpx:speed>
</gpxtpx:TrackPointExtension>
<opentracks:accuracy_horizontal>6.681</opentracks:accuracy_horizontal></extensions>
</trkpt>
<trkpt lat="-32.235762" lon="115.795806">
<ele>-19.1</ele>
<time>2026-06-22T09:37:52.867+08:00</time>
<extensions>
<gpxtpx:TrackPointExtension>
<gpxtpx:speed>1.4</gpxtpx:speed>
</gpxtpx:TrackPointExtension>
<opentracks:accuracy_horizontal>3.124</opentracks:accuracy_horizontal></extensions>
</trkpt>
<trkpt lat="-32.235857" lon="115.795802">
<ele>-15</ele>
<time>2026-06-22T09:38:00.86+08:00</time>
<extensions>
<gpxtpx:TrackPointExtension>
<gpxtpx:speed>1.21</gpxtpx:speed>
</gpxtpx:TrackPointExtension>
<opentracks:accuracy_horizontal>2.573</opentracks:accuracy_horizontal></extensions>
</trkpt>
<trkpt lat="-32.235941" lon="115.795757">
<ele>-15.1</ele>
<time>2026-06-22T09:38:10.851+08:00</time>
<extensions>
<gpxtpx:TrackPointExtension>
<gpxtpx:speed>1.02</gpxtpx:speed>
</gpxtpx:TrackPointExtension>
<opentracks:accuracy_horizontal>2.95</opentracks:accuracy_horizontal></extensions>
</trkpt>
<trkpt lat="-32.236021" lon="115.795729">
<ele>-13.6</ele>
<time>2026-06-22T09:38:20.865+08:00</time>
<extensions>
<gpxtpx:TrackPointExtension>
<gpxtpx:speed>0.93</gpxtpx:speed>
</gpxtpx:TrackPointExtension>
<opentracks:accuracy_horizontal>2.756</opentracks:accuracy_horizontal></extensions>
</trkpt>
<trkpt lat="-32.236114" lon="115.7957">
<ele>-11.3</ele>
<time>2026-06-22T09:38:31.863+08:00</time>
<extensions>
<gpxtpx:TrackPointExtension>
<gpxtpx:speed>0.93</gpxtpx:speed>
</gpxtpx:TrackPointExtension>
<opentracks:accuracy_horizontal>2.663</opentracks:accuracy_horizontal></extensions>
</trkpt>
<trkpt lat="-32.23619" lon="115.795685">
<ele>-8.8</ele>
<time>2026-06-22T09:38:41.862+08:00</time>
<extensions>
<gpxtpx:TrackPointExtension>
<gpxtpx:speed>0.88</gpxtpx:speed>
</gpxtpx:TrackPointExtension>
<opentracks:accuracy_horizontal>2.582</opentracks:accuracy_horizontal></extensions>
</trkpt>
<trkpt lat="-32.236274" lon="115.795642">
<ele>-6.5</ele>
<time>2026-06-22T09:39:16.857+08:00</time>
<extensions>
<gpxtpx:TrackPointExtension>
<gpxtpx:speed>0.73</gpxtpx:speed>
</gpxtpx:TrackPointExtension>
<opentracks:accuracy_horizontal>2.586</opentracks:accuracy_horizontal></extensions>
</trkpt>
<trkpt lat="-32.23636" lon="115.795614">
<ele>-7</ele>
<time>2026-06-22T09:39:26.867+08:00</time>
<extensions>
<gpxtpx:TrackPointExtension>
<gpxtpx:speed>0.89</gpxtpx:speed>
</gpxtpx:TrackPointExtension>
<opentracks:accuracy_horizontal>2.532</opentracks:accuracy_horizontal></extensions>
</trkpt>
<trkpt lat="-32.236453" lon="115.795582">
<ele>-5.9</ele>
<time>2026-06-22T09:39:39.862+08:00</time>
<extensions>
<gpxtpx:TrackPointExtension>
<gpxtpx:speed>0.84</gpxtpx:speed>
</gpxtpx:TrackPointExtension>
<opentracks:accuracy_horizontal>2.522</opentracks:accuracy_horizontal></extensions>
</trkpt>
<trkpt lat="-32.236428" lon="115.79556">
<ele>-3.1</ele>
<time>2026-06-22T09:39:48.894+08:00</time>
<extensions>
<gpxtpx:TrackPointExtension>
<gpxtpx:speed>0.05</gpxtpx:speed>
</gpxtpx:TrackPointExtension>
<opentracks:accuracy_horizontal>2.503</opentracks:accuracy_horizontal></extensions>
</trkpt>
<trkpt lat="-32.236519" lon="115.795551">
<ele>-3.4</ele>
<time>2026-06-22T09:40:28.863+08:00</time>
<extensions>
<gpxtpx:TrackPointExtension>
<gpxtpx:speed>0.97</gpxtpx:speed>
</gpxtpx:TrackPointExtension>
<opentracks:accuracy_horizontal>2.401</opentracks:accuracy_horizontal></extensions>
</trkpt>
<trkpt lat="-32.236583" lon="115.795504">
<ele>-2.4</ele>
<time>2026-06-22T09:40:38.871+08:00</time>
<extensions>
<gpxtpx:TrackPointExtension>
<gpxtpx:speed>0.87</gpxtpx:speed>
</gpxtpx:TrackPointExtension>
<opentracks:accuracy_horizontal>2.526</opentracks:accuracy_horizontal></extensions>
</trkpt>
<trkpt lat="-32.236662" lon="115.795446">
<ele>0.5</ele>
<time>2026-06-22T09:40:50.861+08:00</time>
<extensions>
<gpxtpx:TrackPointExtension>
<gpxtpx:speed>0.87</gpxtpx:speed>
</gpxtpx:TrackPointExtension>
<opentracks:accuracy_horizontal>2.545</opentracks:accuracy_horizontal></extensions>
</trkpt>
<trkpt lat="-32.236725" lon="115.795378">
<ele>0.8</ele>
<time>2026-06-22T09:41:00.865+08:00</time>
<extensions>
<gpxtpx:TrackPointExtension>
<gpxtpx:speed>0.88</gpxtpx:speed>
</gpxtpx:TrackPointExtension>
<opentracks:accuracy_horizontal>2.44</opentracks:accuracy_horizontal></extensions>
</trkpt>
<trkpt lat="-32.236785" lon="115.795289">
<ele>3.2</ele>
<time>2026-06-22T09:41:12.864+08:00</time>
<extensions>
<gpxtpx:TrackPointExtension>
<gpxtpx:speed>0.85</gpxtpx:speed>
</gpxtpx:TrackPointExtension>
<opentracks:accuracy_horizontal>2.522</opentracks:accuracy_horizontal></extensions>
</trkpt>
<trkpt lat="-32.236796" lon="115.795249">
<ele>3.9</ele>
<time>2026-06-22T09:41:22.868+08:00</time>
<extensions>
<gpxtpx:TrackPointExtension>
<gpxtpx:speed>0.36</gpxtpx:speed>
</gpxtpx:TrackPointExtension>
<opentracks:accuracy_horizontal>2.372</opentracks:accuracy_horizontal></extensions>
</trkpt>
<trkpt lat="-32.23686" lon="115.795166">
<ele>4.5</ele>
<time>2026-06-22T09:41:47.859+08:00</time>
<extensions>
<gpxtpx:TrackPointExtension>
<gpxtpx:speed>0.89</gpxtpx:speed>
</gpxtpx:TrackPointExtension>
<opentracks:accuracy_horizontal>2.576</opentracks:accuracy_horizontal></extensions>
</trkpt>
<trkpt lat="-32.236912" lon="115.795066">
<ele>5.9</ele>
<time>2026-06-22T09:41:57.853+08:00</time>
<extensions>
<gpxtpx:TrackPointExtension>
<gpxtpx:speed>1.02</gpxtpx:speed>
</gpxtpx:TrackPointExtension>
<opentracks:accuracy_horizontal>2.501</opentracks:accuracy_horizontal></extensions>
</trkpt>
<trkpt lat="-32.236965" lon="115.794979">
<ele>7.3</ele>
<time>2026-06-22T09:42:07.865+08:00</time>
<extensions>
<gpxtpx:TrackPointExtension>
<gpxtpx:speed>0.99</gpxtpx:speed>
</gpxtpx:TrackPointExtension>
<opentracks:accuracy_horizontal>2.484</opentracks:accuracy_horizontal></extensions>
</trkpt>
<trkpt lat="-32.236999" lon="115.794898">
<ele>9.7</ele>
<time>2026-06-22T09:42:17.857+08:00</time>
<extensions>
<gpxtpx:TrackPointExtension>
<gpxtpx:speed>0.92</gpxtpx:speed>
</gpxtpx:TrackPointExtension>
<opentracks:accuracy_horizontal>2.3</opentracks:accuracy_horizontal></extensions>
</trkpt>
<trkpt lat="-32.237044" lon="115.794801">
<ele>8.7</ele>
<time>2026-06-22T09:42:27.858+08:00</time>
<extensions>
<gpxtpx:TrackPointExtension>
<gpxtpx:speed>0.97</gpxtpx:speed>
</gpxtpx:TrackPointExtension>
<opentracks:accuracy_horizontal>2.302</opentracks:accuracy_horizontal></extensions>
</trkpt>
<trkpt lat="-32.237077" lon="115.794702">
<ele>8.8</ele>
<time>2026-06-22T09:42:37.852+08:00</time>
<extensions>
<gpxtpx:TrackPointExtension>
<gpxtpx:speed>0.97</gpxtpx:speed>
</gpxtpx:TrackPointExtension>
<opentracks:accuracy_horizontal>2.353</opentracks:accuracy_horizontal></extensions>
</trkpt>
<trkpt lat="-32.237077" lon="115.794629">
<ele>8.6</ele>
<time>2026-06-22T09:42:46.848+08:00</time>
<extensions>
<gpxtpx:TrackPointExtension>
<gpxtpx:speed>0.9</gpxtpx:speed>
</gpxtpx:TrackPointExtension>
<opentracks:accuracy_horizontal>2.452</opentracks:accuracy_horizontal></extensions>
</trkpt>
<trkpt lat="-32.237057" lon="115.794525">
<ele>8.8</ele>
<time>2026-06-22T09:43:02.829+08:00</time>
<extensions>
<gpxtpx:TrackPointExtension>
<gpxtpx:speed>0.52</gpxtpx:speed>
</gpxtpx:TrackPointExtension>
<opentracks:accuracy_horizontal>2.333</opentracks:accuracy_horizontal></extensions>
</trkpt>
<trkpt lat="-32.237052" lon="115.794517">
<ele>7.8</ele>
<time>2026-06-22T09:43:11.847+08:00</time>
<extensions>
<gpxtpx:TrackPointExtension>
<gpxtpx:speed>0.14</gpxtpx:speed>
</gpxtpx:TrackPointExtension>
<opentracks:accuracy_horizontal>2.323</opentracks:accuracy_horizontal></extensions>
</trkpt>
<trkpt lat="-32.237141" lon="115.794471">
<ele>7.9</ele>
<time>2026-06-22T09:43:32.829+08:00</time>
<extensions>
<gpxtpx:TrackPointExtension>
<gpxtpx:speed>0.88</gpxtpx:speed>
</gpxtpx:TrackPointExtension>
<opentracks:accuracy_horizontal>2.119</opentracks:accuracy_horizontal></extensions>
</trkpt>
<trkpt lat="-32.237196" lon="115.794417">
<ele>9.1</ele>
<time>2026-06-22T09:43:41.867+08:00</time>
<extensions>
<gpxtpx:TrackPointExtension>
<gpxtpx:speed>0.94</gpxtpx:speed>
</gpxtpx:TrackPointExtension>
<opentracks:accuracy_horizontal>2.514</opentracks:accuracy_horizontal></extensions>
</trkpt>
<trkpt lat="-32.237277" lon="115.794349">
<ele>8.8</ele>
<time>2026-06-22T09:43:58.858+08:00</time>
<extensions>
<gpxtpx:TrackPointExtension>
<gpxtpx:speed>0.51</gpxtpx:speed>
</gpxtpx:TrackPointExtension>
<opentracks:accuracy_horizontal>2.441</opentracks:accuracy_horizontal></extensions>
</trkpt>
<trkpt lat="-32.237265" lon="115.794255">
<ele>9.1</ele>
<time>2026-06-22T09:44:08.872+08:00</time>
<extensions>
<gpxtpx:TrackPointExtension>
<gpxtpx:speed>0.84</gpxtpx:speed>
</gpxtpx:TrackPointExtension>
<opentracks:accuracy_horizontal>2.333</opentracks:accuracy_horizontal></extensions>
</trkpt>
<trkpt lat="-32.237196" lon="115.79418">
<ele>7.9</ele>
<time>2026-06-22T09:44:58.848+08:00</time>
<extensions>
<gpxtpx:TrackPointExtension>
<gpxtpx:speed>0.82</gpxtpx:speed>
</gpxtpx:TrackPointExtension>
<opentracks:accuracy_horizontal>2.284</opentracks:accuracy_horizontal></extensions>
</trkpt>
<trkpt lat="-32.237153" lon="115.794111">
<ele>5.9</ele>
<time>2026-06-22T09:45:08.839+08:00</time>
<extensions>
<gpxtpx:TrackPointExtension>
<gpxtpx:speed>0.84</gpxtpx:speed>
</gpxtpx:TrackPointExtension>
<opentracks:accuracy_horizontal>2.224</opentracks:accuracy_horizontal></extensions>
</trkpt>
<trkpt lat="-32.23706" lon="115.794085">
<ele>4.4</ele>
<time>2026-06-22T09:45:33.846+08:00</time>
<extensions>
<gpxtpx:TrackPointExtension>
<gpxtpx:speed>0.97</gpxtpx:speed>
</gpxtpx:TrackPointExtension>
<opentracks:accuracy_horizontal>2.233</opentracks:accuracy_horizontal></extensions>
</trkpt>
<trkpt lat="-32.237038" lon="115.794101">
<ele>4.1</ele>
<time>2026-06-22T09:45:43.833+08:00</time>
<extensions>
<gpxtpx:TrackPointExtension>
<gpxtpx:speed>0.09</gpxtpx:speed>
</gpxtpx:TrackPointExtension>
<opentracks:accuracy_horizontal>2.091</opentracks:accuracy_horizontal></extensions>
</trkpt>
<trkpt lat="-32.236954" lon="115.794046">
<ele>4</ele>
<time>2026-06-22T09:47:01.843+08:00</time>
<extensions>
<gpxtpx:TrackPointExtension>
<gpxtpx:speed>0.68</gpxtpx:speed>
</gpxtpx:TrackPointExtension>
<opentracks:accuracy_horizontal>2.077</opentracks:accuracy_horizontal></extensions>
</trkpt>
<trkpt lat="-32.236875" lon="115.794066">
<ele>3.7</ele>
<time>2026-06-22T09:47:11.843+08:00</time>
<extensions>
<gpxtpx:TrackPointExtension>
<gpxtpx:speed>0.9</gpxtpx:speed>
</gpxtpx:TrackPointExtension>
<opentracks:accuracy_horizontal>2.074</opentracks:accuracy_horizontal></extensions>
</trkpt>
<trkpt lat="-32.236789" lon="115.794115">
<ele>0.1</ele>
<time>2026-06-22T09:47:23.833+08:00</time>
<extensions>
<gpxtpx:TrackPointExtension>
<gpxtpx:speed>0.95</gpxtpx:speed>
</gpxtpx:TrackPointExtension>
<opentracks:accuracy_horizontal>2.184</opentracks:accuracy_horizontal></extensions>
</trkpt>
<trkpt lat="-32.236723" lon="115.794132">
<ele>-0.7</ele>
<time>2026-06-22T09:47:32.857+08:00</time>
<extensions>
<gpxtpx:TrackPointExtension>
<gpxtpx:speed>0.25</gpxtpx:speed>
</gpxtpx:TrackPointExtension>
<opentracks:accuracy_horizontal>2.114</opentracks:accuracy_horizontal></extensions>
</trkpt>
<trkpt lat="-32.236637" lon="115.794167">
<ele>-0.8</ele>
<time>2026-06-22T09:48:21.85+08:00</time>
<extensions>
<gpxtpx:TrackPointExtension>
<gpxtpx:speed>0.54</gpxtpx:speed>
</gpxtpx:TrackPointExtension>
<opentracks:accuracy_horizontal>2.17</opentracks:accuracy_horizontal></extensions>
</trkpt>
<trkpt lat="-32.236542" lon="115.794199">
<ele>-0.8</ele>
<time>2026-06-22T09:48:30.844+08:00</time>
<extensions>
<gpxtpx:TrackPointExtension>
<gpxtpx:speed>1.19</gpxtpx:speed>
</gpxtpx:TrackPointExtension>
<opentracks:accuracy_horizontal>2.066</opentracks:accuracy_horizontal></extensions>
</trkpt>
<trkpt lat="-32.236501" lon="115.794178">
<ele>-0.9</ele>
<time>2026-06-22T09:48:40.832+08:00</time>
<extensions>
<gpxtpx:TrackPointExtension>
<gpxtpx:speed>0.31</gpxtpx:speed>
</gpxtpx:TrackPointExtension>
<opentracks:accuracy_horizontal>2.148</opentracks:accuracy_horizontal></extensions>
</trkpt>
<trkpt lat="-32.236409" lon="115.794136">
<ele>-3.6</ele>
<time>2026-06-22T09:49:14.848+08:00</time>
<extensions>
<gpxtpx:TrackPointExtension>
<gpxtpx:speed>1.18</gpxtpx:speed>
</gpxtpx:TrackPointExtension>
<opentracks:accuracy_horizontal>2.088</opentracks:accuracy_horizontal></extensions>
</trkpt>
<trkpt lat="-32.236334" lon="115.794134">
<ele>-4.6</ele>
<time>2026-06-22T09:49:24.841+08:00</time>
<extensions>
<gpxtpx:TrackPointExtension>
<gpxtpx:speed>0.95</gpxtpx:speed>
</gpxtpx:TrackPointExtension>
<opentracks:accuracy_horizontal>2.126</opentracks:accuracy_horizontal></extensions>
</trkpt>
<trkpt lat="-32.236239" lon="115.7941">
<ele>-5</ele>
<time>2026-06-22T09:49:40.87+08:00</time>
<extensions>
<gpxtpx:TrackPointExtension>
<gpxtpx:speed>1.1</gpxtpx:speed>
</gpxtpx:TrackPointExtension>
<opentracks:accuracy_horizontal>2.065</opentracks:accuracy_horizontal></extensions>
</trkpt>
<trkpt lat="-32.236151" lon="115.794046">
<ele>-5.7</ele>
<time>2026-06-22T09:49:50.855+08:00</time>
<extensions>
<gpxtpx:TrackPointExtension>
<gpxtpx:speed>1.1</gpxtpx:speed>
</gpxtpx:TrackPointExtension>
<opentracks:accuracy_horizontal>2.285</opentracks:accuracy_horizontal></extensions>
</trkpt>
<trkpt lat="-32.236107" lon="115.793955">
<ele>-6.2</ele>
<time>2026-06-22T09:50:00.864+08:00</time>
<extensions>
<gpxtpx:TrackPointExtension>
<gpxtpx:speed>0.99</gpxtpx:speed>
</gpxtpx:TrackPointExtension>
<opentracks:accuracy_horizontal>2.451</opentracks:accuracy_horizontal></extensions>
</trkpt>
<trkpt lat="-32.236113" lon="115.793844">
<ele>-5.5</ele>
<time>2026-06-22T09:50:10.87+08:00</time>
<extensions>
<gpxtpx:TrackPointExtension>
<gpxtpx:speed>0.98</gpxtpx:speed>
</gpxtpx:TrackPointExtension>
<opentracks:accuracy_horizontal>2.416</opentracks:accuracy_horizontal></extensions>
</trkpt>
<trkpt lat="-32.236128" lon="115.793796">
<ele>-6</ele>
<time>2026-06-22T09:50:20.868+08:00</time>
<extensions>
<gpxtpx:TrackPointExtension>
<gpxtpx:speed>0.23</gpxtpx:speed>
</gpxtpx:TrackPointExtension>
<opentracks:accuracy_horizontal>2.195</opentracks:accuracy_horizontal></extensions>
</trkpt>
<trkpt lat="-32.236219" lon="115.793775">
<ele>-4.3</ele>
<time>2026-06-22T09:50:40.871+08:00</time>
<extensions>
<gpxtpx:TrackPointExtension>
<gpxtpx:speed>0.39</gpxtpx:speed>
</gpxtpx:TrackPointExtension>
<opentracks:accuracy_horizontal>2.548</opentracks:accuracy_horizontal></extensions>
</trkpt>
<trkpt lat="-32.236265" lon="115.793723">
<ele>-3.4</ele>
<time>2026-06-22T09:50:50.87+08:00</time>
<extensions>
<gpxtpx:TrackPointExtension>
<gpxtpx:speed>0.3</gpxtpx:speed>
</gpxtpx:TrackPointExtension>
<opentracks:accuracy_horizontal>2.542</opentracks:accuracy_horizontal></extensions>
</trkpt>
<trkpt lat="-32.236249" lon="115.793616">
<ele>-3.5</ele>
<time>2026-06-22T09:51:14.862+08:00</time>
<extensions>
<gpxtpx:TrackPointExtension>
<gpxtpx:speed>0.54</gpxtpx:speed>
</gpxtpx:TrackPointExtension>
<opentracks:accuracy_horizontal>2.689</opentracks:accuracy_horizontal></extensions>
</trkpt>
<trkpt lat="-32.236206" lon="115.793574">
<ele>-2.1</ele>
<time>2026-06-22T09:51:24.868+08:00</time>
<extensions>
<gpxtpx:TrackPointExtension>
<gpxtpx:speed>0.72</gpxtpx:speed>
</gpxtpx:TrackPointExtension>
<opentracks:accuracy_horizontal>2.754</opentracks:accuracy_horizontal></extensions>
</trkpt>
<trkpt lat="-32.236186" lon="115.793462">
<ele>-2.8</ele>
<time>2026-06-22T09:51:52.86+08:00</time>
<extensions>
<gpxtpx:TrackPointExtension>
<gpxtpx:speed>0.42</gpxtpx:speed>
</gpxtpx:TrackPointExtension>
<opentracks:accuracy_horizontal>2.61</opentracks:accuracy_horizontal></extensions>
</trkpt>
<trkpt lat="-32.23614" lon="115.793462">
<ele>-3.2</ele>
<time>2026-06-22T09:52:02.858+08:00</time>
<extensions>
<gpxtpx:TrackPointExtension>
<gpxtpx:speed>0.05</gpxtpx:speed>
</gpxtpx:TrackPointExtension>
<opentracks:accuracy_horizontal>2.496</opentracks:accuracy_horizontal></extensions>
</trkpt>
<trkpt lat="-32.236056" lon="115.793404">
<ele>-2.1</ele>
<time>2026-06-22T09:52:15.865+08:00</time>
<extensions>
<gpxtpx:TrackPointExtension>
<gpxtpx:speed>0.75</gpxtpx:speed>
</gpxtpx:TrackPointExtension>
<opentracks:accuracy_horizontal>2.705</opentracks:accuracy_horizontal></extensions>
</trkpt>
<trkpt lat="-32.236026" lon="115.79335">
<ele>-2.5</ele>
<time>2026-06-22T09:52:24.862+08:00</time>
<extensions>
<gpxtpx:TrackPointExtension>
<gpxtpx:speed>0.56</gpxtpx:speed>
</gpxtpx:TrackPointExtension>
<opentracks:accuracy_horizontal>2.797</opentracks:accuracy_horizontal></extensions>
</trkpt>
<trkpt lat="-32.235986" lon="115.793249">
<ele>-1.8</ele>
<time>2026-06-22T09:52:38.879+08:00</time>
<extensions>
<gpxtpx:TrackPointExtension>
<gpxtpx:speed>0.75</gpxtpx:speed>
</gpxtpx:TrackPointExtension>
<opentracks:accuracy_horizontal>2.707</opentracks:accuracy_horizontal></extensions>
</trkpt>
<trkpt lat="-32.235988" lon="115.7932">
<ele>-0.7</ele>
<time>2026-06-22T09:52:48.856+08:00</time>
<extensions>
<gpxtpx:TrackPointExtension>
<gpxtpx:speed>0.34</gpxtpx:speed>
</gpxtpx:TrackPointExtension>
<opentracks:accuracy_horizontal>2.992</opentracks:accuracy_horizontal></extensions>
</trkpt>
<trkpt lat="-32.236049" lon="115.79312">
<ele>-1.2</ele>
<time>2026-06-22T09:53:03.888+08:00</time>
<extensions>
<gpxtpx:TrackPointExtension>
<gpxtpx:speed>0.35</gpxtpx:speed>
</gpxtpx:TrackPointExtension>
<opentracks:accuracy_horizontal>2.693</opentracks:accuracy_horizontal></extensions>
</trkpt>
<trkpt lat="-32.235996" lon="115.793038">
<ele>0.4</ele>
<time>2026-06-22T09:53:13.856+08:00</time>
<extensions>
<gpxtpx:TrackPointExtension>
<gpxtpx:speed>0.83</gpxtpx:speed>
</gpxtpx:TrackPointExtension>
<opentracks:accuracy_horizontal>2.48</opentracks:accuracy_horizontal></extensions>
</trkpt>
<trkpt lat="-32.235907" lon="115.792998">
<ele>0.6</ele>
<time>2026-06-22T09:53:24.89+08:00</time>
<extensions>
<gpxtpx:TrackPointExtension>
<gpxtpx:speed>0.94</gpxtpx:speed>
</gpxtpx:TrackPointExtension>
<opentracks:accuracy_horizontal>2.419</opentracks:accuracy_horizontal></extensions>
</trkpt>
<trkpt lat="-32.23584" lon="115.792963">
<ele>2.6</ele>
<time>2026-06-22T09:53:34.858+08:00</time>
<extensions>
<gpxtpx:TrackPointExtension>
<gpxtpx:speed>0.84</gpxtpx:speed>
</gpxtpx:TrackPointExtension>
<opentracks:accuracy_horizontal>2.461</opentracks:accuracy_horizontal></extensions>
</trkpt>
<trkpt lat="-32.23575" lon="115.792922">
<ele>2.2</ele>
<time>2026-06-22T09:53:46.882+08:00</time>
<extensions>
<gpxtpx:TrackPointExtension>
<gpxtpx:speed>0.84</gpxtpx:speed>
</gpxtpx:TrackPointExtension>
<opentracks:accuracy_horizontal>2.458</opentracks:accuracy_horizontal></extensions>
</trkpt>
<trkpt lat="-32.235677" lon="115.792907">
<ele>2.5</ele>
<time>2026-06-22T09:53:56.853+08:00</time>
<extensions>
<gpxtpx:TrackPointExtension>
<gpxtpx:speed>0.83</gpxtpx:speed>
</gpxtpx:TrackPointExtension>
<opentracks:accuracy_horizontal>2.454</opentracks:accuracy_horizontal></extensions>
</trkpt>
<trkpt lat="-32.235581" lon="115.792896">
<ele>3.3</ele>
<time>2026-06-22T09:54:08.87+08:00</time>
<extensions>
<gpxtpx:TrackPointExtension>
<gpxtpx:speed>0.87</gpxtpx:speed>
</gpxtpx:TrackPointExtension>
<opentracks:accuracy_horizontal>2.48</opentracks:accuracy_horizontal></extensions>
</trkpt>
<trkpt lat="-32.235502" lon="115.792921">
<ele>3.2</ele>
<time>2026-06-22T09:54:18.872+08:00</time>
<extensions>
<gpxtpx:TrackPointExtension>
<gpxtpx:speed>0.88</gpxtpx:speed>
</gpxtpx:TrackPointExtension>
<opentracks:accuracy_horizontal>2.512</opentracks:accuracy_horizontal></extensions>
</trkpt>
<trkpt lat="-32.235419" lon="115.79297">
<ele>3.7</ele>
<time>2026-06-22T09:54:29.871+08:00</time>
<extensions>
<gpxtpx:TrackPointExtension>
<gpxtpx:speed>0.91</gpxtpx:speed>
</gpxtpx:TrackPointExtension>
<opentracks:accuracy_horizontal>2.378</opentracks:accuracy_horizontal></extensions>
</trkpt>
<trkpt lat="-32.235391" lon="115.793067">
<ele>4.1</ele>
<time>2026-06-22T09:54:39.873+08:00</time>
<extensions>
<gpxtpx:TrackPointExtension>
<gpxtpx:speed>0.95</gpxtpx:speed>
</gpxtpx:TrackPointExtension>
<opentracks:accuracy_horizontal>2.337</opentracks:accuracy_horizontal></extensions>
</trkpt>
<trkpt lat="-32.235339" lon="115.793154">
<ele>4.1</ele>
<time>2026-06-22T09:54:49.91+08:00</time>
<extensions>
<gpxtpx:TrackPointExtension>
<gpxtpx:speed>0.97</gpxtpx:speed>
</gpxtpx:TrackPointExtension>
<opentracks:accuracy_horizontal>2.468</opentracks:accuracy_horizontal></extensions>
</trkpt>
<trkpt lat="-32.235285" lon="115.79324">
<ele>5.1</ele>
<time>2026-06-22T09:54:59.919+08:00</time>
<extensions>
<gpxtpx:TrackPointExtension>
<gpxtpx:speed>0.97</gpxtpx:speed>
</gpxtpx:TrackPointExtension>
<opentracks:accuracy_horizontal>2.758</opentracks:accuracy_horizontal></extensions>
</trkpt>
<trkpt lat="-32.235212" lon="115.793307">
<ele>6.6</ele>
<time>2026-06-22T09:55:09.873+08:00</time>
<extensions>
<gpxtpx:TrackPointExtension>
<gpxtpx:speed>0.99</gpxtpx:speed>
</gpxtpx:TrackPointExtension>
<opentracks:accuracy_horizontal>2.554</opentracks:accuracy_horizontal></extensions>
</trkpt>
<trkpt lat="-32.235159" lon="115.793404">
<ele>7.8</ele>
<time>2026-06-22T09:55:19.877+08:00</time>
<extensions>
<gpxtpx:TrackPointExtension>
<gpxtpx:speed>1.04</gpxtpx:speed>
</gpxtpx:TrackPointExtension>
<opentracks:accuracy_horizontal>2.556</opentracks:accuracy_horizontal></extensions>
</trkpt>
<trkpt lat="-32.23516" lon="115.793481">
<ele>6.9</ele>
<time>2026-06-22T09:55:29.871+08:00</time>
<extensions>
<gpxtpx:TrackPointExtension>
<gpxtpx:speed>0.84</gpxtpx:speed>
</gpxtpx:TrackPointExtension>
<opentracks:accuracy_horizontal>2.432</opentracks:accuracy_horizontal></extensions>
</trkpt>
<trkpt lat="-32.235164" lon="115.793589">
<ele>7.1</ele>
<time>2026-06-22T09:55:39.853+08:00</time>
<extensions>
<gpxtpx:TrackPointExtension>
<gpxtpx:speed>0.96</gpxtpx:speed>
</gpxtpx:TrackPointExtension>
<opentracks:accuracy_horizontal>2.392</opentracks:accuracy_horizontal></extensions>
</trkpt>
<trkpt lat="-32.235162" lon="115.793674">
<ele>7.2</ele>
<time>2026-06-22T09:55:48.856+08:00</time>
<extensions>
<gpxtpx:TrackPointExtension>
<gpxtpx:speed>0.92</gpxtpx:speed>
</gpxtpx:TrackPointExtension>
<opentracks:accuracy_horizontal>2.34</opentracks:accuracy_horizontal></extensions>
</trkpt>
<trkpt lat="-32.235072" lon="115.793644">
<ele>7.9</ele>
<time>2026-06-22T09:56:33.854+08:00</time>
<extensions>
<gpxtpx:TrackPointExtension>
<gpxtpx:speed>0.93</gpxtpx:speed>
</gpxtpx:TrackPointExtension>
<opentracks:accuracy_horizontal>2.407</opentracks:accuracy_horizontal></extensions>
</trkpt>
<trkpt lat="-32.234979" lon="115.793641">
<ele>6.7</ele>
<time>2026-06-22T09:56:43.854+08:00</time>
<extensions>
<gpxtpx:TrackPointExtension>
<gpxtpx:speed>1.03</gpxtpx:speed>
</gpxtpx:TrackPointExtension>
<opentracks:accuracy_horizontal>2.357</opentracks:accuracy_horizontal></extensions>
</trkpt>
<trkpt lat="-32.234903" lon="115.793665">
<ele>5.7</ele>
<time>2026-06-22T09:56:53.841+08:00</time>
<extensions>
<gpxtpx:TrackPointExtension>
<gpxtpx:speed>0.91</gpxtpx:speed>
</gpxtpx:TrackPointExtension>
<opentracks:accuracy_horizontal>2.422</opentracks:accuracy_horizontal></extensions>
</trkpt>
<trkpt lat="-32.23481" lon="115.793668">
<ele>3.8</ele>
<time>2026-06-22T09:58:25.876+08:00</time>
<extensions>
<gpxtpx:TrackPointExtension>
<gpxtpx:speed>0.89</gpxtpx:speed>
</gpxtpx:TrackPointExtension>
<opentracks:accuracy_horizontal>2.195</opentracks:accuracy_horizontal></extensions>
</trkpt>
<trkpt lat="-32.234721" lon="115.793642">
<ele>3.7</ele>
<time>2026-06-22T09:58:34.86+08:00</time>
<extensions>
<gpxtpx:TrackPointExtension>
<gpxtpx:speed>1.03</gpxtpx:speed>
</gpxtpx:TrackPointExtension>
<opentracks:accuracy_horizontal>2.432</opentracks:accuracy_horizontal></extensions>
</trkpt>
<trkpt lat="-32.234736" lon="115.793695">
<ele>3.6</ele>
<time>2026-06-22T09:58:43.908+08:00</time>
<extensions>
<gpxtpx:TrackPointExtension>
<gpxtpx:speed>0.77</gpxtpx:speed>
</gpxtpx:TrackPointExtension>
<opentracks:accuracy_horizontal>2.901</opentracks:accuracy_horizontal></extensions>
</trkpt>
<trkpt lat="-32.234659" lon="115.793639">
<ele>-0.2</ele>
<time>2026-06-22T09:59:45.845+08:00</time>
<extensions>
<gpxtpx:TrackPointExtension>
<gpxtpx:speed>0.65</gpxtpx:speed>
</gpxtpx:TrackPointExtension>
<opentracks:accuracy_horizontal>2.171</opentracks:accuracy_horizontal></extensions>
</trkpt>
<trkpt lat="-32.234578" lon="115.793643">
<ele>-0.8</ele>
<time>2026-06-22T09:59:55.845+08:00</time>
<extensions>
<gpxtpx:TrackPointExtension>
<gpxtpx:speed>0.86</gpxtpx:speed>
</gpxtpx:TrackPointExtension>
<opentracks:accuracy_horizontal>2.327</opentracks:accuracy_horizontal></extensions>
</trkpt>
<trkpt lat="-32.234485" lon="115.793671">
<ele>-2.6</ele>
<time>2026-06-22T10:00:08.869+08:00</time>
<extensions>
<gpxtpx:TrackPointExtension>
<gpxtpx:speed>0.84</gpxtpx:speed>
</gpxtpx:TrackPointExtension>
<opentracks:accuracy_horizontal>2.149</opentracks:accuracy_horizontal></extensions>
</trkpt>
<trkpt lat="-32.234434" lon="115.793706">
<ele>-2.2</ele>
<time>2026-06-22T10:00:18.873+08:00</time>
<extensions>
<gpxtpx:TrackPointExtension>
<gpxtpx:speed>0.66</gpxtpx:speed>
</gpxtpx:TrackPointExtension>
<opentracks:accuracy_horizontal>2.195</opentracks:accuracy_horizontal></extensions>
</trkpt>
<trkpt lat="-32.234359" lon="115.793774">
<ele>-4.6</ele>
<time>2026-06-22T10:01:04.846+08:00</time>
<extensions>
<gpxtpx:TrackPointExtension>
<gpxtpx:speed>0.7</gpxtpx:speed>
</gpxtpx:TrackPointExtension>
<opentracks:accuracy_horizontal>2.177</opentracks:accuracy_horizontal></extensions>
</trkpt>
<trkpt lat="-32.23431" lon="115.793827">
<ele>-4.4</ele>
<time>2026-06-22T10:01:14.849+08:00</time>
<extensions>
<gpxtpx:TrackPointExtension>
<gpxtpx:speed>0.73</gpxtpx:speed>
</gpxtpx:TrackPointExtension>
<opentracks:accuracy_horizontal>2.182</opentracks:accuracy_horizontal></extensions>
</trkpt>
<trkpt lat="-32.23425" lon="115.793915">
<ele>-6.5</ele>
<time>2026-06-22T10:01:29.85+08:00</time>
<extensions>
<gpxtpx:TrackPointExtension>
<gpxtpx:speed>0.7</gpxtpx:speed>
</gpxtpx:TrackPointExtension>
<opentracks:accuracy_horizontal>2.153</opentracks:accuracy_horizontal></extensions>
</trkpt>
<trkpt lat="-32.234201" lon="115.793959">
<ele>-8.2</ele>
<time>2026-06-22T10:01:38.87+08:00</time>
<extensions>
<gpxtpx:TrackPointExtension>
<gpxtpx:speed>0.74</gpxtpx:speed>
</gpxtpx:TrackPointExtension>
<opentracks:accuracy_horizontal>2.104</opentracks:accuracy_horizontal></extensions>
</trkpt>
<trkpt lat="-32.234118" lon="115.794016">
<ele>-10.4</ele>
<time>2026-06-22T10:01:58.878+08:00</time>
<extensions>
<gpxtpx:TrackPointExtension>
<gpxtpx:speed>0.26</gpxtpx:speed>
</gpxtpx:TrackPointExtension>
<opentracks:accuracy_horizontal>2.359</opentracks:accuracy_horizontal></extensions>
</trkpt>
<trkpt lat="-32.234082" lon="115.794081">
<ele>-11.2</ele>
<time>2026-06-22T10:02:08.856+08:00</time>
<extensions>
<gpxtpx:TrackPointExtension>
<gpxtpx:speed>0.54</gpxtpx:speed>
</gpxtpx:TrackPointExtension>
<opentracks:accuracy_horizontal>2.205</opentracks:accuracy_horizontal></extensions>
</trkpt>
<trkpt lat="-32.234003" lon="115.794148">
<ele>-9.4</ele>
<time>2026-06-22T10:02:35.848+08:00</time>
<extensions>
<gpxtpx:TrackPointExtension>
<gpxtpx:speed>0.83</gpxtpx:speed>
</gpxtpx:TrackPointExtension>
<opentracks:accuracy_horizontal>2.132</opentracks:accuracy_horizontal></extensions>
</trkpt>
<trkpt lat="-32.233941" lon="115.794206">
<ele>-10.8</ele>
<time>2026-06-22T10:02:44.876+08:00</time>
<extensions>
<gpxtpx:TrackPointExtension>
<gpxtpx:speed>0.95</gpxtpx:speed>
</gpxtpx:TrackPointExtension>
<opentracks:accuracy_horizontal>2.498</opentracks:accuracy_horizontal></extensions>
</trkpt>
<trkpt lat="-32.233858" lon="115.794249">
<ele>-12.6</ele>
<time>2026-06-22T10:02:56.877+08:00</time>
<extensions>
<gpxtpx:TrackPointExtension>
<gpxtpx:speed>0.88</gpxtpx:speed>
</gpxtpx:TrackPointExtension>
<opentracks:accuracy_horizontal>2.463</opentracks:accuracy_horizontal></extensions>
</trkpt>
<trkpt lat="-32.233842" lon="115.79424">
<ele>-12.3</ele>
<time>2026-06-22T10:03:06.852+08:00</time>
<extensions>
<gpxtpx:TrackPointExtension>
<gpxtpx:speed>0.05</gpxtpx:speed>
</gpxtpx:TrackPointExtension>
<opentracks:accuracy_horizontal>2.225</opentracks:accuracy_horizontal></extensions>
</trkpt>
<trkpt lat="-32.233754" lon="115.794266">
<ele>-15.4</ele>
<time>2026-06-22T10:04:09.847+08:00</time>
<extensions>
<gpxtpx:TrackPointExtension>
<gpxtpx:speed>0.74</gpxtpx:speed>
</gpxtpx:TrackPointExtension>
<opentracks:accuracy_horizontal>2.183</opentracks:accuracy_horizontal></extensions>
</trkpt>
<trkpt lat="-32.233688" lon="115.7943">
<ele>-14.9</ele>
<time>2026-06-22T10:04:19.857+08:00</time>
<extensions>
<gpxtpx:TrackPointExtension>
<gpxtpx:speed>0.83</gpxtpx:speed>
</gpxtpx:TrackPointExtension>
<opentracks:accuracy_horizontal>2.137</opentracks:accuracy_horizontal></extensions>
</trkpt>
<trkpt lat="-32.2336" lon="115.79434">
<ele>-17.4</ele>
<time>2026-06-22T10:04:32.882+08:00</time>
<extensions>
<gpxtpx:TrackPointExtension>
<gpxtpx:speed>0.84</gpxtpx:speed>
</gpxtpx:TrackPointExtension>
<opentracks:accuracy_horizontal>2.106</opentracks:accuracy_horizontal></extensions>
</trkpt>
<trkpt lat="-32.233572" lon="115.794335">
<ele>-16.7</ele>
<time>2026-06-22T10:04:42.855+08:00</time>
<extensions>
<gpxtpx:TrackPointExtension>
<gpxtpx:speed>0.48</gpxtpx:speed>
</gpxtpx:TrackPointExtension>
<opentracks:accuracy_horizontal>2.261</opentracks:accuracy_horizontal></extensions>
</trkpt>
<trkpt lat="-32.23348" lon="115.794313">
<ele>-16.4</ele>
<time>2026-06-22T10:06:31.875+08:00</time>
<extensions>
<gpxtpx:TrackPointExtension>
<gpxtpx:speed>0.5</gpxtpx:speed>
</gpxtpx:TrackPointExtension>
<opentracks:accuracy_horizontal>2.389</opentracks:accuracy_horizontal></extensions>
</trkpt>
<trkpt lat="-32.233416" lon="115.794234">
<ele>-15.6</ele>
<time>2026-06-22T10:06:41.859+08:00</time>
<extensions>
<gpxtpx:TrackPointExtension>
<gpxtpx:speed>0.91</gpxtpx:speed>
</gpxtpx:TrackPointExtension>
<opentracks:accuracy_horizontal>2.34</opentracks:accuracy_horizontal></extensions>
</trkpt>
<trkpt lat="-32.233345" lon="115.794175">
<ele>-15</ele>
<time>2026-06-22T10:06:51.867+08:00</time>
<extensions>
<gpxtpx:TrackPointExtension>
<gpxtpx:speed>0.93</gpxtpx:speed>
</gpxtpx:TrackPointExtension>
<opentracks:accuracy_horizontal>2.547</opentracks:accuracy_horizontal></extensions>
</trkpt>
<trkpt lat="-32.23327" lon="115.794107">
<ele>-14.3</ele>
<time>2026-06-22T10:07:45.857+08:00</time>
<extensions>
<gpxtpx:TrackPointExtension>
<gpxtpx:speed>1.15</gpxtpx:speed>
</gpxtpx:TrackPointExtension>
<opentracks:accuracy_horizontal>2.509</opentracks:accuracy_horizontal></extensions>
</trkpt>
<trkpt lat="-32.233287" lon="115.794096">
<ele>-19.4</ele>
<time>2026-06-22T10:07:55.856+08:00</time>
<extensions>
<gpxtpx:TrackPointExtension>
<gpxtpx:speed>0.05</gpxtpx:speed>
</gpxtpx:TrackPointExtension>
<opentracks:accuracy_horizontal>2.588</opentracks:accuracy_horizontal></extensions>
</trkpt>
<trkpt lat="-32.233196" lon="115.794068">
<ele>-19.3</ele>
<time>2026-06-22T10:09:08.851+08:00</time>
<extensions>
<gpxtpx:TrackPointExtension>
<gpxtpx:speed>0.39</gpxtpx:speed>
</gpxtpx:TrackPointExtension>
<opentracks:accuracy_horizontal>2.289</opentracks:accuracy_horizontal></extensions>
</trkpt>
<trkpt lat="-32.233125" lon="115.794017">
<ele>-19.5</ele>
<time>2026-06-22T10:09:17.884+08:00</time>
<extensions>
<gpxtpx:TrackPointExtension>
<gpxtpx:speed>1.03</gpxtpx:speed>
</gpxtpx:TrackPointExtension>
<opentracks:accuracy_horizontal>2.695</opentracks:accuracy_horizontal></extensions>
</trkpt>
<trkpt lat="-32.233037" lon="115.79398">
<ele>-21.2</ele>
<time>2026-06-22T10:09:27.883+08:00</time>
<extensions>
<gpxtpx:TrackPointExtension>
<gpxtpx:speed>1.02</gpxtpx:speed>
</gpxtpx:TrackPointExtension>
<opentracks:accuracy_horizontal>2.625</opentracks:accuracy_horizontal></extensions>
</trkpt>
<trkpt lat="-32.23296" lon="115.79402">
<ele>-21.4</ele>
<time>2026-06-22T10:09:37.875+08:00</time>
<extensions>
<gpxtpx:TrackPointExtension>
<gpxtpx:speed>0.4</gpxtpx:speed>
</gpxtpx:TrackPointExtension>
<opentracks:accuracy_horizontal>2.655</opentracks:accuracy_horizontal></extensions>
</trkpt>
<trkpt lat="-32.232864" lon="115.794027">
<ele>-21.7</ele>
<time>2026-06-22T10:09:47.89+08:00</time>
<extensions>
<gpxtpx:TrackPointExtension>
<gpxtpx:speed>0.82</gpxtpx:speed>
</gpxtpx:TrackPointExtension>
<opentracks:accuracy_horizontal>2.418</opentracks:accuracy_horizontal></extensions>
</trkpt>
<trkpt lat="-32.232873" lon="115.794043">
<ele>-19.7</ele>
<time>2026-06-22T10:09:57.857+08:00</time>
<extensions>
<gpxtpx:TrackPointExtension>
<gpxtpx:speed>0.03</gpxtpx:speed>
</gpxtpx:TrackPointExtension>
<opentracks:accuracy_horizontal>2.435</opentracks:accuracy_horizontal></extensions>
</trkpt>
<trkpt lat="-32.232805" lon="115.794126">
<ele>-20.6</ele>
<time>2026-06-22T10:11:05.865+08:00</time>
<extensions>
<gpxtpx:TrackPointExtension>
<gpxtpx:speed>0.84</gpxtpx:speed>
</gpxtpx:TrackPointExtension>
<opentracks:accuracy_horizontal>2.24</opentracks:accuracy_horizontal></extensions>
</trkpt>
<trkpt lat="-32.232801" lon="115.794178">
<ele>-20.3</ele>
<time>2026-06-22T10:11:15.871+08:00</time>
<extensions>
<gpxtpx:TrackPointExtension>
<gpxtpx:speed>0.09</gpxtpx:speed>
</gpxtpx:TrackPointExtension>
<opentracks:accuracy_horizontal>3.074</opentracks:accuracy_horizontal></extensions>
</trkpt>
<trkpt lat="-32.232783" lon="115.794064">
<ele>-23.1</ele>
<time>2026-06-22T10:11:51.852+08:00</time>
<extensions>
<gpxtpx:TrackPointExtension>
<gpxtpx:speed>1.04</gpxtpx:speed>
</gpxtpx:TrackPointExtension>
<opentracks:accuracy_horizontal>2.391</opentracks:accuracy_horizontal></extensions>
</trkpt>
<trkpt lat="-32.232706" lon="115.794088">
<ele>-22.5</ele>
<time>2026-06-22T10:12:00.857+08:00</time>
<extensions>
<gpxtpx:TrackPointExtension>
<gpxtpx:speed>1.02</gpxtpx:speed>
</gpxtpx:TrackPointExtension>
<opentracks:accuracy_horizontal>2.376</opentracks:accuracy_horizontal></extensions>
</trkpt>
<trkpt lat="-32.232644" lon="115.79417">
<ele>-23.1</ele>
<time>2026-06-22T10:12:29.884+08:00</time>
<extensions>
<gpxtpx:TrackPointExtension>
<gpxtpx:speed>0.42</gpxtpx:speed>
</gpxtpx:TrackPointExtension>
<opentracks:accuracy_horizontal>2.296</opentracks:accuracy_horizontal></extensions>
</trkpt>
<trkpt lat="-32.23265" lon="115.794172">
<ele>-23.5</ele>
<time>2026-06-22T10:12:39.857+08:00</time>
<extensions>
<gpxtpx:TrackPointExtension>
<gpxtpx:speed>0.06</gpxtpx:speed>
</gpxtpx:TrackPointExtension>
<opentracks:accuracy_horizontal>2.661</opentracks:accuracy_horizontal></extensions>
</trkpt>
<trkpt lat="-32.232562" lon="115.7942">
<ele>-25.6</ele>
<time>2026-06-22T10:12:59.881+08:00</time>
<extensions>
<gpxtpx:TrackPointExtension>
<gpxtpx:speed>0.93</gpxtpx:speed>
</gpxtpx:TrackPointExtension>
<opentracks:accuracy_horizontal>2.148</opentracks:accuracy_horizontal></extensions>
</trkpt>
<trkpt lat="-32.232464" lon="115.794211">
<ele>-25.2</ele>
<time>2026-06-22T10:13:09.871+08:00</time>
<extensions>
<gpxtpx:TrackPointExtension>
<gpxtpx:speed>1.04</gpxtpx:speed>
</gpxtpx:TrackPointExtension>
<opentracks:accuracy_horizontal>2.127</opentracks:accuracy_horizontal></extensions>
</trkpt>
<trkpt lat="-32.232371" lon="115.794195">
<ele>-24.2</ele>
<time>2026-06-22T10:13:19.864+08:00</time>
<extensions>
<gpxtpx:TrackPointExtension>
<gpxtpx:speed>1.01</gpxtpx:speed>
</gpxtpx:TrackPointExtension>
<opentracks:accuracy_horizontal>2.152</opentracks:accuracy_horizontal></extensions>
</trkpt>
<trkpt lat="-32.232288" lon="115.794165">
<ele>-24</ele>
<time>2026-06-22T10:13:29.858+08:00</time>
<extensions>
<gpxtpx:TrackPointExtension>
<gpxtpx:speed>0.97</gpxtpx:speed>
</gpxtpx:TrackPointExtension>
<opentracks:accuracy_horizontal>2.236</opentracks:accuracy_horizontal></extensions>
</trkpt>
<trkpt lat="-32.232204" lon="115.794219">
<ele>-25.6</ele>
<time>2026-06-22T10:13:41.863+08:00</time>
<extensions>
<gpxtpx:TrackPointExtension>
<gpxtpx:speed>1</gpxtpx:speed>
</gpxtpx:TrackPointExtension>
<opentracks:accuracy_horizontal>2.183</opentracks:accuracy_horizontal></extensions>
</trkpt>
<trkpt lat="-32.232156" lon="115.794267">
<ele>-25.1</ele>
<time>2026-06-22T10:13:51.863+08:00</time>
<extensions>
<gpxtpx:TrackPointExtension>
<gpxtpx:speed>0.99</gpxtpx:speed>
</gpxtpx:TrackPointExtension>
<opentracks:accuracy_horizontal>2.116</opentracks:accuracy_horizontal></extensions>
</trkpt>
<trkpt lat="-32.232096" lon="115.794361">
<ele>-25.9</ele>
<time>2026-06-22T10:14:02.851+08:00</time>
<extensions>
<gpxtpx:TrackPointExtension>
<gpxtpx:speed>1.04</gpxtpx:speed>
</gpxtpx:TrackPointExtension>
<opentracks:accuracy_horizontal>2.168</opentracks:accuracy_horizontal></extensions>
</trkpt>
<trkpt lat="-32.232034" lon="115.79443">
<ele>-26.1</ele>
<time>2026-06-22T10:14:12.879+08:00</time>
<extensions>
<gpxtpx:TrackPointExtension>
<gpxtpx:speed>1.01</gpxtpx:speed>
</gpxtpx:TrackPointExtension>
<opentracks:accuracy_horizontal>2.121</opentracks:accuracy_horizontal></extensions>
</trkpt>
<trkpt lat="-32.231942" lon="115.794434">
<ele>-25.8</ele>
<time>2026-06-22T10:14:22.878+08:00</time>
<extensions>
<gpxtpx:TrackPointExtension>
<gpxtpx:speed>0.99</gpxtpx:speed>
</gpxtpx:TrackPointExtension>
<opentracks:accuracy_horizontal>2.126</opentracks:accuracy_horizontal></extensions>
</trkpt>
<trkpt lat="-32.231856" lon="115.794432">
<ele>-25.5</ele>
<time>2026-06-22T10:14:32.871+08:00</time>
<extensions>
<gpxtpx:TrackPointExtension>
<gpxtpx:speed>0.96</gpxtpx:speed>
</gpxtpx:TrackPointExtension>
<opentracks:accuracy_horizontal>2.175</opentracks:accuracy_horizontal></extensions>
</trkpt>
<trkpt lat="-32.231765" lon="115.794431">
<ele>-25.2</ele>
<time>2026-06-22T10:14:43.883+08:00</time>
<extensions>
<gpxtpx:TrackPointExtension>
<gpxtpx:speed>0.93</gpxtpx:speed>
</gpxtpx:TrackPointExtension>
<opentracks:accuracy_horizontal>2.123</opentracks:accuracy_horizontal></extensions>
</trkpt>
<trkpt lat="-32.231687" lon="115.794393">
<ele>-25</ele>
<time>2026-06-22T10:14:53.894+08:00</time>
<extensions>
<gpxtpx:TrackPointExtension>
<gpxtpx:speed>1</gpxtpx:speed>
</gpxtpx:TrackPointExtension>
<opentracks:accuracy_horizontal>2.207</opentracks:accuracy_horizontal></extensions>
</trkpt>
<trkpt lat="-32.231602" lon="115.794348">
<ele>-24.8</ele>
<time>2026-06-22T10:15:03.863+08:00</time>
<extensions>
<gpxtpx:TrackPointExtension>
<gpxtpx:speed>1.03</gpxtpx:speed>
</gpxtpx:TrackPointExtension>
<opentracks:accuracy_horizontal>2.212</opentracks:accuracy_horizontal></extensions>
</trkpt>
<trkpt lat="-32.231533" lon="115.79429">
<ele>-23.6</ele>
<time>2026-06-22T10:15:13.86+08:00</time>
<extensions>
<gpxtpx:TrackPointExtension>
<gpxtpx:speed>1</gpxtpx:speed>
</gpxtpx:TrackPointExtension>
<opentracks:accuracy_horizontal>2.219</opentracks:accuracy_horizontal></extensions>
</trkpt>
<trkpt lat="-32.231468" lon="115.794207">
<ele>-22.9</ele>
<time>2026-06-22T10:15:24.864+08:00</time>
<extensions>
<gpxtpx:TrackPointExtension>
<gpxtpx:speed>1</gpxtpx:speed>
</gpxtpx:TrackPointExtension>
<opentracks:accuracy_horizontal>2.301</opentracks:accuracy_horizontal></extensions>
</trkpt>
<trkpt lat="-32.231406" lon="115.794133">
<ele>-21.4</ele>
<time>2026-06-22T10:15:34.855+08:00</time>
<extensions>
<gpxtpx:TrackPointExtension>
<gpxtpx:speed>0.95</gpxtpx:speed>
</gpxtpx:TrackPointExtension>
<opentracks:accuracy_horizontal>2.356</opentracks:accuracy_horizontal></extensions>
</trkpt>
<trkpt lat="-32.231363" lon="115.794231">
<ele>-19.1</ele>
<time>2026-06-22T10:16:20.87+08:00</time>
<extensions>
<gpxtpx:TrackPointExtension>
<gpxtpx:speed>0.92</gpxtpx:speed>
</gpxtpx:TrackPointExtension>
<opentracks:accuracy_horizontal>2.349</opentracks:accuracy_horizontal></extensions>
</trkpt>
<trkpt lat="-32.231346" lon="115.794325">
<ele>-19.4</ele>
<time>2026-06-22T10:16:30.867+08:00</time>
<extensions>
<gpxtpx:TrackPointExtension>
<gpxtpx:speed>0.94</gpxtpx:speed>
</gpxtpx:TrackPointExtension>
<opentracks:accuracy_horizontal>2.424</opentracks:accuracy_horizontal></extensions>
</trkpt>
<trkpt lat="-32.231331" lon="115.794436">
<ele>-20.2</ele>
<time>2026-06-22T10:16:42.861+08:00</time>
<extensions>
<gpxtpx:TrackPointExtension>
<gpxtpx:speed>0.95</gpxtpx:speed>
</gpxtpx:TrackPointExtension>
<opentracks:accuracy_horizontal>2.455</opentracks:accuracy_horizontal></extensions>
</trkpt>
<trkpt lat="-32.231324" lon="115.794538">
<ele>-19.4</ele>
<time>2026-06-22T10:16:52.86+08:00</time>
<extensions>
<gpxtpx:TrackPointExtension>
<gpxtpx:speed>1</gpxtpx:speed>
</gpxtpx:TrackPointExtension>
<opentracks:accuracy_horizontal>2.4</opentracks:accuracy_horizontal></extensions>
</trkpt>
<trkpt lat="-32.231308" lon="115.794652">
<ele>-17.1</ele>
<time>2026-06-22T10:17:03.862+08:00</time>
<extensions>
<gpxtpx:TrackPointExtension>
<gpxtpx:speed>1</gpxtpx:speed>
</gpxtpx:TrackPointExtension>
<opentracks:accuracy_horizontal>2.358</opentracks:accuracy_horizontal></extensions>
</trkpt>
<trkpt lat="-32.231312" lon="115.794741">
<ele>-17.1</ele>
<time>2026-06-22T10:17:12.883+08:00</time>
<extensions>
<gpxtpx:TrackPointExtension>
<gpxtpx:speed>0.95</gpxtpx:speed>
</gpxtpx:TrackPointExtension>
<opentracks:accuracy_horizontal>2.198</opentracks:accuracy_horizontal></extensions>
</trkpt>
<trkpt lat="-32.231307" lon="115.79485">
<ele>-17.6</ele>
<time>2026-06-22T10:17:24.887+08:00</time>
<extensions>
<gpxtpx:TrackPointExtension>
<gpxtpx:speed>0.89</gpxtpx:speed>
</gpxtpx:TrackPointExtension>
<opentracks:accuracy_horizontal>2.268</opentracks:accuracy_horizontal></extensions>
</trkpt>
<trkpt lat="-32.23132" lon="115.79495">
<ele>-19.3</ele>
<time>2026-06-22T10:17:34.867+08:00</time>
<extensions>
<gpxtpx:TrackPointExtension>
<gpxtpx:speed>0.95</gpxtpx:speed>
</gpxtpx:TrackPointExtension>
<opentracks:accuracy_horizontal>2.406</opentracks:accuracy_horizontal></extensions>
</trkpt>
<trkpt lat="-32.231321" lon="115.79506">
<ele>-20.4</ele>
<time>2026-06-22T10:17:46.859+08:00</time>
<extensions>
<gpxtpx:TrackPointExtension>
<gpxtpx:speed>0.89</gpxtpx:speed>
</gpxtpx:TrackPointExtension>
<opentracks:accuracy_horizontal>2.212</opentracks:accuracy_horizontal></extensions>
</trkpt>
<trkpt lat="-32.231317" lon="115.795149">
<ele>-19.8</ele>
<time>2026-06-22T10:17:55.864+08:00</time>
<extensions>
<gpxtpx:TrackPointExtension>
<gpxtpx:speed>0.92</gpxtpx:speed>
</gpxtpx:TrackPointExtension>
<opentracks:accuracy_horizontal>2.355</opentracks:accuracy_horizontal></extensions>
</trkpt>
<trkpt lat="-32.231314" lon="115.79526">
<ele>-18.8</ele>
<time>2026-06-22T10:18:06.891+08:00</time>
<extensions>
<gpxtpx:TrackPointExtension>
<gpxtpx:speed>0.91</gpxtpx:speed>
</gpxtpx:TrackPointExtension>
<opentracks:accuracy_horizontal>2.221</opentracks:accuracy_horizontal></extensions>
</trkpt>
<trkpt lat="-32.231284" lon="115.795353">
<ele>-17</ele>
<time>2026-06-22T10:18:16.893+08:00</time>
<extensions>
<gpxtpx:TrackPointExtension>
<gpxtpx:speed>0.91</gpxtpx:speed>
</gpxtpx:TrackPointExtension>
<opentracks:accuracy_horizontal>2.261</opentracks:accuracy_horizontal></extensions>
</trkpt>
<trkpt lat="-32.23129" lon="115.795462">
<ele>-16.2</ele>
<time>2026-06-22T10:18:28.87+08:00</time>
<extensions>
<gpxtpx:TrackPointExtension>
<gpxtpx:speed>0.78</gpxtpx:speed>
</gpxtpx:TrackPointExtension>
<opentracks:accuracy_horizontal>2.306</opentracks:accuracy_horizontal></extensions>
</trkpt>
<trkpt lat="-32.23128" lon="115.795516">
<ele>-17</ele>
<time>2026-06-22T10:18:38.88+08:00</time>
<extensions>
<gpxtpx:TrackPointExtension>
<gpxtpx:speed>0.94</gpxtpx:speed>
</gpxtpx:TrackPointExtension>
<opentracks:accuracy_horizontal>2.267</opentracks:accuracy_horizontal></extensions>
</trkpt>
<trkpt lat="-32.231282" lon="115.795625">
<ele>-16.3</ele>
<time>2026-06-22T10:18:48.889+08:00</time>
<extensions>
<gpxtpx:TrackPointExtension>
<gpxtpx:speed>0.96</gpxtpx:speed>
</gpxtpx:TrackPointExtension>
<opentracks:accuracy_horizontal>2.22</opentracks:accuracy_horizontal></extensions>
</trkpt>
<trkpt lat="-32.231296" lon="115.795715">
<ele>-14.5</ele>
<time>2026-06-22T10:18:58.889+08:00</time>
<extensions>
<gpxtpx:TrackPointExtension>
<gpxtpx:speed>0.88</gpxtpx:speed>
</gpxtpx:TrackPointExtension>
<opentracks:accuracy_horizontal>2.219</opentracks:accuracy_horizontal></extensions>
</trkpt>
<trkpt lat="-32.231302" lon="115.795821">
<ele>-14.4</ele>
<time>2026-06-22T10:19:10.886+08:00</time>
<extensions>
<gpxtpx:TrackPointExtension>
<gpxtpx:speed>0.87</gpxtpx:speed>
</gpxtpx:TrackPointExtension>
<opentracks:accuracy_horizontal>2.421</opentracks:accuracy_horizontal></extensions>
</trkpt>
<trkpt lat="-32.231293" lon="115.795896">
<ele>-13.1</ele>
<time>2026-06-22T10:19:20.885+08:00</time>
<extensions>
<gpxtpx:TrackPointExtension>
<gpxtpx:speed>0.87</gpxtpx:speed>
</gpxtpx:TrackPointExtension>
<opentracks:accuracy_horizontal>2.711</opentracks:accuracy_horizontal></extensions>
</trkpt>
<trkpt lat="-32.231307" lon="115.796008">
<ele>-15.6</ele>
<time>2026-06-22T10:19:55.869+08:00</time>
<extensions>
<gpxtpx:TrackPointExtension>
<gpxtpx:speed>0.98</gpxtpx:speed>
</gpxtpx:TrackPointExtension>
<opentracks:accuracy_horizontal>2.233</opentracks:accuracy_horizontal></extensions>
</trkpt>
<trkpt lat="-32.2313" lon="115.796105">
<ele>-15.3</ele>
<time>2026-06-22T10:20:05.884+08:00</time>
<extensions>
<gpxtpx:TrackPointExtension>
<gpxtpx:speed>0.97</gpxtpx:speed>
</gpxtpx:TrackPointExtension>
<opentracks:accuracy_horizontal>2.477</opentracks:accuracy_horizontal></extensions>
</trkpt>
<trkpt lat="-32.23129" lon="115.796221">
<ele>-13.4</ele>
<time>2026-06-22T10:20:20.896+08:00</time>
<extensions>
<gpxtpx:TrackPointExtension>
<gpxtpx:speed>0.28</gpxtpx:speed>
</gpxtpx:TrackPointExtension>
<opentracks:accuracy_horizontal>2.585</opentracks:accuracy_horizontal></extensions>
</trkpt>
<trkpt lat="-32.231232" lon="115.796307">
<ele>-13.8</ele>
<time>2026-06-22T10:20:30.893+08:00</time>
<extensions>
<gpxtpx:TrackPointExtension>
<gpxtpx:speed>0.88</gpxtpx:speed>
</gpxtpx:TrackPointExtension>
<opentracks:accuracy_horizontal>2.541</opentracks:accuracy_horizontal></extensions>
</trkpt>
<trkpt lat="-32.231183" lon="115.796398">
<ele>-13.1</ele>
<time>2026-06-22T10:20:40.887+08:00</time>
<extensions>
<gpxtpx:TrackPointExtension>
<gpxtpx:speed>0.98</gpxtpx:speed>
</gpxtpx:TrackPointExtension>
<opentracks:accuracy_horizontal>2.63</opentracks:accuracy_horizontal></extensions>
</trkpt>
<trkpt lat="-32.231203" lon="115.796503">
<ele>-11.4</ele>
<time>2026-06-22T10:20:48.874+08:00</time>
<extensions>
<gpxtpx:TrackPointExtension>
<gpxtpx:speed>1.1</gpxtpx:speed>
</gpxtpx:TrackPointExtension>
<opentracks:accuracy_horizontal>2.547</opentracks:accuracy_horizontal></extensions>
</trkpt>
<trkpt lat="-32.231249" lon="115.796584">
<ele>-10.9</ele>
<time>2026-06-22T10:20:58.883+08:00</time>
<extensions>
<gpxtpx:TrackPointExtension>
<gpxtpx:speed>0.99</gpxtpx:speed>
</gpxtpx:TrackPointExtension>
<opentracks:accuracy_horizontal>2.487</opentracks:accuracy_horizontal></extensions>
</trkpt>
<trkpt lat="-32.231284" lon="115.796684">
<ele>-11.3</ele>
<time>2026-06-22T10:21:09.893+08:00</time>
<extensions>
<gpxtpx:TrackPointExtension>
<gpxtpx:speed>0.96</gpxtpx:speed>
</gpxtpx:TrackPointExtension>
<opentracks:accuracy_horizontal>2.512</opentracks:accuracy_horizontal></extensions>
</trkpt>
<trkpt lat="-32.231322" lon="115.796678">
<ele>-10.1</ele>
<time>2026-06-22T10:21:19.888+08:00</time>
<extensions>
<gpxtpx:TrackPointExtension>
<gpxtpx:speed>0.04</gpxtpx:speed>
</gpxtpx:TrackPointExtension>
<opentracks:accuracy_horizontal>2.403</opentracks:accuracy_horizontal></extensions>
</trkpt>
<trkpt lat="-32.231249" lon="115.79676">
<ele>-11.5</ele>
<time>2026-06-22T10:23:24.897+08:00</time>
<extensions>
<gpxtpx:TrackPointExtension>
<gpxtpx:speed>0.41</gpxtpx:speed>
</gpxtpx:TrackPointExtension>
<opentracks:accuracy_horizontal>2.326</opentracks:accuracy_horizontal></extensions>
</trkpt>
<trkpt lat="-32.231236" lon="115.796867">
<ele>-12.1</ele>
<time>2026-06-22T10:23:34.894+08:00</time>
<extensions>
<gpxtpx:TrackPointExtension>
<gpxtpx:speed>0.88</gpxtpx:speed>
</gpxtpx:TrackPointExtension>
<opentracks:accuracy_horizontal>2.257</opentracks:accuracy_horizontal></extensions>
</trkpt>
<trkpt lat="-32.231205" lon="115.796925">
<ele>-12.4</ele>
<time>2026-06-22T10:23:44.901+08:00</time>
<extensions>
<gpxtpx:TrackPointExtension>
<gpxtpx:speed>0.76</gpxtpx:speed>
</gpxtpx:TrackPointExtension>
<opentracks:accuracy_horizontal>2.575</opentracks:accuracy_horizontal></extensions>
</trkpt>
<trkpt lat="-32.231231" lon="115.797034">
<ele>-10.3</ele>
<time>2026-06-22T10:25:09.862+08:00</time>
<extensions>
<gpxtpx:TrackPointExtension>
<gpxtpx:speed>0.87</gpxtpx:speed>
</gpxtpx:TrackPointExtension>
<opentracks:accuracy_horizontal>2.19</opentracks:accuracy_horizontal></extensions>
</trkpt>
<trkpt lat="-32.23124" lon="115.797116">
<ele>-11.7</ele>
<time>2026-06-22T10:25:19.866+08:00</time>
<extensions>
<gpxtpx:TrackPointExtension>
<gpxtpx:speed>0.82</gpxtpx:speed>
</gpxtpx:TrackPointExtension>
<opentracks:accuracy_horizontal>2.172</opentracks:accuracy_horizontal></extensions>
</trkpt>
<trkpt lat="-32.231258" lon="115.797224">
<ele>-13</ele>
<time>2026-06-22T10:26:46.87+08:00</time>
<extensions>
<gpxtpx:TrackPointExtension>
<gpxtpx:speed>0.94</gpxtpx:speed>
</gpxtpx:TrackPointExtension>
<opentracks:accuracy_horizontal>2.223</opentracks:accuracy_horizontal></extensions>
</trkpt>
<trkpt lat="-32.231265" lon="115.797276">
<ele>-14</ele>
<time>2026-06-22T10:26:56.865+08:00</time>
<extensions>
<gpxtpx:TrackPointExtension>
<gpxtpx:speed>0.74</gpxtpx:speed>
</gpxtpx:TrackPointExtension>
<opentracks:accuracy_horizontal>2.203</opentracks:accuracy_horizontal></extensions>
</trkpt>
<trkpt lat="-32.231256" lon="115.797385">
<ele>-14.2</ele>
<time>2026-06-22T10:27:07.869+08:00</time>
<extensions>
<gpxtpx:TrackPointExtension>
<gpxtpx:speed>0.88</gpxtpx:speed>
</gpxtpx:TrackPointExtension>
<opentracks:accuracy_horizontal>2.256</opentracks:accuracy_horizontal></extensions>
</trkpt>
<trkpt lat="-32.231275" lon="115.797451">
<ele>-15.3</ele>
<time>2026-06-22T10:27:16.911+08:00</time>
<extensions>
<gpxtpx:TrackPointExtension>
<gpxtpx:speed>0.83</gpxtpx:speed>
</gpxtpx:TrackPointExtension>
<opentracks:accuracy_horizontal>2.359</opentracks:accuracy_horizontal></extensions>
</trkpt>
<trkpt lat="-32.231258" lon="115.797555">
<ele>-14.5</ele>
<time>2026-06-22T10:27:46.878+08:00</time>
<extensions>
<gpxtpx:TrackPointExtension>
<gpxtpx:speed>0.9</gpxtpx:speed>
</gpxtpx:TrackPointExtension>
<opentracks:accuracy_horizontal>2.513</opentracks:accuracy_horizontal></extensions>
</trkpt>
<trkpt lat="-32.231255" lon="115.797635">
<ele>-16.9</ele>
<time>2026-06-22T10:27:55.887+08:00</time>
<extensions>
<gpxtpx:TrackPointExtension>
<gpxtpx:speed>0.83</gpxtpx:speed>
</gpxtpx:TrackPointExtension>
<opentracks:accuracy_horizontal>2.265</opentracks:accuracy_horizontal></extensions>
</trkpt>
<trkpt lat="-32.231225" lon="115.797748">
<ele>-19.3</ele>
<time>2026-06-22T10:28:07.922+08:00</time>
<extensions>
<gpxtpx:TrackPointExtension>
<gpxtpx:speed>0.81</gpxtpx:speed>
</gpxtpx:TrackPointExtension>
<opentracks:accuracy_horizontal>2.33</opentracks:accuracy_horizontal></extensions>
</trkpt>
<trkpt lat="-32.231217" lon="115.797827">
<ele>-21.1</ele>
<time>2026-06-22T10:28:17.896+08:00</time>
<extensions>
<gpxtpx:TrackPointExtension>
<gpxtpx:speed>0.95</gpxtpx:speed>
</gpxtpx:TrackPointExtension>
<opentracks:accuracy_horizontal>2.276</opentracks:accuracy_horizontal></extensions>
</trkpt>
<trkpt lat="-32.231136" lon="115.797878">
<ele>-18.8</ele>
<time>2026-06-22T10:28:28.881+08:00</time>
<extensions>
<gpxtpx:TrackPointExtension>
<gpxtpx:speed>0.95</gpxtpx:speed>
</gpxtpx:TrackPointExtension>
<opentracks:accuracy_horizontal>2.331</opentracks:accuracy_horizontal></extensions>
</trkpt>
<trkpt lat="-32.23114" lon="115.797865">
<ele>-19.1</ele>
<time>2026-06-22T10:28:38.872+08:00</time>
<extensions>
<gpxtpx:TrackPointExtension>
<gpxtpx:speed>0.15</gpxtpx:speed>
</gpxtpx:TrackPointExtension>
<opentracks:accuracy_horizontal>2.654</opentracks:accuracy_horizontal></extensions>
</trkpt>
<trkpt lat="-32.231183" lon="115.797972">
<ele>-18.6</ele>
<time>2026-06-22T10:29:12.862+08:00</time>
<extensions>
<gpxtpx:TrackPointExtension>
<gpxtpx:speed>1.15</gpxtpx:speed>
</gpxtpx:TrackPointExtension>
<opentracks:accuracy_horizontal>2.705</opentracks:accuracy_horizontal></extensions>
</trkpt>
<trkpt lat="-32.231185" lon="115.798068">
<ele>-20.6</ele>
<time>2026-06-22T10:29:21.864+08:00</time>
<extensions>
<gpxtpx:TrackPointExtension>
<gpxtpx:speed>1.02</gpxtpx:speed>
</gpxtpx:TrackPointExtension>
<opentracks:accuracy_horizontal>2.363</opentracks:accuracy_horizontal></extensions>
</trkpt>
<trkpt lat="-32.231175" lon="115.798181">
<ele>-17.1</ele>
<time>2026-06-22T10:30:05.861+08:00</time>
<extensions>
<gpxtpx:TrackPointExtension>
<gpxtpx:speed>0.65</gpxtpx:speed>
</gpxtpx:TrackPointExtension>
<opentracks:accuracy_horizontal>2.262</opentracks:accuracy_horizontal></extensions>
</trkpt>
<trkpt lat="-32.231228" lon="115.798273">
<ele>-20</ele>
<time>2026-06-22T10:30:14.889+08:00</time>
<extensions>
<gpxtpx:TrackPointExtension>
<gpxtpx:speed>1.13</gpxtpx:speed>
</gpxtpx:TrackPointExtension>
<opentracks:accuracy_horizontal>2.258</opentracks:accuracy_horizontal></extensions>
</trkpt>
<trkpt lat="-32.231312" lon="115.79829">
<ele>-22.1</ele>
<time>2026-06-22T10:30:24.9+08:00</time>
<extensions>
<gpxtpx:TrackPointExtension>
<gpxtpx:speed>0.92</gpxtpx:speed>
</gpxtpx:TrackPointExtension>
<opentracks:accuracy_horizontal>2.311</opentracks:accuracy_horizontal></extensions>
</trkpt>
<trkpt lat="-32.231402" lon="115.798323">
<ele>-22.1</ele>
<time>2026-06-22T10:30:44.917+08:00</time>
<extensions>
<gpxtpx:TrackPointExtension>
<gpxtpx:speed>0.99</gpxtpx:speed>
</gpxtpx:TrackPointExtension>
<opentracks:accuracy_horizontal>2.408</opentracks:accuracy_horizontal></extensions>
</trkpt>
<trkpt lat="-32.231491" lon="115.798295">
<ele>-24</ele>
<time>2026-06-22T10:30:52.937+08:00</time>
<extensions>
<gpxtpx:TrackPointExtension>
<gpxtpx:speed>1.19</gpxtpx:speed>
</gpxtpx:TrackPointExtension>
<opentracks:accuracy_horizontal>2.364</opentracks:accuracy_horizontal></extensions>
</trkpt>
<trkpt lat="-32.231544" lon="115.798252">
<ele>-23.9</ele>
<time>2026-06-22T10:31:02.873+08:00</time>
<extensions>
<gpxtpx:TrackPointExtension>
<gpxtpx:speed>0.79</gpxtpx:speed>
</gpxtpx:TrackPointExtension>
<opentracks:accuracy_horizontal>2.113</opentracks:accuracy_horizontal></extensions>
</trkpt>
<trkpt lat="-32.231604" lon="115.798338">
<ele>-24.1</ele>
<time>2026-06-22T10:31:22.882+08:00</time>
<extensions>
<gpxtpx:TrackPointExtension>
<gpxtpx:speed>1.15</gpxtpx:speed>
</gpxtpx:TrackPointExtension>
<opentracks:accuracy_horizontal>2.19</opentracks:accuracy_horizontal></extensions>
</trkpt>
<trkpt lat="-32.231683" lon="115.798389">
<ele>-24.6</ele>
<time>2026-06-22T10:31:32.884+08:00</time>
<extensions>
<gpxtpx:TrackPointExtension>
<gpxtpx:speed>1.03</gpxtpx:speed>
</gpxtpx:TrackPointExtension>
<opentracks:accuracy_horizontal>2.084</opentracks:accuracy_horizontal></extensions>
</trkpt>
<trkpt lat="-32.231753" lon="115.798456">
<ele>-26.2</ele>
<time>2026-06-22T10:31:42.867+08:00</time>
<extensions>
<gpxtpx:TrackPointExtension>
<gpxtpx:speed>1.04</gpxtpx:speed>
</gpxtpx:TrackPointExtension>
<opentracks:accuracy_horizontal>2.01</opentracks:accuracy_horizontal></extensions>
</trkpt>
<trkpt lat="-32.231805" lon="115.798546">
<ele>-25.9</ele>
<time>2026-06-22T10:31:51.918+08:00</time>
<extensions>
<gpxtpx:TrackPointExtension>
<gpxtpx:speed>1.07</gpxtpx:speed>
</gpxtpx:TrackPointExtension>
<opentracks:accuracy_horizontal>2.054</opentracks:accuracy_horizontal></extensions>
</trkpt>
<trkpt lat="-32.231868" lon="115.798635">
<ele>-25.2</ele>
<time>2026-06-22T10:32:01.903+08:00</time>
<extensions>
<gpxtpx:TrackPointExtension>
<gpxtpx:speed>1.08</gpxtpx:speed>
</gpxtpx:TrackPointExtension>
<opentracks:accuracy_horizontal>2.217</opentracks:accuracy_horizontal></extensions>
</trkpt>
<trkpt lat="-32.231935" lon="115.798713">
<ele>-23.9</ele>
<time>2026-06-22T10:32:11.884+08:00</time>
<extensions>
<gpxtpx:TrackPointExtension>
<gpxtpx:speed>1.08</gpxtpx:speed>
</gpxtpx:TrackPointExtension>
<opentracks:accuracy_horizontal>2.359</opentracks:accuracy_horizontal></extensions>
</trkpt>
<trkpt lat="-32.231999" lon="115.7988">
<ele>-24.2</ele>
<time>2026-06-22T10:32:21.898+08:00</time>
<extensions>
<gpxtpx:TrackPointExtension>
<gpxtpx:speed>1.11</gpxtpx:speed>
</gpxtpx:TrackPointExtension>
<opentracks:accuracy_horizontal>2.276</opentracks:accuracy_horizontal></extensions>
</trkpt>
<trkpt lat="-32.232045" lon="115.7989">
<ele>-24.6</ele>
<time>2026-06-22T10:32:30.893+08:00</time>
<extensions>
<gpxtpx:TrackPointExtension>
<gpxtpx:speed>1.15</gpxtpx:speed>
</gpxtpx:TrackPointExtension>
<opentracks:accuracy_horizontal>2.223</opentracks:accuracy_horizontal></extensions>
</trkpt>
<trkpt lat="-32.2321" lon="115.798991">
<ele>-25</ele>
<time>2026-06-22T10:32:40.89+08:00</time>
<extensions>
<gpxtpx:TrackPointExtension>
<gpxtpx:speed>1.09</gpxtpx:speed>
</gpxtpx:TrackPointExtension>
<opentracks:accuracy_horizontal>2.374</opentracks:accuracy_horizontal></extensions>
</trkpt>
<trkpt lat="-32.232177" lon="115.799068">
<ele>-25.8</ele>
<time>2026-06-22T10:32:49.911+08:00</time>
<extensions>
<gpxtpx:TrackPointExtension>
<gpxtpx:speed>1.14</gpxtpx:speed>
</gpxtpx:TrackPointExtension>
<opentracks:accuracy_horizontal>2.381</opentracks:accuracy_horizontal></extensions>
</trkpt>
<trkpt lat="-32.232187" lon="115.799132">
<ele>-24.5</ele>
<time>2026-06-22T10:32:59.892+08:00</time>
<extensions>
<gpxtpx:TrackPointExtension>
<gpxtpx:speed>0.73</gpxtpx:speed>
</gpxtpx:TrackPointExtension>
<opentracks:accuracy_horizontal>2.73</opentracks:accuracy_horizontal></extensions>
</trkpt>
<trkpt lat="-32.232228" lon="115.799228">
<ele>-24.9</ele>
<time>2026-06-22T10:33:13.885+08:00</time>
<extensions>
<gpxtpx:TrackPointExtension>
<gpxtpx:speed>1.13</gpxtpx:speed>
</gpxtpx:TrackPointExtension>
<opentracks:accuracy_horizontal>3.057</opentracks:accuracy_horizontal></extensions>
</trkpt>
<trkpt lat="-32.23225" lon="115.799278">
<ele>-22</ele>
<time>2026-06-22T10:33:22.896+08:00</time>
<extensions>
<gpxtpx:TrackPointExtension>
<gpxtpx:speed>0.78</gpxtpx:speed>
</gpxtpx:TrackPointExtension>
<opentracks:accuracy_horizontal>2.976</opentracks:accuracy_horizontal></extensions>
</trkpt>
<trkpt lat="-32.232276" lon="115.799381">
<ele>-22.1</ele>
<time>2026-06-22T10:34:31.956+08:00</time>
<extensions>
<gpxtpx:TrackPointExtension>
<gpxtpx:speed>1.21</gpxtpx:speed>
</gpxtpx:TrackPointExtension>
<opentracks:accuracy_horizontal>3.229</opentracks:accuracy_horizontal></extensions>
</trkpt>
<trkpt lat="-32.232297" lon="115.799418">
<ele>-22.2</ele>
<time>2026-06-22T10:34:41.945+08:00</time>
<extensions>
<gpxtpx:TrackPointExtension>
<gpxtpx:speed>0.35</gpxtpx:speed>
</gpxtpx:TrackPointExtension>
<opentracks:accuracy_horizontal>3.881</opentracks:accuracy_horizontal></extensions>
</trkpt>
<trkpt lat="-32.232361" lon="115.799497">
<ele>-23.3</ele>
<time>2026-06-22T10:34:48.952+08:00</time>
<extensions>
<gpxtpx:TrackPointExtension>
<gpxtpx:speed>1.25</gpxtpx:speed>
</gpxtpx:TrackPointExtension>
<opentracks:accuracy_horizontal>4.442</opentracks:accuracy_horizontal></extensions>
</trkpt>
<trkpt lat="-32.232448" lon="115.799563">
<ele>-24.2</ele>
<time>2026-06-22T10:34:58.963+08:00</time>
<extensions>
<gpxtpx:TrackPointExtension>
<gpxtpx:speed>1.12</gpxtpx:speed>
</gpxtpx:TrackPointExtension>
<opentracks:accuracy_horizontal>4.053</opentracks:accuracy_horizontal></extensions>
</trkpt>
<trkpt lat="-32.232502" lon="115.799654">
<ele>-23.9</ele>
<time>2026-06-22T10:35:07.955+08:00</time>
<extensions>
<gpxtpx:TrackPointExtension>
<gpxtpx:speed>1.11</gpxtpx:speed>
</gpxtpx:TrackPointExtension>
<opentracks:accuracy_horizontal>3.533</opentracks:accuracy_horizontal></extensions>
</trkpt>
<trkpt lat="-32.232565" lon="115.799735">
<ele>-24.2</ele>
<time>2026-06-22T10:35:17.969+08:00</time>
<extensions>
<gpxtpx:TrackPointExtension>
<gpxtpx:speed>0.95</gpxtpx:speed>
</gpxtpx:TrackPointExtension>
<opentracks:accuracy_horizontal>3.332</opentracks:accuracy_horizontal></extensions>
</trkpt>
<trkpt lat="-32.232583" lon="115.799792">
<ele>-22.3</ele>
<time>2026-06-22T10:35:27.972+08:00</time>
<extensions>
<gpxtpx:TrackPointExtension>
<gpxtpx:speed>0.44</gpxtpx:speed>
</gpxtpx:TrackPointExtension>
<opentracks:accuracy_horizontal>2.632</opentracks:accuracy_horizontal></extensions>
</trkpt>
<trkpt lat="-32.232651" lon="115.799875">
<ele>-25.6</ele>
<time>2026-06-22T10:35:58.92+08:00</time>
<extensions>
<gpxtpx:TrackPointExtension>
<gpxtpx:speed>1.1</gpxtpx:speed>
</gpxtpx:TrackPointExtension>
<opentracks:accuracy_horizontal>2.394</opentracks:accuracy_horizontal></extensions>
</trkpt>
<trkpt lat="-32.232718" lon="115.799947">
<ele>-24.7</ele>
<time>2026-06-22T10:36:08.927+08:00</time>
<extensions>
<gpxtpx:TrackPointExtension>
<gpxtpx:speed>1</gpxtpx:speed>
</gpxtpx:TrackPointExtension>
<opentracks:accuracy_horizontal>3.224</opentracks:accuracy_horizontal></extensions>
</trkpt>
<trkpt lat="-32.23275" lon="115.800014">
<ele>-23.5</ele>
<time>2026-06-22T10:36:17.923+08:00</time>
<extensions>
<gpxtpx:TrackPointExtension>
<gpxtpx:speed>0.83</gpxtpx:speed>
</gpxtpx:TrackPointExtension>
<opentracks:accuracy_horizontal>4.915</opentracks:accuracy_horizontal></extensions>
</trkpt>
<trkpt lat="-32.232822" lon="115.800089">
<ele>-24.2</ele>
<time>2026-06-22T10:36:29.946+08:00</time>
<extensions>
<gpxtpx:TrackPointExtension>
<gpxtpx:speed>0.94</gpxtpx:speed>
</gpxtpx:TrackPointExtension>
<opentracks:accuracy_horizontal>6.237</opentracks:accuracy_horizontal></extensions>
</trkpt>
<trkpt lat="-32.23287" lon="115.80019">
<ele>-21.7</ele>
<time>2026-06-22T10:36:38.958+08:00</time>
<extensions>
<gpxtpx:TrackPointExtension>
<gpxtpx:speed>1.07</gpxtpx:speed>
</gpxtpx:TrackPointExtension>
<opentracks:accuracy_horizontal>5.94</opentracks:accuracy_horizontal></extensions>
</trkpt>
<trkpt lat="-32.232967" lon="115.800236">
<ele>-22.7</ele>
<time>2026-06-22T10:36:48.971+08:00</time>
<extensions>
<gpxtpx:TrackPointExtension>
<gpxtpx:speed>1.14</gpxtpx:speed>
</gpxtpx:TrackPointExtension>
<opentracks:accuracy_horizontal>3.927</opentracks:accuracy_horizontal></extensions>
</trkpt>
<trkpt lat="-32.232979" lon="115.800235">
<ele>-22.9</ele>
<time>2026-06-22T10:36:58.939+08:00</time>
<extensions>
<gpxtpx:TrackPointExtension>
<gpxtpx:speed>0.05</gpxtpx:speed>
</gpxtpx:TrackPointExtension>
<opentracks:accuracy_horizontal>2.036</opentracks:accuracy_horizontal></extensions>
</trkpt>
<trkpt lat="-32.233003" lon="115.800349">
<ele>-24.3</ele>
<time>2026-06-22T10:37:15.936+08:00</time>
<extensions>
<gpxtpx:TrackPointExtension>
<gpxtpx:speed>1.21</gpxtpx:speed>
</gpxtpx:TrackPointExtension>
<opentracks:accuracy_horizontal>2.651</opentracks:accuracy_horizontal></extensions>
</trkpt>
<trkpt lat="-32.233034" lon="115.800445">
<ele>-24.5</ele>
<time>2026-06-22T10:37:24.972+08:00</time>
<extensions>
<gpxtpx:TrackPointExtension>
<gpxtpx:speed>1.1</gpxtpx:speed>
</gpxtpx:TrackPointExtension>
<opentracks:accuracy_horizontal>4.017</opentracks:accuracy_horizontal></extensions>
</trkpt>
<trkpt lat="-32.233044" lon="115.800551">
<ele>-25.6</ele>
<time>2026-06-22T10:38:14.936+08:00</time>
<extensions>
<gpxtpx:TrackPointExtension>
<gpxtpx:speed>0.07</gpxtpx:speed>
</gpxtpx:TrackPointExtension>
<opentracks:accuracy_horizontal>2.941</opentracks:accuracy_horizontal></extensions>
</trkpt>
<trkpt lat="-32.233025" lon="115.800657">
<ele>-26.1</ele>
<time>2026-06-22T10:38:23.94+08:00</time>
<extensions>
<gpxtpx:TrackPointExtension>
<gpxtpx:speed>1.36</gpxtpx:speed>
</gpxtpx:TrackPointExtension>
<opentracks:accuracy_horizontal>3.6</opentracks:accuracy_horizontal></extensions>
</trkpt>
<trkpt lat="-32.233032" lon="115.800719">
<ele>-25.5</ele>
<time>2026-06-22T10:38:33.95+08:00</time>
<extensions>
<gpxtpx:TrackPointExtension>
<gpxtpx:speed>0.22</gpxtpx:speed>
</gpxtpx:TrackPointExtension>
<opentracks:accuracy_horizontal>2.188</opentracks:accuracy_horizontal></extensions>
</trkpt>
<trkpt lat="-32.233082" lon="115.800818">
<ele>-25.1</ele>
<time>2026-06-22T10:38:48.926+08:00</time>
<extensions>
<gpxtpx:TrackPointExtension>
<gpxtpx:speed>1.24</gpxtpx:speed>
</gpxtpx:TrackPointExtension>
<opentracks:accuracy_horizontal>2.134</opentracks:accuracy_horizontal></extensions>
</trkpt>
<trkpt lat="-32.233138" lon="115.800912">
<ele>-25</ele>
<time>2026-06-22T10:38:57.966+08:00</time>
<extensions>
<gpxtpx:TrackPointExtension>
<gpxtpx:speed>1.21</gpxtpx:speed>
</gpxtpx:TrackPointExtension>
<opentracks:accuracy_horizontal>3.739</opentracks:accuracy_horizontal></extensions>
</trkpt>
<trkpt lat="-32.233217" lon="115.800981">
<ele>-28.8</ele>
<time>2026-06-22T10:39:05.956+08:00</time>
<extensions>
<gpxtpx:TrackPointExtension>
<gpxtpx:speed>1.35</gpxtpx:speed>
</gpxtpx:TrackPointExtension>
<opentracks:accuracy_horizontal>6.18</opentracks:accuracy_horizontal></extensions>
</trkpt>
<trkpt lat="-32.233211" lon="115.801012">
<ele>-23.3</ele>
<time>2026-06-22T10:39:15.949+08:00</time>
<extensions>
<gpxtpx:TrackPointExtension>
<gpxtpx:speed>1.19</gpxtpx:speed>
</gpxtpx:TrackPointExtension>
<opentracks:accuracy_horizontal>4.102</opentracks:accuracy_horizontal></extensions>
</trkpt>
<trkpt lat="-32.233264" lon="115.801109">
<ele>-22.3</ele>
<time>2026-06-22T10:39:25.961+08:00</time>
<extensions>
<gpxtpx:TrackPointExtension>
<gpxtpx:speed>1.08</gpxtpx:speed>
</gpxtpx:TrackPointExtension>
<opentracks:accuracy_horizontal>3.751</opentracks:accuracy_horizontal></extensions>
</trkpt>
<trkpt lat="-32.233307" lon="115.801186">
<ele>-22.1</ele>
<time>2026-06-22T10:39:35.963+08:00</time>
<extensions>
<gpxtpx:TrackPointExtension>
<gpxtpx:speed>0.81</gpxtpx:speed>
</gpxtpx:TrackPointExtension>
<opentracks:accuracy_horizontal>2.78</opentracks:accuracy_horizontal></extensions>
</trkpt>
<trkpt lat="-32.233365" lon="115.801272">
<ele>-23</ele>
<time>2026-06-22T10:39:45.961+08:00</time>
<extensions>
<gpxtpx:TrackPointExtension>
<gpxtpx:speed>1.04</gpxtpx:speed>
</gpxtpx:TrackPointExtension>
<opentracks:accuracy_horizontal>3.589</opentracks:accuracy_horizontal></extensions>
</trkpt>
<trkpt lat="-32.233427" lon="115.801356">
<ele>-23.6</ele>
<time>2026-06-22T10:39:55.965+08:00</time>
<extensions>
<gpxtpx:TrackPointExtension>
<gpxtpx:speed>1.01</gpxtpx:speed>
</gpxtpx:TrackPointExtension>
<opentracks:accuracy_horizontal>3.284</opentracks:accuracy_horizontal></extensions>
</trkpt>
<trkpt lat="-32.233491" lon="115.801442">
<ele>-23.1</ele>
<time>2026-06-22T10:40:04.933+08:00</time>
<extensions>
<gpxtpx:TrackPointExtension>
<gpxtpx:speed>1.11</gpxtpx:speed>
</gpxtpx:TrackPointExtension>
<opentracks:accuracy_horizontal>2.985</opentracks:accuracy_horizontal></extensions>
</trkpt>
<trkpt lat="-32.233552" lon="115.801509">
<ele>-22</ele>
<time>2026-06-22T10:40:13.931+08:00</time>
<extensions>
<gpxtpx:TrackPointExtension>
<gpxtpx:speed>1.05</gpxtpx:speed>
</gpxtpx:TrackPointExtension>
<opentracks:accuracy_horizontal>2.684</opentracks:accuracy_horizontal></extensions>
</trkpt>
<trkpt lat="-32.233616" lon="115.801594">
<ele>-24.1</ele>
<time>2026-06-22T10:40:41.963+08:00</time>
<extensions>
<gpxtpx:TrackPointExtension>
<gpxtpx:speed>1.09</gpxtpx:speed>
</gpxtpx:TrackPointExtension>
<opentracks:accuracy_horizontal>1.532</opentracks:accuracy_horizontal></extensions>
</trkpt>
<trkpt lat="-32.233669" lon="115.801676">
<ele>-22</ele>
<time>2026-06-22T10:40:51.886+08:00</time>
<extensions>
<gpxtpx:TrackPointExtension>
<gpxtpx:speed>1.02</gpxtpx:speed>
</gpxtpx:TrackPointExtension>
<opentracks:accuracy_horizontal>2.029</opentracks:accuracy_horizontal></extensions>
</trkpt>
<trkpt lat="-32.23373" lon="115.80177">
<ele>-21</ele>
<time>2026-06-22T10:41:02.911+08:00</time>
<extensions>
<gpxtpx:TrackPointExtension>
<gpxtpx:speed>1.01</gpxtpx:speed>
</gpxtpx:TrackPointExtension>
<opentracks:accuracy_horizontal>2.129</opentracks:accuracy_horizontal></extensions>
</trkpt>
<trkpt lat="-32.233786" lon="115.801848">
<ele>-21.6</ele>
<time>2026-06-22T10:41:12.872+08:00</time>
<extensions>
<gpxtpx:TrackPointExtension>
<gpxtpx:speed>0.99</gpxtpx:speed>
</gpxtpx:TrackPointExtension>
<opentracks:accuracy_horizontal>2.11</opentracks:accuracy_horizontal></extensions>
</trkpt>
<trkpt lat="-32.233841" lon="115.801942">
<ele>-20.2</ele>
<time>2026-06-22T10:41:22.895+08:00</time>
<extensions>
<gpxtpx:TrackPointExtension>
<gpxtpx:speed>1.05</gpxtpx:speed>
</gpxtpx:TrackPointExtension>
<opentracks:accuracy_horizontal>2.23</opentracks:accuracy_horizontal></extensions>
</trkpt>
<trkpt lat="-32.233889" lon="115.802021">
<ele>-19.8</ele>
<time>2026-06-22T10:41:32.903+08:00</time>
<extensions>
<gpxtpx:TrackPointExtension>
<gpxtpx:speed>0.97</gpxtpx:speed>
</gpxtpx:TrackPointExtension>
<opentracks:accuracy_horizontal>2.12</opentracks:accuracy_horizontal></extensions>
</trkpt>
<trkpt lat="-32.233888" lon="115.802131">
<ele>-19</ele>
<time>2026-06-22T10:41:44.884+08:00</time>
<extensions>
<gpxtpx:TrackPointExtension>
<gpxtpx:speed>0.94</gpxtpx:speed>
</gpxtpx:TrackPointExtension>
<opentracks:accuracy_horizontal>2.148</opentracks:accuracy_horizontal></extensions>
</trkpt>
<trkpt lat="-32.23388" lon="115.802238">
<ele>-18.2</ele>
<time>2026-06-22T10:41:53.914+08:00</time>
<extensions>
<gpxtpx:TrackPointExtension>
<gpxtpx:speed>0.99</gpxtpx:speed>
</gpxtpx:TrackPointExtension>
<opentracks:accuracy_horizontal>2.295</opentracks:accuracy_horizontal></extensions>
</trkpt>
<trkpt lat="-32.233891" lon="115.802331">
<ele>-16.3</ele>
<time>2026-06-22T10:42:03.89+08:00</time>
<extensions>
<gpxtpx:TrackPointExtension>
<gpxtpx:speed>0.93</gpxtpx:speed>
</gpxtpx:TrackPointExtension>
<opentracks:accuracy_horizontal>2.236</opentracks:accuracy_horizontal></extensions>
</trkpt>
<trkpt lat="-32.233882" lon="115.80244">
<ele>-16.9</ele>
<time>2026-06-22T10:42:26.878+08:00</time>
<extensions>
<gpxtpx:TrackPointExtension>
<gpxtpx:speed>0.45</gpxtpx:speed>
</gpxtpx:TrackPointExtension>
<opentracks:accuracy_horizontal>2.582</opentracks:accuracy_horizontal></extensions>
</trkpt>
<trkpt lat="-32.233884" lon="115.802551">
<ele>-19.4</ele>
<time>2026-06-22T10:42:35.9+08:00</time>
<extensions>
<gpxtpx:TrackPointExtension>
<gpxtpx:speed>1.21</gpxtpx:speed>
</gpxtpx:TrackPointExtension>
<opentracks:accuracy_horizontal>2.406</opentracks:accuracy_horizontal></extensions>
</trkpt>
<trkpt lat="-32.23389" lon="115.8026">
<ele>-18.4</ele>
<time>2026-06-22T10:42:45.912+08:00</time>
<extensions>
<gpxtpx:TrackPointExtension>
<gpxtpx:speed>0.2</gpxtpx:speed>
</gpxtpx:TrackPointExtension>
<opentracks:accuracy_horizontal>2.539</opentracks:accuracy_horizontal></extensions>
</trkpt>
<trkpt lat="-32.233892" lon="115.802707">
<ele>-17.2</ele>
<time>2026-06-22T10:43:01.89+08:00</time>
<extensions>
<gpxtpx:TrackPointExtension>
<gpxtpx:speed>1.08</gpxtpx:speed>
</gpxtpx:TrackPointExtension>
<opentracks:accuracy_horizontal>2.163</opentracks:accuracy_horizontal></extensions>
</trkpt>
<trkpt lat="-32.23389" lon="115.802811">
<ele>-17.4</ele>
<time>2026-06-22T10:43:11.903+08:00</time>
<extensions>
<gpxtpx:TrackPointExtension>
<gpxtpx:speed>1.01</gpxtpx:speed>
</gpxtpx:TrackPointExtension>
<opentracks:accuracy_horizontal>2.08</opentracks:accuracy_horizontal></extensions>
</trkpt>
<trkpt lat="-32.233883" lon="115.802922">
<ele>-16.3</ele>
<time>2026-06-22T10:43:21.894+08:00</time>
<extensions>
<gpxtpx:TrackPointExtension>
<gpxtpx:speed>1.03</gpxtpx:speed>
</gpxtpx:TrackPointExtension>
<opentracks:accuracy_horizontal>2.912</opentracks:accuracy_horizontal></extensions>
</trkpt>
<trkpt lat="-32.233887" lon="115.803027">
<ele>-13.1</ele>
<time>2026-06-22T10:43:31.908+08:00</time>
<extensions>
<gpxtpx:TrackPointExtension>
<gpxtpx:speed>0.98</gpxtpx:speed>
</gpxtpx:TrackPointExtension>
<opentracks:accuracy_horizontal>2.491</opentracks:accuracy_horizontal></extensions>
</trkpt>
<trkpt lat="-32.233815" lon="115.803097">
<ele>-14.4</ele>
<time>2026-06-22T10:43:58.909+08:00</time>
<extensions>
<gpxtpx:TrackPointExtension>
<gpxtpx:speed>1.02</gpxtpx:speed>
</gpxtpx:TrackPointExtension>
<opentracks:accuracy_horizontal>2.255</opentracks:accuracy_horizontal></extensions>
</trkpt>
<trkpt lat="-32.233718" lon="115.803096">
<ele>-14.3</ele>
<time>2026-06-22T10:44:07.909+08:00</time>
<extensions>
<gpxtpx:TrackPointExtension>
<gpxtpx:speed>1.17</gpxtpx:speed>
</gpxtpx:TrackPointExtension>
<opentracks:accuracy_horizontal>2.198</opentracks:accuracy_horizontal></extensions>
</trkpt>
<trkpt lat="-32.233708" lon="115.803127">
<ele>-15.3</ele>
<time>2026-06-22T10:44:17.92+08:00</time>
<extensions>
<gpxtpx:TrackPointExtension>
<gpxtpx:speed>0.07</gpxtpx:speed>
</gpxtpx:TrackPointExtension>
<opentracks:accuracy_horizontal>2.393</opentracks:accuracy_horizontal></extensions>
</trkpt>
<trkpt lat="-32.233614" lon="115.803103">
<ele>-13.8</ele>
<time>2026-06-22T10:44:38.905+08:00</time>
<extensions>
<gpxtpx:TrackPointExtension>
<gpxtpx:speed>0.92</gpxtpx:speed>
</gpxtpx:TrackPointExtension>
<opentracks:accuracy_horizontal>2.279</opentracks:accuracy_horizontal></extensions>
</trkpt>
<trkpt lat="-32.233522" lon="115.803106">
<ele>-14.4</ele>
<time>2026-06-22T10:44:48.907+08:00</time>
<extensions>
<gpxtpx:TrackPointExtension>
<gpxtpx:speed>0.99</gpxtpx:speed>
</gpxtpx:TrackPointExtension>
<opentracks:accuracy_horizontal>2.205</opentracks:accuracy_horizontal></extensions>
</trkpt>
<trkpt lat="-32.233436" lon="115.8031">
<ele>-16.4</ele>
<time>2026-06-22T10:44:58.911+08:00</time>
<extensions>
<gpxtpx:TrackPointExtension>
<gpxtpx:speed>0.95</gpxtpx:speed>
</gpxtpx:TrackPointExtension>
<opentracks:accuracy_horizontal>2.259</opentracks:accuracy_horizontal></extensions>
</trkpt>
<trkpt lat="-32.233332" lon="115.803106">
<ele>-14.1</ele>
<time>2026-06-22T10:45:27.906+08:00</time>
<extensions>
<gpxtpx:TrackPointExtension>
<gpxtpx:speed>0.42</gpxtpx:speed>
</gpxtpx:TrackPointExtension>
<opentracks:accuracy_horizontal>2.439</opentracks:accuracy_horizontal></extensions>
</trkpt>
<trkpt lat="-32.23324" lon="115.803063">
<ele>-13.4</ele>
<time>2026-06-22T10:45:36.909+08:00</time>
<extensions>
<gpxtpx:TrackPointExtension>
<gpxtpx:speed>1.07</gpxtpx:speed>
</gpxtpx:TrackPointExtension>
<opentracks:accuracy_horizontal>2.297</opentracks:accuracy_horizontal></extensions>
</trkpt>
<trkpt lat="-32.233219" lon="115.803014">
<ele>-14.1</ele>
<time>2026-06-22T10:45:46.905+08:00</time>
<extensions>
<gpxtpx:TrackPointExtension>
<gpxtpx:speed>0.31</gpxtpx:speed>
</gpxtpx:TrackPointExtension>
<opentracks:accuracy_horizontal>2.493</opentracks:accuracy_horizontal></extensions>
</trkpt>
<trkpt lat="-32.233234" lon="115.802901">
<ele>-14.3</ele>
<time>2026-06-22T10:45:58.95+08:00</time>
<extensions>
<gpxtpx:TrackPointExtension>
<gpxtpx:speed>0.46</gpxtpx:speed>
</gpxtpx:TrackPointExtension>
<opentracks:accuracy_horizontal>2.637</opentracks:accuracy_horizontal></extensions>
</trkpt>
<trkpt lat="-32.23322" lon="115.802854">
<ele>-12.2</ele>
<time>2026-06-22T10:46:08.894+08:00</time>
<extensions>
<gpxtpx:TrackPointExtension>
<gpxtpx:speed>0.02</gpxtpx:speed>
</gpxtpx:TrackPointExtension>
<opentracks:accuracy_horizontal>2.777</opentracks:accuracy_horizontal></extensions>
</trkpt>
<trkpt lat="-32.233264" lon="115.80276">
<ele>-16.1</ele>
<time>2026-06-22T10:47:03.912+08:00</time>
<extensions>
<gpxtpx:TrackPointExtension>
<gpxtpx:speed>0.02</gpxtpx:speed>
</gpxtpx:TrackPointExtension>
<opentracks:accuracy_horizontal>2.818</opentracks:accuracy_horizontal></extensions>
</trkpt>
<trkpt lat="-32.233291" lon="115.80275">
<ele>-17.2</ele>
<time>2026-06-22T10:47:13.911+08:00</time>
<extensions>
<gpxtpx:TrackPointExtension>
<gpxtpx:speed>0.11</gpxtpx:speed>
</gpxtpx:TrackPointExtension>
<opentracks:accuracy_horizontal>2.645</opentracks:accuracy_horizontal></extensions>
</trkpt>
<trkpt lat="-32.233291" lon="115.80284">
<ele>-15.4</ele>
<time>2026-06-22T10:47:36.942+08:00</time>
<extensions>
<gpxtpx:TrackPointExtension>
<gpxtpx:speed>0.13</gpxtpx:speed>
</gpxtpx:TrackPointExtension>
<opentracks:accuracy_horizontal>4.181</opentracks:accuracy_horizontal></extensions>
</trkpt>
</trkseg>
</trk>
</gpx>
