<?xml version="1.0" encoding="UTF-8"?>
<gpx
version="1.1"
creator="OpenTracks"
xmlns="http://www.topografix.com/GPX/1/1"
xmlns:topografix="http://www.topografix.com/GPX/Private/TopoGrafix/0/1"
xmlns:xsi="http://www.w3.org/2001/XMLSchema-instance"
xmlns:opentracks="http://opentracksapp.com/xmlschemas/v1"
xmlns:gpxtpx="http://www.garmin.com/xmlschemas/TrackPointExtension/v2"
xmlns:gpxtrkx="http://www.garmin.com/xmlschemas/TrackStatsExtension/v1"
xmlns:cluetrust="http://www.cluetrust.com/Schemas/"
xmlns:pwr="http://www.garmin.com/xmlschemas/PowerExtension/v1"
xsi:schemaLocation="http://www.topografix.com/GPX/1/1 http://www.topografix.com/GPX/1/1/gpx.xsd http://www.topografix.com/GPX/Private/TopoGrafix/0/1 http://www.topografix.com/GPX/Private/TopoGrafix/0/1/topografix.xsd http://www.garmin.com/xmlschemas/TrackPointExtension/v2 https://www8.garmin.com/xmlschemas/TrackPointExtensionv2.xsd http://www.garmin.com/xmlschemas/PowerExtension/v1 https://www8.garmin.com/xmlschemas/PowerExtensionv1.xsd http://www.garmin.com/xmlschemas/TrackStatsExtension/v1 https://www8.garmin.com/xmlschemas/TrackStatsExtension.xsd http://www.cluetrust.com/Schemas https://www.cluetrust.com/Schemas/gpxdata10.xsd http://opentracksapp.com/xmlschemas/v1 http://opentracksapp.com/xmlschemas/OpenTracks_v1.xsd">
<trk>
<name><![CDATA[2026-08-31T07:55+08]]></name>
<desc><![CDATA[]]></desc>
<type><![CDATA[cycling]]></type>
<extensions>
<topografix:color>c0c0c0</topografix:color>
<opentracks:trackid>50642618-890d-4d3c-8631-491652c1845b</opentracks:trackid>
<opentracks:typeTranslated><![CDATA[cycling]]></opentracks:typeTranslated>
<gpxtrkx:TrackStatsExtension>
<gpxtrkx:Distance>5930.1181640625</gpxtrkx:Distance>
<gpxtrkx:TimerTime>6359</gpxtrkx:TimerTime>
<gpxtrkx:MovingTime>4245</gpxtrkx:MovingTime>
<gpxtrkx:StoppedTime>2114</gpxtrkx:StoppedTime>
<gpxtrkx:MaxSpeed>2.1055281162261963</gpxtrkx:MaxSpeed>
</gpxtrkx:TrackStatsExtension>
</extensions>
<trkseg>
<trkpt lat="-32.233278" lon="115.802939">
<ele>-21.8</ele>
<time>2026-08-31T07:55:52.233+08:00</time>
<extensions>
<gpxtpx:TrackPointExtension>
<gpxtpx:speed>0</gpxtpx:speed>
</gpxtpx:TrackPointExtension>
<opentracks:accuracy_horizontal>7.12</opentracks:accuracy_horizontal></extensions>
</trkpt>
<trkpt lat="-32.233208" lon="115.803028">
<ele>-24.4</ele>
<time>2026-08-31T07:55:55.3+08:00</time>
<extensions>
<gpxtpx:TrackPointExtension>
<gpxtpx:speed>0</gpxtpx:speed>
</gpxtpx:TrackPointExtension>
<opentracks:accuracy_horizontal>6.028</opentracks:accuracy_horizontal></extensions>
</trkpt>
<trkpt lat="-32.233209" lon="115.803111">
<ele>-7.2</ele>
<time>2026-08-31T07:56:04.693+08:00</time>
<extensions>
<gpxtpx:TrackPointExtension>
<gpxtpx:speed>0.95</gpxtpx:speed>
</gpxtpx:TrackPointExtension>
<opentracks:accuracy_horizontal>2.482</opentracks:accuracy_horizontal></extensions>
</trkpt>
<trkpt lat="-32.23331" lon="115.80313">
<ele>-12.7</ele>
<time>2026-08-31T07:56:11.675+08:00</time>
<extensions>
<gpxtpx:TrackPointExtension>
<gpxtpx:speed>0.84</gpxtpx:speed>
</gpxtpx:TrackPointExtension>
<opentracks:accuracy_horizontal>2.466</opentracks:accuracy_horizontal></extensions>
</trkpt>
<trkpt lat="-32.233386" lon="115.803126">
<ele>-13.2</ele>
<time>2026-08-31T07:56:21.684+08:00</time>
<extensions>
<gpxtpx:TrackPointExtension>
<gpxtpx:speed>0.41</gpxtpx:speed>
</gpxtpx:TrackPointExtension>
<opentracks:accuracy_horizontal>3.573</opentracks:accuracy_horizontal></extensions>
</trkpt>
<trkpt lat="-32.23348" lon="115.803122">
<ele>-16.2</ele>
<time>2026-08-31T07:56:30.67+08:00</time>
<extensions>
<gpxtpx:TrackPointExtension>
<gpxtpx:speed>1.02</gpxtpx:speed>
</gpxtpx:TrackPointExtension>
<opentracks:accuracy_horizontal>4.872</opentracks:accuracy_horizontal></extensions>
</trkpt>
<trkpt lat="-32.233572" lon="115.803125">
<ele>-18.1</ele>
<time>2026-08-31T07:56:38.683+08:00</time>
<extensions>
<gpxtpx:TrackPointExtension>
<gpxtpx:speed>1.11</gpxtpx:speed>
</gpxtpx:TrackPointExtension>
<opentracks:accuracy_horizontal>4.793</opentracks:accuracy_horizontal></extensions>
</trkpt>
<trkpt lat="-32.233662" lon="115.803132">
<ele>-19.2</ele>
<time>2026-08-31T07:56:47.693+08:00</time>
<extensions>
<gpxtpx:TrackPointExtension>
<gpxtpx:speed>1.1</gpxtpx:speed>
</gpxtpx:TrackPointExtension>
<opentracks:accuracy_horizontal>5.803</opentracks:accuracy_horizontal></extensions>
</trkpt>
<trkpt lat="-32.233764" lon="115.803123">
<ele>-21.5</ele>
<time>2026-08-31T07:56:55.682+08:00</time>
<extensions>
<gpxtpx:TrackPointExtension>
<gpxtpx:speed>1.23</gpxtpx:speed>
</gpxtpx:TrackPointExtension>
<opentracks:accuracy_horizontal>4.471</opentracks:accuracy_horizontal></extensions>
</trkpt>
<trkpt lat="-32.233865" lon="115.803114">
<ele>-21.4</ele>
<time>2026-08-31T07:57:04.685+08:00</time>
<extensions>
<gpxtpx:TrackPointExtension>
<gpxtpx:speed>1.26</gpxtpx:speed>
</gpxtpx:TrackPointExtension>
<opentracks:accuracy_horizontal>4.254</opentracks:accuracy_horizontal></extensions>
</trkpt>
<trkpt lat="-32.233893" lon="115.803013">
<ele>-19.6</ele>
<time>2026-08-31T07:57:12.682+08:00</time>
<extensions>
<gpxtpx:TrackPointExtension>
<gpxtpx:speed>1.25</gpxtpx:speed>
</gpxtpx:TrackPointExtension>
<opentracks:accuracy_horizontal>3.153</opentracks:accuracy_horizontal></extensions>
</trkpt>
<trkpt lat="-32.23389" lon="115.802905">
<ele>-19.6</ele>
<time>2026-08-31T07:57:20.683+08:00</time>
<extensions>
<gpxtpx:TrackPointExtension>
<gpxtpx:speed>1.25</gpxtpx:speed>
</gpxtpx:TrackPointExtension>
<opentracks:accuracy_horizontal>3.646</opentracks:accuracy_horizontal></extensions>
</trkpt>
<trkpt lat="-32.233887" lon="115.802869">
<ele>-21</ele>
<time>2026-08-31T07:57:30.681+08:00</time>
<extensions>
<gpxtpx:TrackPointExtension>
<gpxtpx:speed>0.09</gpxtpx:speed>
</gpxtpx:TrackPointExtension>
<opentracks:accuracy_horizontal>2.612</opentracks:accuracy_horizontal></extensions>
</trkpt>
<trkpt lat="-32.233892" lon="115.802745">
<ele>-20.6</ele>
<time>2026-08-31T07:57:40.682+08:00</time>
<extensions>
<gpxtpx:TrackPointExtension>
<gpxtpx:speed>1.33</gpxtpx:speed>
</gpxtpx:TrackPointExtension>
<opentracks:accuracy_horizontal>3.628</opentracks:accuracy_horizontal></extensions>
</trkpt>
<trkpt lat="-32.233889" lon="115.802696">
<ele>-19</ele>
<time>2026-08-31T07:57:50.686+08:00</time>
<extensions>
<gpxtpx:TrackPointExtension>
<gpxtpx:speed>0.05</gpxtpx:speed>
</gpxtpx:TrackPointExtension>
<opentracks:accuracy_horizontal>2.675</opentracks:accuracy_horizontal></extensions>
</trkpt>
<trkpt lat="-32.233891" lon="115.802585">
<ele>-19.5</ele>
<time>2026-08-31T07:58:04.702+08:00</time>
<extensions>
<gpxtpx:TrackPointExtension>
<gpxtpx:speed>1.09</gpxtpx:speed>
</gpxtpx:TrackPointExtension>
<opentracks:accuracy_horizontal>3.665</opentracks:accuracy_horizontal></extensions>
</trkpt>
<trkpt lat="-32.233885" lon="115.802474">
<ele>-20.8</ele>
<time>2026-08-31T07:58:14.677+08:00</time>
<extensions>
<gpxtpx:TrackPointExtension>
<gpxtpx:speed>1</gpxtpx:speed>
</gpxtpx:TrackPointExtension>
<opentracks:accuracy_horizontal>3.467</opentracks:accuracy_horizontal></extensions>
</trkpt>
<trkpt lat="-32.233889" lon="115.802412">
<ele>-21.3</ele>
<time>2026-08-31T07:58:23.688+08:00</time>
<extensions>
<gpxtpx:TrackPointExtension>
<gpxtpx:speed>0.9</gpxtpx:speed>
</gpxtpx:TrackPointExtension>
<opentracks:accuracy_horizontal>3.797</opentracks:accuracy_horizontal></extensions>
</trkpt>
<trkpt lat="-32.233884" lon="115.802297">
<ele>-22.1</ele>
<time>2026-08-31T07:58:32.681+08:00</time>
<extensions>
<gpxtpx:TrackPointExtension>
<gpxtpx:speed>1.09</gpxtpx:speed>
</gpxtpx:TrackPointExtension>
<opentracks:accuracy_horizontal>3.678</opentracks:accuracy_horizontal></extensions>
</trkpt>
<trkpt lat="-32.233884" lon="115.802248">
<ele>-22.4</ele>
<time>2026-08-31T07:58:42.678+08:00</time>
<extensions>
<gpxtpx:TrackPointExtension>
<gpxtpx:speed>0.45</gpxtpx:speed>
</gpxtpx:TrackPointExtension>
<opentracks:accuracy_horizontal>3.405</opentracks:accuracy_horizontal></extensions>
</trkpt>
<trkpt lat="-32.233879" lon="115.80213">
<ele>-23</ele>
<time>2026-08-31T07:58:52.683+08:00</time>
<extensions>
<gpxtpx:TrackPointExtension>
<gpxtpx:speed>1.04</gpxtpx:speed>
</gpxtpx:TrackPointExtension>
<opentracks:accuracy_horizontal>3.759</opentracks:accuracy_horizontal></extensions>
</trkpt>
<trkpt lat="-32.233885" lon="115.802017">
<ele>-23.1</ele>
<time>2026-08-31T07:59:01.68+08:00</time>
<extensions>
<gpxtpx:TrackPointExtension>
<gpxtpx:speed>1.12</gpxtpx:speed>
</gpxtpx:TrackPointExtension>
<opentracks:accuracy_horizontal>3.835</opentracks:accuracy_horizontal></extensions>
</trkpt>
<trkpt lat="-32.233847" lon="115.801917">
<ele>-23.8</ele>
<time>2026-08-31T07:59:08.687+08:00</time>
<extensions>
<gpxtpx:TrackPointExtension>
<gpxtpx:speed>1.25</gpxtpx:speed>
</gpxtpx:TrackPointExtension>
<opentracks:accuracy_horizontal>3.659</opentracks:accuracy_horizontal></extensions>
</trkpt>
<trkpt lat="-32.233786" lon="115.801828">
<ele>-23.7</ele>
<time>2026-08-31T07:59:17.682+08:00</time>
<extensions>
<gpxtpx:TrackPointExtension>
<gpxtpx:speed>1.21</gpxtpx:speed>
</gpxtpx:TrackPointExtension>
<opentracks:accuracy_horizontal>3.874</opentracks:accuracy_horizontal></extensions>
</trkpt>
<trkpt lat="-32.233754" lon="115.801732">
<ele>-24.3</ele>
<time>2026-08-31T07:59:27.683+08:00</time>
<extensions>
<gpxtpx:TrackPointExtension>
<gpxtpx:speed>1.1</gpxtpx:speed>
</gpxtpx:TrackPointExtension>
<opentracks:accuracy_horizontal>3.517</opentracks:accuracy_horizontal></extensions>
</trkpt>
<trkpt lat="-32.233812" lon="115.801649">
<ele>-26.4</ele>
<time>2026-08-31T08:00:29.681+08:00</time>
<extensions>
<gpxtpx:TrackPointExtension>
<gpxtpx:speed>1.41</gpxtpx:speed>
</gpxtpx:TrackPointExtension>
<opentracks:accuracy_horizontal>3.997</opentracks:accuracy_horizontal></extensions>
</trkpt>
<trkpt lat="-32.233845" lon="115.801545">
<ele>-26.3</ele>
<time>2026-08-31T08:00:37.683+08:00</time>
<extensions>
<gpxtpx:TrackPointExtension>
<gpxtpx:speed>1.31</gpxtpx:speed>
</gpxtpx:TrackPointExtension>
<opentracks:accuracy_horizontal>3.828</opentracks:accuracy_horizontal></extensions>
</trkpt>
<trkpt lat="-32.233873" lon="115.801432">
<ele>-25.8</ele>
<time>2026-08-31T08:00:46.665+08:00</time>
<extensions>
<gpxtpx:TrackPointExtension>
<gpxtpx:speed>1.26</gpxtpx:speed>
</gpxtpx:TrackPointExtension>
<opentracks:accuracy_horizontal>2.547</opentracks:accuracy_horizontal></extensions>
</trkpt>
<trkpt lat="-32.233879" lon="115.801321">
<ele>-25.8</ele>
<time>2026-08-31T08:00:54.678+08:00</time>
<extensions>
<gpxtpx:TrackPointExtension>
<gpxtpx:speed>1.27</gpxtpx:speed>
</gpxtpx:TrackPointExtension>
<opentracks:accuracy_horizontal>2.006</opentracks:accuracy_horizontal></extensions>
</trkpt>
<trkpt lat="-32.23388" lon="115.801282">
<ele>-25.8</ele>
<time>2026-08-31T08:01:04.677+08:00</time>
<extensions>
<gpxtpx:TrackPointExtension>
<gpxtpx:speed>0.73</gpxtpx:speed>
</gpxtpx:TrackPointExtension>
<opentracks:accuracy_horizontal>1.542</opentracks:accuracy_horizontal></extensions>
</trkpt>
<trkpt lat="-32.233894" lon="115.801167">
<ele>-25.4</ele>
<time>2026-08-31T08:01:13.658+08:00</time>
<extensions>
<gpxtpx:TrackPointExtension>
<gpxtpx:speed>1.22</gpxtpx:speed>
</gpxtpx:TrackPointExtension>
<opentracks:accuracy_horizontal>1.314</opentracks:accuracy_horizontal></extensions>
</trkpt>
<trkpt lat="-32.233892" lon="115.801052">
<ele>-24.8</ele>
<time>2026-08-31T08:01:22.675+08:00</time>
<extensions>
<gpxtpx:TrackPointExtension>
<gpxtpx:speed>1.2</gpxtpx:speed>
</gpxtpx:TrackPointExtension>
<opentracks:accuracy_horizontal>1.691</opentracks:accuracy_horizontal></extensions>
</trkpt>
<trkpt lat="-32.233895" lon="115.800941">
<ele>-24.8</ele>
<time>2026-08-31T08:01:31.686+08:00</time>
<extensions>
<gpxtpx:TrackPointExtension>
<gpxtpx:speed>1.18</gpxtpx:speed>
</gpxtpx:TrackPointExtension>
<opentracks:accuracy_horizontal>2.095</opentracks:accuracy_horizontal></extensions>
</trkpt>
<trkpt lat="-32.233897" lon="115.800824">
<ele>-24.1</ele>
<time>2026-08-31T08:01:40.687+08:00</time>
<extensions>
<gpxtpx:TrackPointExtension>
<gpxtpx:speed>1.21</gpxtpx:speed>
</gpxtpx:TrackPointExtension>
<opentracks:accuracy_horizontal>2.606</opentracks:accuracy_horizontal></extensions>
</trkpt>
<trkpt lat="-32.233898" lon="115.800717">
<ele>-24.9</ele>
<time>2026-08-31T08:01:49.679+08:00</time>
<extensions>
<gpxtpx:TrackPointExtension>
<gpxtpx:speed>1.15</gpxtpx:speed>
</gpxtpx:TrackPointExtension>
<opentracks:accuracy_horizontal>3.179</opentracks:accuracy_horizontal></extensions>
</trkpt>
<trkpt lat="-32.233898" lon="115.80062">
<ele>-25.5</ele>
<time>2026-08-31T08:01:59.693+08:00</time>
<extensions>
<gpxtpx:TrackPointExtension>
<gpxtpx:speed>1.07</gpxtpx:speed>
</gpxtpx:TrackPointExtension>
<opentracks:accuracy_horizontal>3.683</opentracks:accuracy_horizontal></extensions>
</trkpt>
<trkpt lat="-32.233895" lon="115.800509">
<ele>-25.5</ele>
<time>2026-08-31T08:02:06.676+08:00</time>
<extensions>
<gpxtpx:TrackPointExtension>
<gpxtpx:speed>1.27</gpxtpx:speed>
</gpxtpx:TrackPointExtension>
<opentracks:accuracy_horizontal>3.358</opentracks:accuracy_horizontal></extensions>
</trkpt>
<trkpt lat="-32.233885" lon="115.800397">
<ele>-25.2</ele>
<time>2026-08-31T08:02:15.695+08:00</time>
<extensions>
<gpxtpx:TrackPointExtension>
<gpxtpx:speed>1.19</gpxtpx:speed>
</gpxtpx:TrackPointExtension>
<opentracks:accuracy_horizontal>3.217</opentracks:accuracy_horizontal></extensions>
</trkpt>
<trkpt lat="-32.233865" lon="115.800287">
<ele>-25.4</ele>
<time>2026-08-31T08:02:24.66+08:00</time>
<extensions>
<gpxtpx:TrackPointExtension>
<gpxtpx:speed>1.18</gpxtpx:speed>
</gpxtpx:TrackPointExtension>
<opentracks:accuracy_horizontal>3.58</opentracks:accuracy_horizontal></extensions>
</trkpt>
<trkpt lat="-32.233843" lon="115.800177">
<ele>-24</ele>
<time>2026-08-31T08:02:32.706+08:00</time>
<extensions>
<gpxtpx:TrackPointExtension>
<gpxtpx:speed>1.25</gpxtpx:speed>
</gpxtpx:TrackPointExtension>
<opentracks:accuracy_horizontal>3.246</opentracks:accuracy_horizontal></extensions>
</trkpt>
<trkpt lat="-32.233805" lon="115.800073">
<ele>-23.3</ele>
<time>2026-08-31T08:02:41.698+08:00</time>
<extensions>
<gpxtpx:TrackPointExtension>
<gpxtpx:speed>1.23</gpxtpx:speed>
</gpxtpx:TrackPointExtension>
<opentracks:accuracy_horizontal>3.257</opentracks:accuracy_horizontal></extensions>
</trkpt>
<trkpt lat="-32.233765" lon="115.799969">
<ele>-23.8</ele>
<time>2026-08-31T08:02:49.633+08:00</time>
<extensions>
<gpxtpx:TrackPointExtension>
<gpxtpx:speed>1.29</gpxtpx:speed>
</gpxtpx:TrackPointExtension>
<opentracks:accuracy_horizontal>2.692</opentracks:accuracy_horizontal></extensions>
</trkpt>
<trkpt lat="-32.233727" lon="115.799856">
<ele>-23.9</ele>
<time>2026-08-31T08:02:59.629+08:00</time>
<extensions>
<gpxtpx:TrackPointExtension>
<gpxtpx:speed>1.24</gpxtpx:speed>
</gpxtpx:TrackPointExtension>
<opentracks:accuracy_horizontal>2.589</opentracks:accuracy_horizontal></extensions>
</trkpt>
<trkpt lat="-32.233691" lon="115.799748">
<ele>-23.9</ele>
<time>2026-08-31T08:03:07.63+08:00</time>
<extensions>
<gpxtpx:TrackPointExtension>
<gpxtpx:speed>1.33</gpxtpx:speed>
</gpxtpx:TrackPointExtension>
<opentracks:accuracy_horizontal>2.733</opentracks:accuracy_horizontal></extensions>
</trkpt>
<trkpt lat="-32.233676" lon="115.799636">
<ele>-22.2</ele>
<time>2026-08-31T08:03:16.623+08:00</time>
<extensions>
<gpxtpx:TrackPointExtension>
<gpxtpx:speed>1.27</gpxtpx:speed>
</gpxtpx:TrackPointExtension>
<opentracks:accuracy_horizontal>2.965</opentracks:accuracy_horizontal></extensions>
</trkpt>
<trkpt lat="-32.233692" lon="115.799635">
<ele>-22.9</ele>
<time>2026-08-31T08:03:26.621+08:00</time>
<extensions>
<gpxtpx:TrackPointExtension>
<gpxtpx:speed>0.02</gpxtpx:speed>
</gpxtpx:TrackPointExtension>
<opentracks:accuracy_horizontal>2.64</opentracks:accuracy_horizontal></extensions>
</trkpt>
<trkpt lat="-32.233735" lon="115.799528">
<ele>-21.7</ele>
<time>2026-08-31T08:04:23.647+08:00</time>
<extensions>
<gpxtpx:TrackPointExtension>
<gpxtpx:speed>1.53</gpxtpx:speed>
</gpxtpx:TrackPointExtension>
<opentracks:accuracy_horizontal>2.669</opentracks:accuracy_horizontal></extensions>
</trkpt>
<trkpt lat="-32.233708" lon="115.799412">
<ele>-21.9</ele>
<time>2026-08-31T08:04:33.627+08:00</time>
<extensions>
<gpxtpx:TrackPointExtension>
<gpxtpx:speed>1.51</gpxtpx:speed>
</gpxtpx:TrackPointExtension>
<opentracks:accuracy_horizontal>2.794</opentracks:accuracy_horizontal></extensions>
</trkpt>
<trkpt lat="-32.233676" lon="115.799306">
<ele>-21.2</ele>
<time>2026-08-31T08:04:41.626+08:00</time>
<extensions>
<gpxtpx:TrackPointExtension>
<gpxtpx:speed>1.41</gpxtpx:speed>
</gpxtpx:TrackPointExtension>
<opentracks:accuracy_horizontal>2.711</opentracks:accuracy_horizontal></extensions>
</trkpt>
<trkpt lat="-32.233767" lon="115.799276">
<ele>-20.7</ele>
<time>2026-08-31T08:04:48.646+08:00</time>
<extensions>
<gpxtpx:TrackPointExtension>
<gpxtpx:speed>1.42</gpxtpx:speed>
</gpxtpx:TrackPointExtension>
<opentracks:accuracy_horizontal>2.549</opentracks:accuracy_horizontal></extensions>
</trkpt>
<trkpt lat="-32.233851" lon="115.799231">
<ele>-19.8</ele>
<time>2026-08-31T08:04:56.618+08:00</time>
<extensions>
<gpxtpx:TrackPointExtension>
<gpxtpx:speed>1.32</gpxtpx:speed>
</gpxtpx:TrackPointExtension>
<opentracks:accuracy_horizontal>2.556</opentracks:accuracy_horizontal></extensions>
</trkpt>
<trkpt lat="-32.233941" lon="115.799191">
<ele>-21.5</ele>
<time>2026-08-31T08:05:04.619+08:00</time>
<extensions>
<gpxtpx:TrackPointExtension>
<gpxtpx:speed>1.31</gpxtpx:speed>
</gpxtpx:TrackPointExtension>
<opentracks:accuracy_horizontal>2.716</opentracks:accuracy_horizontal></extensions>
</trkpt>
<trkpt lat="-32.234031" lon="115.79915">
<ele>-23.1</ele>
<time>2026-08-31T08:05:12.645+08:00</time>
<extensions>
<gpxtpx:TrackPointExtension>
<gpxtpx:speed>1.33</gpxtpx:speed>
</gpxtpx:TrackPointExtension>
<opentracks:accuracy_horizontal>2.685</opentracks:accuracy_horizontal></extensions>
</trkpt>
<trkpt lat="-32.23406" lon="115.799112">
<ele>-22.9</ele>
<time>2026-08-31T08:05:22.625+08:00</time>
<extensions>
<gpxtpx:TrackPointExtension>
<gpxtpx:speed>0.11</gpxtpx:speed>
</gpxtpx:TrackPointExtension>
<opentracks:accuracy_horizontal>2.905</opentracks:accuracy_horizontal></extensions>
</trkpt>
<trkpt lat="-32.234148" lon="115.799067">
<ele>-23.9</ele>
<time>2026-08-31T08:05:41.632+08:00</time>
<extensions>
<gpxtpx:TrackPointExtension>
<gpxtpx:speed>1.27</gpxtpx:speed>
</gpxtpx:TrackPointExtension>
<opentracks:accuracy_horizontal>2.514</opentracks:accuracy_horizontal></extensions>
</trkpt>
<trkpt lat="-32.234234" lon="115.799013">
<ele>-23.5</ele>
<time>2026-08-31T08:05:50.68+08:00</time>
<extensions>
<gpxtpx:TrackPointExtension>
<gpxtpx:speed>1.2</gpxtpx:speed>
</gpxtpx:TrackPointExtension>
<opentracks:accuracy_horizontal>2.763</opentracks:accuracy_horizontal></extensions>
</trkpt>
<trkpt lat="-32.234324" lon="115.798978">
<ele>-24.2</ele>
<time>2026-08-31T08:05:59.612+08:00</time>
<extensions>
<gpxtpx:TrackPointExtension>
<gpxtpx:speed>1.18</gpxtpx:speed>
</gpxtpx:TrackPointExtension>
<opentracks:accuracy_horizontal>2.741</opentracks:accuracy_horizontal></extensions>
</trkpt>
<trkpt lat="-32.234412" lon="115.798933">
<ele>-23.6</ele>
<time>2026-08-31T08:06:07.621+08:00</time>
<extensions>
<gpxtpx:TrackPointExtension>
<gpxtpx:speed>1.24</gpxtpx:speed>
</gpxtpx:TrackPointExtension>
<opentracks:accuracy_horizontal>2.493</opentracks:accuracy_horizontal></extensions>
</trkpt>
<trkpt lat="-32.234458" lon="115.798887">
<ele>-24.4</ele>
<time>2026-08-31T08:06:17.618+08:00</time>
<extensions>
<gpxtpx:TrackPointExtension>
<gpxtpx:speed>0.25</gpxtpx:speed>
</gpxtpx:TrackPointExtension>
<opentracks:accuracy_horizontal>2.749</opentracks:accuracy_horizontal></extensions>
</trkpt>
<trkpt lat="-32.234546" lon="115.798862">
<ele>-23.9</ele>
<time>2026-08-31T08:06:26.644+08:00</time>
<extensions>
<gpxtpx:TrackPointExtension>
<gpxtpx:speed>1.57</gpxtpx:speed>
</gpxtpx:TrackPointExtension>
<opentracks:accuracy_horizontal>2.576</opentracks:accuracy_horizontal></extensions>
</trkpt>
<trkpt lat="-32.234633" lon="115.79881">
<ele>-23.8</ele>
<time>2026-08-31T08:06:36.632+08:00</time>
<extensions>
<gpxtpx:TrackPointExtension>
<gpxtpx:speed>1.14</gpxtpx:speed>
</gpxtpx:TrackPointExtension>
<opentracks:accuracy_horizontal>2.732</opentracks:accuracy_horizontal></extensions>
</trkpt>
<trkpt lat="-32.234721" lon="115.798772">
<ele>-22.8</ele>
<time>2026-08-31T08:06:44.641+08:00</time>
<extensions>
<gpxtpx:TrackPointExtension>
<gpxtpx:speed>1.21</gpxtpx:speed>
</gpxtpx:TrackPointExtension>
<opentracks:accuracy_horizontal>3.334</opentracks:accuracy_horizontal></extensions>
</trkpt>
<trkpt lat="-32.234808" lon="115.798714">
<ele>-23</ele>
<time>2026-08-31T08:06:52.667+08:00</time>
<extensions>
<gpxtpx:TrackPointExtension>
<gpxtpx:speed>1.28</gpxtpx:speed>
</gpxtpx:TrackPointExtension>
<opentracks:accuracy_horizontal>3.083</opentracks:accuracy_horizontal></extensions>
</trkpt>
<trkpt lat="-32.234886" lon="115.798681">
<ele>-23.4</ele>
<time>2026-08-31T08:07:02.636+08:00</time>
<extensions>
<gpxtpx:TrackPointExtension>
<gpxtpx:speed>0.99</gpxtpx:speed>
</gpxtpx:TrackPointExtension>
<opentracks:accuracy_horizontal>3.166</opentracks:accuracy_horizontal></extensions>
</trkpt>
<trkpt lat="-32.234984" lon="115.798636">
<ele>-22.2</ele>
<time>2026-08-31T08:07:10.63+08:00</time>
<extensions>
<gpxtpx:TrackPointExtension>
<gpxtpx:speed>1.25</gpxtpx:speed>
</gpxtpx:TrackPointExtension>
<opentracks:accuracy_horizontal>2.869</opentracks:accuracy_horizontal></extensions>
</trkpt>
<trkpt lat="-32.234932" lon="115.79859">
<ele>-21.7</ele>
<time>2026-08-31T08:07:20.63+08:00</time>
<extensions>
<gpxtpx:TrackPointExtension>
<gpxtpx:speed>0.28</gpxtpx:speed>
</gpxtpx:TrackPointExtension>
<opentracks:accuracy_horizontal>2.81</opentracks:accuracy_horizontal></extensions>
</trkpt>
<trkpt lat="-32.234974" lon="115.798491">
<ele>-20.9</ele>
<time>2026-08-31T08:07:52.632+08:00</time>
<extensions>
<gpxtpx:TrackPointExtension>
<gpxtpx:speed>1.59</gpxtpx:speed>
</gpxtpx:TrackPointExtension>
<opentracks:accuracy_horizontal>2.412</opentracks:accuracy_horizontal></extensions>
</trkpt>
<trkpt lat="-32.234991" lon="115.798451">
<ele>-21.9</ele>
<time>2026-08-31T08:08:00.678+08:00</time>
<extensions>
<gpxtpx:TrackPointExtension>
<gpxtpx:speed>0.1</gpxtpx:speed>
</gpxtpx:TrackPointExtension>
<opentracks:accuracy_horizontal>3.941</opentracks:accuracy_horizontal></extensions>
</trkpt>
<trkpt lat="-32.235011" lon="115.79834">
<ele>-24.9</ele>
<time>2026-08-31T08:08:11.634+08:00</time>
<extensions>
<gpxtpx:TrackPointExtension>
<gpxtpx:speed>2.11</gpxtpx:speed>
</gpxtpx:TrackPointExtension>
<opentracks:accuracy_horizontal>3.371</opentracks:accuracy_horizontal></extensions>
</trkpt>
<trkpt lat="-32.235016" lon="115.798228">
<ele>-24.6</ele>
<time>2026-08-31T08:08:18.643+08:00</time>
<extensions>
<gpxtpx:TrackPointExtension>
<gpxtpx:speed>1.64</gpxtpx:speed>
</gpxtpx:TrackPointExtension>
<opentracks:accuracy_horizontal>2.446</opentracks:accuracy_horizontal></extensions>
</trkpt>
<trkpt lat="-32.235048" lon="115.798136">
<ele>-22.5</ele>
<time>2026-08-31T08:08:27.635+08:00</time>
<extensions>
<gpxtpx:TrackPointExtension>
<gpxtpx:speed>1.33</gpxtpx:speed>
</gpxtpx:TrackPointExtension>
<opentracks:accuracy_horizontal>2.401</opentracks:accuracy_horizontal></extensions>
</trkpt>
<trkpt lat="-32.235052" lon="115.798028">
<ele>-24.2</ele>
<time>2026-08-31T08:08:46.692+08:00</time>
<extensions>
<gpxtpx:TrackPointExtension>
<gpxtpx:speed>0.21</gpxtpx:speed>
</gpxtpx:TrackPointExtension>
<opentracks:accuracy_horizontal>2.649</opentracks:accuracy_horizontal></extensions>
</trkpt>
<trkpt lat="-32.235035" lon="115.797916">
<ele>-25.4</ele>
<time>2026-08-31T08:08:54.674+08:00</time>
<extensions>
<gpxtpx:TrackPointExtension>
<gpxtpx:speed>1.13</gpxtpx:speed>
</gpxtpx:TrackPointExtension>
<opentracks:accuracy_horizontal>2.785</opentracks:accuracy_horizontal></extensions>
</trkpt>
<trkpt lat="-32.235098" lon="115.797826">
<ele>-25</ele>
<time>2026-08-31T08:09:04.633+08:00</time>
<extensions>
<gpxtpx:TrackPointExtension>
<gpxtpx:speed>1.09</gpxtpx:speed>
</gpxtpx:TrackPointExtension>
<opentracks:accuracy_horizontal>2.795</opentracks:accuracy_horizontal></extensions>
</trkpt>
<trkpt lat="-32.235082" lon="115.79773">
<ele>-23.8</ele>
<time>2026-08-31T08:09:13.646+08:00</time>
<extensions>
<gpxtpx:TrackPointExtension>
<gpxtpx:speed>1.06</gpxtpx:speed>
</gpxtpx:TrackPointExtension>
<opentracks:accuracy_horizontal>2.908</opentracks:accuracy_horizontal></extensions>
</trkpt>
<trkpt lat="-32.235158" lon="115.797668">
<ele>-24.1</ele>
<time>2026-08-31T08:09:22.638+08:00</time>
<extensions>
<gpxtpx:TrackPointExtension>
<gpxtpx:speed>1.1</gpxtpx:speed>
</gpxtpx:TrackPointExtension>
<opentracks:accuracy_horizontal>2.65</opentracks:accuracy_horizontal></extensions>
</trkpt>
<trkpt lat="-32.235168" lon="115.797577">
<ele>-23.4</ele>
<time>2026-08-31T08:09:31.643+08:00</time>
<extensions>
<gpxtpx:TrackPointExtension>
<gpxtpx:speed>1.02</gpxtpx:speed>
</gpxtpx:TrackPointExtension>
<opentracks:accuracy_horizontal>2.713</opentracks:accuracy_horizontal></extensions>
</trkpt>
<trkpt lat="-32.235202" lon="115.797476">
<ele>-21.7</ele>
<time>2026-08-31T08:11:09.665+08:00</time>
<extensions>
<gpxtpx:TrackPointExtension>
<gpxtpx:speed>1.15</gpxtpx:speed>
</gpxtpx:TrackPointExtension>
<opentracks:accuracy_horizontal>2.048</opentracks:accuracy_horizontal></extensions>
</trkpt>
<trkpt lat="-32.235259" lon="115.79739">
<ele>-21.2</ele>
<time>2026-08-31T08:11:19.66+08:00</time>
<extensions>
<gpxtpx:TrackPointExtension>
<gpxtpx:speed>1.08</gpxtpx:speed>
</gpxtpx:TrackPointExtension>
<opentracks:accuracy_horizontal>1.303</opentracks:accuracy_horizontal></extensions>
</trkpt>
<trkpt lat="-32.235218" lon="115.797297">
<ele>-22.7</ele>
<time>2026-08-31T08:11:29.622+08:00</time>
<extensions>
<gpxtpx:TrackPointExtension>
<gpxtpx:speed>1.05</gpxtpx:speed>
</gpxtpx:TrackPointExtension>
<opentracks:accuracy_horizontal>2.684</opentracks:accuracy_horizontal></extensions>
</trkpt>
<trkpt lat="-32.235255" lon="115.797194">
<ele>-22</ele>
<time>2026-08-31T08:11:39.638+08:00</time>
<extensions>
<gpxtpx:TrackPointExtension>
<gpxtpx:speed>1.02</gpxtpx:speed>
</gpxtpx:TrackPointExtension>
<opentracks:accuracy_horizontal>2.704</opentracks:accuracy_horizontal></extensions>
</trkpt>
<trkpt lat="-32.235322" lon="115.797187">
<ele>-19.6</ele>
<time>2026-08-31T08:11:49.634+08:00</time>
<extensions>
<gpxtpx:TrackPointExtension>
<gpxtpx:speed>0.65</gpxtpx:speed>
</gpxtpx:TrackPointExtension>
<opentracks:accuracy_horizontal>3.532</opentracks:accuracy_horizontal></extensions>
</trkpt>
<trkpt lat="-32.235386" lon="115.797101">
<ele>-19.1</ele>
<time>2026-08-31T08:11:57.641+08:00</time>
<extensions>
<gpxtpx:TrackPointExtension>
<gpxtpx:speed>1.36</gpxtpx:speed>
</gpxtpx:TrackPointExtension>
<opentracks:accuracy_horizontal>2.674</opentracks:accuracy_horizontal></extensions>
</trkpt>
<trkpt lat="-32.235353" lon="115.797002">
<ele>-19.5</ele>
<time>2026-08-31T08:12:07.645+08:00</time>
<extensions>
<gpxtpx:TrackPointExtension>
<gpxtpx:speed>1.16</gpxtpx:speed>
</gpxtpx:TrackPointExtension>
<opentracks:accuracy_horizontal>2.596</opentracks:accuracy_horizontal></extensions>
</trkpt>
<trkpt lat="-32.235332" lon="115.796885">
<ele>-19.8</ele>
<time>2026-08-31T08:12:16.629+08:00</time>
<extensions>
<gpxtpx:TrackPointExtension>
<gpxtpx:speed>1.19</gpxtpx:speed>
</gpxtpx:TrackPointExtension>
<opentracks:accuracy_horizontal>2.729</opentracks:accuracy_horizontal></extensions>
</trkpt>
<trkpt lat="-32.235317" lon="115.796784">
<ele>-21.3</ele>
<time>2026-08-31T08:12:26.637+08:00</time>
<extensions>
<gpxtpx:TrackPointExtension>
<gpxtpx:speed>1.08</gpxtpx:speed>
</gpxtpx:TrackPointExtension>
<opentracks:accuracy_horizontal>2.841</opentracks:accuracy_horizontal></extensions>
</trkpt>
<trkpt lat="-32.235308" lon="115.796659">
<ele>-23.1</ele>
<time>2026-08-31T08:12:38.637+08:00</time>
<extensions>
<gpxtpx:TrackPointExtension>
<gpxtpx:speed>1.09</gpxtpx:speed>
</gpxtpx:TrackPointExtension>
<opentracks:accuracy_horizontal>2.747</opentracks:accuracy_horizontal></extensions>
</trkpt>
<trkpt lat="-32.235294" lon="115.796562">
<ele>-22.8</ele>
<time>2026-08-31T08:12:48.621+08:00</time>
<extensions>
<gpxtpx:TrackPointExtension>
<gpxtpx:speed>1.01</gpxtpx:speed>
</gpxtpx:TrackPointExtension>
<opentracks:accuracy_horizontal>2.818</opentracks:accuracy_horizontal></extensions>
</trkpt>
<trkpt lat="-32.235296" lon="115.796444">
<ele>-22.7</ele>
<time>2026-08-31T08:12:58.644+08:00</time>
<extensions>
<gpxtpx:TrackPointExtension>
<gpxtpx:speed>1.06</gpxtpx:speed>
</gpxtpx:TrackPointExtension>
<opentracks:accuracy_horizontal>2.699</opentracks:accuracy_horizontal></extensions>
</trkpt>
<trkpt lat="-32.235307" lon="115.796422">
<ele>-19.5</ele>
<time>2026-08-31T08:13:07.668+08:00</time>
<extensions>
<gpxtpx:TrackPointExtension>
<gpxtpx:speed>0.05</gpxtpx:speed>
</gpxtpx:TrackPointExtension>
<opentracks:accuracy_horizontal>2.521</opentracks:accuracy_horizontal></extensions>
</trkpt>
<trkpt lat="-32.235326" lon="115.796312">
<ele>-22.5</ele>
<time>2026-08-31T08:14:01.634+08:00</time>
<extensions>
<gpxtpx:TrackPointExtension>
<gpxtpx:speed>1.22</gpxtpx:speed>
</gpxtpx:TrackPointExtension>
<opentracks:accuracy_horizontal>2.629</opentracks:accuracy_horizontal></extensions>
</trkpt>
<trkpt lat="-32.235344" lon="115.796207">
<ele>-21.9</ele>
<time>2026-08-31T08:14:08.617+08:00</time>
<extensions>
<gpxtpx:TrackPointExtension>
<gpxtpx:speed>1.36</gpxtpx:speed>
</gpxtpx:TrackPointExtension>
<opentracks:accuracy_horizontal>2.653</opentracks:accuracy_horizontal></extensions>
</trkpt>
<trkpt lat="-32.235345" lon="115.796105">
<ele>-20.8</ele>
<time>2026-08-31T08:14:17.639+08:00</time>
<extensions>
<gpxtpx:TrackPointExtension>
<gpxtpx:speed>1.25</gpxtpx:speed>
</gpxtpx:TrackPointExtension>
<opentracks:accuracy_horizontal>2.505</opentracks:accuracy_horizontal></extensions>
</trkpt>
<trkpt lat="-32.235346" lon="115.795996">
<ele>-20.9</ele>
<time>2026-08-31T08:14:25.653+08:00</time>
<extensions>
<gpxtpx:TrackPointExtension>
<gpxtpx:speed>1.29</gpxtpx:speed>
</gpxtpx:TrackPointExtension>
<opentracks:accuracy_horizontal>2.483</opentracks:accuracy_horizontal></extensions>
</trkpt>
<trkpt lat="-32.235429" lon="115.795999">
<ele>-21.8</ele>
<time>2026-08-31T08:14:34.674+08:00</time>
<extensions>
<gpxtpx:TrackPointExtension>
<gpxtpx:speed>1.24</gpxtpx:speed>
</gpxtpx:TrackPointExtension>
<opentracks:accuracy_horizontal>2.454</opentracks:accuracy_horizontal></extensions>
</trkpt>
<trkpt lat="-32.235515" lon="115.795945">
<ele>-22.7</ele>
<time>2026-08-31T08:14:42.674+08:00</time>
<extensions>
<gpxtpx:TrackPointExtension>
<gpxtpx:speed>1.28</gpxtpx:speed>
</gpxtpx:TrackPointExtension>
<opentracks:accuracy_horizontal>2.727</opentracks:accuracy_horizontal></extensions>
</trkpt>
<trkpt lat="-32.235528" lon="115.795902">
<ele>-20.9</ele>
<time>2026-08-31T08:14:52.64+08:00</time>
<extensions>
<gpxtpx:TrackPointExtension>
<gpxtpx:speed>0.08</gpxtpx:speed>
</gpxtpx:TrackPointExtension>
<opentracks:accuracy_horizontal>2.428</opentracks:accuracy_horizontal></extensions>
</trkpt>
<trkpt lat="-32.235619" lon="115.795891">
<ele>-21.9</ele>
<time>2026-08-31T08:15:23.674+08:00</time>
<extensions>
<gpxtpx:TrackPointExtension>
<gpxtpx:speed>0.62</gpxtpx:speed>
</gpxtpx:TrackPointExtension>
<opentracks:accuracy_horizontal>2.745</opentracks:accuracy_horizontal></extensions>
</trkpt>
<trkpt lat="-32.235708" lon="115.795857">
<ele>-22.2</ele>
<time>2026-08-31T08:15:29.666+08:00</time>
<extensions>
<gpxtpx:TrackPointExtension>
<gpxtpx:speed>1.48</gpxtpx:speed>
</gpxtpx:TrackPointExtension>
<opentracks:accuracy_horizontal>2.681</opentracks:accuracy_horizontal></extensions>
</trkpt>
<trkpt lat="-32.235796" lon="115.795833">
<ele>-22.9</ele>
<time>2026-08-31T08:15:38.673+08:00</time>
<extensions>
<gpxtpx:TrackPointExtension>
<gpxtpx:speed>1.22</gpxtpx:speed>
</gpxtpx:TrackPointExtension>
<opentracks:accuracy_horizontal>2.585</opentracks:accuracy_horizontal></extensions>
</trkpt>
<trkpt lat="-32.235885" lon="115.795783">
<ele>-20.1</ele>
<time>2026-08-31T08:15:50.674+08:00</time>
<extensions>
<gpxtpx:TrackPointExtension>
<gpxtpx:speed>0.99</gpxtpx:speed>
</gpxtpx:TrackPointExtension>
<opentracks:accuracy_horizontal>3.045</opentracks:accuracy_horizontal></extensions>
</trkpt>
<trkpt lat="-32.235969" lon="115.795764">
<ele>-18.9</ele>
<time>2026-08-31T08:16:00.658+08:00</time>
<extensions>
<gpxtpx:TrackPointExtension>
<gpxtpx:speed>1.07</gpxtpx:speed>
</gpxtpx:TrackPointExtension>
<opentracks:accuracy_horizontal>2.635</opentracks:accuracy_horizontal></extensions>
</trkpt>
<trkpt lat="-32.23606" lon="115.795708">
<ele>-14.1</ele>
<time>2026-08-31T08:17:01.685+08:00</time>
<extensions>
<gpxtpx:TrackPointExtension>
<gpxtpx:speed>1.07</gpxtpx:speed>
</gpxtpx:TrackPointExtension>
<opentracks:accuracy_horizontal>2.715</opentracks:accuracy_horizontal></extensions>
</trkpt>
<trkpt lat="-32.236159" lon="115.79568">
<ele>-14.4</ele>
<time>2026-08-31T08:17:10.677+08:00</time>
<extensions>
<gpxtpx:TrackPointExtension>
<gpxtpx:speed>1.21</gpxtpx:speed>
</gpxtpx:TrackPointExtension>
<opentracks:accuracy_horizontal>2.608</opentracks:accuracy_horizontal></extensions>
</trkpt>
<trkpt lat="-32.236261" lon="115.795655">
<ele>-14.4</ele>
<time>2026-08-31T08:17:19.637+08:00</time>
<extensions>
<gpxtpx:TrackPointExtension>
<gpxtpx:speed>1.25</gpxtpx:speed>
</gpxtpx:TrackPointExtension>
<opentracks:accuracy_horizontal>2.675</opentracks:accuracy_horizontal></extensions>
</trkpt>
<trkpt lat="-32.236307" lon="115.795622">
<ele>-11.5</ele>
<time>2026-08-31T08:17:28.647+08:00</time>
<extensions>
<gpxtpx:TrackPointExtension>
<gpxtpx:speed>1.06</gpxtpx:speed>
</gpxtpx:TrackPointExtension>
<opentracks:accuracy_horizontal>2.862</opentracks:accuracy_horizontal></extensions>
</trkpt>
<trkpt lat="-32.236399" lon="115.795597">
<ele>-8.6</ele>
<time>2026-08-31T08:17:38.645+08:00</time>
<extensions>
<gpxtpx:TrackPointExtension>
<gpxtpx:speed>1.15</gpxtpx:speed>
</gpxtpx:TrackPointExtension>
<opentracks:accuracy_horizontal>2.635</opentracks:accuracy_horizontal></extensions>
</trkpt>
<trkpt lat="-32.236402" lon="115.795584">
<ele>-5.8</ele>
<time>2026-08-31T08:17:48.649+08:00</time>
<extensions>
<gpxtpx:TrackPointExtension>
<gpxtpx:speed>0.05</gpxtpx:speed>
</gpxtpx:TrackPointExtension>
<opentracks:accuracy_horizontal>2.378</opentracks:accuracy_horizontal></extensions>
</trkpt>
<trkpt lat="-32.236496" lon="115.795556">
<ele>-3.2</ele>
<time>2026-08-31T08:17:59.637+08:00</time>
<extensions>
<gpxtpx:TrackPointExtension>
<gpxtpx:speed>0.96</gpxtpx:speed>
</gpxtpx:TrackPointExtension>
<opentracks:accuracy_horizontal>2.321</opentracks:accuracy_horizontal></extensions>
</trkpt>
<trkpt lat="-32.236581" lon="115.795541">
<ele>-0.7</ele>
<time>2026-08-31T08:18:09.637+08:00</time>
<extensions>
<gpxtpx:TrackPointExtension>
<gpxtpx:speed>0.93</gpxtpx:speed>
</gpxtpx:TrackPointExtension>
<opentracks:accuracy_horizontal>2.397</opentracks:accuracy_horizontal></extensions>
</trkpt>
<trkpt lat="-32.236657" lon="115.795471">
<ele>-0.3</ele>
<time>2026-08-31T08:18:19.641+08:00</time>
<extensions>
<gpxtpx:TrackPointExtension>
<gpxtpx:speed>1.03</gpxtpx:speed>
</gpxtpx:TrackPointExtension>
<opentracks:accuracy_horizontal>2.327</opentracks:accuracy_horizontal></extensions>
</trkpt>
<trkpt lat="-32.236734" lon="115.795402">
<ele>0.7</ele>
<time>2026-08-31T08:18:29.649+08:00</time>
<extensions>
<gpxtpx:TrackPointExtension>
<gpxtpx:speed>1.02</gpxtpx:speed>
</gpxtpx:TrackPointExtension>
<opentracks:accuracy_horizontal>2.534</opentracks:accuracy_horizontal></extensions>
</trkpt>
<trkpt lat="-32.236741" lon="115.795345">
<ele>0.4</ele>
<time>2026-08-31T08:18:39.646+08:00</time>
<extensions>
<gpxtpx:TrackPointExtension>
<gpxtpx:speed>0.2</gpxtpx:speed>
</gpxtpx:TrackPointExtension>
<opentracks:accuracy_horizontal>2.606</opentracks:accuracy_horizontal></extensions>
</trkpt>
<trkpt lat="-32.236805" lon="115.795263">
<ele>2.6</ele>
<time>2026-08-31T08:18:49.657+08:00</time>
<extensions>
<gpxtpx:TrackPointExtension>
<gpxtpx:speed>0.93</gpxtpx:speed>
</gpxtpx:TrackPointExtension>
<opentracks:accuracy_horizontal>2.372</opentracks:accuracy_horizontal></extensions>
</trkpt>
<trkpt lat="-32.236857" lon="115.795171">
<ele>4.7</ele>
<time>2026-08-31T08:18:58.64+08:00</time>
<extensions>
<gpxtpx:TrackPointExtension>
<gpxtpx:speed>1.05</gpxtpx:speed>
</gpxtpx:TrackPointExtension>
<opentracks:accuracy_horizontal>2.362</opentracks:accuracy_horizontal></extensions>
</trkpt>
<trkpt lat="-32.236917" lon="115.795092">
<ele>5.9</ele>
<time>2026-08-31T08:19:06.644+08:00</time>
<extensions>
<gpxtpx:TrackPointExtension>
<gpxtpx:speed>1.16</gpxtpx:speed>
</gpxtpx:TrackPointExtension>
<opentracks:accuracy_horizontal>2.336</opentracks:accuracy_horizontal></extensions>
</trkpt>
<trkpt lat="-32.236969" lon="115.794997">
<ele>5.8</ele>
<time>2026-08-31T08:19:16.645+08:00</time>
<extensions>
<gpxtpx:TrackPointExtension>
<gpxtpx:speed>1.08</gpxtpx:speed>
</gpxtpx:TrackPointExtension>
<opentracks:accuracy_horizontal>2.639</opentracks:accuracy_horizontal></extensions>
</trkpt>
<trkpt lat="-32.237009" lon="115.794895">
<ele>6.1</ele>
<time>2026-08-31T08:19:26.645+08:00</time>
<extensions>
<gpxtpx:TrackPointExtension>
<gpxtpx:speed>1.07</gpxtpx:speed>
</gpxtpx:TrackPointExtension>
<opentracks:accuracy_horizontal>2.416</opentracks:accuracy_horizontal></extensions>
</trkpt>
<trkpt lat="-32.236993" lon="115.794864">
<ele>5.6</ele>
<time>2026-08-31T08:19:36.638+08:00</time>
<extensions>
<gpxtpx:TrackPointExtension>
<gpxtpx:speed>0.06</gpxtpx:speed>
</gpxtpx:TrackPointExtension>
<opentracks:accuracy_horizontal>2.501</opentracks:accuracy_horizontal></extensions>
</trkpt>
<trkpt lat="-32.237038" lon="115.79477">
<ele>7.4</ele>
<time>2026-08-31T08:20:11.618+08:00</time>
<extensions>
<gpxtpx:TrackPointExtension>
<gpxtpx:speed>1.22</gpxtpx:speed>
</gpxtpx:TrackPointExtension>
<opentracks:accuracy_horizontal>2.336</opentracks:accuracy_horizontal></extensions>
</trkpt>
<trkpt lat="-32.237089" lon="115.794672">
<ele>7.2</ele>
<time>2026-08-31T08:20:19.63+08:00</time>
<extensions>
<gpxtpx:TrackPointExtension>
<gpxtpx:speed>1.27</gpxtpx:speed>
</gpxtpx:TrackPointExtension>
<opentracks:accuracy_horizontal>2.568</opentracks:accuracy_horizontal></extensions>
</trkpt>
<trkpt lat="-32.23713" lon="115.794621">
<ele>8</ele>
<time>2026-08-31T08:20:28.684+08:00</time>
<extensions>
<gpxtpx:TrackPointExtension>
<gpxtpx:speed>0.85</gpxtpx:speed>
</gpxtpx:TrackPointExtension>
<opentracks:accuracy_horizontal>2.951</opentracks:accuracy_horizontal></extensions>
</trkpt>
<trkpt lat="-32.237229" lon="115.794617">
<ele>8.6</ele>
<time>2026-08-31T08:20:58.619+08:00</time>
<extensions>
<gpxtpx:TrackPointExtension>
<gpxtpx:speed>1.3</gpxtpx:speed>
</gpxtpx:TrackPointExtension>
<opentracks:accuracy_horizontal>2.529</opentracks:accuracy_horizontal></extensions>
</trkpt>
<trkpt lat="-32.237291" lon="115.794656">
<ele>9.5</ele>
<time>2026-08-31T08:21:07.647+08:00</time>
<extensions>
<gpxtpx:TrackPointExtension>
<gpxtpx:speed>1.05</gpxtpx:speed>
</gpxtpx:TrackPointExtension>
<opentracks:accuracy_horizontal>2.401</opentracks:accuracy_horizontal></extensions>
</trkpt>
<trkpt lat="-32.237246" lon="115.794754">
<ele>10.5</ele>
<time>2026-08-31T08:21:16.64+08:00</time>
<extensions>
<gpxtpx:TrackPointExtension>
<gpxtpx:speed>1.13</gpxtpx:speed>
</gpxtpx:TrackPointExtension>
<opentracks:accuracy_horizontal>2.283</opentracks:accuracy_horizontal></extensions>
</trkpt>
<trkpt lat="-32.237209" lon="115.794861">
<ele>11.3</ele>
<time>2026-08-31T08:21:26.65+08:00</time>
<extensions>
<gpxtpx:TrackPointExtension>
<gpxtpx:speed>1.1</gpxtpx:speed>
</gpxtpx:TrackPointExtension>
<opentracks:accuracy_horizontal>2.296</opentracks:accuracy_horizontal></extensions>
</trkpt>
<trkpt lat="-32.237184" lon="115.794974">
<ele>12.2</ele>
<time>2026-08-31T08:21:35.647+08:00</time>
<extensions>
<gpxtpx:TrackPointExtension>
<gpxtpx:speed>1.16</gpxtpx:speed>
</gpxtpx:TrackPointExtension>
<opentracks:accuracy_horizontal>2.341</opentracks:accuracy_horizontal></extensions>
</trkpt>
<trkpt lat="-32.237151" lon="115.795087">
<ele>12.4</ele>
<time>2026-08-31T08:21:44.644+08:00</time>
<extensions>
<gpxtpx:TrackPointExtension>
<gpxtpx:speed>1.21</gpxtpx:speed>
</gpxtpx:TrackPointExtension>
<opentracks:accuracy_horizontal>2.219</opentracks:accuracy_horizontal></extensions>
</trkpt>
<trkpt lat="-32.237134" lon="115.795177">
<ele>12.1</ele>
<time>2026-08-31T08:21:54.659+08:00</time>
<extensions>
<gpxtpx:TrackPointExtension>
<gpxtpx:speed>0.85</gpxtpx:speed>
</gpxtpx:TrackPointExtension>
<opentracks:accuracy_horizontal>2.323</opentracks:accuracy_horizontal></extensions>
</trkpt>
<trkpt lat="-32.237154" lon="115.79507">
<ele>13.2</ele>
<time>2026-08-31T08:23:19.625+08:00</time>
<extensions>
<gpxtpx:TrackPointExtension>
<gpxtpx:speed>1.17</gpxtpx:speed>
</gpxtpx:TrackPointExtension>
<opentracks:accuracy_horizontal>2.235</opentracks:accuracy_horizontal></extensions>
</trkpt>
<trkpt lat="-32.23719" lon="115.794972">
<ele>12.4</ele>
<time>2026-08-31T08:23:27.645+08:00</time>
<extensions>
<gpxtpx:TrackPointExtension>
<gpxtpx:speed>1.22</gpxtpx:speed>
</gpxtpx:TrackPointExtension>
<opentracks:accuracy_horizontal>2.517</opentracks:accuracy_horizontal></extensions>
</trkpt>
<trkpt lat="-32.237229" lon="115.79487">
<ele>12.1</ele>
<time>2026-08-31T08:23:35.647+08:00</time>
<extensions>
<gpxtpx:TrackPointExtension>
<gpxtpx:speed>1.24</gpxtpx:speed>
</gpxtpx:TrackPointExtension>
<opentracks:accuracy_horizontal>2.364</opentracks:accuracy_horizontal></extensions>
</trkpt>
<trkpt lat="-32.237249" lon="115.794764">
<ele>10.9</ele>
<time>2026-08-31T08:23:44.649+08:00</time>
<extensions>
<gpxtpx:TrackPointExtension>
<gpxtpx:speed>1.17</gpxtpx:speed>
</gpxtpx:TrackPointExtension>
<opentracks:accuracy_horizontal>2.5</opentracks:accuracy_horizontal></extensions>
</trkpt>
<trkpt lat="-32.237297" lon="115.794674">
<ele>11.6</ele>
<time>2026-08-31T08:23:53.632+08:00</time>
<extensions>
<gpxtpx:TrackPointExtension>
<gpxtpx:speed>1.1</gpxtpx:speed>
</gpxtpx:TrackPointExtension>
<opentracks:accuracy_horizontal>2.684</opentracks:accuracy_horizontal></extensions>
</trkpt>
<trkpt lat="-32.237332" lon="115.794589">
<ele>10.2</ele>
<time>2026-08-31T08:24:03.637+08:00</time>
<extensions>
<gpxtpx:TrackPointExtension>
<gpxtpx:speed>0.9</gpxtpx:speed>
</gpxtpx:TrackPointExtension>
<opentracks:accuracy_horizontal>2.387</opentracks:accuracy_horizontal></extensions>
</trkpt>
<trkpt lat="-32.237373" lon="115.794487">
<ele>8.4</ele>
<time>2026-08-31T08:24:15.67+08:00</time>
<extensions>
<gpxtpx:TrackPointExtension>
<gpxtpx:speed>0.63</gpxtpx:speed>
</gpxtpx:TrackPointExtension>
<opentracks:accuracy_horizontal>2.71</opentracks:accuracy_horizontal></extensions>
</trkpt>
<trkpt lat="-32.237397" lon="115.794374">
<ele>7.3</ele>
<time>2026-08-31T08:24:25.645+08:00</time>
<extensions>
<gpxtpx:TrackPointExtension>
<gpxtpx:speed>1.05</gpxtpx:speed>
</gpxtpx:TrackPointExtension>
<opentracks:accuracy_horizontal>2.731</opentracks:accuracy_horizontal></extensions>
</trkpt>
<trkpt lat="-32.237446" lon="115.794274">
<ele>7.3</ele>
<time>2026-08-31T08:24:34.645+08:00</time>
<extensions>
<gpxtpx:TrackPointExtension>
<gpxtpx:speed>1.13</gpxtpx:speed>
</gpxtpx:TrackPointExtension>
<opentracks:accuracy_horizontal>2.465</opentracks:accuracy_horizontal></extensions>
</trkpt>
<trkpt lat="-32.237473" lon="115.794179">
<ele>6.5</ele>
<time>2026-08-31T08:24:44.641+08:00</time>
<extensions>
<gpxtpx:TrackPointExtension>
<gpxtpx:speed>1.07</gpxtpx:speed>
</gpxtpx:TrackPointExtension>
<opentracks:accuracy_horizontal>2.635</opentracks:accuracy_horizontal></extensions>
</trkpt>
<trkpt lat="-32.237489" lon="115.794062">
<ele>6.7</ele>
<time>2026-08-31T08:24:54.645+08:00</time>
<extensions>
<gpxtpx:TrackPointExtension>
<gpxtpx:speed>1.07</gpxtpx:speed>
</gpxtpx:TrackPointExtension>
<opentracks:accuracy_horizontal>2.534</opentracks:accuracy_horizontal></extensions>
</trkpt>
<trkpt lat="-32.237524" lon="115.793977">
<ele>5.3</ele>
<time>2026-08-31T08:25:04.643+08:00</time>
<extensions>
<gpxtpx:TrackPointExtension>
<gpxtpx:speed>1.01</gpxtpx:speed>
</gpxtpx:TrackPointExtension>
<opentracks:accuracy_horizontal>2.41</opentracks:accuracy_horizontal></extensions>
</trkpt>
<trkpt lat="-32.237565" lon="115.793876">
<ele>2.9</ele>
<time>2026-08-31T08:25:14.653+08:00</time>
<extensions>
<gpxtpx:TrackPointExtension>
<gpxtpx:speed>1.07</gpxtpx:speed>
</gpxtpx:TrackPointExtension>
<opentracks:accuracy_horizontal>2.368</opentracks:accuracy_horizontal></extensions>
</trkpt>
<trkpt lat="-32.237576" lon="115.793765">
<ele>2.7</ele>
<time>2026-08-31T08:25:23.649+08:00</time>
<extensions>
<gpxtpx:TrackPointExtension>
<gpxtpx:speed>1.12</gpxtpx:speed>
</gpxtpx:TrackPointExtension>
<opentracks:accuracy_horizontal>2.353</opentracks:accuracy_horizontal></extensions>
</trkpt>
<trkpt lat="-32.237581" lon="115.793693">
<ele>1.3</ele>
<time>2026-08-31T08:25:33.648+08:00</time>
<extensions>
<gpxtpx:TrackPointExtension>
<gpxtpx:speed>0.36</gpxtpx:speed>
</gpxtpx:TrackPointExtension>
<opentracks:accuracy_horizontal>2.381</opentracks:accuracy_horizontal></extensions>
</trkpt>
<trkpt lat="-32.237638" lon="115.793607">
<ele>1.6</ele>
<time>2026-08-31T08:25:41.647+08:00</time>
<extensions>
<gpxtpx:TrackPointExtension>
<gpxtpx:speed>1.18</gpxtpx:speed>
</gpxtpx:TrackPointExtension>
<opentracks:accuracy_horizontal>2.249</opentracks:accuracy_horizontal></extensions>
</trkpt>
<trkpt lat="-32.237714" lon="115.793539">
<ele>1.1</ele>
<time>2026-08-31T08:25:49.647+08:00</time>
<extensions>
<gpxtpx:TrackPointExtension>
<gpxtpx:speed>1.24</gpxtpx:speed>
</gpxtpx:TrackPointExtension>
<opentracks:accuracy_horizontal>2.341</opentracks:accuracy_horizontal></extensions>
</trkpt>
<trkpt lat="-32.237762" lon="115.793447">
<ele>0.3</ele>
<time>2026-08-31T08:25:59.646+08:00</time>
<extensions>
<gpxtpx:TrackPointExtension>
<gpxtpx:speed>1.11</gpxtpx:speed>
</gpxtpx:TrackPointExtension>
<opentracks:accuracy_horizontal>2.683</opentracks:accuracy_horizontal></extensions>
</trkpt>
<trkpt lat="-32.237702" lon="115.793368">
<ele>-0.9</ele>
<time>2026-08-31T08:26:07.662+08:00</time>
<extensions>
<gpxtpx:TrackPointExtension>
<gpxtpx:speed>1.16</gpxtpx:speed>
</gpxtpx:TrackPointExtension>
<opentracks:accuracy_horizontal>2.32</opentracks:accuracy_horizontal></extensions>
</trkpt>
<trkpt lat="-32.237602" lon="115.793369">
<ele>-2</ele>
<time>2026-08-31T08:26:16.686+08:00</time>
<extensions>
<gpxtpx:TrackPointExtension>
<gpxtpx:speed>1.23</gpxtpx:speed>
</gpxtpx:TrackPointExtension>
<opentracks:accuracy_horizontal>2.705</opentracks:accuracy_horizontal></extensions>
</trkpt>
<trkpt lat="-32.237517" lon="115.793332">
<ele>-2.1</ele>
<time>2026-08-31T08:26:25.655+08:00</time>
<extensions>
<gpxtpx:TrackPointExtension>
<gpxtpx:speed>1.16</gpxtpx:speed>
</gpxtpx:TrackPointExtension>
<opentracks:accuracy_horizontal>2.573</opentracks:accuracy_horizontal></extensions>
</trkpt>
<trkpt lat="-32.23746" lon="115.793242">
<ele>-2</ele>
<time>2026-08-31T08:26:34.639+08:00</time>
<extensions>
<gpxtpx:TrackPointExtension>
<gpxtpx:speed>1.17</gpxtpx:speed>
</gpxtpx:TrackPointExtension>
<opentracks:accuracy_horizontal>2.427</opentracks:accuracy_horizontal></extensions>
</trkpt>
<trkpt lat="-32.237473" lon="115.793137">
<ele>-3.5</ele>
<time>2026-08-31T08:26:43.65+08:00</time>
<extensions>
<gpxtpx:TrackPointExtension>
<gpxtpx:speed>1.16</gpxtpx:speed>
</gpxtpx:TrackPointExtension>
<opentracks:accuracy_horizontal>2.251</opentracks:accuracy_horizontal></extensions>
</trkpt>
<trkpt lat="-32.237481" lon="115.79302">
<ele>-4.7</ele>
<time>2026-08-31T08:26:52.656+08:00</time>
<extensions>
<gpxtpx:TrackPointExtension>
<gpxtpx:speed>1.15</gpxtpx:speed>
</gpxtpx:TrackPointExtension>
<opentracks:accuracy_horizontal>2.274</opentracks:accuracy_horizontal></extensions>
</trkpt>
<trkpt lat="-32.237484" lon="115.792907">
<ele>-4.7</ele>
<time>2026-08-31T08:27:01.655+08:00</time>
<extensions>
<gpxtpx:TrackPointExtension>
<gpxtpx:speed>1.15</gpxtpx:speed>
</gpxtpx:TrackPointExtension>
<opentracks:accuracy_horizontal>2.424</opentracks:accuracy_horizontal></extensions>
</trkpt>
<trkpt lat="-32.237476" lon="115.792795">
<ele>-5.1</ele>
<time>2026-08-31T08:27:11.657+08:00</time>
<extensions>
<gpxtpx:TrackPointExtension>
<gpxtpx:speed>1.12</gpxtpx:speed>
</gpxtpx:TrackPointExtension>
<opentracks:accuracy_horizontal>2.719</opentracks:accuracy_horizontal></extensions>
</trkpt>
<trkpt lat="-32.237407" lon="115.792723">
<ele>-6.6</ele>
<time>2026-08-31T08:27:19.651+08:00</time>
<extensions>
<gpxtpx:TrackPointExtension>
<gpxtpx:speed>1.21</gpxtpx:speed>
</gpxtpx:TrackPointExtension>
<opentracks:accuracy_horizontal>2.598</opentracks:accuracy_horizontal></extensions>
</trkpt>
<trkpt lat="-32.237381" lon="115.792611">
<ele>-8.8</ele>
<time>2026-08-31T08:27:29.638+08:00</time>
<extensions>
<gpxtpx:TrackPointExtension>
<gpxtpx:speed>1.15</gpxtpx:speed>
</gpxtpx:TrackPointExtension>
<opentracks:accuracy_horizontal>2.855</opentracks:accuracy_horizontal></extensions>
</trkpt>
<trkpt lat="-32.237325" lon="115.792511">
<ele>-5.8</ele>
<time>2026-08-31T08:27:38.659+08:00</time>
<extensions>
<gpxtpx:TrackPointExtension>
<gpxtpx:speed>1.22</gpxtpx:speed>
</gpxtpx:TrackPointExtension>
<opentracks:accuracy_horizontal>2.639</opentracks:accuracy_horizontal></extensions>
</trkpt>
<trkpt lat="-32.237314" lon="115.792406">
<ele>-7.3</ele>
<time>2026-08-31T08:27:48.646+08:00</time>
<extensions>
<gpxtpx:TrackPointExtension>
<gpxtpx:speed>1.08</gpxtpx:speed>
</gpxtpx:TrackPointExtension>
<opentracks:accuracy_horizontal>2.692</opentracks:accuracy_horizontal></extensions>
</trkpt>
<trkpt lat="-32.237338" lon="115.792302">
<ele>-9.3</ele>
<time>2026-08-31T08:27:57.663+08:00</time>
<extensions>
<gpxtpx:TrackPointExtension>
<gpxtpx:speed>1.1</gpxtpx:speed>
</gpxtpx:TrackPointExtension>
<opentracks:accuracy_horizontal>2.271</opentracks:accuracy_horizontal></extensions>
</trkpt>
<trkpt lat="-32.23736" lon="115.792196">
<ele>-8.2</ele>
<time>2026-08-31T08:28:05.653+08:00</time>
<extensions>
<gpxtpx:TrackPointExtension>
<gpxtpx:speed>1.18</gpxtpx:speed>
</gpxtpx:TrackPointExtension>
<opentracks:accuracy_horizontal>2.504</opentracks:accuracy_horizontal></extensions>
</trkpt>
<trkpt lat="-32.237322" lon="115.792105">
<ele>-10.2</ele>
<time>2026-08-31T08:28:15.649+08:00</time>
<extensions>
<gpxtpx:TrackPointExtension>
<gpxtpx:speed>1.05</gpxtpx:speed>
</gpxtpx:TrackPointExtension>
<opentracks:accuracy_horizontal>2.703</opentracks:accuracy_horizontal></extensions>
</trkpt>
<trkpt lat="-32.237346" lon="115.791999">
<ele>-11.4</ele>
<time>2026-08-31T08:28:24.684+08:00</time>
<extensions>
<gpxtpx:TrackPointExtension>
<gpxtpx:speed>1.12</gpxtpx:speed>
</gpxtpx:TrackPointExtension>
<opentracks:accuracy_horizontal>2.469</opentracks:accuracy_horizontal></extensions>
</trkpt>
<trkpt lat="-32.237378" lon="115.79189">
<ele>-10.5</ele>
<time>2026-08-31T08:28:33.664+08:00</time>
<extensions>
<gpxtpx:TrackPointExtension>
<gpxtpx:speed>1.18</gpxtpx:speed>
</gpxtpx:TrackPointExtension>
<opentracks:accuracy_horizontal>2.499</opentracks:accuracy_horizontal></extensions>
</trkpt>
<trkpt lat="-32.237384" lon="115.791792">
<ele>-9.5</ele>
<time>2026-08-31T08:28:43.662+08:00</time>
<extensions>
<gpxtpx:TrackPointExtension>
<gpxtpx:speed>1.1</gpxtpx:speed>
</gpxtpx:TrackPointExtension>
<opentracks:accuracy_horizontal>2.335</opentracks:accuracy_horizontal></extensions>
</trkpt>
<trkpt lat="-32.237367" lon="115.791677">
<ele>-11.4</ele>
<time>2026-08-31T08:28:51.663+08:00</time>
<extensions>
<gpxtpx:TrackPointExtension>
<gpxtpx:speed>1.22</gpxtpx:speed>
</gpxtpx:TrackPointExtension>
<opentracks:accuracy_horizontal>2.597</opentracks:accuracy_horizontal></extensions>
</trkpt>
<trkpt lat="-32.237306" lon="115.791601">
<ele>-14.2</ele>
<time>2026-08-31T08:29:01.651+08:00</time>
<extensions>
<gpxtpx:TrackPointExtension>
<gpxtpx:speed>1.1</gpxtpx:speed>
</gpxtpx:TrackPointExtension>
<opentracks:accuracy_horizontal>2.725</opentracks:accuracy_horizontal></extensions>
</trkpt>
<trkpt lat="-32.237238" lon="115.791526">
<ele>-14.7</ele>
<time>2026-08-31T08:29:13.653+08:00</time>
<extensions>
<gpxtpx:TrackPointExtension>
<gpxtpx:speed>0.9</gpxtpx:speed>
</gpxtpx:TrackPointExtension>
<opentracks:accuracy_horizontal>2.415</opentracks:accuracy_horizontal></extensions>
</trkpt>
<trkpt lat="-32.237212" lon="115.791458">
<ele>-16.1</ele>
<time>2026-08-31T08:29:23.649+08:00</time>
<extensions>
<gpxtpx:TrackPointExtension>
<gpxtpx:speed>0.97</gpxtpx:speed>
</gpxtpx:TrackPointExtension>
<opentracks:accuracy_horizontal>2.384</opentracks:accuracy_horizontal></extensions>
</trkpt>
<trkpt lat="-32.237132" lon="115.791393">
<ele>-16.5</ele>
<time>2026-08-31T08:29:38.652+08:00</time>
<extensions>
<gpxtpx:TrackPointExtension>
<gpxtpx:speed>0.82</gpxtpx:speed>
</gpxtpx:TrackPointExtension>
<opentracks:accuracy_horizontal>2.472</opentracks:accuracy_horizontal></extensions>
</trkpt>
<trkpt lat="-32.237074" lon="115.791333">
<ele>-15</ele>
<time>2026-08-31T08:29:47.65+08:00</time>
<extensions>
<gpxtpx:TrackPointExtension>
<gpxtpx:speed>0.91</gpxtpx:speed>
</gpxtpx:TrackPointExtension>
<opentracks:accuracy_horizontal>2.468</opentracks:accuracy_horizontal></extensions>
</trkpt>
<trkpt lat="-32.237097" lon="115.791221">
<ele>-16.4</ele>
<time>2026-08-31T08:29:58.698+08:00</time>
<extensions>
<gpxtpx:TrackPointExtension>
<gpxtpx:speed>1.05</gpxtpx:speed>
</gpxtpx:TrackPointExtension>
<opentracks:accuracy_horizontal>2.359</opentracks:accuracy_horizontal></extensions>
</trkpt>
<trkpt lat="-32.237065" lon="115.791153">
<ele>-18.4</ele>
<time>2026-08-31T08:30:08.65+08:00</time>
<extensions>
<gpxtpx:TrackPointExtension>
<gpxtpx:speed>0.8</gpxtpx:speed>
</gpxtpx:TrackPointExtension>
<opentracks:accuracy_horizontal>2.639</opentracks:accuracy_horizontal></extensions>
</trkpt>
<trkpt lat="-32.237016" lon="115.791059">
<ele>-16.3</ele>
<time>2026-08-31T08:30:20.655+08:00</time>
<extensions>
<gpxtpx:TrackPointExtension>
<gpxtpx:speed>1.14</gpxtpx:speed>
</gpxtpx:TrackPointExtension>
<opentracks:accuracy_horizontal>2.654</opentracks:accuracy_horizontal></extensions>
</trkpt>
<trkpt lat="-32.236966" lon="115.791057">
<ele>-17.4</ele>
<time>2026-08-31T08:30:29.707+08:00</time>
<extensions>
<gpxtpx:TrackPointExtension>
<gpxtpx:speed>0.69</gpxtpx:speed>
</gpxtpx:TrackPointExtension>
<opentracks:accuracy_horizontal>2.157</opentracks:accuracy_horizontal></extensions>
</trkpt>
<trkpt lat="-32.236894" lon="115.79099">
<ele>-16.5</ele>
<time>2026-08-31T08:31:34.625+08:00</time>
<extensions>
<gpxtpx:TrackPointExtension>
<gpxtpx:speed>1.08</gpxtpx:speed>
</gpxtpx:TrackPointExtension>
<opentracks:accuracy_horizontal>2.13</opentracks:accuracy_horizontal></extensions>
</trkpt>
<trkpt lat="-32.236804" lon="115.791011">
<ele>-17</ele>
<time>2026-08-31T08:31:42.651+08:00</time>
<extensions>
<gpxtpx:TrackPointExtension>
<gpxtpx:speed>1.15</gpxtpx:speed>
</gpxtpx:TrackPointExtension>
<opentracks:accuracy_horizontal>2.127</opentracks:accuracy_horizontal></extensions>
</trkpt>
<trkpt lat="-32.236742" lon="115.791004">
<ele>-17.5</ele>
<time>2026-08-31T08:31:52.662+08:00</time>
<extensions>
<gpxtpx:TrackPointExtension>
<gpxtpx:speed>0.8</gpxtpx:speed>
</gpxtpx:TrackPointExtension>
<opentracks:accuracy_horizontal>2.494</opentracks:accuracy_horizontal></extensions>
</trkpt>
<trkpt lat="-32.236651" lon="115.790978">
<ele>-19</ele>
<time>2026-08-31T08:32:08.65+08:00</time>
<extensions>
<gpxtpx:TrackPointExtension>
<gpxtpx:speed>0.66</gpxtpx:speed>
</gpxtpx:TrackPointExtension>
<opentracks:accuracy_horizontal>2.637</opentracks:accuracy_horizontal></extensions>
</trkpt>
<trkpt lat="-32.236565" lon="115.790914">
<ele>-18.2</ele>
<time>2026-08-31T08:32:17.638+08:00</time>
<extensions>
<gpxtpx:TrackPointExtension>
<gpxtpx:speed>1.05</gpxtpx:speed>
</gpxtpx:TrackPointExtension>
<opentracks:accuracy_horizontal>2.329</opentracks:accuracy_horizontal></extensions>
</trkpt>
<trkpt lat="-32.236479" lon="115.790882">
<ele>-17.6</ele>
<time>2026-08-31T08:32:26.663+08:00</time>
<extensions>
<gpxtpx:TrackPointExtension>
<gpxtpx:speed>1.09</gpxtpx:speed>
</gpxtpx:TrackPointExtension>
<opentracks:accuracy_horizontal>2.499</opentracks:accuracy_horizontal></extensions>
</trkpt>
<trkpt lat="-32.236388" lon="115.790876">
<ele>-18.6</ele>
<time>2026-08-31T08:32:34.651+08:00</time>
<extensions>
<gpxtpx:TrackPointExtension>
<gpxtpx:speed>1.15</gpxtpx:speed>
</gpxtpx:TrackPointExtension>
<opentracks:accuracy_horizontal>2.594</opentracks:accuracy_horizontal></extensions>
</trkpt>
<trkpt lat="-32.236307" lon="115.790879">
<ele>-18</ele>
<time>2026-08-31T08:32:44.65+08:00</time>
<extensions>
<gpxtpx:TrackPointExtension>
<gpxtpx:speed>0.95</gpxtpx:speed>
</gpxtpx:TrackPointExtension>
<opentracks:accuracy_horizontal>2.533</opentracks:accuracy_horizontal></extensions>
</trkpt>
<trkpt lat="-32.236231" lon="115.790814">
<ele>-19.1</ele>
<time>2026-08-31T08:32:57.652+08:00</time>
<extensions>
<gpxtpx:TrackPointExtension>
<gpxtpx:speed>0.87</gpxtpx:speed>
</gpxtpx:TrackPointExtension>
<opentracks:accuracy_horizontal>2.589</opentracks:accuracy_horizontal></extensions>
</trkpt>
<trkpt lat="-32.236165" lon="115.79078">
<ele>-18.9</ele>
<time>2026-08-31T08:33:06.65+08:00</time>
<extensions>
<gpxtpx:TrackPointExtension>
<gpxtpx:speed>0.9</gpxtpx:speed>
</gpxtpx:TrackPointExtension>
<opentracks:accuracy_horizontal>2.434</opentracks:accuracy_horizontal></extensions>
</trkpt>
<trkpt lat="-32.236163" lon="115.790668">
<ele>-20.1</ele>
<time>2026-08-31T08:33:16.656+08:00</time>
<extensions>
<gpxtpx:TrackPointExtension>
<gpxtpx:speed>0.97</gpxtpx:speed>
</gpxtpx:TrackPointExtension>
<opentracks:accuracy_horizontal>2.441</opentracks:accuracy_horizontal></extensions>
</trkpt>
<trkpt lat="-32.236167" lon="115.790561">
<ele>-19.7</ele>
<time>2026-08-31T08:33:26.651+08:00</time>
<extensions>
<gpxtpx:TrackPointExtension>
<gpxtpx:speed>0.96</gpxtpx:speed>
</gpxtpx:TrackPointExtension>
<opentracks:accuracy_horizontal>2.624</opentracks:accuracy_horizontal></extensions>
</trkpt>
<trkpt lat="-32.236163" lon="115.790454">
<ele>-19.4</ele>
<time>2026-08-31T08:33:35.688+08:00</time>
<extensions>
<gpxtpx:TrackPointExtension>
<gpxtpx:speed>1.06</gpxtpx:speed>
</gpxtpx:TrackPointExtension>
<opentracks:accuracy_horizontal>2.26</opentracks:accuracy_horizontal></extensions>
</trkpt>
<trkpt lat="-32.236191" lon="115.790425">
<ele>-21.3</ele>
<time>2026-08-31T08:33:45.703+08:00</time>
<extensions>
<gpxtpx:TrackPointExtension>
<gpxtpx:speed>0.05</gpxtpx:speed>
</gpxtpx:TrackPointExtension>
<opentracks:accuracy_horizontal>2.965</opentracks:accuracy_horizontal></extensions>
</trkpt>
<trkpt lat="-32.236144" lon="115.790315">
<ele>-22.5</ele>
<time>2026-08-31T08:34:10.689+08:00</time>
<extensions>
<gpxtpx:TrackPointExtension>
<gpxtpx:speed>0.57</gpxtpx:speed>
</gpxtpx:TrackPointExtension>
<opentracks:accuracy_horizontal>2.515</opentracks:accuracy_horizontal></extensions>
</trkpt>
<trkpt lat="-32.236081" lon="115.79023">
<ele>-22.1</ele>
<time>2026-08-31T08:34:19.652+08:00</time>
<extensions>
<gpxtpx:TrackPointExtension>
<gpxtpx:speed>1.14</gpxtpx:speed>
</gpxtpx:TrackPointExtension>
<opentracks:accuracy_horizontal>2.502</opentracks:accuracy_horizontal></extensions>
</trkpt>
<trkpt lat="-32.236029" lon="115.790265">
<ele>-21.7</ele>
<time>2026-08-31T08:34:29.664+08:00</time>
<extensions>
<gpxtpx:TrackPointExtension>
<gpxtpx:speed>0.27</gpxtpx:speed>
</gpxtpx:TrackPointExtension>
<opentracks:accuracy_horizontal>2.642</opentracks:accuracy_horizontal></extensions>
</trkpt>
<trkpt lat="-32.235952" lon="115.790198">
<ele>-21.5</ele>
<time>2026-08-31T08:35:08.621+08:00</time>
<extensions>
<gpxtpx:TrackPointExtension>
<gpxtpx:speed>0.96</gpxtpx:speed>
</gpxtpx:TrackPointExtension>
<opentracks:accuracy_horizontal>2.205</opentracks:accuracy_horizontal></extensions>
</trkpt>
<trkpt lat="-32.23586" lon="115.790167">
<ele>-22.5</ele>
<time>2026-08-31T08:35:17.643+08:00</time>
<extensions>
<gpxtpx:TrackPointExtension>
<gpxtpx:speed>1.15</gpxtpx:speed>
</gpxtpx:TrackPointExtension>
<opentracks:accuracy_horizontal>2.424</opentracks:accuracy_horizontal></extensions>
</trkpt>
<trkpt lat="-32.235795" lon="115.790128">
<ele>-23.3</ele>
<time>2026-08-31T08:35:27.651+08:00</time>
<extensions>
<gpxtpx:TrackPointExtension>
<gpxtpx:speed>0.9</gpxtpx:speed>
</gpxtpx:TrackPointExtension>
<opentracks:accuracy_horizontal>2.388</opentracks:accuracy_horizontal></extensions>
</trkpt>
<trkpt lat="-32.235752" lon="115.790033">
<ele>-22.1</ele>
<time>2026-08-31T08:35:59.652+08:00</time>
<extensions>
<gpxtpx:TrackPointExtension>
<gpxtpx:speed>0.87</gpxtpx:speed>
</gpxtpx:TrackPointExtension>
<opentracks:accuracy_horizontal>2.519</opentracks:accuracy_horizontal></extensions>
</trkpt>
<trkpt lat="-32.235749" lon="115.78992">
<ele>-22.1</ele>
<time>2026-08-31T08:36:09.659+08:00</time>
<extensions>
<gpxtpx:TrackPointExtension>
<gpxtpx:speed>1.01</gpxtpx:speed>
</gpxtpx:TrackPointExtension>
<opentracks:accuracy_horizontal>2.633</opentracks:accuracy_horizontal></extensions>
</trkpt>
<trkpt lat="-32.235738" lon="115.789813">
<ele>-20.5</ele>
<time>2026-08-31T08:36:17.659+08:00</time>
<extensions>
<gpxtpx:TrackPointExtension>
<gpxtpx:speed>1.13</gpxtpx:speed>
</gpxtpx:TrackPointExtension>
<opentracks:accuracy_horizontal>2.359</opentracks:accuracy_horizontal></extensions>
</trkpt>
<trkpt lat="-32.235752" lon="115.789701">
<ele>-21.9</ele>
<time>2026-08-31T08:36:26.657+08:00</time>
<extensions>
<gpxtpx:TrackPointExtension>
<gpxtpx:speed>1.1</gpxtpx:speed>
</gpxtpx:TrackPointExtension>
<opentracks:accuracy_horizontal>2.425</opentracks:accuracy_horizontal></extensions>
</trkpt>
<trkpt lat="-32.235672" lon="115.789632">
<ele>-22.7</ele>
<time>2026-08-31T08:36:35.658+08:00</time>
<extensions>
<gpxtpx:TrackPointExtension>
<gpxtpx:speed>1.14</gpxtpx:speed>
</gpxtpx:TrackPointExtension>
<opentracks:accuracy_horizontal>2.364</opentracks:accuracy_horizontal></extensions>
</trkpt>
<trkpt lat="-32.235644" lon="115.789572">
<ele>-24.4</ele>
<time>2026-08-31T08:36:45.66+08:00</time>
<extensions>
<gpxtpx:TrackPointExtension>
<gpxtpx:speed>0.14</gpxtpx:speed>
</gpxtpx:TrackPointExtension>
<opentracks:accuracy_horizontal>2.524</opentracks:accuracy_horizontal></extensions>
</trkpt>
<trkpt lat="-32.235682" lon="115.789466">
<ele>-23.7</ele>
<time>2026-08-31T08:37:14.646+08:00</time>
<extensions>
<gpxtpx:TrackPointExtension>
<gpxtpx:speed>1.14</gpxtpx:speed>
</gpxtpx:TrackPointExtension>
<opentracks:accuracy_horizontal>2.687</opentracks:accuracy_horizontal></extensions>
</trkpt>
<trkpt lat="-32.235714" lon="115.789365">
<ele>-24.5</ele>
<time>2026-08-31T08:37:24.658+08:00</time>
<extensions>
<gpxtpx:TrackPointExtension>
<gpxtpx:speed>1.13</gpxtpx:speed>
</gpxtpx:TrackPointExtension>
<opentracks:accuracy_horizontal>2.595</opentracks:accuracy_horizontal></extensions>
</trkpt>
<trkpt lat="-32.235713" lon="115.789288">
<ele>-25.3</ele>
<time>2026-08-31T08:37:33.69+08:00</time>
<extensions>
<gpxtpx:TrackPointExtension>
<gpxtpx:speed>0.87</gpxtpx:speed>
</gpxtpx:TrackPointExtension>
<opentracks:accuracy_horizontal>2.291</opentracks:accuracy_horizontal></extensions>
</trkpt>
<trkpt lat="-32.235794" lon="115.78923">
<ele>-23.9</ele>
<time>2026-08-31T08:38:30.67+08:00</time>
<extensions>
<gpxtpx:TrackPointExtension>
<gpxtpx:speed>1.14</gpxtpx:speed>
</gpxtpx:TrackPointExtension>
<opentracks:accuracy_horizontal>2.604</opentracks:accuracy_horizontal></extensions>
</trkpt>
<trkpt lat="-32.235876" lon="115.789186">
<ele>-23.6</ele>
<time>2026-08-31T08:38:39.665+08:00</time>
<extensions>
<gpxtpx:TrackPointExtension>
<gpxtpx:speed>1.11</gpxtpx:speed>
</gpxtpx:TrackPointExtension>
<opentracks:accuracy_horizontal>2.797</opentracks:accuracy_horizontal></extensions>
</trkpt>
<trkpt lat="-32.235865" lon="115.789114">
<ele>-25.1</ele>
<time>2026-08-31T08:38:49.658+08:00</time>
<extensions>
<gpxtpx:TrackPointExtension>
<gpxtpx:speed>1.03</gpxtpx:speed>
</gpxtpx:TrackPointExtension>
<opentracks:accuracy_horizontal>2.554</opentracks:accuracy_horizontal></extensions>
</trkpt>
<trkpt lat="-32.235888" lon="115.789006">
<ele>-25.6</ele>
<time>2026-08-31T08:38:58.654+08:00</time>
<extensions>
<gpxtpx:TrackPointExtension>
<gpxtpx:speed>1.09</gpxtpx:speed>
</gpxtpx:TrackPointExtension>
<opentracks:accuracy_horizontal>2.81</opentracks:accuracy_horizontal></extensions>
</trkpt>
<trkpt lat="-32.235928" lon="115.788899">
<ele>-24.2</ele>
<time>2026-08-31T08:39:07.657+08:00</time>
<extensions>
<gpxtpx:TrackPointExtension>
<gpxtpx:speed>1.17</gpxtpx:speed>
</gpxtpx:TrackPointExtension>
<opentracks:accuracy_horizontal>2.717</opentracks:accuracy_horizontal></extensions>
</trkpt>
<trkpt lat="-32.236007" lon="115.788835">
<ele>-23.6</ele>
<time>2026-08-31T08:39:16.642+08:00</time>
<extensions>
<gpxtpx:TrackPointExtension>
<gpxtpx:speed>1.17</gpxtpx:speed>
</gpxtpx:TrackPointExtension>
<opentracks:accuracy_horizontal>2.628</opentracks:accuracy_horizontal></extensions>
</trkpt>
<trkpt lat="-32.236081" lon="115.788798">
<ele>-23.1</ele>
<time>2026-08-31T08:39:25.671+08:00</time>
<extensions>
<gpxtpx:TrackPointExtension>
<gpxtpx:speed>1.19</gpxtpx:speed>
</gpxtpx:TrackPointExtension>
<opentracks:accuracy_horizontal>2.456</opentracks:accuracy_horizontal></extensions>
</trkpt>
<trkpt lat="-32.236033" lon="115.788705">
<ele>-24.1</ele>
<time>2026-08-31T08:39:34.676+08:00</time>
<extensions>
<gpxtpx:TrackPointExtension>
<gpxtpx:speed>1.16</gpxtpx:speed>
</gpxtpx:TrackPointExtension>
<opentracks:accuracy_horizontal>2.814</opentracks:accuracy_horizontal></extensions>
</trkpt>
<trkpt lat="-32.235972" lon="115.788631">
<ele>-23.7</ele>
<time>2026-08-31T08:39:44.658+08:00</time>
<extensions>
<gpxtpx:TrackPointExtension>
<gpxtpx:speed>0.99</gpxtpx:speed>
</gpxtpx:TrackPointExtension>
<opentracks:accuracy_horizontal>2.79</opentracks:accuracy_horizontal></extensions>
</trkpt>
<trkpt lat="-32.235943" lon="115.788517">
<ele>-22.8</ele>
<time>2026-08-31T08:39:54.661+08:00</time>
<extensions>
<gpxtpx:TrackPointExtension>
<gpxtpx:speed>1.07</gpxtpx:speed>
</gpxtpx:TrackPointExtension>
<opentracks:accuracy_horizontal>2.569</opentracks:accuracy_horizontal></extensions>
</trkpt>
<trkpt lat="-32.235985" lon="115.788418">
<ele>-21.6</ele>
<time>2026-08-31T08:40:02.701+08:00</time>
<extensions>
<gpxtpx:TrackPointExtension>
<gpxtpx:speed>1.19</gpxtpx:speed>
</gpxtpx:TrackPointExtension>
<opentracks:accuracy_horizontal>2.449</opentracks:accuracy_horizontal></extensions>
</trkpt>
<trkpt lat="-32.236007" lon="115.788306">
<ele>-22.6</ele>
<time>2026-08-31T08:40:11.699+08:00</time>
<extensions>
<gpxtpx:TrackPointExtension>
<gpxtpx:speed>1.2</gpxtpx:speed>
</gpxtpx:TrackPointExtension>
<opentracks:accuracy_horizontal>2.772</opentracks:accuracy_horizontal></extensions>
</trkpt>
<trkpt lat="-32.235962" lon="115.788213">
<ele>-23.9</ele>
<time>2026-08-31T08:40:21.653+08:00</time>
<extensions>
<gpxtpx:TrackPointExtension>
<gpxtpx:speed>1.09</gpxtpx:speed>
</gpxtpx:TrackPointExtension>
<opentracks:accuracy_horizontal>2.622</opentracks:accuracy_horizontal></extensions>
</trkpt>
<trkpt lat="-32.235956" lon="115.788107">
<ele>-24.9</ele>
<time>2026-08-31T08:40:29.697+08:00</time>
<extensions>
<gpxtpx:TrackPointExtension>
<gpxtpx:speed>1.19</gpxtpx:speed>
</gpxtpx:TrackPointExtension>
<opentracks:accuracy_horizontal>2.836</opentracks:accuracy_horizontal></extensions>
</trkpt>
<trkpt lat="-32.235929" lon="115.787991">
<ele>-26</ele>
<time>2026-08-31T08:40:38.647+08:00</time>
<extensions>
<gpxtpx:TrackPointExtension>
<gpxtpx:speed>1.18</gpxtpx:speed>
</gpxtpx:TrackPointExtension>
<opentracks:accuracy_horizontal>2.755</opentracks:accuracy_horizontal></extensions>
</trkpt>
<trkpt lat="-32.235913" lon="115.787881">
<ele>-25.1</ele>
<time>2026-08-31T08:40:47.649+08:00</time>
<extensions>
<gpxtpx:TrackPointExtension>
<gpxtpx:speed>1.14</gpxtpx:speed>
</gpxtpx:TrackPointExtension>
<opentracks:accuracy_horizontal>2.698</opentracks:accuracy_horizontal></extensions>
</trkpt>
<trkpt lat="-32.23592" lon="115.787824">
<ele>-26.1</ele>
<time>2026-08-31T08:40:56.662+08:00</time>
<extensions>
<gpxtpx:TrackPointExtension>
<gpxtpx:speed>0.21</gpxtpx:speed>
</gpxtpx:TrackPointExtension>
<opentracks:accuracy_horizontal>2.661</opentracks:accuracy_horizontal></extensions>
</trkpt>
<trkpt lat="-32.235892" lon="115.787716">
<ele>-26.3</ele>
<time>2026-08-31T08:41:04.624+08:00</time>
<extensions>
<gpxtpx:TrackPointExtension>
<gpxtpx:speed>1.14</gpxtpx:speed>
</gpxtpx:TrackPointExtension>
<opentracks:accuracy_horizontal>2.176</opentracks:accuracy_horizontal></extensions>
</trkpt>
<trkpt lat="-32.235854" lon="115.78761">
<ele>-25.3</ele>
<time>2026-08-31T08:41:12.636+08:00</time>
<extensions>
<gpxtpx:TrackPointExtension>
<gpxtpx:speed>1.32</gpxtpx:speed>
</gpxtpx:TrackPointExtension>
<opentracks:accuracy_horizontal>2.046</opentracks:accuracy_horizontal></extensions>
</trkpt>
<trkpt lat="-32.235825" lon="115.78753">
<ele>-27.6</ele>
<time>2026-08-31T08:41:22.637+08:00</time>
<extensions>
<gpxtpx:TrackPointExtension>
<gpxtpx:speed>1.02</gpxtpx:speed>
</gpxtpx:TrackPointExtension>
<opentracks:accuracy_horizontal>2.103</opentracks:accuracy_horizontal></extensions>
</trkpt>
<trkpt lat="-32.235804" lon="115.787422">
<ele>-27.6</ele>
<time>2026-08-31T08:42:17.638+08:00</time>
<extensions>
<gpxtpx:TrackPointExtension>
<gpxtpx:speed>1.03</gpxtpx:speed>
</gpxtpx:TrackPointExtension>
<opentracks:accuracy_horizontal>2.015</opentracks:accuracy_horizontal></extensions>
</trkpt>
<trkpt lat="-32.235792" lon="115.787311">
<ele>-27</ele>
<time>2026-08-31T08:42:27.637+08:00</time>
<extensions>
<gpxtpx:TrackPointExtension>
<gpxtpx:speed>1.05</gpxtpx:speed>
</gpxtpx:TrackPointExtension>
<opentracks:accuracy_horizontal>1.962</opentracks:accuracy_horizontal></extensions>
</trkpt>
<trkpt lat="-32.235812" lon="115.787196">
<ele>-27.7</ele>
<time>2026-08-31T08:42:37.655+08:00</time>
<extensions>
<gpxtpx:TrackPointExtension>
<gpxtpx:speed>1.06</gpxtpx:speed>
</gpxtpx:TrackPointExtension>
<opentracks:accuracy_horizontal>1.984</opentracks:accuracy_horizontal></extensions>
</trkpt>
<trkpt lat="-32.235841" lon="115.78709">
<ele>-27.5</ele>
<time>2026-08-31T08:42:46.651+08:00</time>
<extensions>
<gpxtpx:TrackPointExtension>
<gpxtpx:speed>1.12</gpxtpx:speed>
</gpxtpx:TrackPointExtension>
<opentracks:accuracy_horizontal>1.93</opentracks:accuracy_horizontal></extensions>
</trkpt>
<trkpt lat="-32.235872" lon="115.786978">
<ele>-27.6</ele>
<time>2026-08-31T08:42:56.631+08:00</time>
<extensions>
<gpxtpx:TrackPointExtension>
<gpxtpx:speed>1.11</gpxtpx:speed>
</gpxtpx:TrackPointExtension>
<opentracks:accuracy_horizontal>1.953</opentracks:accuracy_horizontal></extensions>
</trkpt>
<trkpt lat="-32.235855" lon="115.786872">
<ele>-27.5</ele>
<time>2026-08-31T08:43:05.636+08:00</time>
<extensions>
<gpxtpx:TrackPointExtension>
<gpxtpx:speed>1.13</gpxtpx:speed>
</gpxtpx:TrackPointExtension>
<opentracks:accuracy_horizontal>2.076</opentracks:accuracy_horizontal></extensions>
</trkpt>
<trkpt lat="-32.235778" lon="115.786798">
<ele>-28.5</ele>
<time>2026-08-31T08:43:14.645+08:00</time>
<extensions>
<gpxtpx:TrackPointExtension>
<gpxtpx:speed>1.19</gpxtpx:speed>
</gpxtpx:TrackPointExtension>
<opentracks:accuracy_horizontal>2.067</opentracks:accuracy_horizontal></extensions>
</trkpt>
<trkpt lat="-32.235752" lon="115.786748">
<ele>-28.8</ele>
<time>2026-08-31T08:43:24.655+08:00</time>
<extensions>
<gpxtpx:TrackPointExtension>
<gpxtpx:speed>1.02</gpxtpx:speed>
</gpxtpx:TrackPointExtension>
<opentracks:accuracy_horizontal>1.978</opentracks:accuracy_horizontal></extensions>
</trkpt>
<trkpt lat="-32.235715" lon="115.786639">
<ele>-28.4</ele>
<time>2026-08-31T08:43:34.654+08:00</time>
<extensions>
<gpxtpx:TrackPointExtension>
<gpxtpx:speed>1.1</gpxtpx:speed>
</gpxtpx:TrackPointExtension>
<opentracks:accuracy_horizontal>2.147</opentracks:accuracy_horizontal></extensions>
</trkpt>
<trkpt lat="-32.235678" lon="115.786565">
<ele>-27.6</ele>
<time>2026-08-31T08:43:44.634+08:00</time>
<extensions>
<gpxtpx:TrackPointExtension>
<gpxtpx:speed>0.93</gpxtpx:speed>
</gpxtpx:TrackPointExtension>
<opentracks:accuracy_horizontal>1.989</opentracks:accuracy_horizontal></extensions>
</trkpt>
<trkpt lat="-32.235589" lon="115.786535">
<ele>-27.3</ele>
<time>2026-08-31T08:43:57.665+08:00</time>
<extensions>
<gpxtpx:TrackPointExtension>
<gpxtpx:speed>1.16</gpxtpx:speed>
</gpxtpx:TrackPointExtension>
<opentracks:accuracy_horizontal>1.962</opentracks:accuracy_horizontal></extensions>
</trkpt>
<trkpt lat="-32.235488" lon="115.786535">
<ele>-26.5</ele>
<time>2026-08-31T08:44:07.629+08:00</time>
<extensions>
<gpxtpx:TrackPointExtension>
<gpxtpx:speed>1.13</gpxtpx:speed>
</gpxtpx:TrackPointExtension>
<opentracks:accuracy_horizontal>2.029</opentracks:accuracy_horizontal></extensions>
</trkpt>
<trkpt lat="-32.235391" lon="115.786529">
<ele>-26.1</ele>
<time>2026-08-31T08:44:16.679+08:00</time>
<extensions>
<gpxtpx:TrackPointExtension>
<gpxtpx:speed>1.18</gpxtpx:speed>
</gpxtpx:TrackPointExtension>
<opentracks:accuracy_horizontal>2.323</opentracks:accuracy_horizontal></extensions>
</trkpt>
<trkpt lat="-32.235349" lon="115.786525">
<ele>-26.5</ele>
<time>2026-08-31T08:44:26.66+08:00</time>
<extensions>
<gpxtpx:TrackPointExtension>
<gpxtpx:speed>0.8</gpxtpx:speed>
</gpxtpx:TrackPointExtension>
<opentracks:accuracy_horizontal>2.471</opentracks:accuracy_horizontal></extensions>
</trkpt>
<trkpt lat="-32.23526" lon="115.786509">
<ele>-26.4</ele>
<time>2026-08-31T08:44:35.651+08:00</time>
<extensions>
<gpxtpx:TrackPointExtension>
<gpxtpx:speed>0.98</gpxtpx:speed>
</gpxtpx:TrackPointExtension>
<opentracks:accuracy_horizontal>2.773</opentracks:accuracy_horizontal></extensions>
</trkpt>
<trkpt lat="-32.235162" lon="115.786531">
<ele>-26.2</ele>
<time>2026-08-31T08:44:45.666+08:00</time>
<extensions>
<gpxtpx:TrackPointExtension>
<gpxtpx:speed>1.05</gpxtpx:speed>
</gpxtpx:TrackPointExtension>
<opentracks:accuracy_horizontal>2.591</opentracks:accuracy_horizontal></extensions>
</trkpt>
<trkpt lat="-32.235069" lon="115.786523">
<ele>-28</ele>
<time>2026-08-31T08:44:55.644+08:00</time>
<extensions>
<gpxtpx:TrackPointExtension>
<gpxtpx:speed>1.04</gpxtpx:speed>
</gpxtpx:TrackPointExtension>
<opentracks:accuracy_horizontal>2.193</opentracks:accuracy_horizontal></extensions>
</trkpt>
<trkpt lat="-32.234998" lon="115.786502">
<ele>-27.5</ele>
<time>2026-08-31T08:45:04.679+08:00</time>
<extensions>
<gpxtpx:TrackPointExtension>
<gpxtpx:speed>0.81</gpxtpx:speed>
</gpxtpx:TrackPointExtension>
<opentracks:accuracy_horizontal>2.555</opentracks:accuracy_horizontal></extensions>
</trkpt>
<trkpt lat="-32.234901" lon="115.786506">
<ele>-26.5</ele>
<time>2026-08-31T08:45:35.638+08:00</time>
<extensions>
<gpxtpx:TrackPointExtension>
<gpxtpx:speed>1.31</gpxtpx:speed>
</gpxtpx:TrackPointExtension>
<opentracks:accuracy_horizontal>2.854</opentracks:accuracy_horizontal></extensions>
</trkpt>
<trkpt lat="-32.234806" lon="115.786507">
<ele>-25.7</ele>
<time>2026-08-31T08:45:43.667+08:00</time>
<extensions>
<gpxtpx:TrackPointExtension>
<gpxtpx:speed>1.31</gpxtpx:speed>
</gpxtpx:TrackPointExtension>
<opentracks:accuracy_horizontal>2.709</opentracks:accuracy_horizontal></extensions>
</trkpt>
<trkpt lat="-32.234707" lon="115.786475">
<ele>-24.7</ele>
<time>2026-08-31T08:45:52.659+08:00</time>
<extensions>
<gpxtpx:TrackPointExtension>
<gpxtpx:speed>1.29</gpxtpx:speed>
</gpxtpx:TrackPointExtension>
<opentracks:accuracy_horizontal>2.539</opentracks:accuracy_horizontal></extensions>
</trkpt>
<trkpt lat="-32.234604" lon="115.786465">
<ele>-25.2</ele>
<time>2026-08-31T08:46:01.68+08:00</time>
<extensions>
<gpxtpx:TrackPointExtension>
<gpxtpx:speed>1.31</gpxtpx:speed>
</gpxtpx:TrackPointExtension>
<opentracks:accuracy_horizontal>2.453</opentracks:accuracy_horizontal></extensions>
</trkpt>
<trkpt lat="-32.234514" lon="115.786473">
<ele>-25.7</ele>
<time>2026-08-31T08:46:10.66+08:00</time>
<extensions>
<gpxtpx:TrackPointExtension>
<gpxtpx:speed>1.19</gpxtpx:speed>
</gpxtpx:TrackPointExtension>
<opentracks:accuracy_horizontal>2.418</opentracks:accuracy_horizontal></extensions>
</trkpt>
<trkpt lat="-32.234443" lon="115.786504">
<ele>-25.2</ele>
<time>2026-08-31T08:46:20.667+08:00</time>
<extensions>
<gpxtpx:TrackPointExtension>
<gpxtpx:speed>0.32</gpxtpx:speed>
</gpxtpx:TrackPointExtension>
<opentracks:accuracy_horizontal>2.383</opentracks:accuracy_horizontal></extensions>
</trkpt>
<trkpt lat="-32.234364" lon="115.786449">
<ele>-24.6</ele>
<time>2026-08-31T08:46:58.635+08:00</time>
<extensions>
<gpxtpx:TrackPointExtension>
<gpxtpx:speed>1.09</gpxtpx:speed>
</gpxtpx:TrackPointExtension>
<opentracks:accuracy_horizontal>2.28</opentracks:accuracy_horizontal></extensions>
</trkpt>
<trkpt lat="-32.234271" lon="115.786454">
<ele>-26.3</ele>
<time>2026-08-31T08:47:07.631+08:00</time>
<extensions>
<gpxtpx:TrackPointExtension>
<gpxtpx:speed>1.15</gpxtpx:speed>
</gpxtpx:TrackPointExtension>
<opentracks:accuracy_horizontal>2.035</opentracks:accuracy_horizontal></extensions>
</trkpt>
<trkpt lat="-32.234173" lon="115.786445">
<ele>-27.4</ele>
<time>2026-08-31T08:47:17.639+08:00</time>
<extensions>
<gpxtpx:TrackPointExtension>
<gpxtpx:speed>1.07</gpxtpx:speed>
</gpxtpx:TrackPointExtension>
<opentracks:accuracy_horizontal>3.141</opentracks:accuracy_horizontal></extensions>
</trkpt>
<trkpt lat="-32.234076" lon="115.78646">
<ele>-27.9</ele>
<time>2026-08-31T08:47:26.653+08:00</time>
<extensions>
<gpxtpx:TrackPointExtension>
<gpxtpx:speed>1.13</gpxtpx:speed>
</gpxtpx:TrackPointExtension>
<opentracks:accuracy_horizontal>3.812</opentracks:accuracy_horizontal></extensions>
</trkpt>
<trkpt lat="-32.233983" lon="115.786459">
<ele>-28.2</ele>
<time>2026-08-31T08:47:34.657+08:00</time>
<extensions>
<gpxtpx:TrackPointExtension>
<gpxtpx:speed>0.91</gpxtpx:speed>
</gpxtpx:TrackPointExtension>
<opentracks:accuracy_horizontal>2.976</opentracks:accuracy_horizontal></extensions>
</trkpt>
<trkpt lat="-32.233881" lon="115.786461">
<ele>-27.5</ele>
<time>2026-08-31T08:47:42.664+08:00</time>
<extensions>
<gpxtpx:TrackPointExtension>
<gpxtpx:speed>1.27</gpxtpx:speed>
</gpxtpx:TrackPointExtension>
<opentracks:accuracy_horizontal>2.447</opentracks:accuracy_horizontal></extensions>
</trkpt>
<trkpt lat="-32.233787" lon="115.786456">
<ele>-28.5</ele>
<time>2026-08-31T08:47:51.717+08:00</time>
<extensions>
<gpxtpx:TrackPointExtension>
<gpxtpx:speed>1.16</gpxtpx:speed>
</gpxtpx:TrackPointExtension>
<opentracks:accuracy_horizontal>2.644</opentracks:accuracy_horizontal></extensions>
</trkpt>
<trkpt lat="-32.233691" lon="115.786427">
<ele>-27.4</ele>
<time>2026-08-31T08:48:01.676+08:00</time>
<extensions>
<gpxtpx:TrackPointExtension>
<gpxtpx:speed>1.08</gpxtpx:speed>
</gpxtpx:TrackPointExtension>
<opentracks:accuracy_horizontal>2.565</opentracks:accuracy_horizontal></extensions>
</trkpt>
<trkpt lat="-32.233598" lon="115.78641">
<ele>-26.9</ele>
<time>2026-08-31T08:48:11.67+08:00</time>
<extensions>
<gpxtpx:TrackPointExtension>
<gpxtpx:speed>1.04</gpxtpx:speed>
</gpxtpx:TrackPointExtension>
<opentracks:accuracy_horizontal>2.605</opentracks:accuracy_horizontal></extensions>
</trkpt>
<trkpt lat="-32.233509" lon="115.786377">
<ele>-25</ele>
<time>2026-08-31T08:48:19.662+08:00</time>
<extensions>
<gpxtpx:TrackPointExtension>
<gpxtpx:speed>1.15</gpxtpx:speed>
</gpxtpx:TrackPointExtension>
<opentracks:accuracy_horizontal>2.362</opentracks:accuracy_horizontal></extensions>
</trkpt>
<trkpt lat="-32.233406" lon="115.786359">
<ele>-24.2</ele>
<time>2026-08-31T08:48:29.653+08:00</time>
<extensions>
<gpxtpx:TrackPointExtension>
<gpxtpx:speed>1.19</gpxtpx:speed>
</gpxtpx:TrackPointExtension>
<opentracks:accuracy_horizontal>2.501</opentracks:accuracy_horizontal></extensions>
</trkpt>
<trkpt lat="-32.233314" lon="115.786365">
<ele>-24.2</ele>
<time>2026-08-31T08:48:37.659+08:00</time>
<extensions>
<gpxtpx:TrackPointExtension>
<gpxtpx:speed>1.22</gpxtpx:speed>
</gpxtpx:TrackPointExtension>
<opentracks:accuracy_horizontal>2.458</opentracks:accuracy_horizontal></extensions>
</trkpt>
<trkpt lat="-32.233221" lon="115.786378">
<ele>-23.8</ele>
<time>2026-08-31T08:48:45.66+08:00</time>
<extensions>
<gpxtpx:TrackPointExtension>
<gpxtpx:speed>1.24</gpxtpx:speed>
</gpxtpx:TrackPointExtension>
<opentracks:accuracy_horizontal>2.41</opentracks:accuracy_horizontal></extensions>
</trkpt>
<trkpt lat="-32.233126" lon="115.786388">
<ele>-24.2</ele>
<time>2026-08-31T08:48:54.659+08:00</time>
<extensions>
<gpxtpx:TrackPointExtension>
<gpxtpx:speed>1.19</gpxtpx:speed>
</gpxtpx:TrackPointExtension>
<opentracks:accuracy_horizontal>2.522</opentracks:accuracy_horizontal></extensions>
</trkpt>
<trkpt lat="-32.233032" lon="115.786389">
<ele>-23.7</ele>
<time>2026-08-31T08:49:02.689+08:00</time>
<extensions>
<gpxtpx:TrackPointExtension>
<gpxtpx:speed>1.22</gpxtpx:speed>
</gpxtpx:TrackPointExtension>
<opentracks:accuracy_horizontal>2.347</opentracks:accuracy_horizontal></extensions>
</trkpt>
<trkpt lat="-32.232964" lon="115.786364">
<ele>-22.8</ele>
<time>2026-08-31T08:49:12.678+08:00</time>
<extensions>
<gpxtpx:TrackPointExtension>
<gpxtpx:speed>0.96</gpxtpx:speed>
</gpxtpx:TrackPointExtension>
<opentracks:accuracy_horizontal>2.91</opentracks:accuracy_horizontal></extensions>
</trkpt>
<trkpt lat="-32.232862" lon="115.786331">
<ele>-22.9</ele>
<time>2026-08-31T08:49:21.663+08:00</time>
<extensions>
<gpxtpx:TrackPointExtension>
<gpxtpx:speed>1.5</gpxtpx:speed>
</gpxtpx:TrackPointExtension>
<opentracks:accuracy_horizontal>2.534</opentracks:accuracy_horizontal></extensions>
</trkpt>
<trkpt lat="-32.232777" lon="115.786311">
<ele>-22.9</ele>
<time>2026-08-31T08:49:31.652+08:00</time>
<extensions>
<gpxtpx:TrackPointExtension>
<gpxtpx:speed>1.09</gpxtpx:speed>
</gpxtpx:TrackPointExtension>
<opentracks:accuracy_horizontal>2.744</opentracks:accuracy_horizontal></extensions>
</trkpt>
<trkpt lat="-32.232682" lon="115.786321">
<ele>-22.9</ele>
<time>2026-08-31T08:49:40.696+08:00</time>
<extensions>
<gpxtpx:TrackPointExtension>
<gpxtpx:speed>1.13</gpxtpx:speed>
</gpxtpx:TrackPointExtension>
<opentracks:accuracy_horizontal>2.64</opentracks:accuracy_horizontal></extensions>
</trkpt>
<trkpt lat="-32.232688" lon="115.786344">
<ele>-22.7</ele>
<time>2026-08-31T08:49:50.692+08:00</time>
<extensions>
<gpxtpx:TrackPointExtension>
<gpxtpx:speed>0.05</gpxtpx:speed>
</gpxtpx:TrackPointExtension>
<opentracks:accuracy_horizontal>2.877</opentracks:accuracy_horizontal></extensions>
</trkpt>
<trkpt lat="-32.23259" lon="115.786316">
<ele>-22.7</ele>
<time>2026-08-31T08:50:29.68+08:00</time>
<extensions>
<gpxtpx:TrackPointExtension>
<gpxtpx:speed>1.31</gpxtpx:speed>
</gpxtpx:TrackPointExtension>
<opentracks:accuracy_horizontal>2.209</opentracks:accuracy_horizontal></extensions>
</trkpt>
<trkpt lat="-32.232493" lon="115.786307">
<ele>-24.6</ele>
<time>2026-08-31T08:50:38.641+08:00</time>
<extensions>
<gpxtpx:TrackPointExtension>
<gpxtpx:speed>1.21</gpxtpx:speed>
</gpxtpx:TrackPointExtension>
<opentracks:accuracy_horizontal>2.214</opentracks:accuracy_horizontal></extensions>
</trkpt>
<trkpt lat="-32.232402" lon="115.786294">
<ele>-26.5</ele>
<time>2026-08-31T08:50:47.638+08:00</time>
<extensions>
<gpxtpx:TrackPointExtension>
<gpxtpx:speed>1.13</gpxtpx:speed>
</gpxtpx:TrackPointExtension>
<opentracks:accuracy_horizontal>2.366</opentracks:accuracy_horizontal></extensions>
</trkpt>
<trkpt lat="-32.232306" lon="115.78628">
<ele>-24.5</ele>
<time>2026-08-31T08:50:55.714+08:00</time>
<extensions>
<gpxtpx:TrackPointExtension>
<gpxtpx:speed>1.22</gpxtpx:speed>
</gpxtpx:TrackPointExtension>
<opentracks:accuracy_horizontal>2.358</opentracks:accuracy_horizontal></extensions>
</trkpt>
<trkpt lat="-32.232314" lon="115.786301">
<ele>-25.1</ele>
<time>2026-08-31T08:51:05.671+08:00</time>
<extensions>
<gpxtpx:TrackPointExtension>
<gpxtpx:speed>0.29</gpxtpx:speed>
</gpxtpx:TrackPointExtension>
<opentracks:accuracy_horizontal>2.863</opentracks:accuracy_horizontal></extensions>
</trkpt>
<trkpt lat="-32.232216" lon="115.786293">
<ele>-23.8</ele>
<time>2026-08-31T08:51:23.7+08:00</time>
<extensions>
<gpxtpx:TrackPointExtension>
<gpxtpx:speed>0.72</gpxtpx:speed>
</gpxtpx:TrackPointExtension>
<opentracks:accuracy_horizontal>2.561</opentracks:accuracy_horizontal></extensions>
</trkpt>
<trkpt lat="-32.232122" lon="115.786308">
<ele>-23.3</ele>
<time>2026-08-31T08:51:31.688+08:00</time>
<extensions>
<gpxtpx:TrackPointExtension>
<gpxtpx:speed>1.26</gpxtpx:speed>
</gpxtpx:TrackPointExtension>
<opentracks:accuracy_horizontal>2.554</opentracks:accuracy_horizontal></extensions>
</trkpt>
<trkpt lat="-32.232032" lon="115.786323">
<ele>-23.6</ele>
<time>2026-08-31T08:51:40.701+08:00</time>
<extensions>
<gpxtpx:TrackPointExtension>
<gpxtpx:speed>1.15</gpxtpx:speed>
</gpxtpx:TrackPointExtension>
<opentracks:accuracy_horizontal>2.423</opentracks:accuracy_horizontal></extensions>
</trkpt>
<trkpt lat="-32.231991" lon="115.786247">
<ele>-24.5</ele>
<time>2026-08-31T08:51:50.667+08:00</time>
<extensions>
<gpxtpx:TrackPointExtension>
<gpxtpx:speed>0.81</gpxtpx:speed>
</gpxtpx:TrackPointExtension>
<opentracks:accuracy_horizontal>2.644</opentracks:accuracy_horizontal></extensions>
</trkpt>
<trkpt lat="-32.2319" lon="115.786283">
<ele>-25.4</ele>
<time>2026-08-31T08:52:01.677+08:00</time>
<extensions>
<gpxtpx:TrackPointExtension>
<gpxtpx:speed>1.07</gpxtpx:speed>
</gpxtpx:TrackPointExtension>
<opentracks:accuracy_horizontal>2.588</opentracks:accuracy_horizontal></extensions>
</trkpt>
<trkpt lat="-32.231801" lon="115.786274">
<ele>-24.9</ele>
<time>2026-08-31T08:52:11.664+08:00</time>
<extensions>
<gpxtpx:TrackPointExtension>
<gpxtpx:speed>1.1</gpxtpx:speed>
</gpxtpx:TrackPointExtension>
<opentracks:accuracy_horizontal>2.721</opentracks:accuracy_horizontal></extensions>
</trkpt>
<trkpt lat="-32.231777" lon="115.786257">
<ele>-23</ele>
<time>2026-08-31T08:52:21.638+08:00</time>
<extensions>
<gpxtpx:TrackPointExtension>
<gpxtpx:speed>0.21</gpxtpx:speed>
</gpxtpx:TrackPointExtension>
<opentracks:accuracy_horizontal>2.669</opentracks:accuracy_horizontal></extensions>
</trkpt>
<trkpt lat="-32.231683" lon="115.786262">
<ele>-20.7</ele>
<time>2026-08-31T08:53:07.661+08:00</time>
<extensions>
<gpxtpx:TrackPointExtension>
<gpxtpx:speed>1.22</gpxtpx:speed>
</gpxtpx:TrackPointExtension>
<opentracks:accuracy_horizontal>2.287</opentracks:accuracy_horizontal></extensions>
</trkpt>
<trkpt lat="-32.231603" lon="115.786225">
<ele>-21.8</ele>
<time>2026-08-31T08:53:17.67+08:00</time>
<extensions>
<gpxtpx:TrackPointExtension>
<gpxtpx:speed>1.02</gpxtpx:speed>
</gpxtpx:TrackPointExtension>
<opentracks:accuracy_horizontal>2.194</opentracks:accuracy_horizontal></extensions>
</trkpt>
<trkpt lat="-32.231505" lon="115.786254">
<ele>-21.9</ele>
<time>2026-08-31T08:53:48.643+08:00</time>
<extensions>
<gpxtpx:TrackPointExtension>
<gpxtpx:speed>1.04</gpxtpx:speed>
</gpxtpx:TrackPointExtension>
<opentracks:accuracy_horizontal>2.372</opentracks:accuracy_horizontal></extensions>
</trkpt>
<trkpt lat="-32.231419" lon="115.786257">
<ele>-21.8</ele>
<time>2026-08-31T08:53:57.649+08:00</time>
<extensions>
<gpxtpx:TrackPointExtension>
<gpxtpx:speed>1.19</gpxtpx:speed>
</gpxtpx:TrackPointExtension>
<opentracks:accuracy_horizontal>2.388</opentracks:accuracy_horizontal></extensions>
</trkpt>
<trkpt lat="-32.231336" lon="115.786302">
<ele>-23.7</ele>
<time>2026-08-31T08:54:05.662+08:00</time>
<extensions>
<gpxtpx:TrackPointExtension>
<gpxtpx:speed>1.03</gpxtpx:speed>
</gpxtpx:TrackPointExtension>
<opentracks:accuracy_horizontal>2.505</opentracks:accuracy_horizontal></extensions>
</trkpt>
<trkpt lat="-32.231244" lon="115.786339">
<ele>-26.4</ele>
<time>2026-08-31T08:54:15.645+08:00</time>
<extensions>
<gpxtpx:TrackPointExtension>
<gpxtpx:speed>1.12</gpxtpx:speed>
</gpxtpx:TrackPointExtension>
<opentracks:accuracy_horizontal>2.596</opentracks:accuracy_horizontal></extensions>
</trkpt>
<trkpt lat="-32.231148" lon="115.786325">
<ele>-25.9</ele>
<time>2026-08-31T08:54:23.719+08:00</time>
<extensions>
<gpxtpx:TrackPointExtension>
<gpxtpx:speed>1.23</gpxtpx:speed>
</gpxtpx:TrackPointExtension>
<opentracks:accuracy_horizontal>2.63</opentracks:accuracy_horizontal></extensions>
</trkpt>
<trkpt lat="-32.231048" lon="115.78635">
<ele>-24.4</ele>
<time>2026-08-31T08:54:32.711+08:00</time>
<extensions>
<gpxtpx:TrackPointExtension>
<gpxtpx:speed>1.2</gpxtpx:speed>
</gpxtpx:TrackPointExtension>
<opentracks:accuracy_horizontal>2.696</opentracks:accuracy_horizontal></extensions>
</trkpt>
<trkpt lat="-32.23096" lon="115.786384">
<ele>-25.9</ele>
<time>2026-08-31T08:54:40.704+08:00</time>
<extensions>
<gpxtpx:TrackPointExtension>
<gpxtpx:speed>1.17</gpxtpx:speed>
</gpxtpx:TrackPointExtension>
<opentracks:accuracy_horizontal>2.839</opentracks:accuracy_horizontal></extensions>
</trkpt>
<trkpt lat="-32.230866" lon="115.786405">
<ele>-25.6</ele>
<time>2026-08-31T08:54:48.695+08:00</time>
<extensions>
<gpxtpx:TrackPointExtension>
<gpxtpx:speed>1.2</gpxtpx:speed>
</gpxtpx:TrackPointExtension>
<opentracks:accuracy_horizontal>2.745</opentracks:accuracy_horizontal></extensions>
</trkpt>
<trkpt lat="-32.230779" lon="115.786455">
<ele>-25.4</ele>
<time>2026-08-31T08:54:56.685+08:00</time>
<extensions>
<gpxtpx:TrackPointExtension>
<gpxtpx:speed>1.25</gpxtpx:speed>
</gpxtpx:TrackPointExtension>
<opentracks:accuracy_horizontal>3.07</opentracks:accuracy_horizontal></extensions>
</trkpt>
<trkpt lat="-32.230685" lon="115.786478">
<ele>-24.6</ele>
<time>2026-08-31T08:55:05.705+08:00</time>
<extensions>
<gpxtpx:TrackPointExtension>
<gpxtpx:speed>1.16</gpxtpx:speed>
</gpxtpx:TrackPointExtension>
<opentracks:accuracy_horizontal>2.671</opentracks:accuracy_horizontal></extensions>
</trkpt>
<trkpt lat="-32.230595" lon="115.786495">
<ele>-27.3</ele>
<time>2026-08-31T08:55:13.675+08:00</time>
<extensions>
<gpxtpx:TrackPointExtension>
<gpxtpx:speed>1.18</gpxtpx:speed>
</gpxtpx:TrackPointExtension>
<opentracks:accuracy_horizontal>2.723</opentracks:accuracy_horizontal></extensions>
</trkpt>
<trkpt lat="-32.230499" lon="115.786496">
<ele>-26.5</ele>
<time>2026-08-31T08:55:21.668+08:00</time>
<extensions>
<gpxtpx:TrackPointExtension>
<gpxtpx:speed>1.25</gpxtpx:speed>
</gpxtpx:TrackPointExtension>
<opentracks:accuracy_horizontal>2.58</opentracks:accuracy_horizontal></extensions>
</trkpt>
<trkpt lat="-32.230402" lon="115.786496">
<ele>-27.8</ele>
<time>2026-08-31T08:55:30.712+08:00</time>
<extensions>
<gpxtpx:TrackPointExtension>
<gpxtpx:speed>1.22</gpxtpx:speed>
</gpxtpx:TrackPointExtension>
<opentracks:accuracy_horizontal>2.785</opentracks:accuracy_horizontal></extensions>
</trkpt>
<trkpt lat="-32.230312" lon="115.786514">
<ele>-27.8</ele>
<time>2026-08-31T08:55:38.666+08:00</time>
<extensions>
<gpxtpx:TrackPointExtension>
<gpxtpx:speed>1.24</gpxtpx:speed>
</gpxtpx:TrackPointExtension>
<opentracks:accuracy_horizontal>2.419</opentracks:accuracy_horizontal></extensions>
</trkpt>
<trkpt lat="-32.23022" lon="115.786559">
<ele>-27.2</ele>
<time>2026-08-31T08:55:46.686+08:00</time>
<extensions>
<gpxtpx:TrackPointExtension>
<gpxtpx:speed>1.3</gpxtpx:speed>
</gpxtpx:TrackPointExtension>
<opentracks:accuracy_horizontal>2.728</opentracks:accuracy_horizontal></extensions>
</trkpt>
<trkpt lat="-32.230128" lon="115.786599">
<ele>-24.7</ele>
<time>2026-08-31T08:55:54.653+08:00</time>
<extensions>
<gpxtpx:TrackPointExtension>
<gpxtpx:speed>1.34</gpxtpx:speed>
</gpxtpx:TrackPointExtension>
<opentracks:accuracy_horizontal>2.699</opentracks:accuracy_horizontal></extensions>
</trkpt>
<trkpt lat="-32.230034" lon="115.786624">
<ele>-24.8</ele>
<time>2026-08-31T08:56:03.663+08:00</time>
<extensions>
<gpxtpx:TrackPointExtension>
<gpxtpx:speed>1.28</gpxtpx:speed>
</gpxtpx:TrackPointExtension>
<opentracks:accuracy_horizontal>2.633</opentracks:accuracy_horizontal></extensions>
</trkpt>
<trkpt lat="-32.229942" lon="115.786635">
<ele>-26.4</ele>
<time>2026-08-31T08:56:12.662+08:00</time>
<extensions>
<gpxtpx:TrackPointExtension>
<gpxtpx:speed>1.22</gpxtpx:speed>
</gpxtpx:TrackPointExtension>
<opentracks:accuracy_horizontal>2.557</opentracks:accuracy_horizontal></extensions>
</trkpt>
<trkpt lat="-32.229845" lon="115.786669">
<ele>-24.9</ele>
<time>2026-08-31T08:56:20.686+08:00</time>
<extensions>
<gpxtpx:TrackPointExtension>
<gpxtpx:speed>1.28</gpxtpx:speed>
</gpxtpx:TrackPointExtension>
<opentracks:accuracy_horizontal>2.424</opentracks:accuracy_horizontal></extensions>
</trkpt>
<trkpt lat="-32.229747" lon="115.786682">
<ele>-23.6</ele>
<time>2026-08-31T08:56:29.664+08:00</time>
<extensions>
<gpxtpx:TrackPointExtension>
<gpxtpx:speed>1.23</gpxtpx:speed>
</gpxtpx:TrackPointExtension>
<opentracks:accuracy_horizontal>2.745</opentracks:accuracy_horizontal></extensions>
</trkpt>
<trkpt lat="-32.229654" lon="115.786689">
<ele>-22.4</ele>
<time>2026-08-31T08:56:37.672+08:00</time>
<extensions>
<gpxtpx:TrackPointExtension>
<gpxtpx:speed>1.27</gpxtpx:speed>
</gpxtpx:TrackPointExtension>
<opentracks:accuracy_horizontal>2.433</opentracks:accuracy_horizontal></extensions>
</trkpt>
<trkpt lat="-32.229559" lon="115.786681">
<ele>-23.1</ele>
<time>2026-08-31T08:56:45.681+08:00</time>
<extensions>
<gpxtpx:TrackPointExtension>
<gpxtpx:speed>1.3</gpxtpx:speed>
</gpxtpx:TrackPointExtension>
<opentracks:accuracy_horizontal>2.574</opentracks:accuracy_horizontal></extensions>
</trkpt>
<trkpt lat="-32.229466" lon="115.7867">
<ele>-24.4</ele>
<time>2026-08-31T08:56:54.705+08:00</time>
<extensions>
<gpxtpx:TrackPointExtension>
<gpxtpx:speed>1.21</gpxtpx:speed>
</gpxtpx:TrackPointExtension>
<opentracks:accuracy_horizontal>2.636</opentracks:accuracy_horizontal></extensions>
</trkpt>
<trkpt lat="-32.229375" lon="115.786723">
<ele>-23.8</ele>
<time>2026-08-31T08:57:02.669+08:00</time>
<extensions>
<gpxtpx:TrackPointExtension>
<gpxtpx:speed>1.21</gpxtpx:speed>
</gpxtpx:TrackPointExtension>
<opentracks:accuracy_horizontal>2.618</opentracks:accuracy_horizontal></extensions>
</trkpt>
<trkpt lat="-32.22928" lon="115.786748">
<ele>-24.7</ele>
<time>2026-08-31T08:57:10.668+08:00</time>
<extensions>
<gpxtpx:TrackPointExtension>
<gpxtpx:speed>1.26</gpxtpx:speed>
</gpxtpx:TrackPointExtension>
<opentracks:accuracy_horizontal>2.742</opentracks:accuracy_horizontal></extensions>
</trkpt>
<trkpt lat="-32.22918" lon="115.786777">
<ele>-24.4</ele>
<time>2026-08-31T08:57:19.672+08:00</time>
<extensions>
<gpxtpx:TrackPointExtension>
<gpxtpx:speed>1.26</gpxtpx:speed>
</gpxtpx:TrackPointExtension>
<opentracks:accuracy_horizontal>2.673</opentracks:accuracy_horizontal></extensions>
</trkpt>
<trkpt lat="-32.229083" lon="115.786811">
<ele>-23.4</ele>
<time>2026-08-31T08:57:28.663+08:00</time>
<extensions>
<gpxtpx:TrackPointExtension>
<gpxtpx:speed>1.24</gpxtpx:speed>
</gpxtpx:TrackPointExtension>
<opentracks:accuracy_horizontal>2.556</opentracks:accuracy_horizontal></extensions>
</trkpt>
<trkpt lat="-32.228985" lon="115.786842">
<ele>-22.2</ele>
<time>2026-08-31T08:57:37.653+08:00</time>
<extensions>
<gpxtpx:TrackPointExtension>
<gpxtpx:speed>1.23</gpxtpx:speed>
</gpxtpx:TrackPointExtension>
<opentracks:accuracy_horizontal>2.564</opentracks:accuracy_horizontal></extensions>
</trkpt>
<trkpt lat="-32.228894" lon="115.786869">
<ele>-22.6</ele>
<time>2026-08-31T08:57:46.674+08:00</time>
<extensions>
<gpxtpx:TrackPointExtension>
<gpxtpx:speed>1.16</gpxtpx:speed>
</gpxtpx:TrackPointExtension>
<opentracks:accuracy_horizontal>2.952</opentracks:accuracy_horizontal></extensions>
</trkpt>
<trkpt lat="-32.228803" lon="115.786862">
<ele>-22.3</ele>
<time>2026-08-31T08:57:54.665+08:00</time>
<extensions>
<gpxtpx:TrackPointExtension>
<gpxtpx:speed>1.22</gpxtpx:speed>
</gpxtpx:TrackPointExtension>
<opentracks:accuracy_horizontal>2.638</opentracks:accuracy_horizontal></extensions>
</trkpt>
<trkpt lat="-32.22871" lon="115.786849">
<ele>-20.4</ele>
<time>2026-08-31T08:58:02.659+08:00</time>
<extensions>
<gpxtpx:TrackPointExtension>
<gpxtpx:speed>1.24</gpxtpx:speed>
</gpxtpx:TrackPointExtension>
<opentracks:accuracy_horizontal>2.532</opentracks:accuracy_horizontal></extensions>
</trkpt>
<trkpt lat="-32.228628" lon="115.786888">
<ele>-21.3</ele>
<time>2026-08-31T08:58:11.68+08:00</time>
<extensions>
<gpxtpx:TrackPointExtension>
<gpxtpx:speed>1.21</gpxtpx:speed>
</gpxtpx:TrackPointExtension>
<opentracks:accuracy_horizontal>2.437</opentracks:accuracy_horizontal></extensions>
</trkpt>
<trkpt lat="-32.228541" lon="115.786943">
<ele>-19.7</ele>
<time>2026-08-31T08:58:19.671+08:00</time>
<extensions>
<gpxtpx:TrackPointExtension>
<gpxtpx:speed>1.27</gpxtpx:speed>
</gpxtpx:TrackPointExtension>
<opentracks:accuracy_horizontal>2.42</opentracks:accuracy_horizontal></extensions>
</trkpt>
<trkpt lat="-32.228457" lon="115.786993">
<ele>-21</ele>
<time>2026-08-31T08:58:29.686+08:00</time>
<extensions>
<gpxtpx:TrackPointExtension>
<gpxtpx:speed>1.14</gpxtpx:speed>
</gpxtpx:TrackPointExtension>
<opentracks:accuracy_horizontal>2.57</opentracks:accuracy_horizontal></extensions>
</trkpt>
<trkpt lat="-32.228364" lon="115.787032">
<ele>-20.4</ele>
<time>2026-08-31T08:58:38.678+08:00</time>
<extensions>
<gpxtpx:TrackPointExtension>
<gpxtpx:speed>1.17</gpxtpx:speed>
</gpxtpx:TrackPointExtension>
<opentracks:accuracy_horizontal>2.603</opentracks:accuracy_horizontal></extensions>
</trkpt>
<trkpt lat="-32.228265" lon="115.787034">
<ele>-18.9</ele>
<time>2026-08-31T08:58:47.67+08:00</time>
<extensions>
<gpxtpx:TrackPointExtension>
<gpxtpx:speed>1.22</gpxtpx:speed>
</gpxtpx:TrackPointExtension>
<opentracks:accuracy_horizontal>2.747</opentracks:accuracy_horizontal></extensions>
</trkpt>
<trkpt lat="-32.228184" lon="115.78698">
<ele>-19.9</ele>
<time>2026-08-31T08:58:55.672+08:00</time>
<extensions>
<gpxtpx:TrackPointExtension>
<gpxtpx:speed>1.27</gpxtpx:speed>
</gpxtpx:TrackPointExtension>
<opentracks:accuracy_horizontal>2.512</opentracks:accuracy_horizontal></extensions>
</trkpt>
<trkpt lat="-32.228095" lon="115.786952">
<ele>-20.4</ele>
<time>2026-08-31T08:59:03.673+08:00</time>
<extensions>
<gpxtpx:TrackPointExtension>
<gpxtpx:speed>1.28</gpxtpx:speed>
</gpxtpx:TrackPointExtension>
<opentracks:accuracy_horizontal>2.672</opentracks:accuracy_horizontal></extensions>
</trkpt>
<trkpt lat="-32.228015" lon="115.786972">
<ele>-20.6</ele>
<time>2026-08-31T08:59:13.684+08:00</time>
<extensions>
<gpxtpx:TrackPointExtension>
<gpxtpx:speed>1</gpxtpx:speed>
</gpxtpx:TrackPointExtension>
<opentracks:accuracy_horizontal>2.661</opentracks:accuracy_horizontal></extensions>
</trkpt>
<trkpt lat="-32.227915" lon="115.786976">
<ele>-20.2</ele>
<time>2026-08-31T08:59:24.685+08:00</time>
<extensions>
<gpxtpx:TrackPointExtension>
<gpxtpx:speed>1.47</gpxtpx:speed>
</gpxtpx:TrackPointExtension>
<opentracks:accuracy_horizontal>2.425</opentracks:accuracy_horizontal></extensions>
</trkpt>
<trkpt lat="-32.227825" lon="115.787005">
<ele>-20.5</ele>
<time>2026-08-31T08:59:32.69+08:00</time>
<extensions>
<gpxtpx:TrackPointExtension>
<gpxtpx:speed>1.29</gpxtpx:speed>
</gpxtpx:TrackPointExtension>
<opentracks:accuracy_horizontal>2.439</opentracks:accuracy_horizontal></extensions>
</trkpt>
<trkpt lat="-32.227725" lon="115.787037">
<ele>-20.1</ele>
<time>2026-08-31T08:59:41.672+08:00</time>
<extensions>
<gpxtpx:TrackPointExtension>
<gpxtpx:speed>1.28</gpxtpx:speed>
</gpxtpx:TrackPointExtension>
<opentracks:accuracy_horizontal>2.353</opentracks:accuracy_horizontal></extensions>
</trkpt>
<trkpt lat="-32.227636" lon="115.787075">
<ele>-19.7</ele>
<time>2026-08-31T08:59:49.672+08:00</time>
<extensions>
<gpxtpx:TrackPointExtension>
<gpxtpx:speed>1.28</gpxtpx:speed>
</gpxtpx:TrackPointExtension>
<opentracks:accuracy_horizontal>2.512</opentracks:accuracy_horizontal></extensions>
</trkpt>
<trkpt lat="-32.227538" lon="115.787102">
<ele>-19.8</ele>
<time>2026-08-31T08:59:57.673+08:00</time>
<extensions>
<gpxtpx:TrackPointExtension>
<gpxtpx:speed>1.34</gpxtpx:speed>
</gpxtpx:TrackPointExtension>
<opentracks:accuracy_horizontal>2.469</opentracks:accuracy_horizontal></extensions>
</trkpt>
<trkpt lat="-32.227447" lon="115.787142">
<ele>-20.3</ele>
<time>2026-08-31T09:00:06.668+08:00</time>
<extensions>
<gpxtpx:TrackPointExtension>
<gpxtpx:speed>1.27</gpxtpx:speed>
</gpxtpx:TrackPointExtension>
<opentracks:accuracy_horizontal>2.444</opentracks:accuracy_horizontal></extensions>
</trkpt>
<trkpt lat="-32.227365" lon="115.787201">
<ele>-21.2</ele>
<time>2026-08-31T09:00:14.682+08:00</time>
<extensions>
<gpxtpx:TrackPointExtension>
<gpxtpx:speed>1.28</gpxtpx:speed>
</gpxtpx:TrackPointExtension>
<opentracks:accuracy_horizontal>2.862</opentracks:accuracy_horizontal></extensions>
</trkpt>
<trkpt lat="-32.227317" lon="115.787271">
<ele>-19.8</ele>
<time>2026-08-31T09:00:24.671+08:00</time>
<extensions>
<gpxtpx:TrackPointExtension>
<gpxtpx:speed>1</gpxtpx:speed>
</gpxtpx:TrackPointExtension>
<opentracks:accuracy_horizontal>2.922</opentracks:accuracy_horizontal></extensions>
</trkpt>
<trkpt lat="-32.227258" lon="115.787353">
<ele>-19.5</ele>
<time>2026-08-31T09:00:31.662+08:00</time>
<extensions>
<gpxtpx:TrackPointExtension>
<gpxtpx:speed>1.18</gpxtpx:speed>
</gpxtpx:TrackPointExtension>
<opentracks:accuracy_horizontal>2.518</opentracks:accuracy_horizontal></extensions>
</trkpt>
<trkpt lat="-32.227191" lon="115.787431">
<ele>-18.6</ele>
<time>2026-08-31T09:00:40.684+08:00</time>
<extensions>
<gpxtpx:TrackPointExtension>
<gpxtpx:speed>1.12</gpxtpx:speed>
</gpxtpx:TrackPointExtension>
<opentracks:accuracy_horizontal>2.921</opentracks:accuracy_horizontal></extensions>
</trkpt>
<trkpt lat="-32.227117" lon="115.787389">
<ele>-18.7</ele>
<time>2026-08-31T09:00:49.696+08:00</time>
<extensions>
<gpxtpx:TrackPointExtension>
<gpxtpx:speed>1.26</gpxtpx:speed>
</gpxtpx:TrackPointExtension>
<opentracks:accuracy_horizontal>2.551</opentracks:accuracy_horizontal></extensions>
</trkpt>
<trkpt lat="-32.227044" lon="115.787452">
<ele>-19.8</ele>
<time>2026-08-31T09:00:58.675+08:00</time>
<extensions>
<gpxtpx:TrackPointExtension>
<gpxtpx:speed>1.17</gpxtpx:speed>
</gpxtpx:TrackPointExtension>
<opentracks:accuracy_horizontal>2.667</opentracks:accuracy_horizontal></extensions>
</trkpt>
<trkpt lat="-32.226945" lon="115.78747">
<ele>-20</ele>
<time>2026-08-31T09:01:06.678+08:00</time>
<extensions>
<gpxtpx:TrackPointExtension>
<gpxtpx:speed>1.28</gpxtpx:speed>
</gpxtpx:TrackPointExtension>
<opentracks:accuracy_horizontal>2.517</opentracks:accuracy_horizontal></extensions>
</trkpt>
<trkpt lat="-32.226842" lon="115.787496">
<ele>-18.8</ele>
<time>2026-08-31T09:01:15.686+08:00</time>
<extensions>
<gpxtpx:TrackPointExtension>
<gpxtpx:speed>1.31</gpxtpx:speed>
</gpxtpx:TrackPointExtension>
<opentracks:accuracy_horizontal>2.346</opentracks:accuracy_horizontal></extensions>
</trkpt>
<trkpt lat="-32.226758" lon="115.787546">
<ele>-17</ele>
<time>2026-08-31T09:01:24.672+08:00</time>
<extensions>
<gpxtpx:TrackPointExtension>
<gpxtpx:speed>1.22</gpxtpx:speed>
</gpxtpx:TrackPointExtension>
<opentracks:accuracy_horizontal>2.531</opentracks:accuracy_horizontal></extensions>
</trkpt>
<trkpt lat="-32.226679" lon="115.787618">
<ele>-15.4</ele>
<time>2026-08-31T09:01:33.669+08:00</time>
<extensions>
<gpxtpx:TrackPointExtension>
<gpxtpx:speed>1.23</gpxtpx:speed>
</gpxtpx:TrackPointExtension>
<opentracks:accuracy_horizontal>2.622</opentracks:accuracy_horizontal></extensions>
</trkpt>
<trkpt lat="-32.226618" lon="115.787697">
<ele>-15.7</ele>
<time>2026-08-31T09:01:42.651+08:00</time>
<extensions>
<gpxtpx:TrackPointExtension>
<gpxtpx:speed>1.21</gpxtpx:speed>
</gpxtpx:TrackPointExtension>
<opentracks:accuracy_horizontal>2.35</opentracks:accuracy_horizontal></extensions>
</trkpt>
<trkpt lat="-32.226563" lon="115.787782">
<ele>-17.2</ele>
<time>2026-08-31T09:01:51.652+08:00</time>
<extensions>
<gpxtpx:TrackPointExtension>
<gpxtpx:speed>1.24</gpxtpx:speed>
</gpxtpx:TrackPointExtension>
<opentracks:accuracy_horizontal>2.113</opentracks:accuracy_horizontal></extensions>
</trkpt>
<trkpt lat="-32.226516" lon="115.787874">
<ele>-17.2</ele>
<time>2026-08-31T09:01:59.644+08:00</time>
<extensions>
<gpxtpx:TrackPointExtension>
<gpxtpx:speed>1.29</gpxtpx:speed>
</gpxtpx:TrackPointExtension>
<opentracks:accuracy_horizontal>2.1</opentracks:accuracy_horizontal></extensions>
</trkpt>
<trkpt lat="-32.22646" lon="115.787976">
<ele>-18.7</ele>
<time>2026-08-31T09:02:09.651+08:00</time>
<extensions>
<gpxtpx:TrackPointExtension>
<gpxtpx:speed>1.26</gpxtpx:speed>
</gpxtpx:TrackPointExtension>
<opentracks:accuracy_horizontal>2.132</opentracks:accuracy_horizontal></extensions>
</trkpt>
<trkpt lat="-32.226411" lon="115.788081">
<ele>-18.8</ele>
<time>2026-08-31T09:02:17.644+08:00</time>
<extensions>
<gpxtpx:TrackPointExtension>
<gpxtpx:speed>1.32</gpxtpx:speed>
</gpxtpx:TrackPointExtension>
<opentracks:accuracy_horizontal>2.286</opentracks:accuracy_horizontal></extensions>
</trkpt>
<trkpt lat="-32.22638" lon="115.788168">
<ele>-18.1</ele>
<time>2026-08-31T09:02:26.669+08:00</time>
<extensions>
<gpxtpx:TrackPointExtension>
<gpxtpx:speed>1.16</gpxtpx:speed>
</gpxtpx:TrackPointExtension>
<opentracks:accuracy_horizontal>2.157</opentracks:accuracy_horizontal></extensions>
</trkpt>
<trkpt lat="-32.226345" lon="115.788277">
<ele>-16.5</ele>
<time>2026-08-31T09:02:35.678+08:00</time>
<extensions>
<gpxtpx:TrackPointExtension>
<gpxtpx:speed>1.18</gpxtpx:speed>
</gpxtpx:TrackPointExtension>
<opentracks:accuracy_horizontal>2.156</opentracks:accuracy_horizontal></extensions>
</trkpt>
<trkpt lat="-32.226318" lon="115.788387">
<ele>-14.6</ele>
<time>2026-08-31T09:02:45.677+08:00</time>
<extensions>
<gpxtpx:TrackPointExtension>
<gpxtpx:speed>1.09</gpxtpx:speed>
</gpxtpx:TrackPointExtension>
<opentracks:accuracy_horizontal>2.139</opentracks:accuracy_horizontal></extensions>
</trkpt>
<trkpt lat="-32.226261" lon="115.788473">
<ele>-14.6</ele>
<time>2026-08-31T09:02:55.676+08:00</time>
<extensions>
<gpxtpx:TrackPointExtension>
<gpxtpx:speed>1.06</gpxtpx:speed>
</gpxtpx:TrackPointExtension>
<opentracks:accuracy_horizontal>2.13</opentracks:accuracy_horizontal></extensions>
</trkpt>
<trkpt lat="-32.226201" lon="115.788563">
<ele>-14.7</ele>
<time>2026-08-31T09:03:04.691+08:00</time>
<extensions>
<gpxtpx:TrackPointExtension>
<gpxtpx:speed>1.13</gpxtpx:speed>
</gpxtpx:TrackPointExtension>
<opentracks:accuracy_horizontal>2.118</opentracks:accuracy_horizontal></extensions>
</trkpt>
<trkpt lat="-32.226167" lon="115.788669">
<ele>-14.5</ele>
<time>2026-08-31T09:03:14.671+08:00</time>
<extensions>
<gpxtpx:TrackPointExtension>
<gpxtpx:speed>1.1</gpxtpx:speed>
</gpxtpx:TrackPointExtension>
<opentracks:accuracy_horizontal>2.104</opentracks:accuracy_horizontal></extensions>
</trkpt>
<trkpt lat="-32.226137" lon="115.788773">
<ele>-13.7</ele>
<time>2026-08-31T09:03:23.663+08:00</time>
<extensions>
<gpxtpx:TrackPointExtension>
<gpxtpx:speed>1.1</gpxtpx:speed>
</gpxtpx:TrackPointExtension>
<opentracks:accuracy_horizontal>2.124</opentracks:accuracy_horizontal></extensions>
</trkpt>
<trkpt lat="-32.226103" lon="115.788877">
<ele>-13.3</ele>
<time>2026-08-31T09:03:32.683+08:00</time>
<extensions>
<gpxtpx:TrackPointExtension>
<gpxtpx:speed>1.13</gpxtpx:speed>
</gpxtpx:TrackPointExtension>
<opentracks:accuracy_horizontal>2.106</opentracks:accuracy_horizontal></extensions>
</trkpt>
<trkpt lat="-32.226064" lon="115.788985">
<ele>-12.6</ele>
<time>2026-08-31T09:03:41.642+08:00</time>
<extensions>
<gpxtpx:TrackPointExtension>
<gpxtpx:speed>1.2</gpxtpx:speed>
</gpxtpx:TrackPointExtension>
<opentracks:accuracy_horizontal>2.141</opentracks:accuracy_horizontal></extensions>
</trkpt>
<trkpt lat="-32.22603" lon="115.789087">
<ele>-12.7</ele>
<time>2026-08-31T09:03:50.648+08:00</time>
<extensions>
<gpxtpx:TrackPointExtension>
<gpxtpx:speed>1.19</gpxtpx:speed>
</gpxtpx:TrackPointExtension>
<opentracks:accuracy_horizontal>2.154</opentracks:accuracy_horizontal></extensions>
</trkpt>
<trkpt lat="-32.225987" lon="115.789184">
<ele>-13.1</ele>
<time>2026-08-31T09:03:59.647+08:00</time>
<extensions>
<gpxtpx:TrackPointExtension>
<gpxtpx:speed>1.19</gpxtpx:speed>
</gpxtpx:TrackPointExtension>
<opentracks:accuracy_horizontal>2.24</opentracks:accuracy_horizontal></extensions>
</trkpt>
<trkpt lat="-32.225944" lon="115.789287">
<ele>-11.9</ele>
<time>2026-08-31T09:04:07.678+08:00</time>
<extensions>
<gpxtpx:TrackPointExtension>
<gpxtpx:speed>1.29</gpxtpx:speed>
</gpxtpx:TrackPointExtension>
<opentracks:accuracy_horizontal>2.244</opentracks:accuracy_horizontal></extensions>
</trkpt>
<trkpt lat="-32.225929" lon="115.789392">
<ele>-11.9</ele>
<time>2026-08-31T09:04:16.652+08:00</time>
<extensions>
<gpxtpx:TrackPointExtension>
<gpxtpx:speed>1.19</gpxtpx:speed>
</gpxtpx:TrackPointExtension>
<opentracks:accuracy_horizontal>2.361</opentracks:accuracy_horizontal></extensions>
</trkpt>
<trkpt lat="-32.225899" lon="115.789475">
<ele>-11.2</ele>
<time>2026-08-31T09:04:25.66+08:00</time>
<extensions>
<gpxtpx:TrackPointExtension>
<gpxtpx:speed>1.03</gpxtpx:speed>
</gpxtpx:TrackPointExtension>
<opentracks:accuracy_horizontal>2.182</opentracks:accuracy_horizontal></extensions>
</trkpt>
<trkpt lat="-32.225862" lon="115.789586">
<ele>-9.2</ele>
<time>2026-08-31T09:04:34.677+08:00</time>
<extensions>
<gpxtpx:TrackPointExtension>
<gpxtpx:speed>1.13</gpxtpx:speed>
</gpxtpx:TrackPointExtension>
<opentracks:accuracy_horizontal>2.246</opentracks:accuracy_horizontal></extensions>
</trkpt>
<trkpt lat="-32.225835" lon="115.789691">
<ele>-7.7</ele>
<time>2026-08-31T09:04:42.675+08:00</time>
<extensions>
<gpxtpx:TrackPointExtension>
<gpxtpx:speed>1.16</gpxtpx:speed>
</gpxtpx:TrackPointExtension>
<opentracks:accuracy_horizontal>2.189</opentracks:accuracy_horizontal></extensions>
</trkpt>
<trkpt lat="-32.225811" lon="115.789804">
<ele>-8.3</ele>
<time>2026-08-31T09:04:52.684+08:00</time>
<extensions>
<gpxtpx:TrackPointExtension>
<gpxtpx:speed>1.13</gpxtpx:speed>
</gpxtpx:TrackPointExtension>
<opentracks:accuracy_horizontal>2.19</opentracks:accuracy_horizontal></extensions>
</trkpt>
<trkpt lat="-32.22579" lon="115.789909">
<ele>-8.8</ele>
<time>2026-08-31T09:05:01.664+08:00</time>
<extensions>
<gpxtpx:TrackPointExtension>
<gpxtpx:speed>1.07</gpxtpx:speed>
</gpxtpx:TrackPointExtension>
<opentracks:accuracy_horizontal>2.314</opentracks:accuracy_horizontal></extensions>
</trkpt>
<trkpt lat="-32.225809" lon="115.789887">
<ele>-9.3</ele>
<time>2026-08-31T09:05:10.677+08:00</time>
<extensions>
<gpxtpx:TrackPointExtension>
<gpxtpx:speed>1.06</gpxtpx:speed>
</gpxtpx:TrackPointExtension>
<opentracks:accuracy_horizontal>2.272</opentracks:accuracy_horizontal></extensions>
</trkpt>
<trkpt lat="-32.225825" lon="115.789772">
<ele>-9.7</ele>
<time>2026-08-31T09:05:21.668+08:00</time>
<extensions>
<gpxtpx:TrackPointExtension>
<gpxtpx:speed>1.01</gpxtpx:speed>
</gpxtpx:TrackPointExtension>
<opentracks:accuracy_horizontal>2.184</opentracks:accuracy_horizontal></extensions>
</trkpt>
<trkpt lat="-32.225832" lon="115.789759">
<ele>-9.7</ele>
<time>2026-08-31T09:05:31.684+08:00</time>
<extensions>
<gpxtpx:TrackPointExtension>
<gpxtpx:speed>0.05</gpxtpx:speed>
</gpxtpx:TrackPointExtension>
<opentracks:accuracy_horizontal>2.272</opentracks:accuracy_horizontal></extensions>
</trkpt>
<trkpt lat="-32.225803" lon="115.78987">
<ele>-9.4</ele>
<time>2026-08-31T09:05:44.681+08:00</time>
<extensions>
<gpxtpx:TrackPointExtension>
<gpxtpx:speed>1.32</gpxtpx:speed>
</gpxtpx:TrackPointExtension>
<opentracks:accuracy_horizontal>2.167</opentracks:accuracy_horizontal></extensions>
</trkpt>
<trkpt lat="-32.225781" lon="115.789982">
<ele>-9.3</ele>
<time>2026-08-31T09:05:53.676+08:00</time>
<extensions>
<gpxtpx:TrackPointExtension>
<gpxtpx:speed>1.25</gpxtpx:speed>
</gpxtpx:TrackPointExtension>
<opentracks:accuracy_horizontal>2.139</opentracks:accuracy_horizontal></extensions>
</trkpt>
<trkpt lat="-32.22576" lon="115.790097">
<ele>-8.8</ele>
<time>2026-08-31T09:06:02.646+08:00</time>
<extensions>
<gpxtpx:TrackPointExtension>
<gpxtpx:speed>1.23</gpxtpx:speed>
</gpxtpx:TrackPointExtension>
<opentracks:accuracy_horizontal>2.139</opentracks:accuracy_horizontal></extensions>
</trkpt>
<trkpt lat="-32.225754" lon="115.790211">
<ele>-6.7</ele>
<time>2026-08-31T09:06:11.649+08:00</time>
<extensions>
<gpxtpx:TrackPointExtension>
<gpxtpx:speed>1.22</gpxtpx:speed>
</gpxtpx:TrackPointExtension>
<opentracks:accuracy_horizontal>2.17</opentracks:accuracy_horizontal></extensions>
</trkpt>
<trkpt lat="-32.225732" lon="115.79032">
<ele>-6.4</ele>
<time>2026-08-31T09:06:19.65+08:00</time>
<extensions>
<gpxtpx:TrackPointExtension>
<gpxtpx:speed>1.28</gpxtpx:speed>
</gpxtpx:TrackPointExtension>
<opentracks:accuracy_horizontal>2.201</opentracks:accuracy_horizontal></extensions>
</trkpt>
<trkpt lat="-32.225717" lon="115.790433">
<ele>-7.6</ele>
<time>2026-08-31T09:06:28.65+08:00</time>
<extensions>
<gpxtpx:TrackPointExtension>
<gpxtpx:speed>1.23</gpxtpx:speed>
</gpxtpx:TrackPointExtension>
<opentracks:accuracy_horizontal>2.29</opentracks:accuracy_horizontal></extensions>
</trkpt>
<trkpt lat="-32.22571" lon="115.790541">
<ele>-7.1</ele>
<time>2026-08-31T09:06:36.647+08:00</time>
<extensions>
<gpxtpx:TrackPointExtension>
<gpxtpx:speed>1.26</gpxtpx:speed>
</gpxtpx:TrackPointExtension>
<opentracks:accuracy_horizontal>2.222</opentracks:accuracy_horizontal></extensions>
</trkpt>
<trkpt lat="-32.22569" lon="115.790647">
<ele>-7.2</ele>
<time>2026-08-31T09:06:44.651+08:00</time>
<extensions>
<gpxtpx:TrackPointExtension>
<gpxtpx:speed>1.27</gpxtpx:speed>
</gpxtpx:TrackPointExtension>
<opentracks:accuracy_horizontal>2.216</opentracks:accuracy_horizontal></extensions>
</trkpt>
<trkpt lat="-32.22569" lon="115.79076">
<ele>-7.2</ele>
<time>2026-08-31T09:06:53.649+08:00</time>
<extensions>
<gpxtpx:TrackPointExtension>
<gpxtpx:speed>1.21</gpxtpx:speed>
</gpxtpx:TrackPointExtension>
<opentracks:accuracy_horizontal>2.199</opentracks:accuracy_horizontal></extensions>
</trkpt>
<trkpt lat="-32.225694" lon="115.790843">
<ele>-7.7</ele>
<time>2026-08-31T09:07:03.648+08:00</time>
<extensions>
<gpxtpx:TrackPointExtension>
<gpxtpx:speed>0.85</gpxtpx:speed>
</gpxtpx:TrackPointExtension>
<opentracks:accuracy_horizontal>2.333</opentracks:accuracy_horizontal></extensions>
</trkpt>
<trkpt lat="-32.225693" lon="115.790954">
<ele>-5.9</ele>
<time>2026-08-31T09:07:34.659+08:00</time>
<extensions>
<gpxtpx:TrackPointExtension>
<gpxtpx:speed>1.07</gpxtpx:speed>
</gpxtpx:TrackPointExtension>
<opentracks:accuracy_horizontal>2.126</opentracks:accuracy_horizontal></extensions>
</trkpt>
<trkpt lat="-32.225705" lon="115.791071">
<ele>-5.9</ele>
<time>2026-08-31T09:07:43.676+08:00</time>
<extensions>
<gpxtpx:TrackPointExtension>
<gpxtpx:speed>1.14</gpxtpx:speed>
</gpxtpx:TrackPointExtension>
<opentracks:accuracy_horizontal>2.173</opentracks:accuracy_horizontal></extensions>
</trkpt>
<trkpt lat="-32.225715" lon="115.791192">
<ele>-5.7</ele>
<time>2026-08-31T09:07:52.679+08:00</time>
<extensions>
<gpxtpx:TrackPointExtension>
<gpxtpx:speed>1.2</gpxtpx:speed>
</gpxtpx:TrackPointExtension>
<opentracks:accuracy_horizontal>2.166</opentracks:accuracy_horizontal></extensions>
</trkpt>
<trkpt lat="-32.22573" lon="115.791299">
<ele>-5.7</ele>
<time>2026-08-31T09:08:02.677+08:00</time>
<extensions>
<gpxtpx:TrackPointExtension>
<gpxtpx:speed>1.13</gpxtpx:speed>
</gpxtpx:TrackPointExtension>
<opentracks:accuracy_horizontal>2.091</opentracks:accuracy_horizontal></extensions>
</trkpt>
<trkpt lat="-32.225774" lon="115.791406">
<ele>-5.3</ele>
<time>2026-08-31T09:08:11.677+08:00</time>
<extensions>
<gpxtpx:TrackPointExtension>
<gpxtpx:speed>1.2</gpxtpx:speed>
</gpxtpx:TrackPointExtension>
<opentracks:accuracy_horizontal>2.077</opentracks:accuracy_horizontal></extensions>
</trkpt>
<trkpt lat="-32.225809" lon="115.791505">
<ele>-5</ele>
<time>2026-08-31T09:08:19.673+08:00</time>
<extensions>
<gpxtpx:TrackPointExtension>
<gpxtpx:speed>1.23</gpxtpx:speed>
</gpxtpx:TrackPointExtension>
<opentracks:accuracy_horizontal>2.076</opentracks:accuracy_horizontal></extensions>
</trkpt>
<trkpt lat="-32.225827" lon="115.791625">
<ele>-4.5</ele>
<time>2026-08-31T09:08:29.665+08:00</time>
<extensions>
<gpxtpx:TrackPointExtension>
<gpxtpx:speed>1.19</gpxtpx:speed>
</gpxtpx:TrackPointExtension>
<opentracks:accuracy_horizontal>2.089</opentracks:accuracy_horizontal></extensions>
</trkpt>
<trkpt lat="-32.225835" lon="115.791731">
<ele>-4</ele>
<time>2026-08-31T09:08:37.652+08:00</time>
<extensions>
<gpxtpx:TrackPointExtension>
<gpxtpx:speed>1.21</gpxtpx:speed>
</gpxtpx:TrackPointExtension>
<opentracks:accuracy_horizontal>2.081</opentracks:accuracy_horizontal></extensions>
</trkpt>
<trkpt lat="-32.225869" lon="115.791841">
<ele>-4</ele>
<time>2026-08-31T09:08:46.648+08:00</time>
<extensions>
<gpxtpx:TrackPointExtension>
<gpxtpx:speed>1.22</gpxtpx:speed>
</gpxtpx:TrackPointExtension>
<opentracks:accuracy_horizontal>2.043</opentracks:accuracy_horizontal></extensions>
</trkpt>
<trkpt lat="-32.225918" lon="115.79194">
<ele>-3.6</ele>
<time>2026-08-31T09:08:55.667+08:00</time>
<extensions>
<gpxtpx:TrackPointExtension>
<gpxtpx:speed>1.21</gpxtpx:speed>
</gpxtpx:TrackPointExtension>
<opentracks:accuracy_horizontal>2.123</opentracks:accuracy_horizontal></extensions>
</trkpt>
<trkpt lat="-32.225967" lon="115.79203">
<ele>-2.5</ele>
<time>2026-08-31T09:09:04.689+08:00</time>
<extensions>
<gpxtpx:TrackPointExtension>
<gpxtpx:speed>1.17</gpxtpx:speed>
</gpxtpx:TrackPointExtension>
<opentracks:accuracy_horizontal>2.078</opentracks:accuracy_horizontal></extensions>
</trkpt>
<trkpt lat="-32.226018" lon="115.792131">
<ele>-1.7</ele>
<time>2026-08-31T09:09:13.664+08:00</time>
<extensions>
<gpxtpx:TrackPointExtension>
<gpxtpx:speed>1.19</gpxtpx:speed>
</gpxtpx:TrackPointExtension>
<opentracks:accuracy_horizontal>2.072</opentracks:accuracy_horizontal></extensions>
</trkpt>
<trkpt lat="-32.226056" lon="115.792234">
<ele>-1.3</ele>
<time>2026-08-31T09:09:22.648+08:00</time>
<extensions>
<gpxtpx:TrackPointExtension>
<gpxtpx:speed>1.2</gpxtpx:speed>
</gpxtpx:TrackPointExtension>
<opentracks:accuracy_horizontal>2.084</opentracks:accuracy_horizontal></extensions>
</trkpt>
<trkpt lat="-32.226126" lon="115.792315">
<ele>-0.5</ele>
<time>2026-08-31T09:09:30.691+08:00</time>
<extensions>
<gpxtpx:TrackPointExtension>
<gpxtpx:speed>1.24</gpxtpx:speed>
</gpxtpx:TrackPointExtension>
<opentracks:accuracy_horizontal>3.588</opentracks:accuracy_horizontal></extensions>
</trkpt>
<trkpt lat="-32.226165" lon="115.792414">
<ele>0</ele>
<time>2026-08-31T09:09:38.672+08:00</time>
<extensions>
<gpxtpx:TrackPointExtension>
<gpxtpx:speed>1.29</gpxtpx:speed>
</gpxtpx:TrackPointExtension>
<opentracks:accuracy_horizontal>3.433</opentracks:accuracy_horizontal></extensions>
</trkpt>
<trkpt lat="-32.226203" lon="115.79251">
<ele>0.6</ele>
<time>2026-08-31T09:09:46.685+08:00</time>
<extensions>
<gpxtpx:TrackPointExtension>
<gpxtpx:speed>1.24</gpxtpx:speed>
</gpxtpx:TrackPointExtension>
<opentracks:accuracy_horizontal>2.394</opentracks:accuracy_horizontal></extensions>
</trkpt>
<trkpt lat="-32.22624" lon="115.792591">
<ele>0.2</ele>
<time>2026-08-31T09:09:55.747+08:00</time>
<extensions>
<gpxtpx:TrackPointExtension>
<gpxtpx:speed>1.08</gpxtpx:speed>
</gpxtpx:TrackPointExtension>
<opentracks:accuracy_horizontal>2.712</opentracks:accuracy_horizontal></extensions>
</trkpt>
<trkpt lat="-32.226266" lon="115.792707">
<ele>-1.4</ele>
<time>2026-08-31T09:10:04.664+08:00</time>
<extensions>
<gpxtpx:TrackPointExtension>
<gpxtpx:speed>1.17</gpxtpx:speed>
</gpxtpx:TrackPointExtension>
<opentracks:accuracy_horizontal>2.499</opentracks:accuracy_horizontal></extensions>
</trkpt>
<trkpt lat="-32.226316" lon="115.792803">
<ele>-1</ele>
<time>2026-08-31T09:10:13.67+08:00</time>
<extensions>
<gpxtpx:TrackPointExtension>
<gpxtpx:speed>1.17</gpxtpx:speed>
</gpxtpx:TrackPointExtension>
<opentracks:accuracy_horizontal>2.558</opentracks:accuracy_horizontal></extensions>
</trkpt>
<trkpt lat="-32.226384" lon="115.792889">
<ele>-1.3</ele>
<time>2026-08-31T09:10:22.684+08:00</time>
<extensions>
<gpxtpx:TrackPointExtension>
<gpxtpx:speed>1.21</gpxtpx:speed>
</gpxtpx:TrackPointExtension>
<opentracks:accuracy_horizontal>2.352</opentracks:accuracy_horizontal></extensions>
</trkpt>
<trkpt lat="-32.226401" lon="115.792876">
<ele>-1.1</ele>
<time>2026-08-31T09:10:32.683+08:00</time>
<extensions>
<gpxtpx:TrackPointExtension>
<gpxtpx:speed>0.02</gpxtpx:speed>
</gpxtpx:TrackPointExtension>
<opentracks:accuracy_horizontal>2.863</opentracks:accuracy_horizontal></extensions>
</trkpt>
<trkpt lat="-32.226475" lon="115.792942">
<ele>-1.2</ele>
<time>2026-08-31T09:10:48.688+08:00</time>
<extensions>
<gpxtpx:TrackPointExtension>
<gpxtpx:speed>0.21</gpxtpx:speed>
</gpxtpx:TrackPointExtension>
<opentracks:accuracy_horizontal>2.563</opentracks:accuracy_horizontal></extensions>
</trkpt>
<trkpt lat="-32.226521" lon="115.793047">
<ele>-1</ele>
<time>2026-08-31T09:10:56.704+08:00</time>
<extensions>
<gpxtpx:TrackPointExtension>
<gpxtpx:speed>1.31</gpxtpx:speed>
</gpxtpx:TrackPointExtension>
<opentracks:accuracy_horizontal>2.399</opentracks:accuracy_horizontal></extensions>
</trkpt>
<trkpt lat="-32.226588" lon="115.793134">
<ele>-0.7</ele>
<time>2026-08-31T09:11:05.674+08:00</time>
<extensions>
<gpxtpx:TrackPointExtension>
<gpxtpx:speed>1.23</gpxtpx:speed>
</gpxtpx:TrackPointExtension>
<opentracks:accuracy_horizontal>2.351</opentracks:accuracy_horizontal></extensions>
</trkpt>
<trkpt lat="-32.226656" lon="115.793211">
<ele>-0.5</ele>
<time>2026-08-31T09:11:13.671+08:00</time>
<extensions>
<gpxtpx:TrackPointExtension>
<gpxtpx:speed>1.27</gpxtpx:speed>
</gpxtpx:TrackPointExtension>
<opentracks:accuracy_horizontal>2.45</opentracks:accuracy_horizontal></extensions>
</trkpt>
<trkpt lat="-32.226723" lon="115.793296">
<ele>-2.4</ele>
<time>2026-08-31T09:11:22.682+08:00</time>
<extensions>
<gpxtpx:TrackPointExtension>
<gpxtpx:speed>1.26</gpxtpx:speed>
</gpxtpx:TrackPointExtension>
<opentracks:accuracy_horizontal>2.404</opentracks:accuracy_horizontal></extensions>
</trkpt>
<trkpt lat="-32.226792" lon="115.793375">
<ele>-3</ele>
<time>2026-08-31T09:11:31.669+08:00</time>
<extensions>
<gpxtpx:TrackPointExtension>
<gpxtpx:speed>1.24</gpxtpx:speed>
</gpxtpx:TrackPointExtension>
<opentracks:accuracy_horizontal>2.357</opentracks:accuracy_horizontal></extensions>
</trkpt>
<trkpt lat="-32.22685" lon="115.793464">
<ele>-3.2</ele>
<time>2026-08-31T09:11:39.703+08:00</time>
<extensions>
<gpxtpx:TrackPointExtension>
<gpxtpx:speed>1.26</gpxtpx:speed>
</gpxtpx:TrackPointExtension>
<opentracks:accuracy_horizontal>2.413</opentracks:accuracy_horizontal></extensions>
</trkpt>
<trkpt lat="-32.226911" lon="115.793548">
<ele>-2.6</ele>
<time>2026-08-31T09:11:47.678+08:00</time>
<extensions>
<gpxtpx:TrackPointExtension>
<gpxtpx:speed>1.29</gpxtpx:speed>
</gpxtpx:TrackPointExtension>
<opentracks:accuracy_horizontal>2.6</opentracks:accuracy_horizontal></extensions>
</trkpt>
<trkpt lat="-32.22697" lon="115.793633">
<ele>-1</ele>
<time>2026-08-31T09:11:55.685+08:00</time>
<extensions>
<gpxtpx:TrackPointExtension>
<gpxtpx:speed>1.29</gpxtpx:speed>
</gpxtpx:TrackPointExtension>
<opentracks:accuracy_horizontal>2.381</opentracks:accuracy_horizontal></extensions>
</trkpt>
<trkpt lat="-32.227037" lon="115.793717">
<ele>-0.3</ele>
<time>2026-08-31T09:12:03.701+08:00</time>
<extensions>
<gpxtpx:TrackPointExtension>
<gpxtpx:speed>1.32</gpxtpx:speed>
</gpxtpx:TrackPointExtension>
<opentracks:accuracy_horizontal>2.364</opentracks:accuracy_horizontal></extensions>
</trkpt>
<trkpt lat="-32.227111" lon="115.793787">
<ele>-0.3</ele>
<time>2026-08-31T09:12:11.686+08:00</time>
<extensions>
<gpxtpx:TrackPointExtension>
<gpxtpx:speed>1.33</gpxtpx:speed>
</gpxtpx:TrackPointExtension>
<opentracks:accuracy_horizontal>2.908</opentracks:accuracy_horizontal></extensions>
</trkpt>
<trkpt lat="-32.227179" lon="115.793861">
<ele>0.5</ele>
<time>2026-08-31T09:12:19.7+08:00</time>
<extensions>
<gpxtpx:TrackPointExtension>
<gpxtpx:speed>1.32</gpxtpx:speed>
</gpxtpx:TrackPointExtension>
<opentracks:accuracy_horizontal>2.436</opentracks:accuracy_horizontal></extensions>
</trkpt>
<trkpt lat="-32.227248" lon="115.793933">
<ele>1.7</ele>
<time>2026-08-31T09:12:27.679+08:00</time>
<extensions>
<gpxtpx:TrackPointExtension>
<gpxtpx:speed>1.28</gpxtpx:speed>
</gpxtpx:TrackPointExtension>
<opentracks:accuracy_horizontal>2.462</opentracks:accuracy_horizontal></extensions>
</trkpt>
<trkpt lat="-32.227297" lon="115.794023">
<ele>1.1</ele>
<time>2026-08-31T09:12:35.682+08:00</time>
<extensions>
<gpxtpx:TrackPointExtension>
<gpxtpx:speed>1.26</gpxtpx:speed>
</gpxtpx:TrackPointExtension>
<opentracks:accuracy_horizontal>2.485</opentracks:accuracy_horizontal></extensions>
</trkpt>
<trkpt lat="-32.227349" lon="115.794124">
<ele>1.5</ele>
<time>2026-08-31T09:12:44.68+08:00</time>
<extensions>
<gpxtpx:TrackPointExtension>
<gpxtpx:speed>1.26</gpxtpx:speed>
</gpxtpx:TrackPointExtension>
<opentracks:accuracy_horizontal>2.57</opentracks:accuracy_horizontal></extensions>
</trkpt>
<trkpt lat="-32.227397" lon="115.794214">
<ele>1.1</ele>
<time>2026-08-31T09:12:52.681+08:00</time>
<extensions>
<gpxtpx:TrackPointExtension>
<gpxtpx:speed>1.25</gpxtpx:speed>
</gpxtpx:TrackPointExtension>
<opentracks:accuracy_horizontal>2.46</opentracks:accuracy_horizontal></extensions>
</trkpt>
<trkpt lat="-32.227464" lon="115.79429">
<ele>0.1</ele>
<time>2026-08-31T09:13:00.671+08:00</time>
<extensions>
<gpxtpx:TrackPointExtension>
<gpxtpx:speed>1.26</gpxtpx:speed>
</gpxtpx:TrackPointExtension>
<opentracks:accuracy_horizontal>2.763</opentracks:accuracy_horizontal></extensions>
</trkpt>
<trkpt lat="-32.227528" lon="115.794377">
<ele>0.4</ele>
<time>2026-08-31T09:13:07.677+08:00</time>
<extensions>
<gpxtpx:TrackPointExtension>
<gpxtpx:speed>1.38</gpxtpx:speed>
</gpxtpx:TrackPointExtension>
<opentracks:accuracy_horizontal>2.646</opentracks:accuracy_horizontal></extensions>
</trkpt>
<trkpt lat="-32.227579" lon="115.794471">
<ele>-0</ele>
<time>2026-08-31T09:13:17.684+08:00</time>
<extensions>
<gpxtpx:TrackPointExtension>
<gpxtpx:speed>1.16</gpxtpx:speed>
</gpxtpx:TrackPointExtension>
<opentracks:accuracy_horizontal>2.55</opentracks:accuracy_horizontal></extensions>
</trkpt>
<trkpt lat="-32.227622" lon="115.79457">
<ele>-1.1</ele>
<time>2026-08-31T09:13:25.682+08:00</time>
<extensions>
<gpxtpx:TrackPointExtension>
<gpxtpx:speed>1.22</gpxtpx:speed>
</gpxtpx:TrackPointExtension>
<opentracks:accuracy_horizontal>2.67</opentracks:accuracy_horizontal></extensions>
</trkpt>
<trkpt lat="-32.227669" lon="115.794665">
<ele>-0.8</ele>
<time>2026-08-31T09:13:33.686+08:00</time>
<extensions>
<gpxtpx:TrackPointExtension>
<gpxtpx:speed>1.25</gpxtpx:speed>
</gpxtpx:TrackPointExtension>
<opentracks:accuracy_horizontal>2.857</opentracks:accuracy_horizontal></extensions>
</trkpt>
<trkpt lat="-32.227722" lon="115.794758">
<ele>-0.8</ele>
<time>2026-08-31T09:13:41.681+08:00</time>
<extensions>
<gpxtpx:TrackPointExtension>
<gpxtpx:speed>1.29</gpxtpx:speed>
</gpxtpx:TrackPointExtension>
<opentracks:accuracy_horizontal>2.989</opentracks:accuracy_horizontal></extensions>
</trkpt>
<trkpt lat="-32.227774" lon="115.794858">
<ele>-1.9</ele>
<time>2026-08-31T09:13:50.686+08:00</time>
<extensions>
<gpxtpx:TrackPointExtension>
<gpxtpx:speed>1.27</gpxtpx:speed>
</gpxtpx:TrackPointExtension>
<opentracks:accuracy_horizontal>2.737</opentracks:accuracy_horizontal></extensions>
</trkpt>
<trkpt lat="-32.227809" lon="115.794965">
<ele>-4.9</ele>
<time>2026-08-31T09:13:59.682+08:00</time>
<extensions>
<gpxtpx:TrackPointExtension>
<gpxtpx:speed>1.26</gpxtpx:speed>
</gpxtpx:TrackPointExtension>
<opentracks:accuracy_horizontal>2.709</opentracks:accuracy_horizontal></extensions>
</trkpt>
<trkpt lat="-32.227847" lon="115.795066">
<ele>-3.7</ele>
<time>2026-08-31T09:14:08.671+08:00</time>
<extensions>
<gpxtpx:TrackPointExtension>
<gpxtpx:speed>1.21</gpxtpx:speed>
</gpxtpx:TrackPointExtension>
<opentracks:accuracy_horizontal>2.393</opentracks:accuracy_horizontal></extensions>
</trkpt>
<trkpt lat="-32.227886" lon="115.795163">
<ele>-4.2</ele>
<time>2026-08-31T09:14:15.687+08:00</time>
<extensions>
<gpxtpx:TrackPointExtension>
<gpxtpx:speed>1.3</gpxtpx:speed>
</gpxtpx:TrackPointExtension>
<opentracks:accuracy_horizontal>2.44</opentracks:accuracy_horizontal></extensions>
</trkpt>
<trkpt lat="-32.227913" lon="115.795273">
<ele>-4.4</ele>
<time>2026-08-31T09:14:24.678+08:00</time>
<extensions>
<gpxtpx:TrackPointExtension>
<gpxtpx:speed>1.25</gpxtpx:speed>
</gpxtpx:TrackPointExtension>
<opentracks:accuracy_horizontal>2.335</opentracks:accuracy_horizontal></extensions>
</trkpt>
<trkpt lat="-32.227927" lon="115.795381">
<ele>-4.9</ele>
<time>2026-08-31T09:14:31.681+08:00</time>
<extensions>
<gpxtpx:TrackPointExtension>
<gpxtpx:speed>1.37</gpxtpx:speed>
</gpxtpx:TrackPointExtension>
<opentracks:accuracy_horizontal>2.393</opentracks:accuracy_horizontal></extensions>
</trkpt>
<trkpt lat="-32.22794" lon="115.795496">
<ele>-5.5</ele>
<time>2026-08-31T09:14:39.678+08:00</time>
<extensions>
<gpxtpx:TrackPointExtension>
<gpxtpx:speed>1.36</gpxtpx:speed>
</gpxtpx:TrackPointExtension>
<opentracks:accuracy_horizontal>2.422</opentracks:accuracy_horizontal></extensions>
</trkpt>
<trkpt lat="-32.227961" lon="115.795607">
<ele>-5.8</ele>
<time>2026-08-31T09:14:47.689+08:00</time>
<extensions>
<gpxtpx:TrackPointExtension>
<gpxtpx:speed>1.34</gpxtpx:speed>
</gpxtpx:TrackPointExtension>
<opentracks:accuracy_horizontal>2.407</opentracks:accuracy_horizontal></extensions>
</trkpt>
<trkpt lat="-32.227985" lon="115.795718">
<ele>-5.5</ele>
<time>2026-08-31T09:14:55.672+08:00</time>
<extensions>
<gpxtpx:TrackPointExtension>
<gpxtpx:speed>1.32</gpxtpx:speed>
</gpxtpx:TrackPointExtension>
<opentracks:accuracy_horizontal>2.705</opentracks:accuracy_horizontal></extensions>
</trkpt>
<trkpt lat="-32.228003" lon="115.795837">
<ele>-7.1</ele>
<time>2026-08-31T09:15:04.686+08:00</time>
<extensions>
<gpxtpx:TrackPointExtension>
<gpxtpx:speed>1.3</gpxtpx:speed>
</gpxtpx:TrackPointExtension>
<opentracks:accuracy_horizontal>2.744</opentracks:accuracy_horizontal></extensions>
</trkpt>
<trkpt lat="-32.228019" lon="115.795942">
<ele>-6.5</ele>
<time>2026-08-31T09:15:11.679+08:00</time>
<extensions>
<gpxtpx:TrackPointExtension>
<gpxtpx:speed>1.34</gpxtpx:speed>
</gpxtpx:TrackPointExtension>
<opentracks:accuracy_horizontal>2.577</opentracks:accuracy_horizontal></extensions>
</trkpt>
<trkpt lat="-32.228034" lon="115.796055">
<ele>-7.2</ele>
<time>2026-08-31T09:15:19.673+08:00</time>
<extensions>
<gpxtpx:TrackPointExtension>
<gpxtpx:speed>1.34</gpxtpx:speed>
</gpxtpx:TrackPointExtension>
<opentracks:accuracy_horizontal>2.457</opentracks:accuracy_horizontal></extensions>
</trkpt>
<trkpt lat="-32.228039" lon="115.796167">
<ele>-6.8</ele>
<time>2026-08-31T09:15:27.684+08:00</time>
<extensions>
<gpxtpx:TrackPointExtension>
<gpxtpx:speed>1.31</gpxtpx:speed>
</gpxtpx:TrackPointExtension>
<opentracks:accuracy_horizontal>2.671</opentracks:accuracy_horizontal></extensions>
</trkpt>
<trkpt lat="-32.228051" lon="115.796286">
<ele>-7.3</ele>
<time>2026-08-31T09:15:35.687+08:00</time>
<extensions>
<gpxtpx:TrackPointExtension>
<gpxtpx:speed>1.34</gpxtpx:speed>
</gpxtpx:TrackPointExtension>
<opentracks:accuracy_horizontal>2.639</opentracks:accuracy_horizontal></extensions>
</trkpt>
<trkpt lat="-32.228049" lon="115.796403">
<ele>-7.8</ele>
<time>2026-08-31T09:15:44.687+08:00</time>
<extensions>
<gpxtpx:TrackPointExtension>
<gpxtpx:speed>1.25</gpxtpx:speed>
</gpxtpx:TrackPointExtension>
<opentracks:accuracy_horizontal>2.674</opentracks:accuracy_horizontal></extensions>
</trkpt>
<trkpt lat="-32.228052" lon="115.796514">
<ele>-6.9</ele>
<time>2026-08-31T09:15:51.717+08:00</time>
<extensions>
<gpxtpx:TrackPointExtension>
<gpxtpx:speed>1.32</gpxtpx:speed>
</gpxtpx:TrackPointExtension>
<opentracks:accuracy_horizontal>2.352</opentracks:accuracy_horizontal></extensions>
</trkpt>
<trkpt lat="-32.228062" lon="115.79663">
<ele>-7.9</ele>
<time>2026-08-31T09:16:00.692+08:00</time>
<extensions>
<gpxtpx:TrackPointExtension>
<gpxtpx:speed>1.26</gpxtpx:speed>
</gpxtpx:TrackPointExtension>
<opentracks:accuracy_horizontal>2.358</opentracks:accuracy_horizontal></extensions>
</trkpt>
<trkpt lat="-32.228078" lon="115.796747">
<ele>-9</ele>
<time>2026-08-31T09:16:08.714+08:00</time>
<extensions>
<gpxtpx:TrackPointExtension>
<gpxtpx:speed>1.33</gpxtpx:speed>
</gpxtpx:TrackPointExtension>
<opentracks:accuracy_horizontal>2.4</opentracks:accuracy_horizontal></extensions>
</trkpt>
<trkpt lat="-32.228078" lon="115.796854">
<ele>-8.5</ele>
<time>2026-08-31T09:16:16.669+08:00</time>
<extensions>
<gpxtpx:TrackPointExtension>
<gpxtpx:speed>1.28</gpxtpx:speed>
</gpxtpx:TrackPointExtension>
<opentracks:accuracy_horizontal>2.468</opentracks:accuracy_horizontal></extensions>
</trkpt>
<trkpt lat="-32.228075" lon="115.79697">
<ele>-8.7</ele>
<time>2026-08-31T09:16:24.681+08:00</time>
<extensions>
<gpxtpx:TrackPointExtension>
<gpxtpx:speed>1.33</gpxtpx:speed>
</gpxtpx:TrackPointExtension>
<opentracks:accuracy_horizontal>2.444</opentracks:accuracy_horizontal></extensions>
</trkpt>
<trkpt lat="-32.228083" lon="115.797078">
<ele>-9.8</ele>
<time>2026-08-31T09:16:31.673+08:00</time>
<extensions>
<gpxtpx:TrackPointExtension>
<gpxtpx:speed>1.38</gpxtpx:speed>
</gpxtpx:TrackPointExtension>
<opentracks:accuracy_horizontal>2.311</opentracks:accuracy_horizontal></extensions>
</trkpt>
<trkpt lat="-32.228097" lon="115.797196">
<ele>-10.5</ele>
<time>2026-08-31T09:16:40.686+08:00</time>
<extensions>
<gpxtpx:TrackPointExtension>
<gpxtpx:speed>1.3</gpxtpx:speed>
</gpxtpx:TrackPointExtension>
<opentracks:accuracy_horizontal>2.778</opentracks:accuracy_horizontal></extensions>
</trkpt>
<trkpt lat="-32.228093" lon="115.797309">
<ele>-10.1</ele>
<time>2026-08-31T09:16:47.687+08:00</time>
<extensions>
<gpxtpx:TrackPointExtension>
<gpxtpx:speed>1.4</gpxtpx:speed>
</gpxtpx:TrackPointExtension>
<opentracks:accuracy_horizontal>2.827</opentracks:accuracy_horizontal></extensions>
</trkpt>
<trkpt lat="-32.228105" lon="115.797296">
<ele>-10.4</ele>
<time>2026-08-31T09:16:57.654+08:00</time>
<extensions>
<gpxtpx:TrackPointExtension>
<gpxtpx:speed>0.35</gpxtpx:speed>
</gpxtpx:TrackPointExtension>
<opentracks:accuracy_horizontal>2.293</opentracks:accuracy_horizontal></extensions>
</trkpt>
<trkpt lat="-32.228101" lon="115.797408">
<ele>-12.4</ele>
<time>2026-08-31T09:17:46.653+08:00</time>
<extensions>
<gpxtpx:TrackPointExtension>
<gpxtpx:speed>1.21</gpxtpx:speed>
</gpxtpx:TrackPointExtension>
<opentracks:accuracy_horizontal>2.213</opentracks:accuracy_horizontal></extensions>
</trkpt>
<trkpt lat="-32.228094" lon="115.797517">
<ele>-11.2</ele>
<time>2026-08-31T09:17:53.671+08:00</time>
<extensions>
<gpxtpx:TrackPointExtension>
<gpxtpx:speed>1.38</gpxtpx:speed>
</gpxtpx:TrackPointExtension>
<opentracks:accuracy_horizontal>2.232</opentracks:accuracy_horizontal></extensions>
</trkpt>
<trkpt lat="-32.228099" lon="115.797613">
<ele>-11.9</ele>
<time>2026-08-31T09:18:02.683+08:00</time>
<extensions>
<gpxtpx:TrackPointExtension>
<gpxtpx:speed>1.17</gpxtpx:speed>
</gpxtpx:TrackPointExtension>
<opentracks:accuracy_horizontal>2.28</opentracks:accuracy_horizontal></extensions>
</trkpt>
<trkpt lat="-32.228092" lon="115.79772">
<ele>-14</ele>
<time>2026-08-31T09:18:11.687+08:00</time>
<extensions>
<gpxtpx:TrackPointExtension>
<gpxtpx:speed>0.48</gpxtpx:speed>
</gpxtpx:TrackPointExtension>
<opentracks:accuracy_horizontal>2.597</opentracks:accuracy_horizontal></extensions>
</trkpt>
<trkpt lat="-32.228096" lon="115.797831">
<ele>-15.6</ele>
<time>2026-08-31T09:18:21.688+08:00</time>
<extensions>
<gpxtpx:TrackPointExtension>
<gpxtpx:speed>0.83</gpxtpx:speed>
</gpxtpx:TrackPointExtension>
<opentracks:accuracy_horizontal>3.014</opentracks:accuracy_horizontal></extensions>
</trkpt>
<trkpt lat="-32.228107" lon="115.797938">
<ele>-14.5</ele>
<time>2026-08-31T09:18:28.682+08:00</time>
<extensions>
<gpxtpx:TrackPointExtension>
<gpxtpx:speed>1.01</gpxtpx:speed>
</gpxtpx:TrackPointExtension>
<opentracks:accuracy_horizontal>2.717</opentracks:accuracy_horizontal></extensions>
</trkpt>
<trkpt lat="-32.228121" lon="115.798057">
<ele>-15.5</ele>
<time>2026-08-31T09:18:35.694+08:00</time>
<extensions>
<gpxtpx:TrackPointExtension>
<gpxtpx:speed>1.42</gpxtpx:speed>
</gpxtpx:TrackPointExtension>
<opentracks:accuracy_horizontal>2.427</opentracks:accuracy_horizontal></extensions>
</trkpt>
<trkpt lat="-32.228106" lon="115.798171">
<ele>-14.9</ele>
<time>2026-08-31T09:18:43.684+08:00</time>
<extensions>
<gpxtpx:TrackPointExtension>
<gpxtpx:speed>1.3</gpxtpx:speed>
</gpxtpx:TrackPointExtension>
<opentracks:accuracy_horizontal>2.424</opentracks:accuracy_horizontal></extensions>
</trkpt>
<trkpt lat="-32.228095" lon="115.798289">
<ele>-15</ele>
<time>2026-08-31T09:18:51.687+08:00</time>
<extensions>
<gpxtpx:TrackPointExtension>
<gpxtpx:speed>1.3</gpxtpx:speed>
</gpxtpx:TrackPointExtension>
<opentracks:accuracy_horizontal>2.674</opentracks:accuracy_horizontal></extensions>
</trkpt>
<trkpt lat="-32.228094" lon="115.7984">
<ele>-13.9</ele>
<time>2026-08-31T09:18:58.68+08:00</time>
<extensions>
<gpxtpx:TrackPointExtension>
<gpxtpx:speed>1.37</gpxtpx:speed>
</gpxtpx:TrackPointExtension>
<opentracks:accuracy_horizontal>2.553</opentracks:accuracy_horizontal></extensions>
</trkpt>
<trkpt lat="-32.228084" lon="115.798515">
<ele>-13</ele>
<time>2026-08-31T09:19:07.674+08:00</time>
<extensions>
<gpxtpx:TrackPointExtension>
<gpxtpx:speed>1.26</gpxtpx:speed>
</gpxtpx:TrackPointExtension>
<opentracks:accuracy_horizontal>2.37</opentracks:accuracy_horizontal></extensions>
</trkpt>
<trkpt lat="-32.22809" lon="115.798628">
<ele>-13.5</ele>
<time>2026-08-31T09:19:15.681+08:00</time>
<extensions>
<gpxtpx:TrackPointExtension>
<gpxtpx:speed>1.27</gpxtpx:speed>
</gpxtpx:TrackPointExtension>
<opentracks:accuracy_horizontal>2.477</opentracks:accuracy_horizontal></extensions>
</trkpt>
<trkpt lat="-32.22811" lon="115.798742">
<ele>-13.4</ele>
<time>2026-08-31T09:19:23.692+08:00</time>
<extensions>
<gpxtpx:TrackPointExtension>
<gpxtpx:speed>1.31</gpxtpx:speed>
</gpxtpx:TrackPointExtension>
<opentracks:accuracy_horizontal>2.632</opentracks:accuracy_horizontal></extensions>
</trkpt>
<trkpt lat="-32.228124" lon="115.798853">
<ele>-11.4</ele>
<time>2026-08-31T09:19:31.689+08:00</time>
<extensions>
<gpxtpx:TrackPointExtension>
<gpxtpx:speed>1.29</gpxtpx:speed>
</gpxtpx:TrackPointExtension>
<opentracks:accuracy_horizontal>2.439</opentracks:accuracy_horizontal></extensions>
</trkpt>
<trkpt lat="-32.228123" lon="115.798963">
<ele>-12</ele>
<time>2026-08-31T09:19:38.694+08:00</time>
<extensions>
<gpxtpx:TrackPointExtension>
<gpxtpx:speed>1.4</gpxtpx:speed>
</gpxtpx:TrackPointExtension>
<opentracks:accuracy_horizontal>2.377</opentracks:accuracy_horizontal></extensions>
</trkpt>
<trkpt lat="-32.228112" lon="115.799072">
<ele>-12.7</ele>
<time>2026-08-31T09:19:46.698+08:00</time>
<extensions>
<gpxtpx:TrackPointExtension>
<gpxtpx:speed>1.34</gpxtpx:speed>
</gpxtpx:TrackPointExtension>
<opentracks:accuracy_horizontal>2.672</opentracks:accuracy_horizontal></extensions>
</trkpt>
<trkpt lat="-32.228121" lon="115.799194">
<ele>-12.4</ele>
<time>2026-08-31T09:19:55.695+08:00</time>
<extensions>
<gpxtpx:TrackPointExtension>
<gpxtpx:speed>1.3</gpxtpx:speed>
</gpxtpx:TrackPointExtension>
<opentracks:accuracy_horizontal>2.357</opentracks:accuracy_horizontal></extensions>
</trkpt>
<trkpt lat="-32.228113" lon="115.799301">
<ele>-12.8</ele>
<time>2026-08-31T09:20:02.675+08:00</time>
<extensions>
<gpxtpx:TrackPointExtension>
<gpxtpx:speed>1.38</gpxtpx:speed>
</gpxtpx:TrackPointExtension>
<opentracks:accuracy_horizontal>2.258</opentracks:accuracy_horizontal></extensions>
</trkpt>
<trkpt lat="-32.2281" lon="115.799412">
<ele>-12.3</ele>
<time>2026-08-31T09:20:09.654+08:00</time>
<extensions>
<gpxtpx:TrackPointExtension>
<gpxtpx:speed>1.5</gpxtpx:speed>
</gpxtpx:TrackPointExtension>
<opentracks:accuracy_horizontal>2.205</opentracks:accuracy_horizontal></extensions>
</trkpt>
<trkpt lat="-32.228096" lon="115.799522">
<ele>-12.5</ele>
<time>2026-08-31T09:20:18.678+08:00</time>
<extensions>
<gpxtpx:TrackPointExtension>
<gpxtpx:speed>1.34</gpxtpx:speed>
</gpxtpx:TrackPointExtension>
<opentracks:accuracy_horizontal>2.26</opentracks:accuracy_horizontal></extensions>
</trkpt>
<trkpt lat="-32.228107" lon="115.79963">
<ele>-12.3</ele>
<time>2026-08-31T09:20:26.678+08:00</time>
<extensions>
<gpxtpx:TrackPointExtension>
<gpxtpx:speed>1.31</gpxtpx:speed>
</gpxtpx:TrackPointExtension>
<opentracks:accuracy_horizontal>2.127</opentracks:accuracy_horizontal></extensions>
</trkpt>
<trkpt lat="-32.228136" lon="115.799736">
<ele>-13</ele>
<time>2026-08-31T09:20:34.688+08:00</time>
<extensions>
<gpxtpx:TrackPointExtension>
<gpxtpx:speed>1.29</gpxtpx:speed>
</gpxtpx:TrackPointExtension>
<opentracks:accuracy_horizontal>2.111</opentracks:accuracy_horizontal></extensions>
</trkpt>
<trkpt lat="-32.228138" lon="115.799851">
<ele>-14</ele>
<time>2026-08-31T09:20:42.676+08:00</time>
<extensions>
<gpxtpx:TrackPointExtension>
<gpxtpx:speed>1.3</gpxtpx:speed>
</gpxtpx:TrackPointExtension>
<opentracks:accuracy_horizontal>2.109</opentracks:accuracy_horizontal></extensions>
</trkpt>
<trkpt lat="-32.228113" lon="115.799956">
<ele>-13.8</ele>
<time>2026-08-31T09:20:50.656+08:00</time>
<extensions>
<gpxtpx:TrackPointExtension>
<gpxtpx:speed>1.27</gpxtpx:speed>
</gpxtpx:TrackPointExtension>
<opentracks:accuracy_horizontal>2.137</opentracks:accuracy_horizontal></extensions>
</trkpt>
<trkpt lat="-32.228099" lon="115.800067">
<ele>-13.6</ele>
<time>2026-08-31T09:20:58.678+08:00</time>
<extensions>
<gpxtpx:TrackPointExtension>
<gpxtpx:speed>1.29</gpxtpx:speed>
</gpxtpx:TrackPointExtension>
<opentracks:accuracy_horizontal>2.109</opentracks:accuracy_horizontal></extensions>
</trkpt>
<trkpt lat="-32.228105" lon="115.800178">
<ele>-13.9</ele>
<time>2026-08-31T09:21:07.703+08:00</time>
<extensions>
<gpxtpx:TrackPointExtension>
<gpxtpx:speed>1.2</gpxtpx:speed>
</gpxtpx:TrackPointExtension>
<opentracks:accuracy_horizontal>2.121</opentracks:accuracy_horizontal></extensions>
</trkpt>
<trkpt lat="-32.228083" lon="115.800292">
<ele>-14.1</ele>
<time>2026-08-31T09:21:15.665+08:00</time>
<extensions>
<gpxtpx:TrackPointExtension>
<gpxtpx:speed>1.27</gpxtpx:speed>
</gpxtpx:TrackPointExtension>
<opentracks:accuracy_horizontal>2.094</opentracks:accuracy_horizontal></extensions>
</trkpt>
<trkpt lat="-32.228056" lon="115.800397">
<ele>-14.2</ele>
<time>2026-08-31T09:21:23.664+08:00</time>
<extensions>
<gpxtpx:TrackPointExtension>
<gpxtpx:speed>1.29</gpxtpx:speed>
</gpxtpx:TrackPointExtension>
<opentracks:accuracy_horizontal>2.112</opentracks:accuracy_horizontal></extensions>
</trkpt>
<trkpt lat="-32.22805" lon="115.800513">
<ele>-15</ele>
<time>2026-08-31T09:21:31.656+08:00</time>
<extensions>
<gpxtpx:TrackPointExtension>
<gpxtpx:speed>1.34</gpxtpx:speed>
</gpxtpx:TrackPointExtension>
<opentracks:accuracy_horizontal>2.319</opentracks:accuracy_horizontal></extensions>
</trkpt>
<trkpt lat="-32.228036" lon="115.800619">
<ele>-14.6</ele>
<time>2026-08-31T09:21:39.694+08:00</time>
<extensions>
<gpxtpx:TrackPointExtension>
<gpxtpx:speed>1.32</gpxtpx:speed>
</gpxtpx:TrackPointExtension>
<opentracks:accuracy_horizontal>2.291</opentracks:accuracy_horizontal></extensions>
</trkpt>
<trkpt lat="-32.228008" lon="115.800724">
<ele>-15.5</ele>
<time>2026-08-31T09:21:48.694+08:00</time>
<extensions>
<gpxtpx:TrackPointExtension>
<gpxtpx:speed>1.22</gpxtpx:speed>
</gpxtpx:TrackPointExtension>
<opentracks:accuracy_horizontal>2.153</opentracks:accuracy_horizontal></extensions>
</trkpt>
<trkpt lat="-32.227998" lon="115.800837">
<ele>-15.3</ele>
<time>2026-08-31T09:21:57.699+08:00</time>
<extensions>
<gpxtpx:TrackPointExtension>
<gpxtpx:speed>1.19</gpxtpx:speed>
</gpxtpx:TrackPointExtension>
<opentracks:accuracy_horizontal>2.162</opentracks:accuracy_horizontal></extensions>
</trkpt>
<trkpt lat="-32.227975" lon="115.800948">
<ele>-16</ele>
<time>2026-08-31T09:22:06.654+08:00</time>
<extensions>
<gpxtpx:TrackPointExtension>
<gpxtpx:speed>1.19</gpxtpx:speed>
</gpxtpx:TrackPointExtension>
<opentracks:accuracy_horizontal>2.2</opentracks:accuracy_horizontal></extensions>
</trkpt>
<trkpt lat="-32.227923" lon="115.801042">
<ele>-17</ele>
<time>2026-08-31T09:22:14.659+08:00</time>
<extensions>
<gpxtpx:TrackPointExtension>
<gpxtpx:speed>1.27</gpxtpx:speed>
</gpxtpx:TrackPointExtension>
<opentracks:accuracy_horizontal>2.302</opentracks:accuracy_horizontal></extensions>
</trkpt>
<trkpt lat="-32.227876" lon="115.801149">
<ele>-15.8</ele>
<time>2026-08-31T09:22:22.675+08:00</time>
<extensions>
<gpxtpx:TrackPointExtension>
<gpxtpx:speed>1.34</gpxtpx:speed>
</gpxtpx:TrackPointExtension>
<opentracks:accuracy_horizontal>2.652</opentracks:accuracy_horizontal></extensions>
</trkpt>
<trkpt lat="-32.227866" lon="115.801259">
<ele>-15.3</ele>
<time>2026-08-31T09:22:30.689+08:00</time>
<extensions>
<gpxtpx:TrackPointExtension>
<gpxtpx:speed>1.29</gpxtpx:speed>
</gpxtpx:TrackPointExtension>
<opentracks:accuracy_horizontal>2.449</opentracks:accuracy_horizontal></extensions>
</trkpt>
<trkpt lat="-32.227904" lon="115.801301">
<ele>-20.2</ele>
<time>2026-08-31T09:22:40.679+08:00</time>
<extensions>
<gpxtpx:TrackPointExtension>
<gpxtpx:speed>0.15</gpxtpx:speed>
</gpxtpx:TrackPointExtension>
<opentracks:accuracy_horizontal>2.501</opentracks:accuracy_horizontal></extensions>
</trkpt>
<trkpt lat="-32.227886" lon="115.801415">
<ele>-18.5</ele>
<time>2026-08-31T09:22:55.687+08:00</time>
<extensions>
<gpxtpx:TrackPointExtension>
<gpxtpx:speed>1.29</gpxtpx:speed>
</gpxtpx:TrackPointExtension>
<opentracks:accuracy_horizontal>2.202</opentracks:accuracy_horizontal></extensions>
</trkpt>
<trkpt lat="-32.227908" lon="115.801518">
<ele>-16.4</ele>
<time>2026-08-31T09:23:04.688+08:00</time>
<extensions>
<gpxtpx:TrackPointExtension>
<gpxtpx:speed>1.16</gpxtpx:speed>
</gpxtpx:TrackPointExtension>
<opentracks:accuracy_horizontal>3.181</opentracks:accuracy_horizontal></extensions>
</trkpt>
<trkpt lat="-32.227999" lon="115.801557">
<ele>-15.9</ele>
<time>2026-08-31T09:23:11.691+08:00</time>
<extensions>
<gpxtpx:TrackPointExtension>
<gpxtpx:speed>1.31</gpxtpx:speed>
</gpxtpx:TrackPointExtension>
<opentracks:accuracy_horizontal>3.169</opentracks:accuracy_horizontal></extensions>
</trkpt>
<trkpt lat="-32.22803" lon="115.801587">
<ele>-13.2</ele>
<time>2026-08-31T09:23:21.674+08:00</time>
<extensions>
<gpxtpx:TrackPointExtension>
<gpxtpx:speed>0.13</gpxtpx:speed>
</gpxtpx:TrackPointExtension>
<opentracks:accuracy_horizontal>3.251</opentracks:accuracy_horizontal></extensions>
</trkpt>
<trkpt lat="-32.228106" lon="115.801667">
<ele>-12.9</ele>
<time>2026-08-31T09:23:28.685+08:00</time>
<extensions>
<gpxtpx:TrackPointExtension>
<gpxtpx:speed>1.47</gpxtpx:speed>
</gpxtpx:TrackPointExtension>
<opentracks:accuracy_horizontal>2.746</opentracks:accuracy_horizontal></extensions>
</trkpt>
<trkpt lat="-32.228166" lon="115.801707">
<ele>-12.8</ele>
<time>2026-08-31T09:23:38.705+08:00</time>
<extensions>
<gpxtpx:TrackPointExtension>
<gpxtpx:speed>1.1</gpxtpx:speed>
</gpxtpx:TrackPointExtension>
<opentracks:accuracy_horizontal>3.014</opentracks:accuracy_horizontal></extensions>
</trkpt>
<trkpt lat="-32.228224" lon="115.801797">
<ele>-11.8</ele>
<time>2026-08-31T09:23:45.667+08:00</time>
<extensions>
<gpxtpx:TrackPointExtension>
<gpxtpx:speed>1.38</gpxtpx:speed>
</gpxtpx:TrackPointExtension>
<opentracks:accuracy_horizontal>2.886</opentracks:accuracy_horizontal></extensions>
</trkpt>
<trkpt lat="-32.228292" lon="115.801873">
<ele>-14.7</ele>
<time>2026-08-31T09:23:53.674+08:00</time>
<extensions>
<gpxtpx:TrackPointExtension>
<gpxtpx:speed>1.35</gpxtpx:speed>
</gpxtpx:TrackPointExtension>
<opentracks:accuracy_horizontal>2.391</opentracks:accuracy_horizontal></extensions>
</trkpt>
<trkpt lat="-32.228355" lon="115.801959">
<ele>-13.5</ele>
<time>2026-08-31T09:24:01.69+08:00</time>
<extensions>
<gpxtpx:TrackPointExtension>
<gpxtpx:speed>1.32</gpxtpx:speed>
</gpxtpx:TrackPointExtension>
<opentracks:accuracy_horizontal>2.466</opentracks:accuracy_horizontal></extensions>
</trkpt>
<trkpt lat="-32.228438" lon="115.802008">
<ele>-13.6</ele>
<time>2026-08-31T09:24:09.672+08:00</time>
<extensions>
<gpxtpx:TrackPointExtension>
<gpxtpx:speed>1.33</gpxtpx:speed>
</gpxtpx:TrackPointExtension>
<opentracks:accuracy_horizontal>2.572</opentracks:accuracy_horizontal></extensions>
</trkpt>
<trkpt lat="-32.228528" lon="115.801974">
<ele>-12.8</ele>
<time>2026-08-31T09:24:16.686+08:00</time>
<extensions>
<gpxtpx:TrackPointExtension>
<gpxtpx:speed>1.38</gpxtpx:speed>
</gpxtpx:TrackPointExtension>
<opentracks:accuracy_horizontal>2.739</opentracks:accuracy_horizontal></extensions>
</trkpt>
<trkpt lat="-32.228518" lon="115.801967">
<ele>-13.8</ele>
<time>2026-08-31T09:24:25.734+08:00</time>
<extensions>
<gpxtpx:TrackPointExtension>
<gpxtpx:speed>0.06</gpxtpx:speed>
</gpxtpx:TrackPointExtension>
<opentracks:accuracy_horizontal>2.767</opentracks:accuracy_horizontal></extensions>
</trkpt>
<trkpt lat="-32.228578" lon="115.802055">
<ele>-12.8</ele>
<time>2026-08-31T09:24:53.688+08:00</time>
<extensions>
<gpxtpx:TrackPointExtension>
<gpxtpx:speed>1.53</gpxtpx:speed>
</gpxtpx:TrackPointExtension>
<opentracks:accuracy_horizontal>2.61</opentracks:accuracy_horizontal></extensions>
</trkpt>
<trkpt lat="-32.228557" lon="115.802161">
<ele>-13.7</ele>
<time>2026-08-31T09:25:02.726+08:00</time>
<extensions>
<gpxtpx:TrackPointExtension>
<gpxtpx:speed>1.24</gpxtpx:speed>
</gpxtpx:TrackPointExtension>
<opentracks:accuracy_horizontal>2.701</opentracks:accuracy_horizontal></extensions>
</trkpt>
<trkpt lat="-32.22862" lon="115.802252">
<ele>-15.2</ele>
<time>2026-08-31T09:25:11.748+08:00</time>
<extensions>
<gpxtpx:TrackPointExtension>
<gpxtpx:speed>1.25</gpxtpx:speed>
</gpxtpx:TrackPointExtension>
<opentracks:accuracy_horizontal>3.012</opentracks:accuracy_horizontal></extensions>
</trkpt>
<trkpt lat="-32.228678" lon="115.802336">
<ele>-14.2</ele>
<time>2026-08-31T09:25:19.738+08:00</time>
<extensions>
<gpxtpx:TrackPointExtension>
<gpxtpx:speed>1.22</gpxtpx:speed>
</gpxtpx:TrackPointExtension>
<opentracks:accuracy_horizontal>3.225</opentracks:accuracy_horizontal></extensions>
</trkpt>
<trkpt lat="-32.228739" lon="115.802421">
<ele>-13.7</ele>
<time>2026-08-31T09:25:28.74+08:00</time>
<extensions>
<gpxtpx:TrackPointExtension>
<gpxtpx:speed>1.17</gpxtpx:speed>
</gpxtpx:TrackPointExtension>
<opentracks:accuracy_horizontal>3.132</opentracks:accuracy_horizontal></extensions>
</trkpt>
<trkpt lat="-32.228801" lon="115.802503">
<ele>-12</ele>
<time>2026-08-31T09:25:36.741+08:00</time>
<extensions>
<gpxtpx:TrackPointExtension>
<gpxtpx:speed>1.21</gpxtpx:speed>
</gpxtpx:TrackPointExtension>
<opentracks:accuracy_horizontal>3.374</opentracks:accuracy_horizontal></extensions>
</trkpt>
<trkpt lat="-32.228866" lon="115.802582">
<ele>-11.9</ele>
<time>2026-08-31T09:25:44.768+08:00</time>
<extensions>
<gpxtpx:TrackPointExtension>
<gpxtpx:speed>1.2</gpxtpx:speed>
</gpxtpx:TrackPointExtension>
<opentracks:accuracy_horizontal>3.458</opentracks:accuracy_horizontal></extensions>
</trkpt>
<trkpt lat="-32.228917" lon="115.802661">
<ele>-13.2</ele>
<time>2026-08-31T09:25:54.747+08:00</time>
<extensions>
<gpxtpx:TrackPointExtension>
<gpxtpx:speed>0.9</gpxtpx:speed>
</gpxtpx:TrackPointExtension>
<opentracks:accuracy_horizontal>3.86</opentracks:accuracy_horizontal></extensions>
</trkpt>
<trkpt lat="-32.228982" lon="115.80274">
<ele>-15.6</ele>
<time>2026-08-31T09:26:03.769+08:00</time>
<extensions>
<gpxtpx:TrackPointExtension>
<gpxtpx:speed>1.21</gpxtpx:speed>
</gpxtpx:TrackPointExtension>
<opentracks:accuracy_horizontal>4.838</opentracks:accuracy_horizontal></extensions>
</trkpt>
<trkpt lat="-32.229016" lon="115.802777">
<ele>-15.9</ele>
<time>2026-08-31T09:26:13.756+08:00</time>
<extensions>
<gpxtpx:TrackPointExtension>
<gpxtpx:speed>0.24</gpxtpx:speed>
</gpxtpx:TrackPointExtension>
<opentracks:accuracy_horizontal>3.664</opentracks:accuracy_horizontal></extensions>
</trkpt>
<trkpt lat="-32.229094" lon="115.802706">
<ele>-17.2</ele>
<time>2026-08-31T09:26:53.739+08:00</time>
<extensions>
<gpxtpx:TrackPointExtension>
<gpxtpx:speed>1.25</gpxtpx:speed>
</gpxtpx:TrackPointExtension>
<opentracks:accuracy_horizontal>5.058</opentracks:accuracy_horizontal></extensions>
</trkpt>
<trkpt lat="-32.22916" lon="115.80264">
<ele>-16.8</ele>
<time>2026-08-31T09:27:03.753+08:00</time>
<extensions>
<gpxtpx:TrackPointExtension>
<gpxtpx:speed>1.14</gpxtpx:speed>
</gpxtpx:TrackPointExtension>
<opentracks:accuracy_horizontal>5.011</opentracks:accuracy_horizontal></extensions>
</trkpt>
<trkpt lat="-32.229244" lon="115.80257">
<ele>-14</ele>
<time>2026-08-31T09:27:10.743+08:00</time>
<extensions>
<gpxtpx:TrackPointExtension>
<gpxtpx:speed>1.09</gpxtpx:speed>
</gpxtpx:TrackPointExtension>
<opentracks:accuracy_horizontal>3.305</opentracks:accuracy_horizontal></extensions>
</trkpt>
<trkpt lat="-32.229333" lon="115.802508">
<ele>-11.4</ele>
<time>2026-08-31T09:27:17.689+08:00</time>
<extensions>
<gpxtpx:TrackPointExtension>
<gpxtpx:speed>1.48</gpxtpx:speed>
</gpxtpx:TrackPointExtension>
<opentracks:accuracy_horizontal>2.471</opentracks:accuracy_horizontal></extensions>
</trkpt>
<trkpt lat="-32.229413" lon="115.80244">
<ele>-9.9</ele>
<time>2026-08-31T09:27:24.696+08:00</time>
<extensions>
<gpxtpx:TrackPointExtension>
<gpxtpx:speed>1.47</gpxtpx:speed>
</gpxtpx:TrackPointExtension>
<opentracks:accuracy_horizontal>2.404</opentracks:accuracy_horizontal></extensions>
</trkpt>
<trkpt lat="-32.229479" lon="115.802366">
<ele>-10</ele>
<time>2026-08-31T09:27:31.688+08:00</time>
<extensions>
<gpxtpx:TrackPointExtension>
<gpxtpx:speed>1.42</gpxtpx:speed>
</gpxtpx:TrackPointExtension>
<opentracks:accuracy_horizontal>2.441</opentracks:accuracy_horizontal></extensions>
</trkpt>
<trkpt lat="-32.229552" lon="115.80229">
<ele>-11.4</ele>
<time>2026-08-31T09:27:39.696+08:00</time>
<extensions>
<gpxtpx:TrackPointExtension>
<gpxtpx:speed>1.37</gpxtpx:speed>
</gpxtpx:TrackPointExtension>
<opentracks:accuracy_horizontal>2.376</opentracks:accuracy_horizontal></extensions>
</trkpt>
<trkpt lat="-32.229625" lon="115.802209">
<ele>-10.9</ele>
<time>2026-08-31T09:27:46.697+08:00</time>
<extensions>
<gpxtpx:TrackPointExtension>
<gpxtpx:speed>1.45</gpxtpx:speed>
</gpxtpx:TrackPointExtension>
<opentracks:accuracy_horizontal>2.495</opentracks:accuracy_horizontal></extensions>
</trkpt>
<trkpt lat="-32.229704" lon="115.802135">
<ele>-10.7</ele>
<time>2026-08-31T09:27:54.691+08:00</time>
<extensions>
<gpxtpx:TrackPointExtension>
<gpxtpx:speed>1.39</gpxtpx:speed>
</gpxtpx:TrackPointExtension>
<opentracks:accuracy_horizontal>2.919</opentracks:accuracy_horizontal></extensions>
</trkpt>
<trkpt lat="-32.229791" lon="115.802074">
<ele>-9.8</ele>
<time>2026-08-31T09:28:02.686+08:00</time>
<extensions>
<gpxtpx:TrackPointExtension>
<gpxtpx:speed>1.37</gpxtpx:speed>
</gpxtpx:TrackPointExtension>
<opentracks:accuracy_horizontal>2.495</opentracks:accuracy_horizontal></extensions>
</trkpt>
<trkpt lat="-32.229863" lon="115.802003">
<ele>-9.8</ele>
<time>2026-08-31T09:28:09.704+08:00</time>
<extensions>
<gpxtpx:TrackPointExtension>
<gpxtpx:speed>1.4</gpxtpx:speed>
</gpxtpx:TrackPointExtension>
<opentracks:accuracy_horizontal>2.417</opentracks:accuracy_horizontal></extensions>
</trkpt>
<trkpt lat="-32.229933" lon="115.801916">
<ele>-10.4</ele>
<time>2026-08-31T09:28:15.687+08:00</time>
<extensions>
<gpxtpx:TrackPointExtension>
<gpxtpx:speed>1.57</gpxtpx:speed>
</gpxtpx:TrackPointExtension>
<opentracks:accuracy_horizontal>2.503</opentracks:accuracy_horizontal></extensions>
</trkpt>
<trkpt lat="-32.229986" lon="115.801907">
<ele>-10.9</ele>
<time>2026-08-31T09:28:25.699+08:00</time>
<extensions>
<gpxtpx:TrackPointExtension>
<gpxtpx:speed>0.3</gpxtpx:speed>
</gpxtpx:TrackPointExtension>
<opentracks:accuracy_horizontal>2.733</opentracks:accuracy_horizontal></extensions>
</trkpt>
<trkpt lat="-32.230047" lon="115.80182">
<ele>-11.7</ele>
<time>2026-08-31T09:29:06.719+08:00</time>
<extensions>
<gpxtpx:TrackPointExtension>
<gpxtpx:speed>1.16</gpxtpx:speed>
</gpxtpx:TrackPointExtension>
<opentracks:accuracy_horizontal>2.556</opentracks:accuracy_horizontal></extensions>
</trkpt>
<trkpt lat="-32.230131" lon="115.801752">
<ele>-11.2</ele>
<time>2026-08-31T09:29:14.688+08:00</time>
<extensions>
<gpxtpx:TrackPointExtension>
<gpxtpx:speed>1.31</gpxtpx:speed>
</gpxtpx:TrackPointExtension>
<opentracks:accuracy_horizontal>2.704</opentracks:accuracy_horizontal></extensions>
</trkpt>
<trkpt lat="-32.230199" lon="115.801673">
<ele>-11.1</ele>
<time>2026-08-31T09:29:21.691+08:00</time>
<extensions>
<gpxtpx:TrackPointExtension>
<gpxtpx:speed>1.37</gpxtpx:speed>
</gpxtpx:TrackPointExtension>
<opentracks:accuracy_horizontal>2.994</opentracks:accuracy_horizontal></extensions>
</trkpt>
<trkpt lat="-32.230273" lon="115.801601">
<ele>-11.2</ele>
<time>2026-08-31T09:29:30.726+08:00</time>
<extensions>
<gpxtpx:TrackPointExtension>
<gpxtpx:speed>1.25</gpxtpx:speed>
</gpxtpx:TrackPointExtension>
<opentracks:accuracy_horizontal>2.665</opentracks:accuracy_horizontal></extensions>
</trkpt>
<trkpt lat="-32.230349" lon="115.801524">
<ele>-13.8</ele>
<time>2026-08-31T09:29:38.707+08:00</time>
<extensions>
<gpxtpx:TrackPointExtension>
<gpxtpx:speed>1.27</gpxtpx:speed>
</gpxtpx:TrackPointExtension>
<opentracks:accuracy_horizontal>2.764</opentracks:accuracy_horizontal></extensions>
</trkpt>
<trkpt lat="-32.230424" lon="115.801452">
<ele>-13</ele>
<time>2026-08-31T09:29:45.686+08:00</time>
<extensions>
<gpxtpx:TrackPointExtension>
<gpxtpx:speed>1.37</gpxtpx:speed>
</gpxtpx:TrackPointExtension>
<opentracks:accuracy_horizontal>2.623</opentracks:accuracy_horizontal></extensions>
</trkpt>
<trkpt lat="-32.230492" lon="115.801457">
<ele>-12.7</ele>
<time>2026-08-31T09:29:54.697+08:00</time>
<extensions>
<gpxtpx:TrackPointExtension>
<gpxtpx:speed>1.17</gpxtpx:speed>
</gpxtpx:TrackPointExtension>
<opentracks:accuracy_horizontal>3.156</opentracks:accuracy_horizontal></extensions>
</trkpt>
<trkpt lat="-32.230511" lon="115.801346">
<ele>-14.3</ele>
<time>2026-08-31T09:30:04.75+08:00</time>
<extensions>
<gpxtpx:TrackPointExtension>
<gpxtpx:speed>1.3</gpxtpx:speed>
</gpxtpx:TrackPointExtension>
<opentracks:accuracy_horizontal>2.71</opentracks:accuracy_horizontal></extensions>
</trkpt>
<trkpt lat="-32.230595" lon="115.80129">
<ele>-13.9</ele>
<time>2026-08-31T09:30:11.705+08:00</time>
<extensions>
<gpxtpx:TrackPointExtension>
<gpxtpx:speed>1.41</gpxtpx:speed>
</gpxtpx:TrackPointExtension>
<opentracks:accuracy_horizontal>2.49</opentracks:accuracy_horizontal></extensions>
</trkpt>
<trkpt lat="-32.230658" lon="115.801213">
<ele>-14.3</ele>
<time>2026-08-31T09:30:19.735+08:00</time>
<extensions>
<gpxtpx:TrackPointExtension>
<gpxtpx:speed>1.31</gpxtpx:speed>
</gpxtpx:TrackPointExtension>
<opentracks:accuracy_horizontal>2.503</opentracks:accuracy_horizontal></extensions>
</trkpt>
<trkpt lat="-32.230728" lon="115.801145">
<ele>-15.5</ele>
<time>2026-08-31T09:30:27.741+08:00</time>
<extensions>
<gpxtpx:TrackPointExtension>
<gpxtpx:speed>1.24</gpxtpx:speed>
</gpxtpx:TrackPointExtension>
<opentracks:accuracy_horizontal>2.706</opentracks:accuracy_horizontal></extensions>
</trkpt>
<trkpt lat="-32.230807" lon="115.80109">
<ele>-15.6</ele>
<time>2026-08-31T09:30:35.692+08:00</time>
<extensions>
<gpxtpx:TrackPointExtension>
<gpxtpx:speed>1.23</gpxtpx:speed>
</gpxtpx:TrackPointExtension>
<opentracks:accuracy_horizontal>2.642</opentracks:accuracy_horizontal></extensions>
</trkpt>
<trkpt lat="-32.230885" lon="115.801021">
<ele>-15.1</ele>
<time>2026-08-31T09:30:44.698+08:00</time>
<extensions>
<gpxtpx:TrackPointExtension>
<gpxtpx:speed>1.21</gpxtpx:speed>
</gpxtpx:TrackPointExtension>
<opentracks:accuracy_horizontal>2.58</opentracks:accuracy_horizontal></extensions>
</trkpt>
<trkpt lat="-32.230946" lon="115.800937">
<ele>-15.5</ele>
<time>2026-08-31T09:30:53.735+08:00</time>
<extensions>
<gpxtpx:TrackPointExtension>
<gpxtpx:speed>1.15</gpxtpx:speed>
</gpxtpx:TrackPointExtension>
<opentracks:accuracy_horizontal>2.669</opentracks:accuracy_horizontal></extensions>
</trkpt>
<trkpt lat="-32.231036" lon="115.800857">
<ele>-16.1</ele>
<time>2026-08-31T09:30:58.732+08:00</time>
<extensions>
<gpxtpx:TrackPointExtension>
<gpxtpx:speed>1.61</gpxtpx:speed>
</gpxtpx:TrackPointExtension>
<opentracks:accuracy_horizontal>2.612</opentracks:accuracy_horizontal></extensions>
</trkpt>
<trkpt lat="-32.231116" lon="115.800786">
<ele>-16.9</ele>
<time>2026-08-31T09:31:02.73+08:00</time>
<extensions>
<gpxtpx:TrackPointExtension>
<gpxtpx:speed>1.43</gpxtpx:speed>
</gpxtpx:TrackPointExtension>
<opentracks:accuracy_horizontal>2.594</opentracks:accuracy_horizontal></extensions>
</trkpt>
<trkpt lat="-32.231191" lon="115.800708">
<ele>-16.7</ele>
<time>2026-08-31T09:31:08.701+08:00</time>
<extensions>
<gpxtpx:TrackPointExtension>
<gpxtpx:speed>1.72</gpxtpx:speed>
</gpxtpx:TrackPointExtension>
<opentracks:accuracy_horizontal>2.647</opentracks:accuracy_horizontal></extensions>
</trkpt>
<trkpt lat="-32.23126" lon="115.800642">
<ele>-16.7</ele>
<time>2026-08-31T09:31:17.746+08:00</time>
<extensions>
<gpxtpx:TrackPointExtension>
<gpxtpx:speed>1.28</gpxtpx:speed>
</gpxtpx:TrackPointExtension>
<opentracks:accuracy_horizontal>2.57</opentracks:accuracy_horizontal></extensions>
</trkpt>
<trkpt lat="-32.231332" lon="115.80056">
<ele>-18.5</ele>
<time>2026-08-31T09:31:25.733+08:00</time>
<extensions>
<gpxtpx:TrackPointExtension>
<gpxtpx:speed>1.31</gpxtpx:speed>
</gpxtpx:TrackPointExtension>
<opentracks:accuracy_horizontal>2.562</opentracks:accuracy_horizontal></extensions>
</trkpt>
<trkpt lat="-32.231412" lon="115.800505">
<ele>-18.6</ele>
<time>2026-08-31T09:31:33.737+08:00</time>
<extensions>
<gpxtpx:TrackPointExtension>
<gpxtpx:speed>1.22</gpxtpx:speed>
</gpxtpx:TrackPointExtension>
<opentracks:accuracy_horizontal>2.572</opentracks:accuracy_horizontal></extensions>
</trkpt>
<trkpt lat="-32.231486" lon="115.800426">
<ele>-20.9</ele>
<time>2026-08-31T09:31:42.742+08:00</time>
<extensions>
<gpxtpx:TrackPointExtension>
<gpxtpx:speed>1.18</gpxtpx:speed>
</gpxtpx:TrackPointExtension>
<opentracks:accuracy_horizontal>2.585</opentracks:accuracy_horizontal></extensions>
</trkpt>
<trkpt lat="-32.231565" lon="115.80034">
<ele>-21.4</ele>
<time>2026-08-31T09:31:50.734+08:00</time>
<extensions>
<gpxtpx:TrackPointExtension>
<gpxtpx:speed>1.3</gpxtpx:speed>
</gpxtpx:TrackPointExtension>
<opentracks:accuracy_horizontal>2.82</opentracks:accuracy_horizontal></extensions>
</trkpt>
<trkpt lat="-32.231645" lon="115.800287">
<ele>-20.6</ele>
<time>2026-08-31T09:31:59.694+08:00</time>
<extensions>
<gpxtpx:TrackPointExtension>
<gpxtpx:speed>1.19</gpxtpx:speed>
</gpxtpx:TrackPointExtension>
<opentracks:accuracy_horizontal>2.484</opentracks:accuracy_horizontal></extensions>
</trkpt>
<trkpt lat="-32.231715" lon="115.80022">
<ele>-20.3</ele>
<time>2026-08-31T09:32:07.755+08:00</time>
<extensions>
<gpxtpx:TrackPointExtension>
<gpxtpx:speed>1.18</gpxtpx:speed>
</gpxtpx:TrackPointExtension>
<opentracks:accuracy_horizontal>2.372</opentracks:accuracy_horizontal></extensions>
</trkpt>
<trkpt lat="-32.231775" lon="115.800157">
<ele>-20.4</ele>
<time>2026-08-31T09:32:17.691+08:00</time>
<extensions>
<gpxtpx:TrackPointExtension>
<gpxtpx:speed>1.04</gpxtpx:speed>
</gpxtpx:TrackPointExtension>
<opentracks:accuracy_horizontal>2.558</opentracks:accuracy_horizontal></extensions>
</trkpt>
<trkpt lat="-32.231851" lon="115.800079">
<ele>-21.1</ele>
<time>2026-08-31T09:32:25.751+08:00</time>
<extensions>
<gpxtpx:TrackPointExtension>
<gpxtpx:speed>1.19</gpxtpx:speed>
</gpxtpx:TrackPointExtension>
<opentracks:accuracy_horizontal>2.425</opentracks:accuracy_horizontal></extensions>
</trkpt>
<trkpt lat="-32.231927" lon="115.800013">
<ele>-20.6</ele>
<time>2026-08-31T09:32:34.693+08:00</time>
<extensions>
<gpxtpx:TrackPointExtension>
<gpxtpx:speed>1.16</gpxtpx:speed>
</gpxtpx:TrackPointExtension>
<opentracks:accuracy_horizontal>2.728</opentracks:accuracy_horizontal></extensions>
</trkpt>
<trkpt lat="-32.23199" lon="115.799946">
<ele>-22.2</ele>
<time>2026-08-31T09:32:44.69+08:00</time>
<extensions>
<gpxtpx:TrackPointExtension>
<gpxtpx:speed>1.02</gpxtpx:speed>
</gpxtpx:TrackPointExtension>
<opentracks:accuracy_horizontal>2.831</opentracks:accuracy_horizontal></extensions>
</trkpt>
<trkpt lat="-32.232064" lon="115.799874">
<ele>-21.6</ele>
<time>2026-08-31T09:32:54.706+08:00</time>
<extensions>
<gpxtpx:TrackPointExtension>
<gpxtpx:speed>1.06</gpxtpx:speed>
</gpxtpx:TrackPointExtension>
<opentracks:accuracy_horizontal>2.425</opentracks:accuracy_horizontal></extensions>
</trkpt>
<trkpt lat="-32.232146" lon="115.799813">
<ele>-22.7</ele>
<time>2026-08-31T09:33:02.675+08:00</time>
<extensions>
<gpxtpx:TrackPointExtension>
<gpxtpx:speed>1.17</gpxtpx:speed>
</gpxtpx:TrackPointExtension>
<opentracks:accuracy_horizontal>2.531</opentracks:accuracy_horizontal></extensions>
</trkpt>
<trkpt lat="-32.23214" lon="115.799757">
<ele>-23.1</ele>
<time>2026-08-31T09:33:11.698+08:00</time>
<extensions>
<gpxtpx:TrackPointExtension>
<gpxtpx:speed>0.07</gpxtpx:speed>
</gpxtpx:TrackPointExtension>
<opentracks:accuracy_horizontal>2.735</opentracks:accuracy_horizontal></extensions>
</trkpt>
<trkpt lat="-32.232221" lon="115.799708">
<ele>-23</ele>
<time>2026-08-31T09:33:27.694+08:00</time>
<extensions>
<gpxtpx:TrackPointExtension>
<gpxtpx:speed>1.41</gpxtpx:speed>
</gpxtpx:TrackPointExtension>
<opentracks:accuracy_horizontal>2.629</opentracks:accuracy_horizontal></extensions>
</trkpt>
<trkpt lat="-32.23231" lon="115.799699">
<ele>-22.8</ele>
<time>2026-08-31T09:33:37.693+08:00</time>
<extensions>
<gpxtpx:TrackPointExtension>
<gpxtpx:speed>1.25</gpxtpx:speed>
</gpxtpx:TrackPointExtension>
<opentracks:accuracy_horizontal>3.052</opentracks:accuracy_horizontal></extensions>
</trkpt>
<trkpt lat="-32.232352" lon="115.79981">
<ele>-23</ele>
<time>2026-08-31T09:33:57.692+08:00</time>
<extensions>
<gpxtpx:TrackPointExtension>
<gpxtpx:speed>1.42</gpxtpx:speed>
</gpxtpx:TrackPointExtension>
<opentracks:accuracy_horizontal>2.646</opentracks:accuracy_horizontal></extensions>
</trkpt>
<trkpt lat="-32.232421" lon="115.799887">
<ele>-23.6</ele>
<time>2026-08-31T09:34:05.717+08:00</time>
<extensions>
<gpxtpx:TrackPointExtension>
<gpxtpx:speed>1.38</gpxtpx:speed>
</gpxtpx:TrackPointExtension>
<opentracks:accuracy_horizontal>2.495</opentracks:accuracy_horizontal></extensions>
</trkpt>
<trkpt lat="-32.232481" lon="115.799972">
<ele>-22</ele>
<time>2026-08-31T09:34:13.703+08:00</time>
<extensions>
<gpxtpx:TrackPointExtension>
<gpxtpx:speed>1.32</gpxtpx:speed>
</gpxtpx:TrackPointExtension>
<opentracks:accuracy_horizontal>2.509</opentracks:accuracy_horizontal></extensions>
</trkpt>
<trkpt lat="-32.232532" lon="115.800071">
<ele>-22.1</ele>
<time>2026-08-31T09:34:20.699+08:00</time>
<extensions>
<gpxtpx:TrackPointExtension>
<gpxtpx:speed>1.4</gpxtpx:speed>
</gpxtpx:TrackPointExtension>
<opentracks:accuracy_horizontal>2.847</opentracks:accuracy_horizontal></extensions>
</trkpt>
<trkpt lat="-32.232597" lon="115.800166">
<ele>-21.7</ele>
<time>2026-08-31T09:34:28.688+08:00</time>
<extensions>
<gpxtpx:TrackPointExtension>
<gpxtpx:speed>1.42</gpxtpx:speed>
</gpxtpx:TrackPointExtension>
<opentracks:accuracy_horizontal>2.599</opentracks:accuracy_horizontal></extensions>
</trkpt>
<trkpt lat="-32.23267" lon="115.800242">
<ele>-21.6</ele>
<time>2026-08-31T09:34:36.743+08:00</time>
<extensions>
<gpxtpx:TrackPointExtension>
<gpxtpx:speed>1.36</gpxtpx:speed>
</gpxtpx:TrackPointExtension>
<opentracks:accuracy_horizontal>2.687</opentracks:accuracy_horizontal></extensions>
</trkpt>
<trkpt lat="-32.232721" lon="115.800331">
<ele>-20.8</ele>
<time>2026-08-31T09:34:44.713+08:00</time>
<extensions>
<gpxtpx:TrackPointExtension>
<gpxtpx:speed>1.29</gpxtpx:speed>
</gpxtpx:TrackPointExtension>
<opentracks:accuracy_horizontal>2.551</opentracks:accuracy_horizontal></extensions>
</trkpt>
<trkpt lat="-32.232796" lon="115.800422">
<ele>-23</ele>
<time>2026-08-31T09:34:51.699+08:00</time>
<extensions>
<gpxtpx:TrackPointExtension>
<gpxtpx:speed>1.5</gpxtpx:speed>
</gpxtpx:TrackPointExtension>
<opentracks:accuracy_horizontal>2.696</opentracks:accuracy_horizontal></extensions>
</trkpt>
<trkpt lat="-32.232832" lon="115.800488">
<ele>-21.5</ele>
<time>2026-08-31T09:35:01.705+08:00</time>
<extensions>
<gpxtpx:TrackPointExtension>
<gpxtpx:speed>0.19</gpxtpx:speed>
</gpxtpx:TrackPointExtension>
<opentracks:accuracy_horizontal>2.952</opentracks:accuracy_horizontal></extensions>
</trkpt>
<trkpt lat="-32.2329" lon="115.800567">
<ele>-25.4</ele>
<time>2026-08-31T09:35:30.706+08:00</time>
<extensions>
<gpxtpx:TrackPointExtension>
<gpxtpx:speed>1.4</gpxtpx:speed>
</gpxtpx:TrackPointExtension>
<opentracks:accuracy_horizontal>2.619</opentracks:accuracy_horizontal></extensions>
</trkpt>
<trkpt lat="-32.232957" lon="115.80065">
<ele>-23.6</ele>
<time>2026-08-31T09:35:37.698+08:00</time>
<extensions>
<gpxtpx:TrackPointExtension>
<gpxtpx:speed>1.38</gpxtpx:speed>
</gpxtpx:TrackPointExtension>
<opentracks:accuracy_horizontal>2.592</opentracks:accuracy_horizontal></extensions>
</trkpt>
<trkpt lat="-32.233031" lon="115.800738">
<ele>-22.4</ele>
<time>2026-08-31T09:35:45.699+08:00</time>
<extensions>
<gpxtpx:TrackPointExtension>
<gpxtpx:speed>1.4</gpxtpx:speed>
</gpxtpx:TrackPointExtension>
<opentracks:accuracy_horizontal>3.152</opentracks:accuracy_horizontal></extensions>
</trkpt>
<trkpt lat="-32.233072" lon="115.800828">
<ele>-22.3</ele>
<time>2026-08-31T09:35:55.685+08:00</time>
<extensions>
<gpxtpx:TrackPointExtension>
<gpxtpx:speed>1.09</gpxtpx:speed>
</gpxtpx:TrackPointExtension>
<opentracks:accuracy_horizontal>2.949</opentracks:accuracy_horizontal></extensions>
</trkpt>
<trkpt lat="-32.233129" lon="115.800925">
<ele>-21.8</ele>
<time>2026-08-31T09:36:03.708+08:00</time>
<extensions>
<gpxtpx:TrackPointExtension>
<gpxtpx:speed>1.23</gpxtpx:speed>
</gpxtpx:TrackPointExtension>
<opentracks:accuracy_horizontal>3.012</opentracks:accuracy_horizontal></extensions>
</trkpt>
<trkpt lat="-32.233185" lon="115.800983">
<ele>-23</ele>
<time>2026-08-31T09:36:12.686+08:00</time>
<extensions>
<gpxtpx:TrackPointExtension>
<gpxtpx:speed>0.92</gpxtpx:speed>
</gpxtpx:TrackPointExtension>
<opentracks:accuracy_horizontal>2.754</opentracks:accuracy_horizontal></extensions>
</trkpt>
<trkpt lat="-32.233228" lon="115.80109">
<ele>-21.3</ele>
<time>2026-08-31T09:36:24.716+08:00</time>
<extensions>
<gpxtpx:TrackPointExtension>
<gpxtpx:speed>1.36</gpxtpx:speed>
</gpxtpx:TrackPointExtension>
<opentracks:accuracy_horizontal>2.827</opentracks:accuracy_horizontal></extensions>
</trkpt>
<trkpt lat="-32.233302" lon="115.801166">
<ele>-21.8</ele>
<time>2026-08-31T09:36:32.693+08:00</time>
<extensions>
<gpxtpx:TrackPointExtension>
<gpxtpx:speed>1.33</gpxtpx:speed>
</gpxtpx:TrackPointExtension>
<opentracks:accuracy_horizontal>2.826</opentracks:accuracy_horizontal></extensions>
</trkpt>
<trkpt lat="-32.233353" lon="115.801253">
<ele>-21.1</ele>
<time>2026-08-31T09:36:40.702+08:00</time>
<extensions>
<gpxtpx:TrackPointExtension>
<gpxtpx:speed>1.3</gpxtpx:speed>
</gpxtpx:TrackPointExtension>
<opentracks:accuracy_horizontal>2.719</opentracks:accuracy_horizontal></extensions>
</trkpt>
<trkpt lat="-32.233422" lon="115.801334">
<ele>-21.4</ele>
<time>2026-08-31T09:36:47.697+08:00</time>
<extensions>
<gpxtpx:TrackPointExtension>
<gpxtpx:speed>1.38</gpxtpx:speed>
</gpxtpx:TrackPointExtension>
<opentracks:accuracy_horizontal>2.483</opentracks:accuracy_horizontal></extensions>
</trkpt>
<trkpt lat="-32.23349" lon="115.801422">
<ele>-22.3</ele>
<time>2026-08-31T09:36:54.711+08:00</time>
<extensions>
<gpxtpx:TrackPointExtension>
<gpxtpx:speed>1.47</gpxtpx:speed>
</gpxtpx:TrackPointExtension>
<opentracks:accuracy_horizontal>2.798</opentracks:accuracy_horizontal></extensions>
</trkpt>
<trkpt lat="-32.233544" lon="115.801516">
<ele>-21.6</ele>
<time>2026-08-31T09:37:01.704+08:00</time>
<extensions>
<gpxtpx:TrackPointExtension>
<gpxtpx:speed>1.51</gpxtpx:speed>
</gpxtpx:TrackPointExtension>
<opentracks:accuracy_horizontal>2.796</opentracks:accuracy_horizontal></extensions>
</trkpt>
<trkpt lat="-32.233611" lon="115.801602">
<ele>-21.7</ele>
<time>2026-08-31T09:37:09.685+08:00</time>
<extensions>
<gpxtpx:TrackPointExtension>
<gpxtpx:speed>1.45</gpxtpx:speed>
</gpxtpx:TrackPointExtension>
<opentracks:accuracy_horizontal>2.675</opentracks:accuracy_horizontal></extensions>
</trkpt>
<trkpt lat="-32.233664" lon="115.801703">
<ele>-21.8</ele>
<time>2026-08-31T09:37:17.679+08:00</time>
<extensions>
<gpxtpx:TrackPointExtension>
<gpxtpx:speed>1.4</gpxtpx:speed>
</gpxtpx:TrackPointExtension>
<opentracks:accuracy_horizontal>2.388</opentracks:accuracy_horizontal></extensions>
</trkpt>
<trkpt lat="-32.233718" lon="115.801795">
<ele>-20.5</ele>
<time>2026-08-31T09:37:24.666+08:00</time>
<extensions>
<gpxtpx:TrackPointExtension>
<gpxtpx:speed>1.6</gpxtpx:speed>
</gpxtpx:TrackPointExtension>
<opentracks:accuracy_horizontal>2.625</opentracks:accuracy_horizontal></extensions>
</trkpt>
<trkpt lat="-32.233794" lon="115.80187">
<ele>-22.4</ele>
<time>2026-08-31T09:37:33.678+08:00</time>
<extensions>
<gpxtpx:TrackPointExtension>
<gpxtpx:speed>1.46</gpxtpx:speed>
</gpxtpx:TrackPointExtension>
<opentracks:accuracy_horizontal>2.248</opentracks:accuracy_horizontal></extensions>
</trkpt>
<trkpt lat="-32.233852" lon="115.801966">
<ele>-22.5</ele>
<time>2026-08-31T09:37:41.678+08:00</time>
<extensions>
<gpxtpx:TrackPointExtension>
<gpxtpx:speed>1.43</gpxtpx:speed>
</gpxtpx:TrackPointExtension>
<opentracks:accuracy_horizontal>2.176</opentracks:accuracy_horizontal></extensions>
</trkpt>
<trkpt lat="-32.233876" lon="115.802071">
<ele>-22.9</ele>
<time>2026-08-31T09:37:49.676+08:00</time>
<extensions>
<gpxtpx:TrackPointExtension>
<gpxtpx:speed>1.37</gpxtpx:speed>
</gpxtpx:TrackPointExtension>
<opentracks:accuracy_horizontal>2.295</opentracks:accuracy_horizontal></extensions>
</trkpt>
<trkpt lat="-32.233879" lon="115.802187">
<ele>-23.4</ele>
<time>2026-08-31T09:37:57.685+08:00</time>
<extensions>
<gpxtpx:TrackPointExtension>
<gpxtpx:speed>1.36</gpxtpx:speed>
</gpxtpx:TrackPointExtension>
<opentracks:accuracy_horizontal>2.306</opentracks:accuracy_horizontal></extensions>
</trkpt>
<trkpt lat="-32.233883" lon="115.802302">
<ele>-21.8</ele>
<time>2026-08-31T09:38:05.677+08:00</time>
<extensions>
<gpxtpx:TrackPointExtension>
<gpxtpx:speed>1.34</gpxtpx:speed>
</gpxtpx:TrackPointExtension>
<opentracks:accuracy_horizontal>2.355</opentracks:accuracy_horizontal></extensions>
</trkpt>
<trkpt lat="-32.233875" lon="115.802412">
<ele>-20.7</ele>
<time>2026-08-31T09:38:12.691+08:00</time>
<extensions>
<gpxtpx:TrackPointExtension>
<gpxtpx:speed>1.4</gpxtpx:speed>
</gpxtpx:TrackPointExtension>
<opentracks:accuracy_horizontal>2.491</opentracks:accuracy_horizontal></extensions>
</trkpt>
<trkpt lat="-32.23388" lon="115.802529">
<ele>-17.6</ele>
<time>2026-08-31T09:38:20.673+08:00</time>
<extensions>
<gpxtpx:TrackPointExtension>
<gpxtpx:speed>1.39</gpxtpx:speed>
</gpxtpx:TrackPointExtension>
<opentracks:accuracy_horizontal>2.465</opentracks:accuracy_horizontal></extensions>
</trkpt>
<trkpt lat="-32.233889" lon="115.80264">
<ele>-18.3</ele>
<time>2026-08-31T09:38:29.673+08:00</time>
<extensions>
<gpxtpx:TrackPointExtension>
<gpxtpx:speed>1.28</gpxtpx:speed>
</gpxtpx:TrackPointExtension>
<opentracks:accuracy_horizontal>2.735</opentracks:accuracy_horizontal></extensions>
</trkpt>
<trkpt lat="-32.233887" lon="115.802762">
<ele>-19.4</ele>
<time>2026-08-31T09:38:38.67+08:00</time>
<extensions>
<gpxtpx:TrackPointExtension>
<gpxtpx:speed>1.31</gpxtpx:speed>
</gpxtpx:TrackPointExtension>
<opentracks:accuracy_horizontal>2.291</opentracks:accuracy_horizontal></extensions>
</trkpt>
<trkpt lat="-32.233883" lon="115.80287">
<ele>-18.8</ele>
<time>2026-08-31T09:38:46.679+08:00</time>
<extensions>
<gpxtpx:TrackPointExtension>
<gpxtpx:speed>1.28</gpxtpx:speed>
</gpxtpx:TrackPointExtension>
<opentracks:accuracy_horizontal>2.22</opentracks:accuracy_horizontal></extensions>
</trkpt>
<trkpt lat="-32.233885" lon="115.80296">
<ele>-16.3</ele>
<time>2026-08-31T09:38:56.679+08:00</time>
<extensions>
<gpxtpx:TrackPointExtension>
<gpxtpx:speed>1.03</gpxtpx:speed>
</gpxtpx:TrackPointExtension>
<opentracks:accuracy_horizontal>2.612</opentracks:accuracy_horizontal></extensions>
</trkpt>
<trkpt lat="-32.23385" lon="115.803064">
<ele>-16.4</ele>
<time>2026-08-31T09:39:15.697+08:00</time>
<extensions>
<gpxtpx:TrackPointExtension>
<gpxtpx:speed>1.21</gpxtpx:speed>
</gpxtpx:TrackPointExtension>
<opentracks:accuracy_horizontal>2.527</opentracks:accuracy_horizontal></extensions>
</trkpt>
<trkpt lat="-32.233804" lon="115.803094">
<ele>-14.8</ele>
<time>2026-08-31T09:39:25.7+08:00</time>
<extensions>
<gpxtpx:TrackPointExtension>
<gpxtpx:speed>0.91</gpxtpx:speed>
</gpxtpx:TrackPointExtension>
<opentracks:accuracy_horizontal>2.505</opentracks:accuracy_horizontal></extensions>
</trkpt>
<trkpt lat="-32.233712" lon="115.803097">
<ele>-17.3</ele>
<time>2026-08-31T09:39:36.74+08:00</time>
<extensions>
<gpxtpx:TrackPointExtension>
<gpxtpx:speed>0.83</gpxtpx:speed>
</gpxtpx:TrackPointExtension>
<opentracks:accuracy_horizontal>3.082</opentracks:accuracy_horizontal></extensions>
</trkpt>
<trkpt lat="-32.233621" lon="115.803111">
<ele>-17.4</ele>
<time>2026-08-31T09:39:43.694+08:00</time>
<extensions>
<gpxtpx:TrackPointExtension>
<gpxtpx:speed>1.15</gpxtpx:speed>
</gpxtpx:TrackPointExtension>
<opentracks:accuracy_horizontal>2.801</opentracks:accuracy_horizontal></extensions>
</trkpt>
<trkpt lat="-32.233518" lon="115.803128">
<ele>-16.3</ele>
<time>2026-08-31T09:39:51.707+08:00</time>
<extensions>
<gpxtpx:TrackPointExtension>
<gpxtpx:speed>1.22</gpxtpx:speed>
</gpxtpx:TrackPointExtension>
<opentracks:accuracy_horizontal>2.563</opentracks:accuracy_horizontal></extensions>
</trkpt>
<trkpt lat="-32.23342" lon="115.803127">
<ele>-16.8</ele>
<time>2026-08-31T09:40:00.703+08:00</time>
<extensions>
<gpxtpx:TrackPointExtension>
<gpxtpx:speed>1.19</gpxtpx:speed>
</gpxtpx:TrackPointExtension>
<opentracks:accuracy_horizontal>2.449</opentracks:accuracy_horizontal></extensions>
</trkpt>
<trkpt lat="-32.233328" lon="115.803123">
<ele>-15.4</ele>
<time>2026-08-31T09:40:07.699+08:00</time>
<extensions>
<gpxtpx:TrackPointExtension>
<gpxtpx:speed>1.28</gpxtpx:speed>
</gpxtpx:TrackPointExtension>
<opentracks:accuracy_horizontal>2.653</opentracks:accuracy_horizontal></extensions>
</trkpt>
<trkpt lat="-32.233244" lon="115.803065">
<ele>-16.1</ele>
<time>2026-08-31T09:40:17.709+08:00</time>
<extensions>
<gpxtpx:TrackPointExtension>
<gpxtpx:speed>1.14</gpxtpx:speed>
</gpxtpx:TrackPointExtension>
<opentracks:accuracy_horizontal>2.34</opentracks:accuracy_horizontal></extensions>
</trkpt>
<trkpt lat="-32.233209" lon="115.803007">
<ele>-14.5</ele>
<time>2026-08-31T09:40:26.75+08:00</time>
<extensions>
<gpxtpx:TrackPointExtension>
<gpxtpx:speed>0.17</gpxtpx:speed>
</gpxtpx:TrackPointExtension>
<opentracks:accuracy_horizontal>2.392</opentracks:accuracy_horizontal></extensions>
</trkpt>
<trkpt lat="-32.233216" lon="115.802893">
<ele>-16.3</ele>
<time>2026-08-31T09:40:37.751+08:00</time>
<extensions>
<gpxtpx:TrackPointExtension>
<gpxtpx:speed>0.17</gpxtpx:speed>
</gpxtpx:TrackPointExtension>
<opentracks:accuracy_horizontal>2.681</opentracks:accuracy_horizontal></extensions>
</trkpt>
<trkpt lat="-32.233219" lon="115.802845">
<ele>-16.9</ele>
<time>2026-08-31T09:40:47.756+08:00</time>
<extensions>
<gpxtpx:TrackPointExtension>
<gpxtpx:speed>0.33</gpxtpx:speed>
</gpxtpx:TrackPointExtension>
<opentracks:accuracy_horizontal>2.704</opentracks:accuracy_horizontal></extensions>
</trkpt>
<trkpt lat="-32.233295" lon="115.802918">
<ele>-17.5</ele>
<time>2026-08-31T09:41:45.725+08:00</time>
<extensions>
<gpxtpx:TrackPointExtension>
<gpxtpx:speed>1.29</gpxtpx:speed>
</gpxtpx:TrackPointExtension>
<opentracks:accuracy_horizontal>5.528</opentracks:accuracy_horizontal></extensions>
</trkpt>
<trkpt lat="-32.233293" lon="115.802944">
<ele>-17.1</ele>
<time>2026-08-31T09:41:47.731+08:00</time>
<extensions>
<gpxtpx:TrackPointExtension>
<gpxtpx:speed>1.34</gpxtpx:speed>
</gpxtpx:TrackPointExtension>
<opentracks:accuracy_horizontal>6.26</opentracks:accuracy_horizontal></extensions>
</trkpt>
</trkseg>
</trk>
</gpx>
