<?xml version='1.0' encoding='utf-8'?>
<gpx xmlns="http://www.topografix.com/GPX/1/1" xmlns:gpxtpx="http://www.garmin.com/xmlschemas/TrackPointExtension/v2" xmlns:gpxtrkx="http://www.garmin.com/xmlschemas/TrackStatsExtension/v1" xmlns:opentracks="http://opentracksapp.com/xmlschemas/v1" xmlns:topografix="http://www.topografix.com/GPX/Private/TopoGrafix/0/1" xmlns:xsi="http://www.w3.org/2001/XMLSchema-instance" version="1.1" creator="OpenTracks" xsi:schemaLocation="http://www.topografix.com/GPX/1/1 http://www.topografix.com/GPX/1/1/gpx.xsd http://www.topografix.com/GPX/Private/TopoGrafix/0/1 http://www.topografix.com/GPX/Private/TopoGrafix/0/1/topografix.xsd http://www.garmin.com/xmlschemas/TrackPointExtension/v2 https://www8.garmin.com/xmlschemas/TrackPointExtensionv2.xsd http://www.garmin.com/xmlschemas/PowerExtension/v1 https://www8.garmin.com/xmlschemas/PowerExtensionv1.xsd http://www.garmin.com/xmlschemas/TrackStatsExtension/v1 https://www8.garmin.com/xmlschemas/TrackStatsExtension.xsd http://www.cluetrust.com/Schemas https://www.cluetrust.com/Schemas/gpxdata10.xsd http://opentracksapp.com/xmlschemas/v1 http://opentracksapp.com/xmlschemas/OpenTracks_v1.xsd">
  <trk>
    <name>Lost dog</name>
    <desc />
    <type>cycling</type>
    <extensions>
      <topografix:color>c0c0c0</topografix:color>
      <opentracks:trackid>9844d100-79c0-41c6-b438-216c9b095d79</opentracks:trackid>
      <opentracks:typeTranslated>cycling</opentracks:typeTranslated>
      <gpxtrkx:TrackStatsExtension>
        <gpxtrkx:Distance>5166.58984375</gpxtrkx:Distance>
        <gpxtrkx:TimerTime>4923</gpxtrkx:TimerTime>
        <gpxtrkx:MovingTime>3609</gpxtrkx:MovingTime>
        <gpxtrkx:StoppedTime>1314</gpxtrkx:StoppedTime>
        <gpxtrkx:MaxSpeed>2.613589286804199</gpxtrkx:MaxSpeed>
      </gpxtrkx:TrackStatsExtension>
    </extensions>
    <trkseg>
      <trkpt lat="-32.23356" lon="115.803152">
        <ele>0.7</ele>
        <time>2026-08-27T09:26:55.929+08:00</time>
        <extensions>
          <gpxtpx:TrackPointExtension>
            <gpxtpx:speed>1.33</gpxtpx:speed>
          </gpxtpx:TrackPointExtension>
          <opentracks:accuracy_horizontal>7.755</opentracks:accuracy_horizontal>
        </extensions>
      </trkpt>
      <trkpt lat="-32.233597" lon="115.803153">
        <ele>2.7</ele>
        <time>2026-08-27T09:27:05.02+08:00</time>
        <extensions>
          <gpxtpx:TrackPointExtension>
            <gpxtpx:speed>0</gpxtpx:speed>
          </gpxtpx:TrackPointExtension>
          <opentracks:accuracy_horizontal>17.348</opentracks:accuracy_horizontal>
        </extensions>
      </trkpt>
      <trkpt lat="-32.233687" lon="115.803122">
        <ele>-16.7</ele>
        <time>2026-08-27T09:27:32.69+08:00</time>
        <extensions>
          <gpxtpx:TrackPointExtension>
            <gpxtpx:speed>1.23</gpxtpx:speed>
          </gpxtpx:TrackPointExtension>
          <opentracks:accuracy_horizontal>2.349</opentracks:accuracy_horizontal>
        </extensions>
      </trkpt>
      <trkpt lat="-32.233776" lon="115.803104">
        <ele>-16.5</ele>
        <time>2026-08-27T09:27:41.684+08:00</time>
        <extensions>
          <gpxtpx:TrackPointExtension>
            <gpxtpx:speed>1.07</gpxtpx:speed>
          </gpxtpx:TrackPointExtension>
          <opentracks:accuracy_horizontal>3.027</opentracks:accuracy_horizontal>
        </extensions>
      </trkpt>
      <trkpt lat="-32.233874" lon="115.80309">
        <ele>-17.1</ele>
        <time>2026-08-27T09:27:50.653+08:00</time>
        <extensions>
          <gpxtpx:TrackPointExtension>
            <gpxtpx:speed>1.21</gpxtpx:speed>
          </gpxtpx:TrackPointExtension>
          <opentracks:accuracy_horizontal>3.767</opentracks:accuracy_horizontal>
        </extensions>
      </trkpt>
      <trkpt lat="-32.233897" lon="115.803049">
        <ele>-17.6</ele>
        <time>2026-08-27T09:27:59.675+08:00</time>
        <extensions>
          <gpxtpx:TrackPointExtension>
            <gpxtpx:speed>1.03</gpxtpx:speed>
          </gpxtpx:TrackPointExtension>
          <opentracks:accuracy_horizontal>3.052</opentracks:accuracy_horizontal>
        </extensions>
      </trkpt>
      <trkpt lat="-32.233898" lon="115.802933">
        <ele>-18.6</ele>
        <time>2026-08-27T09:28:06.671+08:00</time>
        <extensions>
          <gpxtpx:TrackPointExtension>
            <gpxtpx:speed>1.27</gpxtpx:speed>
          </gpxtpx:TrackPointExtension>
          <opentracks:accuracy_horizontal>3.28</opentracks:accuracy_horizontal>
        </extensions>
      </trkpt>
      <trkpt lat="-32.233894" lon="115.802823">
        <ele>-19.1</ele>
        <time>2026-08-27T09:28:14.675+08:00</time>
        <extensions>
          <gpxtpx:TrackPointExtension>
            <gpxtpx:speed>1.26</gpxtpx:speed>
          </gpxtpx:TrackPointExtension>
          <opentracks:accuracy_horizontal>3.253</opentracks:accuracy_horizontal>
        </extensions>
      </trkpt>
      <trkpt lat="-32.233899" lon="115.80271">
        <ele>-19.8</ele>
        <time>2026-08-27T09:28:22.672+08:00</time>
        <extensions>
          <gpxtpx:TrackPointExtension>
            <gpxtpx:speed>1.27</gpxtpx:speed>
          </gpxtpx:TrackPointExtension>
          <opentracks:accuracy_horizontal>3.348</opentracks:accuracy_horizontal>
        </extensions>
      </trkpt>
      <trkpt lat="-32.233898" lon="115.802595">
        <ele>-20.7</ele>
        <time>2026-08-27T09:28:30.674+08:00</time>
        <extensions>
          <gpxtpx:TrackPointExtension>
            <gpxtpx:speed>1.29</gpxtpx:speed>
          </gpxtpx:TrackPointExtension>
          <opentracks:accuracy_horizontal>3.36</opentracks:accuracy_horizontal>
        </extensions>
      </trkpt>
      <trkpt lat="-32.233888" lon="115.802478">
        <ele>-21.2</ele>
        <time>2026-08-27T09:28:39.678+08:00</time>
        <extensions>
          <gpxtpx:TrackPointExtension>
            <gpxtpx:speed>1.22</gpxtpx:speed>
          </gpxtpx:TrackPointExtension>
          <opentracks:accuracy_horizontal>3.433</opentracks:accuracy_horizontal>
        </extensions>
      </trkpt>
      <trkpt lat="-32.233893" lon="115.802368">
        <ele>-22.8</ele>
        <time>2026-08-27T09:28:47.685+08:00</time>
        <extensions>
          <gpxtpx:TrackPointExtension>
            <gpxtpx:speed>1.23</gpxtpx:speed>
          </gpxtpx:TrackPointExtension>
          <opentracks:accuracy_horizontal>3.301</opentracks:accuracy_horizontal>
        </extensions>
      </trkpt>
      <trkpt lat="-32.233893" lon="115.80225">
        <ele>-23.9</ele>
        <time>2026-08-27T09:28:56.678+08:00</time>
        <extensions>
          <gpxtpx:TrackPointExtension>
            <gpxtpx:speed>1.2</gpxtpx:speed>
          </gpxtpx:TrackPointExtension>
          <opentracks:accuracy_horizontal>3.612</opentracks:accuracy_horizontal>
        </extensions>
      </trkpt>
      <trkpt lat="-32.233893" lon="115.802133">
        <ele>-24.8</ele>
        <time>2026-08-27T09:29:06.654+08:00</time>
        <extensions>
          <gpxtpx:TrackPointExtension>
            <gpxtpx:speed>1.11</gpxtpx:speed>
          </gpxtpx:TrackPointExtension>
          <opentracks:accuracy_horizontal>3.636</opentracks:accuracy_horizontal>
        </extensions>
      </trkpt>
      <trkpt lat="-32.233894" lon="115.802023">
        <ele>-29.2</ele>
        <time>2026-08-27T09:29:15.675+08:00</time>
        <extensions>
          <gpxtpx:TrackPointExtension>
            <gpxtpx:speed>0.99</gpxtpx:speed>
          </gpxtpx:TrackPointExtension>
          <opentracks:accuracy_horizontal>3.047</opentracks:accuracy_horizontal>
        </extensions>
      </trkpt>
      <trkpt lat="-32.233845" lon="115.801932">
        <ele>-30.2</ele>
        <time>2026-08-27T09:29:24.672+08:00</time>
        <extensions>
          <gpxtpx:TrackPointExtension>
            <gpxtpx:speed>1.29</gpxtpx:speed>
          </gpxtpx:TrackPointExtension>
          <opentracks:accuracy_horizontal>3.416</opentracks:accuracy_horizontal>
        </extensions>
      </trkpt>
      <trkpt lat="-32.23379" lon="115.801847">
        <ele>-31.4</ele>
        <time>2026-08-27T09:29:30.675+08:00</time>
        <extensions>
          <gpxtpx:TrackPointExtension>
            <gpxtpx:speed>1.47</gpxtpx:speed>
          </gpxtpx:TrackPointExtension>
          <opentracks:accuracy_horizontal>3.551</opentracks:accuracy_horizontal>
        </extensions>
      </trkpt>
      <trkpt lat="-32.233757" lon="115.801744">
        <ele>-31.4</ele>
        <time>2026-08-27T09:29:38.678+08:00</time>
        <extensions>
          <gpxtpx:TrackPointExtension>
            <gpxtpx:speed>1.37</gpxtpx:speed>
          </gpxtpx:TrackPointExtension>
          <opentracks:accuracy_horizontal>3.818</opentracks:accuracy_horizontal>
        </extensions>
      </trkpt>
      <trkpt lat="-32.233768" lon="115.801674">
        <ele>-31.6</ele>
        <time>2026-08-27T09:29:48.673+08:00</time>
        <extensions>
          <gpxtpx:TrackPointExtension>
            <gpxtpx:speed>1.35</gpxtpx:speed>
          </gpxtpx:TrackPointExtension>
          <opentracks:accuracy_horizontal>3.89</opentracks:accuracy_horizontal>
        </extensions>
      </trkpt>
      <trkpt lat="-32.233764" lon="115.80156">
        <ele>-32.1</ele>
        <time>2026-08-27T09:29:55.677+08:00</time>
        <extensions>
          <gpxtpx:TrackPointExtension>
            <gpxtpx:speed>1.43</gpxtpx:speed>
          </gpxtpx:TrackPointExtension>
          <opentracks:accuracy_horizontal>3.742</opentracks:accuracy_horizontal>
        </extensions>
      </trkpt>
      <trkpt lat="-32.233784" lon="115.801443">
        <ele>-32.3</ele>
        <time>2026-08-27T09:30:04.673+08:00</time>
        <extensions>
          <gpxtpx:TrackPointExtension>
            <gpxtpx:speed>1.31</gpxtpx:speed>
          </gpxtpx:TrackPointExtension>
          <opentracks:accuracy_horizontal>3.794</opentracks:accuracy_horizontal>
        </extensions>
      </trkpt>
      <trkpt lat="-32.233799" lon="115.801329">
        <ele>-33.1</ele>
        <time>2026-08-27T09:30:12.669+08:00</time>
        <extensions>
          <gpxtpx:TrackPointExtension>
            <gpxtpx:speed>1.32</gpxtpx:speed>
          </gpxtpx:TrackPointExtension>
          <opentracks:accuracy_horizontal>3.851</opentracks:accuracy_horizontal>
        </extensions>
      </trkpt>
      <trkpt lat="-32.233806" lon="115.801223">
        <ele>-32.6</ele>
        <time>2026-08-27T09:30:19.667+08:00</time>
        <extensions>
          <gpxtpx:TrackPointExtension>
            <gpxtpx:speed>1.35</gpxtpx:speed>
          </gpxtpx:TrackPointExtension>
          <opentracks:accuracy_horizontal>3.736</opentracks:accuracy_horizontal>
        </extensions>
      </trkpt>
      <trkpt lat="-32.233829" lon="115.801117">
        <ele>-33</ele>
        <time>2026-08-27T09:30:27.676+08:00</time>
        <extensions>
          <gpxtpx:TrackPointExtension>
            <gpxtpx:speed>1.28</gpxtpx:speed>
          </gpxtpx:TrackPointExtension>
          <opentracks:accuracy_horizontal>3.749</opentracks:accuracy_horizontal>
        </extensions>
      </trkpt>
      <trkpt lat="-32.233834" lon="115.801008">
        <ele>-32.9</ele>
        <time>2026-08-27T09:30:34.669+08:00</time>
        <extensions>
          <gpxtpx:TrackPointExtension>
            <gpxtpx:speed>1.34</gpxtpx:speed>
          </gpxtpx:TrackPointExtension>
          <opentracks:accuracy_horizontal>3.964</opentracks:accuracy_horizontal>
        </extensions>
      </trkpt>
      <trkpt lat="-32.233851" lon="115.800894">
        <ele>-32.8</ele>
        <time>2026-08-27T09:30:41.699+08:00</time>
        <extensions>
          <gpxtpx:TrackPointExtension>
            <gpxtpx:speed>1.41</gpxtpx:speed>
          </gpxtpx:TrackPointExtension>
          <opentracks:accuracy_horizontal>3.495</opentracks:accuracy_horizontal>
        </extensions>
      </trkpt>
      <trkpt lat="-32.233877" lon="115.800791">
        <ele>-32.8</ele>
        <time>2026-08-27T09:30:49.676+08:00</time>
        <extensions>
          <gpxtpx:TrackPointExtension>
            <gpxtpx:speed>1.3</gpxtpx:speed>
          </gpxtpx:TrackPointExtension>
          <opentracks:accuracy_horizontal>3.719</opentracks:accuracy_horizontal>
        </extensions>
      </trkpt>
      <trkpt lat="-32.233905" lon="115.800678">
        <ele>-31.7</ele>
        <time>2026-08-27T09:30:57.684+08:00</time>
        <extensions>
          <gpxtpx:TrackPointExtension>
            <gpxtpx:speed>1.31</gpxtpx:speed>
          </gpxtpx:TrackPointExtension>
          <opentracks:accuracy_horizontal>3.541</opentracks:accuracy_horizontal>
        </extensions>
      </trkpt>
      <trkpt lat="-32.233915" lon="115.800563">
        <ele>-28.4</ele>
        <time>2026-08-27T09:31:04.68+08:00</time>
        <extensions>
          <gpxtpx:TrackPointExtension>
            <gpxtpx:speed>1.42</gpxtpx:speed>
          </gpxtpx:TrackPointExtension>
          <opentracks:accuracy_horizontal>2.947</opentracks:accuracy_horizontal>
        </extensions>
      </trkpt>
      <trkpt lat="-32.23391" lon="115.800451">
        <ele>-28.8</ele>
        <time>2026-08-27T09:31:12.68+08:00</time>
        <extensions>
          <gpxtpx:TrackPointExtension>
            <gpxtpx:speed>1.36</gpxtpx:speed>
          </gpxtpx:TrackPointExtension>
          <opentracks:accuracy_horizontal>3.182</opentracks:accuracy_horizontal>
        </extensions>
      </trkpt>
      <trkpt lat="-32.233894" lon="115.800338">
        <ele>-29.4</ele>
        <time>2026-08-27T09:31:20.68+08:00</time>
        <extensions>
          <gpxtpx:TrackPointExtension>
            <gpxtpx:speed>1.35</gpxtpx:speed>
          </gpxtpx:TrackPointExtension>
          <opentracks:accuracy_horizontal>3.413</opentracks:accuracy_horizontal>
        </extensions>
      </trkpt>
      <trkpt lat="-32.233875" lon="115.800225">
        <ele>-29.3</ele>
        <time>2026-08-27T09:31:27.682+08:00</time>
        <extensions>
          <gpxtpx:TrackPointExtension>
            <gpxtpx:speed>1.41</gpxtpx:speed>
          </gpxtpx:TrackPointExtension>
          <opentracks:accuracy_horizontal>3.437</opentracks:accuracy_horizontal>
        </extensions>
      </trkpt>
      <trkpt lat="-32.233849" lon="115.800122">
        <ele>-28.4</ele>
        <time>2026-08-27T09:31:34.673+08:00</time>
        <extensions>
          <gpxtpx:TrackPointExtension>
            <gpxtpx:speed>1.42</gpxtpx:speed>
          </gpxtpx:TrackPointExtension>
          <opentracks:accuracy_horizontal>3.442</opentracks:accuracy_horizontal>
        </extensions>
      </trkpt>
      <trkpt lat="-32.233804" lon="115.800019">
        <ele>-29.2</ele>
        <time>2026-08-27T09:31:44.675+08:00</time>
        <extensions>
          <gpxtpx:TrackPointExtension>
            <gpxtpx:speed>1.26</gpxtpx:speed>
          </gpxtpx:TrackPointExtension>
          <opentracks:accuracy_horizontal>3.384</opentracks:accuracy_horizontal>
        </extensions>
      </trkpt>
      <trkpt lat="-32.233771" lon="115.799912">
        <ele>-28.4</ele>
        <time>2026-08-27T09:31:51.676+08:00</time>
        <extensions>
          <gpxtpx:TrackPointExtension>
            <gpxtpx:speed>1.38</gpxtpx:speed>
          </gpxtpx:TrackPointExtension>
          <opentracks:accuracy_horizontal>3.074</opentracks:accuracy_horizontal>
        </extensions>
      </trkpt>
      <trkpt lat="-32.23373" lon="115.799811">
        <ele>-28.5</ele>
        <time>2026-08-27T09:31:59.669+08:00</time>
        <extensions>
          <gpxtpx:TrackPointExtension>
            <gpxtpx:speed>1.34</gpxtpx:speed>
          </gpxtpx:TrackPointExtension>
          <opentracks:accuracy_horizontal>3.426</opentracks:accuracy_horizontal>
        </extensions>
      </trkpt>
      <trkpt lat="-32.233706" lon="115.799707">
        <ele>-28.1</ele>
        <time>2026-08-27T09:32:08.681+08:00</time>
        <extensions>
          <gpxtpx:TrackPointExtension>
            <gpxtpx:speed>1.21</gpxtpx:speed>
          </gpxtpx:TrackPointExtension>
          <opentracks:accuracy_horizontal>3.345</opentracks:accuracy_horizontal>
        </extensions>
      </trkpt>
      <trkpt lat="-32.233697" lon="115.79972">
        <ele>-29.3</ele>
        <time>2026-08-27T09:32:18.687+08:00</time>
        <extensions>
          <gpxtpx:TrackPointExtension>
            <gpxtpx:speed>0.05</gpxtpx:speed>
          </gpxtpx:TrackPointExtension>
          <opentracks:accuracy_horizontal>2.861</opentracks:accuracy_horizontal>
        </extensions>
      </trkpt>
      <trkpt lat="-32.233731" lon="115.799614">
        <ele>-30.1</ele>
        <time>2026-08-27T09:32:32.673+08:00</time>
        <extensions>
          <gpxtpx:TrackPointExtension>
            <gpxtpx:speed>1.31</gpxtpx:speed>
          </gpxtpx:TrackPointExtension>
          <opentracks:accuracy_horizontal>3.246</opentracks:accuracy_horizontal>
        </extensions>
      </trkpt>
      <trkpt lat="-32.233748" lon="115.7995">
        <ele>-29.1</ele>
        <time>2026-08-27T09:32:40.687+08:00</time>
        <extensions>
          <gpxtpx:TrackPointExtension>
            <gpxtpx:speed>1.37</gpxtpx:speed>
          </gpxtpx:TrackPointExtension>
          <opentracks:accuracy_horizontal>3.382</opentracks:accuracy_horizontal>
        </extensions>
      </trkpt>
      <trkpt lat="-32.233714" lon="115.799393">
        <ele>-29.5</ele>
        <time>2026-08-27T09:32:47.68+08:00</time>
        <extensions>
          <gpxtpx:TrackPointExtension>
            <gpxtpx:speed>1.43</gpxtpx:speed>
          </gpxtpx:TrackPointExtension>
          <opentracks:accuracy_horizontal>3.286</opentracks:accuracy_horizontal>
        </extensions>
      </trkpt>
      <trkpt lat="-32.233738" lon="115.799296">
        <ele>-28.4</ele>
        <time>2026-08-27T09:32:57.67+08:00</time>
        <extensions>
          <gpxtpx:TrackPointExtension>
            <gpxtpx:speed>1.25</gpxtpx:speed>
          </gpxtpx:TrackPointExtension>
          <opentracks:accuracy_horizontal>3.486</opentracks:accuracy_horizontal>
        </extensions>
      </trkpt>
      <trkpt lat="-32.233836" lon="115.79927">
        <ele>-28.4</ele>
        <time>2026-08-27T09:33:04.673+08:00</time>
        <extensions>
          <gpxtpx:TrackPointExtension>
            <gpxtpx:speed>1.37</gpxtpx:speed>
          </gpxtpx:TrackPointExtension>
          <opentracks:accuracy_horizontal>3.304</opentracks:accuracy_horizontal>
        </extensions>
      </trkpt>
      <trkpt lat="-32.233926" lon="115.79923">
        <ele>-29.3</ele>
        <time>2026-08-27T09:33:13.686+08:00</time>
        <extensions>
          <gpxtpx:TrackPointExtension>
            <gpxtpx:speed>1.26</gpxtpx:speed>
          </gpxtpx:TrackPointExtension>
          <opentracks:accuracy_horizontal>3.162</opentracks:accuracy_horizontal>
        </extensions>
      </trkpt>
      <trkpt lat="-32.234018" lon="115.799186">
        <ele>-29.8</ele>
        <time>2026-08-27T09:33:21.68+08:00</time>
        <extensions>
          <gpxtpx:TrackPointExtension>
            <gpxtpx:speed>1.3</gpxtpx:speed>
          </gpxtpx:TrackPointExtension>
          <opentracks:accuracy_horizontal>3.306</opentracks:accuracy_horizontal>
        </extensions>
      </trkpt>
      <trkpt lat="-32.234096" lon="115.799128">
        <ele>-27.5</ele>
        <time>2026-08-27T09:33:28.676+08:00</time>
        <extensions>
          <gpxtpx:TrackPointExtension>
            <gpxtpx:speed>1.38</gpxtpx:speed>
          </gpxtpx:TrackPointExtension>
          <opentracks:accuracy_horizontal>2.755</opentracks:accuracy_horizontal>
        </extensions>
      </trkpt>
      <trkpt lat="-32.234172" lon="115.799062">
        <ele>-23.6</ele>
        <time>2026-08-27T09:33:36.615+08:00</time>
        <extensions>
          <gpxtpx:TrackPointExtension>
            <gpxtpx:speed>1.31</gpxtpx:speed>
          </gpxtpx:TrackPointExtension>
          <opentracks:accuracy_horizontal>2.234</opentracks:accuracy_horizontal>
        </extensions>
      </trkpt>
      <trkpt lat="-32.234258" lon="115.799013">
        <ele>-24.2</ele>
        <time>2026-08-27T09:33:44.631+08:00</time>
        <extensions>
          <gpxtpx:TrackPointExtension>
            <gpxtpx:speed>1.28</gpxtpx:speed>
          </gpxtpx:TrackPointExtension>
          <opentracks:accuracy_horizontal>2.567</opentracks:accuracy_horizontal>
        </extensions>
      </trkpt>
      <trkpt lat="-32.234263" lon="115.799016">
        <ele>-23.5</ele>
        <time>2026-08-27T09:33:54.607+08:00</time>
        <extensions>
          <gpxtpx:TrackPointExtension>
            <gpxtpx:speed>0.02</gpxtpx:speed>
          </gpxtpx:TrackPointExtension>
          <opentracks:accuracy_horizontal>2.753</opentracks:accuracy_horizontal>
        </extensions>
      </trkpt>
      <trkpt lat="-32.234262" lon="115.798894">
        <ele>-24.7</ele>
        <time>2026-08-27T09:34:17.631+08:00</time>
        <extensions>
          <gpxtpx:TrackPointExtension>
            <gpxtpx:speed>0.86</gpxtpx:speed>
          </gpxtpx:TrackPointExtension>
          <opentracks:accuracy_horizontal>2.348</opentracks:accuracy_horizontal>
        </extensions>
      </trkpt>
      <trkpt lat="-32.234305" lon="115.798791">
        <ele>-24.4</ele>
        <time>2026-08-27T09:34:24.622+08:00</time>
        <extensions>
          <gpxtpx:TrackPointExtension>
            <gpxtpx:speed>1.4</gpxtpx:speed>
          </gpxtpx:TrackPointExtension>
          <opentracks:accuracy_horizontal>2.324</opentracks:accuracy_horizontal>
        </extensions>
      </trkpt>
      <trkpt lat="-32.234385" lon="115.798714">
        <ele>-23.8</ele>
        <time>2026-08-27T09:34:32.619+08:00</time>
        <extensions>
          <gpxtpx:TrackPointExtension>
            <gpxtpx:speed>1.4</gpxtpx:speed>
          </gpxtpx:TrackPointExtension>
          <opentracks:accuracy_horizontal>2.398</opentracks:accuracy_horizontal>
        </extensions>
      </trkpt>
      <trkpt lat="-32.234468" lon="115.798646">
        <ele>-24.2</ele>
        <time>2026-08-27T09:34:40.618+08:00</time>
        <extensions>
          <gpxtpx:TrackPointExtension>
            <gpxtpx:speed>1.39</gpxtpx:speed>
          </gpxtpx:TrackPointExtension>
          <opentracks:accuracy_horizontal>2.44</opentracks:accuracy_horizontal>
        </extensions>
      </trkpt>
      <trkpt lat="-32.234555" lon="115.798615">
        <ele>-24.3</ele>
        <time>2026-08-27T09:34:48.619+08:00</time>
        <extensions>
          <gpxtpx:TrackPointExtension>
            <gpxtpx:speed>1.31</gpxtpx:speed>
          </gpxtpx:TrackPointExtension>
          <opentracks:accuracy_horizontal>2.491</opentracks:accuracy_horizontal>
        </extensions>
      </trkpt>
      <trkpt lat="-32.234643" lon="115.798584">
        <ele>-23.5</ele>
        <time>2026-08-27T09:34:56.629+08:00</time>
        <extensions>
          <gpxtpx:TrackPointExtension>
            <gpxtpx:speed>1.28</gpxtpx:speed>
          </gpxtpx:TrackPointExtension>
          <opentracks:accuracy_horizontal>2.571</opentracks:accuracy_horizontal>
        </extensions>
      </trkpt>
      <trkpt lat="-32.234734" lon="115.798538">
        <ele>-22.5</ele>
        <time>2026-08-27T09:35:04.618+08:00</time>
        <extensions>
          <gpxtpx:TrackPointExtension>
            <gpxtpx:speed>1.29</gpxtpx:speed>
          </gpxtpx:TrackPointExtension>
          <opentracks:accuracy_horizontal>2.444</opentracks:accuracy_horizontal>
        </extensions>
      </trkpt>
      <trkpt lat="-32.234823" lon="115.798485">
        <ele>-24.2</ele>
        <time>2026-08-27T09:35:12.612+08:00</time>
        <extensions>
          <gpxtpx:TrackPointExtension>
            <gpxtpx:speed>1.3</gpxtpx:speed>
          </gpxtpx:TrackPointExtension>
          <opentracks:accuracy_horizontal>2.497</opentracks:accuracy_horizontal>
        </extensions>
      </trkpt>
      <trkpt lat="-32.23492" lon="115.798457">
        <ele>-23.6</ele>
        <time>2026-08-27T09:35:20.618+08:00</time>
        <extensions>
          <gpxtpx:TrackPointExtension>
            <gpxtpx:speed>1.31</gpxtpx:speed>
          </gpxtpx:TrackPointExtension>
          <opentracks:accuracy_horizontal>2.428</opentracks:accuracy_horizontal>
        </extensions>
      </trkpt>
      <trkpt lat="-32.234996" lon="115.798394">
        <ele>-22.4</ele>
        <time>2026-08-27T09:35:29.627+08:00</time>
        <extensions>
          <gpxtpx:TrackPointExtension>
            <gpxtpx:speed>1.2</gpxtpx:speed>
          </gpxtpx:TrackPointExtension>
          <opentracks:accuracy_horizontal>3.202</opentracks:accuracy_horizontal>
        </extensions>
      </trkpt>
      <trkpt lat="-32.235022" lon="115.798289">
        <ele>-23.2</ele>
        <time>2026-08-27T09:35:39.62+08:00</time>
        <extensions>
          <gpxtpx:TrackPointExtension>
            <gpxtpx:speed>1.19</gpxtpx:speed>
          </gpxtpx:TrackPointExtension>
          <opentracks:accuracy_horizontal>2.704</opentracks:accuracy_horizontal>
        </extensions>
      </trkpt>
      <trkpt lat="-32.23496" lon="115.798205">
        <ele>-23.8</ele>
        <time>2026-08-27T09:35:45.621+08:00</time>
        <extensions>
          <gpxtpx:TrackPointExtension>
            <gpxtpx:speed>1.38</gpxtpx:speed>
          </gpxtpx:TrackPointExtension>
          <opentracks:accuracy_horizontal>2.38</opentracks:accuracy_horizontal>
        </extensions>
      </trkpt>
      <trkpt lat="-32.234926" lon="115.798129">
        <ele>-23</ele>
        <time>2026-08-27T09:35:54.655+08:00</time>
        <extensions>
          <gpxtpx:TrackPointExtension>
            <gpxtpx:speed>1.02</gpxtpx:speed>
          </gpxtpx:TrackPointExtension>
          <opentracks:accuracy_horizontal>2.983</opentracks:accuracy_horizontal>
        </extensions>
      </trkpt>
      <trkpt lat="-32.235028" lon="115.798144">
        <ele>-24</ele>
        <time>2026-08-27T09:36:22.621+08:00</time>
        <extensions>
          <gpxtpx:TrackPointExtension>
            <gpxtpx:speed>1.71</gpxtpx:speed>
          </gpxtpx:TrackPointExtension>
          <opentracks:accuracy_horizontal>3.333</opentracks:accuracy_horizontal>
        </extensions>
      </trkpt>
      <trkpt lat="-32.235064" lon="115.798115">
        <ele>-21.7</ele>
        <time>2026-08-27T09:36:31.609+08:00</time>
        <extensions>
          <gpxtpx:TrackPointExtension>
            <gpxtpx:speed>0.27</gpxtpx:speed>
          </gpxtpx:TrackPointExtension>
          <opentracks:accuracy_horizontal>2.361</opentracks:accuracy_horizontal>
        </extensions>
      </trkpt>
      <trkpt lat="-32.235046" lon="115.798006">
        <ele>-22</ele>
        <time>2026-08-27T09:36:39.615+08:00</time>
        <extensions>
          <gpxtpx:TrackPointExtension>
            <gpxtpx:speed>1.25</gpxtpx:speed>
          </gpxtpx:TrackPointExtension>
          <opentracks:accuracy_horizontal>2.575</opentracks:accuracy_horizontal>
        </extensions>
      </trkpt>
      <trkpt lat="-32.235075" lon="115.797898">
        <ele>-21.6</ele>
        <time>2026-08-27T09:36:47.642+08:00</time>
        <extensions>
          <gpxtpx:TrackPointExtension>
            <gpxtpx:speed>1.25</gpxtpx:speed>
          </gpxtpx:TrackPointExtension>
          <opentracks:accuracy_horizontal>2.301</opentracks:accuracy_horizontal>
        </extensions>
      </trkpt>
      <trkpt lat="-32.2351" lon="115.797789">
        <ele>-21.2</ele>
        <time>2026-08-27T09:36:57.624+08:00</time>
        <extensions>
          <gpxtpx:TrackPointExtension>
            <gpxtpx:speed>1.14</gpxtpx:speed>
          </gpxtpx:TrackPointExtension>
          <opentracks:accuracy_horizontal>2.387</opentracks:accuracy_horizontal>
        </extensions>
      </trkpt>
      <trkpt lat="-32.23514" lon="115.797695">
        <ele>-20.8</ele>
        <time>2026-08-27T09:37:07.626+08:00</time>
        <extensions>
          <gpxtpx:TrackPointExtension>
            <gpxtpx:speed>1.17</gpxtpx:speed>
          </gpxtpx:TrackPointExtension>
          <opentracks:accuracy_horizontal>2.405</opentracks:accuracy_horizontal>
        </extensions>
      </trkpt>
      <trkpt lat="-32.235168" lon="115.797592">
        <ele>-19.2</ele>
        <time>2026-08-27T09:38:09.618+08:00</time>
        <extensions>
          <gpxtpx:TrackPointExtension>
            <gpxtpx:speed>0.08</gpxtpx:speed>
          </gpxtpx:TrackPointExtension>
          <opentracks:accuracy_horizontal>2.507</opentracks:accuracy_horizontal>
        </extensions>
      </trkpt>
      <trkpt lat="-32.235243" lon="115.797515">
        <ele>-20</ele>
        <time>2026-08-27T09:38:15.645+08:00</time>
        <extensions>
          <gpxtpx:TrackPointExtension>
            <gpxtpx:speed>1.07</gpxtpx:speed>
          </gpxtpx:TrackPointExtension>
          <opentracks:accuracy_horizontal>2.448</opentracks:accuracy_horizontal>
        </extensions>
      </trkpt>
      <trkpt lat="-32.235326" lon="115.797452">
        <ele>-20</ele>
        <time>2026-08-27T09:38:23.625+08:00</time>
        <extensions>
          <gpxtpx:TrackPointExtension>
            <gpxtpx:speed>1.15</gpxtpx:speed>
          </gpxtpx:TrackPointExtension>
          <opentracks:accuracy_horizontal>2.396</opentracks:accuracy_horizontal>
        </extensions>
      </trkpt>
      <trkpt lat="-32.235347" lon="115.797468">
        <ele>-18.8</ele>
        <time>2026-08-27T09:38:33.642+08:00</time>
        <extensions>
          <gpxtpx:TrackPointExtension>
            <gpxtpx:speed>0.06</gpxtpx:speed>
          </gpxtpx:TrackPointExtension>
          <opentracks:accuracy_horizontal>2.312</opentracks:accuracy_horizontal>
        </extensions>
      </trkpt>
      <trkpt lat="-32.235411" lon="115.797385">
        <ele>-19</ele>
        <time>2026-08-27T09:39:03.638+08:00</time>
        <extensions>
          <gpxtpx:TrackPointExtension>
            <gpxtpx:speed>0.78</gpxtpx:speed>
          </gpxtpx:TrackPointExtension>
          <opentracks:accuracy_horizontal>2.435</opentracks:accuracy_horizontal>
        </extensions>
      </trkpt>
      <trkpt lat="-32.235437" lon="115.797271">
        <ele>-19.9</ele>
        <time>2026-08-27T09:39:12.643+08:00</time>
        <extensions>
          <gpxtpx:TrackPointExtension>
            <gpxtpx:speed>1.14</gpxtpx:speed>
          </gpxtpx:TrackPointExtension>
          <opentracks:accuracy_horizontal>2.51</opentracks:accuracy_horizontal>
        </extensions>
      </trkpt>
      <trkpt lat="-32.23544" lon="115.797165">
        <ele>-19.7</ele>
        <time>2026-08-27T09:39:21.632+08:00</time>
        <extensions>
          <gpxtpx:TrackPointExtension>
            <gpxtpx:speed>1.13</gpxtpx:speed>
          </gpxtpx:TrackPointExtension>
          <opentracks:accuracy_horizontal>2.363</opentracks:accuracy_horizontal>
        </extensions>
      </trkpt>
      <trkpt lat="-32.2354" lon="115.797067">
        <ele>-20.5</ele>
        <time>2026-08-27T09:39:30.63+08:00</time>
        <extensions>
          <gpxtpx:TrackPointExtension>
            <gpxtpx:speed>1.13</gpxtpx:speed>
          </gpxtpx:TrackPointExtension>
          <opentracks:accuracy_horizontal>2.366</opentracks:accuracy_horizontal>
        </extensions>
      </trkpt>
      <trkpt lat="-32.235359" lon="115.796959">
        <ele>-20.2</ele>
        <time>2026-08-27T09:39:39.646+08:00</time>
        <extensions>
          <gpxtpx:TrackPointExtension>
            <gpxtpx:speed>1.19</gpxtpx:speed>
          </gpxtpx:TrackPointExtension>
          <opentracks:accuracy_horizontal>2.381</opentracks:accuracy_horizontal>
        </extensions>
      </trkpt>
      <trkpt lat="-32.235337" lon="115.796845">
        <ele>-20.8</ele>
        <time>2026-08-27T09:39:47.622+08:00</time>
        <extensions>
          <gpxtpx:TrackPointExtension>
            <gpxtpx:speed>1.25</gpxtpx:speed>
          </gpxtpx:TrackPointExtension>
          <opentracks:accuracy_horizontal>2.354</opentracks:accuracy_horizontal>
        </extensions>
      </trkpt>
      <trkpt lat="-32.235298" lon="115.796738">
        <ele>-21.8</ele>
        <time>2026-08-27T09:39:56.637+08:00</time>
        <extensions>
          <gpxtpx:TrackPointExtension>
            <gpxtpx:speed>1.21</gpxtpx:speed>
          </gpxtpx:TrackPointExtension>
          <opentracks:accuracy_horizontal>2.515</opentracks:accuracy_horizontal>
        </extensions>
      </trkpt>
      <trkpt lat="-32.235305" lon="115.796632">
        <ele>-22.3</ele>
        <time>2026-08-27T09:40:04.633+08:00</time>
        <extensions>
          <gpxtpx:TrackPointExtension>
            <gpxtpx:speed>1.21</gpxtpx:speed>
          </gpxtpx:TrackPointExtension>
          <opentracks:accuracy_horizontal>2.486</opentracks:accuracy_horizontal>
        </extensions>
      </trkpt>
      <trkpt lat="-32.235308" lon="115.796525">
        <ele>-22.3</ele>
        <time>2026-08-27T09:40:12.63+08:00</time>
        <extensions>
          <gpxtpx:TrackPointExtension>
            <gpxtpx:speed>1.22</gpxtpx:speed>
          </gpxtpx:TrackPointExtension>
          <opentracks:accuracy_horizontal>2.496</opentracks:accuracy_horizontal>
        </extensions>
      </trkpt>
      <trkpt lat="-32.235283" lon="115.796412">
        <ele>-22.2</ele>
        <time>2026-08-27T09:40:20.639+08:00</time>
        <extensions>
          <gpxtpx:TrackPointExtension>
            <gpxtpx:speed>1.24</gpxtpx:speed>
          </gpxtpx:TrackPointExtension>
          <opentracks:accuracy_horizontal>2.349</opentracks:accuracy_horizontal>
        </extensions>
      </trkpt>
      <trkpt lat="-32.235288" lon="115.796351">
        <ele>-21.6</ele>
        <time>2026-08-27T09:40:30.628+08:00</time>
        <extensions>
          <gpxtpx:TrackPointExtension>
            <gpxtpx:speed>0.47</gpxtpx:speed>
          </gpxtpx:TrackPointExtension>
          <opentracks:accuracy_horizontal>2.577</opentracks:accuracy_horizontal>
        </extensions>
      </trkpt>
      <trkpt lat="-32.235259" lon="115.796243">
        <ele>-21.7</ele>
        <time>2026-08-27T09:40:37.622+08:00</time>
        <extensions>
          <gpxtpx:TrackPointExtension>
            <gpxtpx:speed>1.28</gpxtpx:speed>
          </gpxtpx:TrackPointExtension>
          <opentracks:accuracy_horizontal>2.585</opentracks:accuracy_horizontal>
        </extensions>
      </trkpt>
      <trkpt lat="-32.235283" lon="115.796134">
        <ele>-22.2</ele>
        <time>2026-08-27T09:40:45.638+08:00</time>
        <extensions>
          <gpxtpx:TrackPointExtension>
            <gpxtpx:speed>1.33</gpxtpx:speed>
          </gpxtpx:TrackPointExtension>
          <opentracks:accuracy_horizontal>2.497</opentracks:accuracy_horizontal>
        </extensions>
      </trkpt>
      <trkpt lat="-32.235289" lon="115.796023">
        <ele>-19.6</ele>
        <time>2026-08-27T09:40:54.644+08:00</time>
        <extensions>
          <gpxtpx:TrackPointExtension>
            <gpxtpx:speed>1.18</gpxtpx:speed>
          </gpxtpx:TrackPointExtension>
          <opentracks:accuracy_horizontal>2.408</opentracks:accuracy_horizontal>
        </extensions>
      </trkpt>
      <trkpt lat="-32.235365" lon="115.796007">
        <ele>-19.6</ele>
        <time>2026-08-27T09:41:04.635+08:00</time>
        <extensions>
          <gpxtpx:TrackPointExtension>
            <gpxtpx:speed>1</gpxtpx:speed>
          </gpxtpx:TrackPointExtension>
          <opentracks:accuracy_horizontal>2.44</opentracks:accuracy_horizontal>
        </extensions>
      </trkpt>
      <trkpt lat="-32.23539" lon="115.795895">
        <ele>-21.2</ele>
        <time>2026-08-27T09:41:21.668+08:00</time>
        <extensions>
          <gpxtpx:TrackPointExtension>
            <gpxtpx:speed>0.27</gpxtpx:speed>
          </gpxtpx:TrackPointExtension>
          <opentracks:accuracy_horizontal>2.842</opentracks:accuracy_horizontal>
        </extensions>
      </trkpt>
      <trkpt lat="-32.235422" lon="115.795789">
        <ele>-20.7</ele>
        <time>2026-08-27T09:41:29.622+08:00</time>
        <extensions>
          <gpxtpx:TrackPointExtension>
            <gpxtpx:speed>1.21</gpxtpx:speed>
          </gpxtpx:TrackPointExtension>
          <opentracks:accuracy_horizontal>2.923</opentracks:accuracy_horizontal>
        </extensions>
      </trkpt>
      <trkpt lat="-32.235402" lon="115.795818">
        <ele>-20.1</ele>
        <time>2026-08-27T09:41:39.63+08:00</time>
        <extensions>
          <gpxtpx:TrackPointExtension>
            <gpxtpx:speed>0.26</gpxtpx:speed>
          </gpxtpx:TrackPointExtension>
          <opentracks:accuracy_horizontal>2.986</opentracks:accuracy_horizontal>
        </extensions>
      </trkpt>
      <trkpt lat="-32.235362" lon="115.795916">
        <ele>-21.2</ele>
        <time>2026-08-27T09:41:47.628+08:00</time>
        <extensions>
          <gpxtpx:TrackPointExtension>
            <gpxtpx:speed>1.23</gpxtpx:speed>
          </gpxtpx:TrackPointExtension>
          <opentracks:accuracy_horizontal>2.704</opentracks:accuracy_horizontal>
        </extensions>
      </trkpt>
      <trkpt lat="-32.235328" lon="115.795995">
        <ele>-20.5</ele>
        <time>2026-08-27T09:41:57.628+08:00</time>
        <extensions>
          <gpxtpx:TrackPointExtension>
            <gpxtpx:speed>0.34</gpxtpx:speed>
          </gpxtpx:TrackPointExtension>
          <opentracks:accuracy_horizontal>2.677</opentracks:accuracy_horizontal>
        </extensions>
      </trkpt>
      <trkpt lat="-32.235385" lon="115.795903">
        <ele>-19.5</ele>
        <time>2026-08-27T09:42:04.66+08:00</time>
        <extensions>
          <gpxtpx:TrackPointExtension>
            <gpxtpx:speed>1.24</gpxtpx:speed>
          </gpxtpx:TrackPointExtension>
          <opentracks:accuracy_horizontal>2.624</opentracks:accuracy_horizontal>
        </extensions>
      </trkpt>
      <trkpt lat="-32.235418" lon="115.795793">
        <ele>-20.2</ele>
        <time>2026-08-27T09:42:13.635+08:00</time>
        <extensions>
          <gpxtpx:TrackPointExtension>
            <gpxtpx:speed>1.23</gpxtpx:speed>
          </gpxtpx:TrackPointExtension>
          <opentracks:accuracy_horizontal>3.1</opentracks:accuracy_horizontal>
        </extensions>
      </trkpt>
      <trkpt lat="-32.235352" lon="115.795708">
        <ele>-19.3</ele>
        <time>2026-08-27T09:42:19.609+08:00</time>
        <extensions>
          <gpxtpx:TrackPointExtension>
            <gpxtpx:speed>1.4</gpxtpx:speed>
          </gpxtpx:TrackPointExtension>
          <opentracks:accuracy_horizontal>2.747</opentracks:accuracy_horizontal>
        </extensions>
      </trkpt>
      <trkpt lat="-32.235283" lon="115.795636">
        <ele>-21.7</ele>
        <time>2026-08-27T09:42:27.642+08:00</time>
        <extensions>
          <gpxtpx:TrackPointExtension>
            <gpxtpx:speed>1.28</gpxtpx:speed>
          </gpxtpx:TrackPointExtension>
          <opentracks:accuracy_horizontal>2.299</opentracks:accuracy_horizontal>
        </extensions>
      </trkpt>
      <trkpt lat="-32.235228" lon="115.795548">
        <ele>-22</ele>
        <time>2026-08-27T09:42:36.628+08:00</time>
        <extensions>
          <gpxtpx:TrackPointExtension>
            <gpxtpx:speed>1.12</gpxtpx:speed>
          </gpxtpx:TrackPointExtension>
          <opentracks:accuracy_horizontal>2.415</opentracks:accuracy_horizontal>
        </extensions>
      </trkpt>
      <trkpt lat="-32.235218" lon="115.795442">
        <ele>-23</ele>
        <time>2026-08-27T09:42:44.631+08:00</time>
        <extensions>
          <gpxtpx:TrackPointExtension>
            <gpxtpx:speed>1.16</gpxtpx:speed>
          </gpxtpx:TrackPointExtension>
          <opentracks:accuracy_horizontal>2.503</opentracks:accuracy_horizontal>
        </extensions>
      </trkpt>
      <trkpt lat="-32.235203" lon="115.795323">
        <ele>-21.3</ele>
        <time>2026-08-27T09:42:53.641+08:00</time>
        <extensions>
          <gpxtpx:TrackPointExtension>
            <gpxtpx:speed>1.2</gpxtpx:speed>
          </gpxtpx:TrackPointExtension>
          <opentracks:accuracy_horizontal>2.546</opentracks:accuracy_horizontal>
        </extensions>
      </trkpt>
      <trkpt lat="-32.235146" lon="115.795233">
        <ele>-21.7</ele>
        <time>2026-08-27T09:43:02.63+08:00</time>
        <extensions>
          <gpxtpx:TrackPointExtension>
            <gpxtpx:speed>1.16</gpxtpx:speed>
          </gpxtpx:TrackPointExtension>
          <opentracks:accuracy_horizontal>2.369</opentracks:accuracy_horizontal>
        </extensions>
      </trkpt>
      <trkpt lat="-32.235098" lon="115.795137">
        <ele>-21.4</ele>
        <time>2026-08-27T09:43:11.627+08:00</time>
        <extensions>
          <gpxtpx:TrackPointExtension>
            <gpxtpx:speed>1.14</gpxtpx:speed>
          </gpxtpx:TrackPointExtension>
          <opentracks:accuracy_horizontal>2.396</opentracks:accuracy_horizontal>
        </extensions>
      </trkpt>
      <trkpt lat="-32.235157" lon="115.79516">
        <ele>-19.7</ele>
        <time>2026-08-27T09:43:21.628+08:00</time>
        <extensions>
          <gpxtpx:TrackPointExtension>
            <gpxtpx:speed>0.15</gpxtpx:speed>
          </gpxtpx:TrackPointExtension>
          <opentracks:accuracy_horizontal>2.93</opentracks:accuracy_horizontal>
        </extensions>
      </trkpt>
      <trkpt lat="-32.235194" lon="115.795056">
        <ele>-16.8</ele>
        <time>2026-08-27T09:43:49.638+08:00</time>
        <extensions>
          <gpxtpx:TrackPointExtension>
            <gpxtpx:speed>0.09</gpxtpx:speed>
          </gpxtpx:TrackPointExtension>
          <opentracks:accuracy_horizontal>2.579</opentracks:accuracy_horizontal>
        </extensions>
      </trkpt>
      <trkpt lat="-32.235225" lon="115.794953">
        <ele>-17.5</ele>
        <time>2026-08-27T09:43:58.695+08:00</time>
        <extensions>
          <gpxtpx:TrackPointExtension>
            <gpxtpx:speed>0.49</gpxtpx:speed>
          </gpxtpx:TrackPointExtension>
          <opentracks:accuracy_horizontal>2.256</opentracks:accuracy_horizontal>
        </extensions>
      </trkpt>
      <trkpt lat="-32.235244" lon="115.794891">
        <ele>-16.9</ele>
        <time>2026-08-27T09:44:08.62+08:00</time>
        <extensions>
          <gpxtpx:TrackPointExtension>
            <gpxtpx:speed>0.34</gpxtpx:speed>
          </gpxtpx:TrackPointExtension>
          <opentracks:accuracy_horizontal>2.301</opentracks:accuracy_horizontal>
        </extensions>
      </trkpt>
      <trkpt lat="-32.235299" lon="115.794804">
        <ele>-15.4</ele>
        <time>2026-08-27T09:44:31.64+08:00</time>
        <extensions>
          <gpxtpx:TrackPointExtension>
            <gpxtpx:speed>0.15</gpxtpx:speed>
          </gpxtpx:TrackPointExtension>
          <opentracks:accuracy_horizontal>2.456</opentracks:accuracy_horizontal>
        </extensions>
      </trkpt>
      <trkpt lat="-32.235286" lon="115.794739">
        <ele>-15.6</ele>
        <time>2026-08-27T09:44:41.63+08:00</time>
        <extensions>
          <gpxtpx:TrackPointExtension>
            <gpxtpx:speed>0.37</gpxtpx:speed>
          </gpxtpx:TrackPointExtension>
          <opentracks:accuracy_horizontal>2.582</opentracks:accuracy_horizontal>
        </extensions>
      </trkpt>
      <trkpt lat="-32.235231" lon="115.794649">
        <ele>-14.8</ele>
        <time>2026-08-27T09:45:53.627+08:00</time>
        <extensions>
          <gpxtpx:TrackPointExtension>
            <gpxtpx:speed>0.52</gpxtpx:speed>
          </gpxtpx:TrackPointExtension>
          <opentracks:accuracy_horizontal>2.266</opentracks:accuracy_horizontal>
        </extensions>
      </trkpt>
      <trkpt lat="-32.2352" lon="115.794619">
        <ele>-14.8</ele>
        <time>2026-08-27T09:46:03.629+08:00</time>
        <extensions>
          <gpxtpx:TrackPointExtension>
            <gpxtpx:speed>0.14</gpxtpx:speed>
          </gpxtpx:TrackPointExtension>
          <opentracks:accuracy_horizontal>2.306</opentracks:accuracy_horizontal>
        </extensions>
      </trkpt>
      <trkpt lat="-32.235277" lon="115.79456">
        <ele>-12.3</ele>
        <time>2026-08-27T09:46:27.646+08:00</time>
        <extensions>
          <gpxtpx:TrackPointExtension>
            <gpxtpx:speed>1.14</gpxtpx:speed>
          </gpxtpx:TrackPointExtension>
          <opentracks:accuracy_horizontal>2.333</opentracks:accuracy_horizontal>
        </extensions>
      </trkpt>
      <trkpt lat="-32.235369" lon="115.794574">
        <ele>-12.2</ele>
        <time>2026-08-27T09:46:36.622+08:00</time>
        <extensions>
          <gpxtpx:TrackPointExtension>
            <gpxtpx:speed>1.13</gpxtpx:speed>
          </gpxtpx:TrackPointExtension>
          <opentracks:accuracy_horizontal>2.274</opentracks:accuracy_horizontal>
        </extensions>
      </trkpt>
      <trkpt lat="-32.235466" lon="115.79456">
        <ele>-12.3</ele>
        <time>2026-08-27T09:46:46.632+08:00</time>
        <extensions>
          <gpxtpx:TrackPointExtension>
            <gpxtpx:speed>1.14</gpxtpx:speed>
          </gpxtpx:TrackPointExtension>
          <opentracks:accuracy_horizontal>2.259</opentracks:accuracy_horizontal>
        </extensions>
      </trkpt>
      <trkpt lat="-32.235528" lon="115.794484">
        <ele>-10.8</ele>
        <time>2026-08-27T09:46:56.643+08:00</time>
        <extensions>
          <gpxtpx:TrackPointExtension>
            <gpxtpx:speed>1.07</gpxtpx:speed>
          </gpxtpx:TrackPointExtension>
          <opentracks:accuracy_horizontal>2.31</opentracks:accuracy_horizontal>
        </extensions>
      </trkpt>
      <trkpt lat="-32.235527" lon="115.794377">
        <ele>-11.6</ele>
        <time>2026-08-27T09:47:09.639+08:00</time>
        <extensions>
          <gpxtpx:TrackPointExtension>
            <gpxtpx:speed>0.82</gpxtpx:speed>
          </gpxtpx:TrackPointExtension>
          <opentracks:accuracy_horizontal>2.179</opentracks:accuracy_horizontal>
        </extensions>
      </trkpt>
      <trkpt lat="-32.235492" lon="115.794276">
        <ele>-12</ele>
        <time>2026-08-27T09:47:19.619+08:00</time>
        <extensions>
          <gpxtpx:TrackPointExtension>
            <gpxtpx:speed>0.9</gpxtpx:speed>
          </gpxtpx:TrackPointExtension>
          <opentracks:accuracy_horizontal>2.231</opentracks:accuracy_horizontal>
        </extensions>
      </trkpt>
      <trkpt lat="-32.235467" lon="115.794205">
        <ele>-9.8</ele>
        <time>2026-08-27T09:47:28.652+08:00</time>
        <extensions>
          <gpxtpx:TrackPointExtension>
            <gpxtpx:speed>0.85</gpxtpx:speed>
          </gpxtpx:TrackPointExtension>
          <opentracks:accuracy_horizontal>2.187</opentracks:accuracy_horizontal>
        </extensions>
      </trkpt>
      <trkpt lat="-32.235435" lon="115.794106">
        <ele>-7.6</ele>
        <time>2026-08-27T09:47:46.633+08:00</time>
        <extensions>
          <gpxtpx:TrackPointExtension>
            <gpxtpx:speed>0.21</gpxtpx:speed>
          </gpxtpx:TrackPointExtension>
          <opentracks:accuracy_horizontal>2.22</opentracks:accuracy_horizontal>
        </extensions>
      </trkpt>
      <trkpt lat="-32.235394" lon="115.794096">
        <ele>-7.6</ele>
        <time>2026-08-27T09:47:56.638+08:00</time>
        <extensions>
          <gpxtpx:TrackPointExtension>
            <gpxtpx:speed>0.11</gpxtpx:speed>
          </gpxtpx:TrackPointExtension>
          <opentracks:accuracy_horizontal>2.307</opentracks:accuracy_horizontal>
        </extensions>
      </trkpt>
      <trkpt lat="-32.235313" lon="115.794049">
        <ele>-2.7</ele>
        <time>2026-08-27T09:48:43.693+08:00</time>
        <extensions>
          <gpxtpx:TrackPointExtension>
            <gpxtpx:speed>0.09</gpxtpx:speed>
          </gpxtpx:TrackPointExtension>
          <opentracks:accuracy_horizontal>3.123</opentracks:accuracy_horizontal>
        </extensions>
      </trkpt>
      <trkpt lat="-32.235257" lon="115.79402">
        <ele>-3.6</ele>
        <time>2026-08-27T09:48:53.693+08:00</time>
        <extensions>
          <gpxtpx:TrackPointExtension>
            <gpxtpx:speed>0.64</gpxtpx:speed>
          </gpxtpx:TrackPointExtension>
          <opentracks:accuracy_horizontal>2.967</opentracks:accuracy_horizontal>
        </extensions>
      </trkpt>
      <trkpt lat="-32.235281" lon="115.793909">
        <ele>-2</ele>
        <time>2026-08-27T09:49:11.684+08:00</time>
        <extensions>
          <gpxtpx:TrackPointExtension>
            <gpxtpx:speed>0.45</gpxtpx:speed>
          </gpxtpx:TrackPointExtension>
          <opentracks:accuracy_horizontal>2.221</opentracks:accuracy_horizontal>
        </extensions>
      </trkpt>
      <trkpt lat="-32.235298" lon="115.793839">
        <ele>1.6</ele>
        <time>2026-08-27T09:49:21.647+08:00</time>
        <extensions>
          <gpxtpx:TrackPointExtension>
            <gpxtpx:speed>0.39</gpxtpx:speed>
          </gpxtpx:TrackPointExtension>
          <opentracks:accuracy_horizontal>2.239</opentracks:accuracy_horizontal>
        </extensions>
      </trkpt>
      <trkpt lat="-32.235251" lon="115.793741">
        <ele>3.8</ele>
        <time>2026-08-27T09:49:36.629+08:00</time>
        <extensions>
          <gpxtpx:TrackPointExtension>
            <gpxtpx:speed>0.88</gpxtpx:speed>
          </gpxtpx:TrackPointExtension>
          <opentracks:accuracy_horizontal>2.303</opentracks:accuracy_horizontal>
        </extensions>
      </trkpt>
      <trkpt lat="-32.235193" lon="115.793724">
        <ele>6</ele>
        <time>2026-08-27T09:49:46.637+08:00</time>
        <extensions>
          <gpxtpx:TrackPointExtension>
            <gpxtpx:speed>0.8</gpxtpx:speed>
          </gpxtpx:TrackPointExtension>
          <opentracks:accuracy_horizontal>2.284</opentracks:accuracy_horizontal>
        </extensions>
      </trkpt>
      <trkpt lat="-32.235163" lon="115.793621">
        <ele>7.4</ele>
        <time>2026-08-27T09:49:59.644+08:00</time>
        <extensions>
          <gpxtpx:TrackPointExtension>
            <gpxtpx:speed>1.27</gpxtpx:speed>
          </gpxtpx:TrackPointExtension>
          <opentracks:accuracy_horizontal>2.214</opentracks:accuracy_horizontal>
        </extensions>
      </trkpt>
      <trkpt lat="-32.235172" lon="115.793512">
        <ele>7</ele>
        <time>2026-08-27T09:50:09.631+08:00</time>
        <extensions>
          <gpxtpx:TrackPointExtension>
            <gpxtpx:speed>1.08</gpxtpx:speed>
          </gpxtpx:TrackPointExtension>
          <opentracks:accuracy_horizontal>2.171</opentracks:accuracy_horizontal>
        </extensions>
      </trkpt>
      <trkpt lat="-32.235161" lon="115.793404">
        <ele>6.9</ele>
        <time>2026-08-27T09:50:18.638+08:00</time>
        <extensions>
          <gpxtpx:TrackPointExtension>
            <gpxtpx:speed>1.1</gpxtpx:speed>
          </gpxtpx:TrackPointExtension>
          <opentracks:accuracy_horizontal>2.28</opentracks:accuracy_horizontal>
        </extensions>
      </trkpt>
      <trkpt lat="-32.23511" lon="115.793308">
        <ele>6.4</ele>
        <time>2026-08-27T09:50:27.635+08:00</time>
        <extensions>
          <gpxtpx:TrackPointExtension>
            <gpxtpx:speed>1.13</gpxtpx:speed>
          </gpxtpx:TrackPointExtension>
          <opentracks:accuracy_horizontal>2.226</opentracks:accuracy_horizontal>
        </extensions>
      </trkpt>
      <trkpt lat="-32.235075" lon="115.793206">
        <ele>5.3</ele>
        <time>2026-08-27T09:50:36.639+08:00</time>
        <extensions>
          <gpxtpx:TrackPointExtension>
            <gpxtpx:speed>1.13</gpxtpx:speed>
          </gpxtpx:TrackPointExtension>
          <opentracks:accuracy_horizontal>2.253</opentracks:accuracy_horizontal>
        </extensions>
      </trkpt>
      <trkpt lat="-32.235019" lon="115.79312">
        <ele>2.9</ele>
        <time>2026-08-27T09:50:46.623+08:00</time>
        <extensions>
          <gpxtpx:TrackPointExtension>
            <gpxtpx:speed>1.08</gpxtpx:speed>
          </gpxtpx:TrackPointExtension>
          <opentracks:accuracy_horizontal>2.219</opentracks:accuracy_horizontal>
        </extensions>
      </trkpt>
      <trkpt lat="-32.23494" lon="115.793055">
        <ele>2.1</ele>
        <time>2026-08-27T09:50:55.632+08:00</time>
        <extensions>
          <gpxtpx:TrackPointExtension>
            <gpxtpx:speed>1.15</gpxtpx:speed>
          </gpxtpx:TrackPointExtension>
          <opentracks:accuracy_horizontal>2.205</opentracks:accuracy_horizontal>
        </extensions>
      </trkpt>
      <trkpt lat="-32.23495" lon="115.793066">
        <ele>2</ele>
        <time>2026-08-27T09:51:05.648+08:00</time>
        <extensions>
          <gpxtpx:TrackPointExtension>
            <gpxtpx:speed>0.33</gpxtpx:speed>
          </gpxtpx:TrackPointExtension>
          <opentracks:accuracy_horizontal>2.199</opentracks:accuracy_horizontal>
        </extensions>
      </trkpt>
      <trkpt lat="-32.235046" lon="115.793069">
        <ele>2.5</ele>
        <time>2026-08-27T09:51:14.647+08:00</time>
        <extensions>
          <gpxtpx:TrackPointExtension>
            <gpxtpx:speed>0.99</gpxtpx:speed>
          </gpxtpx:TrackPointExtension>
          <opentracks:accuracy_horizontal>2.304</opentracks:accuracy_horizontal>
        </extensions>
      </trkpt>
      <trkpt lat="-32.235044" lon="115.793074">
        <ele>3.6</ele>
        <time>2026-08-27T09:51:24.641+08:00</time>
        <extensions>
          <gpxtpx:TrackPointExtension>
            <gpxtpx:speed>0.09</gpxtpx:speed>
          </gpxtpx:TrackPointExtension>
          <opentracks:accuracy_horizontal>2.428</opentracks:accuracy_horizontal>
        </extensions>
      </trkpt>
      <trkpt lat="-32.235092" lon="115.793169">
        <ele>3.3</ele>
        <time>2026-08-27T09:51:52.631+08:00</time>
        <extensions>
          <gpxtpx:TrackPointExtension>
            <gpxtpx:speed>1.17</gpxtpx:speed>
          </gpxtpx:TrackPointExtension>
          <opentracks:accuracy_horizontal>2.296</opentracks:accuracy_horizontal>
        </extensions>
      </trkpt>
      <trkpt lat="-32.23507" lon="115.793266">
        <ele>3.4</ele>
        <time>2026-08-27T09:52:02.649+08:00</time>
        <extensions>
          <gpxtpx:TrackPointExtension>
            <gpxtpx:speed>1.35</gpxtpx:speed>
          </gpxtpx:TrackPointExtension>
          <opentracks:accuracy_horizontal>2.425</opentracks:accuracy_horizontal>
        </extensions>
      </trkpt>
      <trkpt lat="-32.235149" lon="115.793339">
        <ele>3.9</ele>
        <time>2026-08-27T09:52:11.649+08:00</time>
        <extensions>
          <gpxtpx:TrackPointExtension>
            <gpxtpx:speed>1.45</gpxtpx:speed>
          </gpxtpx:TrackPointExtension>
          <opentracks:accuracy_horizontal>2.364</opentracks:accuracy_horizontal>
        </extensions>
      </trkpt>
      <trkpt lat="-32.235138" lon="115.793373">
        <ele>4.6</ele>
        <time>2026-08-27T09:52:20.648+08:00</time>
        <extensions>
          <gpxtpx:TrackPointExtension>
            <gpxtpx:speed>1.17</gpxtpx:speed>
          </gpxtpx:TrackPointExtension>
          <opentracks:accuracy_horizontal>2.553</opentracks:accuracy_horizontal>
        </extensions>
      </trkpt>
      <trkpt lat="-32.235071" lon="115.793268">
        <ele>2.9</ele>
        <time>2026-08-27T09:52:30.689+08:00</time>
        <extensions>
          <gpxtpx:TrackPointExtension>
            <gpxtpx:speed>1.1</gpxtpx:speed>
          </gpxtpx:TrackPointExtension>
          <opentracks:accuracy_horizontal>2.513</opentracks:accuracy_horizontal>
        </extensions>
      </trkpt>
      <trkpt lat="-32.235089" lon="115.793159">
        <ele>3.1</ele>
        <time>2026-08-27T09:52:38.632+08:00</time>
        <extensions>
          <gpxtpx:TrackPointExtension>
            <gpxtpx:speed>1.25</gpxtpx:speed>
          </gpxtpx:TrackPointExtension>
          <opentracks:accuracy_horizontal>2.233</opentracks:accuracy_horizontal>
        </extensions>
      </trkpt>
      <trkpt lat="-32.235025" lon="115.793101">
        <ele>3.3</ele>
        <time>2026-08-27T09:52:48.637+08:00</time>
        <extensions>
          <gpxtpx:TrackPointExtension>
            <gpxtpx:speed>0.14</gpxtpx:speed>
          </gpxtpx:TrackPointExtension>
          <opentracks:accuracy_horizontal>2.352</opentracks:accuracy_horizontal>
        </extensions>
      </trkpt>
      <trkpt lat="-32.234934" lon="115.793049">
        <ele>0.9</ele>
        <time>2026-08-27T09:53:03.645+08:00</time>
        <extensions>
          <gpxtpx:TrackPointExtension>
            <gpxtpx:speed>1.11</gpxtpx:speed>
          </gpxtpx:TrackPointExtension>
          <opentracks:accuracy_horizontal>2.21</opentracks:accuracy_horizontal>
        </extensions>
      </trkpt>
      <trkpt lat="-32.23489" lon="115.793004">
        <ele>0.9</ele>
        <time>2026-08-27T09:53:13.642+08:00</time>
        <extensions>
          <gpxtpx:TrackPointExtension>
            <gpxtpx:speed>0.88</gpxtpx:speed>
          </gpxtpx:TrackPointExtension>
          <opentracks:accuracy_horizontal>2.164</opentracks:accuracy_horizontal>
        </extensions>
      </trkpt>
      <trkpt lat="-32.234976" lon="115.793039">
        <ele>1.1</ele>
        <time>2026-08-27T09:53:31.645+08:00</time>
        <extensions>
          <gpxtpx:TrackPointExtension>
            <gpxtpx:speed>1.24</gpxtpx:speed>
          </gpxtpx:TrackPointExtension>
          <opentracks:accuracy_horizontal>2.213</opentracks:accuracy_horizontal>
        </extensions>
      </trkpt>
      <trkpt lat="-32.235059" lon="115.793108">
        <ele>2.1</ele>
        <time>2026-08-27T09:53:37.642+08:00</time>
        <extensions>
          <gpxtpx:TrackPointExtension>
            <gpxtpx:speed>1.65</gpxtpx:speed>
          </gpxtpx:TrackPointExtension>
          <opentracks:accuracy_horizontal>2.192</opentracks:accuracy_horizontal>
        </extensions>
      </trkpt>
      <trkpt lat="-32.235009" lon="115.793061">
        <ele>2.2</ele>
        <time>2026-08-27T09:53:47.641+08:00</time>
        <extensions>
          <gpxtpx:TrackPointExtension>
            <gpxtpx:speed>0.07</gpxtpx:speed>
          </gpxtpx:TrackPointExtension>
          <opentracks:accuracy_horizontal>2.558</opentracks:accuracy_horizontal>
        </extensions>
      </trkpt>
      <trkpt lat="-32.235046" lon="115.793191">
        <ele>2.3</ele>
        <time>2026-08-27T09:53:54.634+08:00</time>
        <extensions>
          <gpxtpx:TrackPointExtension>
            <gpxtpx:speed>2.61</gpxtpx:speed>
          </gpxtpx:TrackPointExtension>
          <opentracks:accuracy_horizontal>2.148</opentracks:accuracy_horizontal>
        </extensions>
      </trkpt>
      <trkpt lat="-32.235088" lon="115.79329">
        <ele>3.3</ele>
        <time>2026-08-27T09:53:58.634+08:00</time>
        <extensions>
          <gpxtpx:TrackPointExtension>
            <gpxtpx:speed>2.59</gpxtpx:speed>
          </gpxtpx:TrackPointExtension>
          <opentracks:accuracy_horizontal>2.138</opentracks:accuracy_horizontal>
        </extensions>
      </trkpt>
      <trkpt lat="-32.23514" lon="115.793386">
        <ele>4.5</ele>
        <time>2026-08-27T09:54:04.636+08:00</time>
        <extensions>
          <gpxtpx:TrackPointExtension>
            <gpxtpx:speed>2.18</gpxtpx:speed>
          </gpxtpx:TrackPointExtension>
          <opentracks:accuracy_horizontal>2.309</opentracks:accuracy_horizontal>
        </extensions>
      </trkpt>
      <trkpt lat="-32.235167" lon="115.793498">
        <ele>4.5</ele>
        <time>2026-08-27T09:54:11.653+08:00</time>
        <extensions>
          <gpxtpx:TrackPointExtension>
            <gpxtpx:speed>1.95</gpxtpx:speed>
          </gpxtpx:TrackPointExtension>
          <opentracks:accuracy_horizontal>2.224</opentracks:accuracy_horizontal>
        </extensions>
      </trkpt>
      <trkpt lat="-32.235122" lon="115.793607">
        <ele>4.8</ele>
        <time>2026-08-27T09:54:16.63+08:00</time>
        <extensions>
          <gpxtpx:TrackPointExtension>
            <gpxtpx:speed>2.06</gpxtpx:speed>
          </gpxtpx:TrackPointExtension>
          <opentracks:accuracy_horizontal>2.147</opentracks:accuracy_horizontal>
        </extensions>
      </trkpt>
      <trkpt lat="-32.235123" lon="115.793727">
        <ele>6.5</ele>
        <time>2026-08-27T09:54:22.666+08:00</time>
        <extensions>
          <gpxtpx:TrackPointExtension>
            <gpxtpx:speed>1.98</gpxtpx:speed>
          </gpxtpx:TrackPointExtension>
          <opentracks:accuracy_horizontal>2.23</opentracks:accuracy_horizontal>
        </extensions>
      </trkpt>
      <trkpt lat="-32.235153" lon="115.793634">
        <ele>6.6</ele>
        <time>2026-08-27T09:54:32.663+08:00</time>
        <extensions>
          <gpxtpx:TrackPointExtension>
            <gpxtpx:speed>1.68</gpxtpx:speed>
          </gpxtpx:TrackPointExtension>
          <opentracks:accuracy_horizontal>2.148</opentracks:accuracy_horizontal>
        </extensions>
      </trkpt>
      <trkpt lat="-32.235165" lon="115.793512">
        <ele>7.3</ele>
        <time>2026-08-27T09:54:39.635+08:00</time>
        <extensions>
          <gpxtpx:TrackPointExtension>
            <gpxtpx:speed>1.68</gpxtpx:speed>
          </gpxtpx:TrackPointExtension>
          <opentracks:accuracy_horizontal>2.206</opentracks:accuracy_horizontal>
        </extensions>
      </trkpt>
      <trkpt lat="-32.235157" lon="115.793405">
        <ele>6.2</ele>
        <time>2026-08-27T09:54:46.643+08:00</time>
        <extensions>
          <gpxtpx:TrackPointExtension>
            <gpxtpx:speed>1.57</gpxtpx:speed>
          </gpxtpx:TrackPointExtension>
          <opentracks:accuracy_horizontal>2.257</opentracks:accuracy_horizontal>
        </extensions>
      </trkpt>
      <trkpt lat="-32.235061" lon="115.793401">
        <ele>5</ele>
        <time>2026-08-27T09:54:55.648+08:00</time>
        <extensions>
          <gpxtpx:TrackPointExtension>
            <gpxtpx:speed>1.53</gpxtpx:speed>
          </gpxtpx:TrackPointExtension>
          <opentracks:accuracy_horizontal>2.319</opentracks:accuracy_horizontal>
        </extensions>
      </trkpt>
      <trkpt lat="-32.234995" lon="115.793427">
        <ele>5.1</ele>
        <time>2026-08-27T09:55:05.636+08:00</time>
        <extensions>
          <gpxtpx:TrackPointExtension>
            <gpxtpx:speed>1.07</gpxtpx:speed>
          </gpxtpx:TrackPointExtension>
          <opentracks:accuracy_horizontal>2.257</opentracks:accuracy_horizontal>
        </extensions>
      </trkpt>
      <trkpt lat="-32.235088" lon="115.79339">
        <ele>4.3</ele>
        <time>2026-08-27T09:55:14.641+08:00</time>
        <extensions>
          <gpxtpx:TrackPointExtension>
            <gpxtpx:speed>1.83</gpxtpx:speed>
          </gpxtpx:TrackPointExtension>
          <opentracks:accuracy_horizontal>2.225</opentracks:accuracy_horizontal>
        </extensions>
      </trkpt>
      <trkpt lat="-32.235082" lon="115.793274">
        <ele>5.2</ele>
        <time>2026-08-27T09:55:22.63+08:00</time>
        <extensions>
          <gpxtpx:TrackPointExtension>
            <gpxtpx:speed>1.45</gpxtpx:speed>
          </gpxtpx:TrackPointExtension>
          <opentracks:accuracy_horizontal>2.235</opentracks:accuracy_horizontal>
        </extensions>
      </trkpt>
      <trkpt lat="-32.235058" lon="115.793158">
        <ele>4.2</ele>
        <time>2026-08-27T09:55:29.647+08:00</time>
        <extensions>
          <gpxtpx:TrackPointExtension>
            <gpxtpx:speed>1.52</gpxtpx:speed>
          </gpxtpx:TrackPointExtension>
          <opentracks:accuracy_horizontal>2.185</opentracks:accuracy_horizontal>
        </extensions>
      </trkpt>
      <trkpt lat="-32.235133" lon="115.793094">
        <ele>4.2</ele>
        <time>2026-08-27T09:55:39.652+08:00</time>
        <extensions>
          <gpxtpx:TrackPointExtension>
            <gpxtpx:speed>1.33</gpxtpx:speed>
          </gpxtpx:TrackPointExtension>
          <opentracks:accuracy_horizontal>2.23</opentracks:accuracy_horizontal>
        </extensions>
      </trkpt>
      <trkpt lat="-32.235143" lon="115.792986">
        <ele>3.3</ele>
        <time>2026-08-27T09:55:46.655+08:00</time>
        <extensions>
          <gpxtpx:TrackPointExtension>
            <gpxtpx:speed>1.37</gpxtpx:speed>
          </gpxtpx:TrackPointExtension>
          <opentracks:accuracy_horizontal>2.557</opentracks:accuracy_horizontal>
        </extensions>
      </trkpt>
      <trkpt lat="-32.235133" lon="115.792875">
        <ele>2.7</ele>
        <time>2026-08-27T09:55:53.636+08:00</time>
        <extensions>
          <gpxtpx:TrackPointExtension>
            <gpxtpx:speed>1.4</gpxtpx:speed>
          </gpxtpx:TrackPointExtension>
          <opentracks:accuracy_horizontal>2.364</opentracks:accuracy_horizontal>
        </extensions>
      </trkpt>
      <trkpt lat="-32.235041" lon="115.79284">
        <ele>2</ele>
        <time>2026-08-27T09:56:00.651+08:00</time>
        <extensions>
          <gpxtpx:TrackPointExtension>
            <gpxtpx:speed>1.42</gpxtpx:speed>
          </gpxtpx:TrackPointExtension>
          <opentracks:accuracy_horizontal>2.458</opentracks:accuracy_horizontal>
        </extensions>
      </trkpt>
      <trkpt lat="-32.234948" lon="115.79287">
        <ele>1.4</ele>
        <time>2026-08-27T09:56:07.636+08:00</time>
        <extensions>
          <gpxtpx:TrackPointExtension>
            <gpxtpx:speed>1.42</gpxtpx:speed>
          </gpxtpx:TrackPointExtension>
          <opentracks:accuracy_horizontal>2.471</opentracks:accuracy_horizontal>
        </extensions>
      </trkpt>
      <trkpt lat="-32.234857" lon="115.792879">
        <ele>-0.1</ele>
        <time>2026-08-27T09:56:10.639+08:00</time>
        <extensions>
          <gpxtpx:TrackPointExtension>
            <gpxtpx:speed>1.54</gpxtpx:speed>
          </gpxtpx:TrackPointExtension>
          <opentracks:accuracy_horizontal>2.336</opentracks:accuracy_horizontal>
        </extensions>
      </trkpt>
      <trkpt lat="-32.234765" lon="115.792839">
        <ele>-1.6</ele>
        <time>2026-08-27T09:56:19.639+08:00</time>
        <extensions>
          <gpxtpx:TrackPointExtension>
            <gpxtpx:speed>1.15</gpxtpx:speed>
          </gpxtpx:TrackPointExtension>
          <opentracks:accuracy_horizontal>2.251</opentracks:accuracy_horizontal>
        </extensions>
      </trkpt>
      <trkpt lat="-32.234705" lon="115.792757">
        <ele>-3.2</ele>
        <time>2026-08-27T09:56:29.641+08:00</time>
        <extensions>
          <gpxtpx:TrackPointExtension>
            <gpxtpx:speed>1.1</gpxtpx:speed>
          </gpxtpx:TrackPointExtension>
          <opentracks:accuracy_horizontal>2.228</opentracks:accuracy_horizontal>
        </extensions>
      </trkpt>
      <trkpt lat="-32.234676" lon="115.792661">
        <ele>-3.7</ele>
        <time>2026-08-27T09:56:39.638+08:00</time>
        <extensions>
          <gpxtpx:TrackPointExtension>
            <gpxtpx:speed>1.4</gpxtpx:speed>
          </gpxtpx:TrackPointExtension>
          <opentracks:accuracy_horizontal>2.243</opentracks:accuracy_horizontal>
        </extensions>
      </trkpt>
      <trkpt lat="-32.234595" lon="115.792594">
        <ele>-3.4</ele>
        <time>2026-08-27T09:56:47.63+08:00</time>
        <extensions>
          <gpxtpx:TrackPointExtension>
            <gpxtpx:speed>1.33</gpxtpx:speed>
          </gpxtpx:TrackPointExtension>
          <opentracks:accuracy_horizontal>2.372</opentracks:accuracy_horizontal>
        </extensions>
      </trkpt>
      <trkpt lat="-32.234519" lon="115.792518">
        <ele>-4.1</ele>
        <time>2026-08-27T09:56:55.618+08:00</time>
        <extensions>
          <gpxtpx:TrackPointExtension>
            <gpxtpx:speed>1.39</gpxtpx:speed>
          </gpxtpx:TrackPointExtension>
          <opentracks:accuracy_horizontal>2.266</opentracks:accuracy_horizontal>
        </extensions>
      </trkpt>
      <trkpt lat="-32.234468" lon="115.792415">
        <ele>-6.3</ele>
        <time>2026-08-27T09:57:03.638+08:00</time>
        <extensions>
          <gpxtpx:TrackPointExtension>
            <gpxtpx:speed>1.39</gpxtpx:speed>
          </gpxtpx:TrackPointExtension>
          <opentracks:accuracy_horizontal>2.268</opentracks:accuracy_horizontal>
        </extensions>
      </trkpt>
      <trkpt lat="-32.234438" lon="115.792302">
        <ele>-5.3</ele>
        <time>2026-08-27T09:57:07.635+08:00</time>
        <extensions>
          <gpxtpx:TrackPointExtension>
            <gpxtpx:speed>2.06</gpxtpx:speed>
          </gpxtpx:TrackPointExtension>
          <opentracks:accuracy_horizontal>2.704</opentracks:accuracy_horizontal>
        </extensions>
      </trkpt>
      <trkpt lat="-32.234428" lon="115.792383">
        <ele>-5.2</ele>
        <time>2026-08-27T09:57:17.638+08:00</time>
        <extensions>
          <gpxtpx:TrackPointExtension>
            <gpxtpx:speed>1.48</gpxtpx:speed>
          </gpxtpx:TrackPointExtension>
          <opentracks:accuracy_horizontal>2.306</opentracks:accuracy_horizontal>
        </extensions>
      </trkpt>
      <trkpt lat="-32.234477" lon="115.792493">
        <ele>-5.1</ele>
        <time>2026-08-27T09:57:23.64+08:00</time>
        <extensions>
          <gpxtpx:TrackPointExtension>
            <gpxtpx:speed>1.82</gpxtpx:speed>
          </gpxtpx:TrackPointExtension>
          <opentracks:accuracy_horizontal>2.244</opentracks:accuracy_horizontal>
        </extensions>
      </trkpt>
      <trkpt lat="-32.234539" lon="115.792588">
        <ele>-4.8</ele>
        <time>2026-08-27T09:57:27.633+08:00</time>
        <extensions>
          <gpxtpx:TrackPointExtension>
            <gpxtpx:speed>2.26</gpxtpx:speed>
          </gpxtpx:TrackPointExtension>
          <opentracks:accuracy_horizontal>2.131</opentracks:accuracy_horizontal>
        </extensions>
      </trkpt>
      <trkpt lat="-32.234614" lon="115.792667">
        <ele>-4.1</ele>
        <time>2026-08-27T09:57:31.632+08:00</time>
        <extensions>
          <gpxtpx:TrackPointExtension>
            <gpxtpx:speed>2.45</gpxtpx:speed>
          </gpxtpx:TrackPointExtension>
          <opentracks:accuracy_horizontal>2.343</opentracks:accuracy_horizontal>
        </extensions>
      </trkpt>
      <trkpt lat="-32.23469" lon="115.792749">
        <ele>-2.4</ele>
        <time>2026-08-27T09:57:36.65+08:00</time>
        <extensions>
          <gpxtpx:TrackPointExtension>
            <gpxtpx:speed>2.39</gpxtpx:speed>
          </gpxtpx:TrackPointExtension>
          <opentracks:accuracy_horizontal>2.144</opentracks:accuracy_horizontal>
        </extensions>
      </trkpt>
      <trkpt lat="-32.234751" lon="115.792837">
        <ele>-1.1</ele>
        <time>2026-08-27T09:57:41.649+08:00</time>
        <extensions>
          <gpxtpx:TrackPointExtension>
            <gpxtpx:speed>2.26</gpxtpx:speed>
          </gpxtpx:TrackPointExtension>
          <opentracks:accuracy_horizontal>2.144</opentracks:accuracy_horizontal>
        </extensions>
      </trkpt>
      <trkpt lat="-32.234821" lon="115.792909">
        <ele>-0.2</ele>
        <time>2026-08-27T09:57:48.629+08:00</time>
        <extensions>
          <gpxtpx:TrackPointExtension>
            <gpxtpx:speed>1.86</gpxtpx:speed>
          </gpxtpx:TrackPointExtension>
          <opentracks:accuracy_horizontal>2.138</opentracks:accuracy_horizontal>
        </extensions>
      </trkpt>
      <trkpt lat="-32.234898" lon="115.792994">
        <ele>0.8</ele>
        <time>2026-08-27T09:57:56.639+08:00</time>
        <extensions>
          <gpxtpx:TrackPointExtension>
            <gpxtpx:speed>1.65</gpxtpx:speed>
          </gpxtpx:TrackPointExtension>
          <opentracks:accuracy_horizontal>2.147</opentracks:accuracy_horizontal>
        </extensions>
      </trkpt>
      <trkpt lat="-32.234952" lon="115.793079">
        <ele>2</ele>
        <time>2026-08-27T09:58:05.653+08:00</time>
        <extensions>
          <gpxtpx:TrackPointExtension>
            <gpxtpx:speed>1.32</gpxtpx:speed>
          </gpxtpx:TrackPointExtension>
          <opentracks:accuracy_horizontal>2.188</opentracks:accuracy_horizontal>
        </extensions>
      </trkpt>
      <trkpt lat="-32.235026" lon="115.793153">
        <ele>2.5</ele>
        <time>2026-08-27T09:58:12.644+08:00</time>
        <extensions>
          <gpxtpx:TrackPointExtension>
            <gpxtpx:speed>1.41</gpxtpx:speed>
          </gpxtpx:TrackPointExtension>
          <opentracks:accuracy_horizontal>2.194</opentracks:accuracy_horizontal>
        </extensions>
      </trkpt>
      <trkpt lat="-32.235079" lon="115.793248">
        <ele>3.3</ele>
        <time>2026-08-27T09:58:20.65+08:00</time>
        <extensions>
          <gpxtpx:TrackPointExtension>
            <gpxtpx:speed>1.4</gpxtpx:speed>
          </gpxtpx:TrackPointExtension>
          <opentracks:accuracy_horizontal>2.194</opentracks:accuracy_horizontal>
        </extensions>
      </trkpt>
      <trkpt lat="-32.235111" lon="115.793353">
        <ele>4.6</ele>
        <time>2026-08-27T09:58:28.64+08:00</time>
        <extensions>
          <gpxtpx:TrackPointExtension>
            <gpxtpx:speed>1.34</gpxtpx:speed>
          </gpxtpx:TrackPointExtension>
          <opentracks:accuracy_horizontal>2.263</opentracks:accuracy_horizontal>
        </extensions>
      </trkpt>
      <trkpt lat="-32.235149" lon="115.79346">
        <ele>5.5</ele>
        <time>2026-08-27T09:58:35.644+08:00</time>
        <extensions>
          <gpxtpx:TrackPointExtension>
            <gpxtpx:speed>1.46</gpxtpx:speed>
          </gpxtpx:TrackPointExtension>
          <opentracks:accuracy_horizontal>2.306</opentracks:accuracy_horizontal>
        </extensions>
      </trkpt>
      <trkpt lat="-32.23517" lon="115.793569">
        <ele>7</ele>
        <time>2026-08-27T09:58:43.64+08:00</time>
        <extensions>
          <gpxtpx:TrackPointExtension>
            <gpxtpx:speed>1.4</gpxtpx:speed>
          </gpxtpx:TrackPointExtension>
          <opentracks:accuracy_horizontal>2.147</opentracks:accuracy_horizontal>
        </extensions>
      </trkpt>
      <trkpt lat="-32.235133" lon="115.793671">
        <ele>6.8</ele>
        <time>2026-08-27T09:58:50.649+08:00</time>
        <extensions>
          <gpxtpx:TrackPointExtension>
            <gpxtpx:speed>1.41</gpxtpx:speed>
          </gpxtpx:TrackPointExtension>
          <opentracks:accuracy_horizontal>2.107</opentracks:accuracy_horizontal>
        </extensions>
      </trkpt>
      <trkpt lat="-32.235193" lon="115.793768">
        <ele>7.2</ele>
        <time>2026-08-27T09:58:59.645+08:00</time>
        <extensions>
          <gpxtpx:TrackPointExtension>
            <gpxtpx:speed>1.41</gpxtpx:speed>
          </gpxtpx:TrackPointExtension>
          <opentracks:accuracy_horizontal>2.274</opentracks:accuracy_horizontal>
        </extensions>
      </trkpt>
      <trkpt lat="-32.235202" lon="115.793758">
        <ele>8.9</ele>
        <time>2026-08-27T09:59:09.652+08:00</time>
        <extensions>
          <gpxtpx:TrackPointExtension>
            <gpxtpx:speed>0.46</gpxtpx:speed>
          </gpxtpx:TrackPointExtension>
          <opentracks:accuracy_horizontal>2.292</opentracks:accuracy_horizontal>
        </extensions>
      </trkpt>
      <trkpt lat="-32.235155" lon="115.793656">
        <ele>8</ele>
        <time>2026-08-27T09:59:15.641+08:00</time>
        <extensions>
          <gpxtpx:TrackPointExtension>
            <gpxtpx:speed>1.71</gpxtpx:speed>
          </gpxtpx:TrackPointExtension>
          <opentracks:accuracy_horizontal>2.222</opentracks:accuracy_horizontal>
        </extensions>
      </trkpt>
      <trkpt lat="-32.235155" lon="115.79353">
        <ele>6.1</ele>
        <time>2026-08-27T09:59:23.618+08:00</time>
        <extensions>
          <gpxtpx:TrackPointExtension>
            <gpxtpx:speed>1.59</gpxtpx:speed>
          </gpxtpx:TrackPointExtension>
          <opentracks:accuracy_horizontal>2.274</opentracks:accuracy_horizontal>
        </extensions>
      </trkpt>
      <trkpt lat="-32.235156" lon="115.793415">
        <ele>6.2</ele>
        <time>2026-08-27T09:59:30.638+08:00</time>
        <extensions>
          <gpxtpx:TrackPointExtension>
            <gpxtpx:speed>1.55</gpxtpx:speed>
          </gpxtpx:TrackPointExtension>
          <opentracks:accuracy_horizontal>2.215</opentracks:accuracy_horizontal>
        </extensions>
      </trkpt>
      <trkpt lat="-32.235059" lon="115.79341">
        <ele>6.1</ele>
        <time>2026-08-27T09:59:39.639+08:00</time>
        <extensions>
          <gpxtpx:TrackPointExtension>
            <gpxtpx:speed>1.61</gpxtpx:speed>
          </gpxtpx:TrackPointExtension>
          <opentracks:accuracy_horizontal>2.275</opentracks:accuracy_horizontal>
        </extensions>
      </trkpt>
      <trkpt lat="-32.234989" lon="115.793479">
        <ele>5.4</ele>
        <time>2026-08-27T09:59:46.642+08:00</time>
        <extensions>
          <gpxtpx:TrackPointExtension>
            <gpxtpx:speed>1.53</gpxtpx:speed>
          </gpxtpx:TrackPointExtension>
          <opentracks:accuracy_horizontal>2.189</opentracks:accuracy_horizontal>
        </extensions>
      </trkpt>
      <trkpt lat="-32.234922" lon="115.793557">
        <ele>5.2</ele>
        <time>2026-08-27T09:59:54.645+08:00</time>
        <extensions>
          <gpxtpx:TrackPointExtension>
            <gpxtpx:speed>1.39</gpxtpx:speed>
          </gpxtpx:TrackPointExtension>
          <opentracks:accuracy_horizontal>2.307</opentracks:accuracy_horizontal>
        </extensions>
      </trkpt>
      <trkpt lat="-32.234866" lon="115.793643">
        <ele>4.7</ele>
        <time>2026-08-27T10:00:01.626+08:00</time>
        <extensions>
          <gpxtpx:TrackPointExtension>
            <gpxtpx:speed>1.39</gpxtpx:speed>
          </gpxtpx:TrackPointExtension>
          <opentracks:accuracy_horizontal>2.196</opentracks:accuracy_horizontal>
        </extensions>
      </trkpt>
      <trkpt lat="-32.234779" lon="115.793683">
        <ele>2.5</ele>
        <time>2026-08-27T10:00:07.638+08:00</time>
        <extensions>
          <gpxtpx:TrackPointExtension>
            <gpxtpx:speed>1.73</gpxtpx:speed>
          </gpxtpx:TrackPointExtension>
          <opentracks:accuracy_horizontal>2.181</opentracks:accuracy_horizontal>
        </extensions>
      </trkpt>
      <trkpt lat="-32.234686" lon="115.793653">
        <ele>0.5</ele>
        <time>2026-08-27T10:00:13.656+08:00</time>
        <extensions>
          <gpxtpx:TrackPointExtension>
            <gpxtpx:speed>1.76</gpxtpx:speed>
          </gpxtpx:TrackPointExtension>
          <opentracks:accuracy_horizontal>2.244</opentracks:accuracy_horizontal>
        </extensions>
      </trkpt>
      <trkpt lat="-32.234592" lon="115.793639">
        <ele>-1.5</ele>
        <time>2026-08-27T10:00:20.65+08:00</time>
        <extensions>
          <gpxtpx:TrackPointExtension>
            <gpxtpx:speed>1.61</gpxtpx:speed>
          </gpxtpx:TrackPointExtension>
          <opentracks:accuracy_horizontal>2.148</opentracks:accuracy_horizontal>
        </extensions>
      </trkpt>
      <trkpt lat="-32.234489" lon="115.793667">
        <ele>-2.6</ele>
        <time>2026-08-27T10:00:28.647+08:00</time>
        <extensions>
          <gpxtpx:TrackPointExtension>
            <gpxtpx:speed>1.48</gpxtpx:speed>
          </gpxtpx:TrackPointExtension>
          <opentracks:accuracy_horizontal>2.161</opentracks:accuracy_horizontal>
        </extensions>
      </trkpt>
      <trkpt lat="-32.234408" lon="115.793728">
        <ele>-4.7</ele>
        <time>2026-08-27T10:00:36.637+08:00</time>
        <extensions>
          <gpxtpx:TrackPointExtension>
            <gpxtpx:speed>1.36</gpxtpx:speed>
          </gpxtpx:TrackPointExtension>
          <opentracks:accuracy_horizontal>2.124</opentracks:accuracy_horizontal>
        </extensions>
      </trkpt>
      <trkpt lat="-32.234331" lon="115.793799">
        <ele>-6.5</ele>
        <time>2026-08-27T10:00:45.643+08:00</time>
        <extensions>
          <gpxtpx:TrackPointExtension>
            <gpxtpx:speed>1.23</gpxtpx:speed>
          </gpxtpx:TrackPointExtension>
          <opentracks:accuracy_horizontal>2.163</opentracks:accuracy_horizontal>
        </extensions>
      </trkpt>
      <trkpt lat="-32.234259" lon="115.793891">
        <ele>-7.1</ele>
        <time>2026-08-27T10:00:52.661+08:00</time>
        <extensions>
          <gpxtpx:TrackPointExtension>
            <gpxtpx:speed>1.44</gpxtpx:speed>
          </gpxtpx:TrackPointExtension>
          <opentracks:accuracy_horizontal>2.264</opentracks:accuracy_horizontal>
        </extensions>
      </trkpt>
      <trkpt lat="-32.234187" lon="115.793978">
        <ele>-9.3</ele>
        <time>2026-08-27T10:00:59.644+08:00</time>
        <extensions>
          <gpxtpx:TrackPointExtension>
            <gpxtpx:speed>1.59</gpxtpx:speed>
          </gpxtpx:TrackPointExtension>
          <opentracks:accuracy_horizontal>2.149</opentracks:accuracy_horizontal>
        </extensions>
      </trkpt>
      <trkpt lat="-32.234104" lon="115.794047">
        <ele>-10.3</ele>
        <time>2026-08-27T10:01:07.656+08:00</time>
        <extensions>
          <gpxtpx:TrackPointExtension>
            <gpxtpx:speed>1.45</gpxtpx:speed>
          </gpxtpx:TrackPointExtension>
          <opentracks:accuracy_horizontal>2.183</opentracks:accuracy_horizontal>
        </extensions>
      </trkpt>
      <trkpt lat="-32.23403" lon="115.794122">
        <ele>-11.6</ele>
        <time>2026-08-27T10:01:13.662+08:00</time>
        <extensions>
          <gpxtpx:TrackPointExtension>
            <gpxtpx:speed>1.6</gpxtpx:speed>
          </gpxtpx:TrackPointExtension>
          <opentracks:accuracy_horizontal>2.16</opentracks:accuracy_horizontal>
        </extensions>
      </trkpt>
      <trkpt lat="-32.233956" lon="115.794185">
        <ele>-13.2</ele>
        <time>2026-08-27T10:01:20.651+08:00</time>
        <extensions>
          <gpxtpx:TrackPointExtension>
            <gpxtpx:speed>1.5</gpxtpx:speed>
          </gpxtpx:TrackPointExtension>
          <opentracks:accuracy_horizontal>2.174</opentracks:accuracy_horizontal>
        </extensions>
      </trkpt>
      <trkpt lat="-32.233869" lon="115.794249">
        <ele>-13.9</ele>
        <time>2026-08-27T10:01:26.654+08:00</time>
        <extensions>
          <gpxtpx:TrackPointExtension>
            <gpxtpx:speed>1.66</gpxtpx:speed>
          </gpxtpx:TrackPointExtension>
          <opentracks:accuracy_horizontal>2.19</opentracks:accuracy_horizontal>
        </extensions>
      </trkpt>
      <trkpt lat="-32.233769" lon="115.794262">
        <ele>-14.6</ele>
        <time>2026-08-27T10:01:32.639+08:00</time>
        <extensions>
          <gpxtpx:TrackPointExtension>
            <gpxtpx:speed>1.78</gpxtpx:speed>
          </gpxtpx:TrackPointExtension>
          <opentracks:accuracy_horizontal>2.17</opentracks:accuracy_horizontal>
        </extensions>
      </trkpt>
      <trkpt lat="-32.233683" lon="115.794301">
        <ele>-16.2</ele>
        <time>2026-08-27T10:01:39.664+08:00</time>
        <extensions>
          <gpxtpx:TrackPointExtension>
            <gpxtpx:speed>1.6</gpxtpx:speed>
          </gpxtpx:TrackPointExtension>
          <opentracks:accuracy_horizontal>2.15</opentracks:accuracy_horizontal>
        </extensions>
      </trkpt>
      <trkpt lat="-32.233599" lon="115.79434">
        <ele>-16.8</ele>
        <time>2026-08-27T10:01:46.64+08:00</time>
        <extensions>
          <gpxtpx:TrackPointExtension>
            <gpxtpx:speed>1.46</gpxtpx:speed>
          </gpxtpx:TrackPointExtension>
          <opentracks:accuracy_horizontal>2.124</opentracks:accuracy_horizontal>
        </extensions>
      </trkpt>
      <trkpt lat="-32.233582" lon="115.794258">
        <ele>-18.1</ele>
        <time>2026-08-27T10:01:56.642+08:00</time>
        <extensions>
          <gpxtpx:TrackPointExtension>
            <gpxtpx:speed>1.35</gpxtpx:speed>
          </gpxtpx:TrackPointExtension>
          <opentracks:accuracy_horizontal>2.347</opentracks:accuracy_horizontal>
        </extensions>
      </trkpt>
      <trkpt lat="-32.233664" lon="115.794167">
        <ele>-16.5</ele>
        <time>2026-08-27T10:02:03.631+08:00</time>
        <extensions>
          <gpxtpx:TrackPointExtension>
            <gpxtpx:speed>1.57</gpxtpx:speed>
          </gpxtpx:TrackPointExtension>
          <opentracks:accuracy_horizontal>2.313</opentracks:accuracy_horizontal>
        </extensions>
      </trkpt>
      <trkpt lat="-32.233711" lon="115.79407">
        <ele>-15.3</ele>
        <time>2026-08-27T10:02:07.639+08:00</time>
        <extensions>
          <gpxtpx:TrackPointExtension>
            <gpxtpx:speed>1.9</gpxtpx:speed>
          </gpxtpx:TrackPointExtension>
          <opentracks:accuracy_horizontal>2.216</opentracks:accuracy_horizontal>
        </extensions>
      </trkpt>
      <trkpt lat="-32.233757" lon="115.793964">
        <ele>-15.2</ele>
        <time>2026-08-27T10:02:11.664+08:00</time>
        <extensions>
          <gpxtpx:TrackPointExtension>
            <gpxtpx:speed>2.19</gpxtpx:speed>
          </gpxtpx:TrackPointExtension>
          <opentracks:accuracy_horizontal>2.205</opentracks:accuracy_horizontal>
        </extensions>
      </trkpt>
      <trkpt lat="-32.233783" lon="115.793862">
        <ele>-14.7</ele>
        <time>2026-08-27T10:02:15.646+08:00</time>
        <extensions>
          <gpxtpx:TrackPointExtension>
            <gpxtpx:speed>2.3</gpxtpx:speed>
          </gpxtpx:TrackPointExtension>
          <opentracks:accuracy_horizontal>2.288</opentracks:accuracy_horizontal>
        </extensions>
      </trkpt>
      <trkpt lat="-32.233772" lon="115.793751">
        <ele>-14.7</ele>
        <time>2026-08-27T10:02:24.655+08:00</time>
        <extensions>
          <gpxtpx:TrackPointExtension>
            <gpxtpx:speed>1.61</gpxtpx:speed>
          </gpxtpx:TrackPointExtension>
          <opentracks:accuracy_horizontal>2.23</opentracks:accuracy_horizontal>
        </extensions>
      </trkpt>
      <trkpt lat="-32.233696" lon="115.793688">
        <ele>-15.6</ele>
        <time>2026-08-27T10:02:32.656+08:00</time>
        <extensions>
          <gpxtpx:TrackPointExtension>
            <gpxtpx:speed>1.38</gpxtpx:speed>
          </gpxtpx:TrackPointExtension>
          <opentracks:accuracy_horizontal>2.272</opentracks:accuracy_horizontal>
        </extensions>
      </trkpt>
      <trkpt lat="-32.233626" lon="115.793617">
        <ele>-16.2</ele>
        <time>2026-08-27T10:02:39.651+08:00</time>
        <extensions>
          <gpxtpx:TrackPointExtension>
            <gpxtpx:speed>1.38</gpxtpx:speed>
          </gpxtpx:TrackPointExtension>
          <opentracks:accuracy_horizontal>2.22</opentracks:accuracy_horizontal>
        </extensions>
      </trkpt>
      <trkpt lat="-32.233565" lon="115.793522">
        <ele>-16.5</ele>
        <time>2026-08-27T10:02:47.65+08:00</time>
        <extensions>
          <gpxtpx:TrackPointExtension>
            <gpxtpx:speed>1.41</gpxtpx:speed>
          </gpxtpx:TrackPointExtension>
          <opentracks:accuracy_horizontal>2.516</opentracks:accuracy_horizontal>
        </extensions>
      </trkpt>
      <trkpt lat="-32.233513" lon="115.793423">
        <ele>-16.7</ele>
        <time>2026-08-27T10:02:55.631+08:00</time>
        <extensions>
          <gpxtpx:TrackPointExtension>
            <gpxtpx:speed>1.36</gpxtpx:speed>
          </gpxtpx:TrackPointExtension>
          <opentracks:accuracy_horizontal>2.344</opentracks:accuracy_horizontal>
        </extensions>
      </trkpt>
      <trkpt lat="-32.233446" lon="115.793339">
        <ele>-15.7</ele>
        <time>2026-08-27T10:03:03.663+08:00</time>
        <extensions>
          <gpxtpx:TrackPointExtension>
            <gpxtpx:speed>1.25</gpxtpx:speed>
          </gpxtpx:TrackPointExtension>
          <opentracks:accuracy_horizontal>2.504</opentracks:accuracy_horizontal>
        </extensions>
      </trkpt>
      <trkpt lat="-32.233385" lon="115.793259">
        <ele>-15.9</ele>
        <time>2026-08-27T10:03:10.646+08:00</time>
        <extensions>
          <gpxtpx:TrackPointExtension>
            <gpxtpx:speed>1.35</gpxtpx:speed>
          </gpxtpx:TrackPointExtension>
          <opentracks:accuracy_horizontal>2.279</opentracks:accuracy_horizontal>
        </extensions>
      </trkpt>
      <trkpt lat="-32.233329" lon="115.793169">
        <ele>-16.7</ele>
        <time>2026-08-27T10:03:16.649+08:00</time>
        <extensions>
          <gpxtpx:TrackPointExtension>
            <gpxtpx:speed>1.49</gpxtpx:speed>
          </gpxtpx:TrackPointExtension>
          <opentracks:accuracy_horizontal>2.301</opentracks:accuracy_horizontal>
        </extensions>
      </trkpt>
      <trkpt lat="-32.233254" lon="115.793089">
        <ele>-14.9</ele>
        <time>2026-08-27T10:03:23.63+08:00</time>
        <extensions>
          <gpxtpx:TrackPointExtension>
            <gpxtpx:speed>1.51</gpxtpx:speed>
          </gpxtpx:TrackPointExtension>
          <opentracks:accuracy_horizontal>2.278</opentracks:accuracy_horizontal>
        </extensions>
      </trkpt>
      <trkpt lat="-32.233195" lon="115.793006">
        <ele>-16.2</ele>
        <time>2026-08-27T10:03:29.643+08:00</time>
        <extensions>
          <gpxtpx:TrackPointExtension>
            <gpxtpx:speed>1.56</gpxtpx:speed>
          </gpxtpx:TrackPointExtension>
          <opentracks:accuracy_horizontal>2.333</opentracks:accuracy_horizontal>
        </extensions>
      </trkpt>
      <trkpt lat="-32.233123" lon="115.792926">
        <ele>-17.7</ele>
        <time>2026-08-27T10:03:36.642+08:00</time>
        <extensions>
          <gpxtpx:TrackPointExtension>
            <gpxtpx:speed>1.56</gpxtpx:speed>
          </gpxtpx:TrackPointExtension>
          <opentracks:accuracy_horizontal>2.385</opentracks:accuracy_horizontal>
        </extensions>
      </trkpt>
      <trkpt lat="-32.233058" lon="115.792837">
        <ele>-16.6</ele>
        <time>2026-08-27T10:03:44.649+08:00</time>
        <extensions>
          <gpxtpx:TrackPointExtension>
            <gpxtpx:speed>1.43</gpxtpx:speed>
          </gpxtpx:TrackPointExtension>
          <opentracks:accuracy_horizontal>2.497</opentracks:accuracy_horizontal>
        </extensions>
      </trkpt>
      <trkpt lat="-32.233007" lon="115.792759">
        <ele>-15.4</ele>
        <time>2026-08-27T10:03:54.657+08:00</time>
        <extensions>
          <gpxtpx:TrackPointExtension>
            <gpxtpx:speed>1.08</gpxtpx:speed>
          </gpxtpx:TrackPointExtension>
          <opentracks:accuracy_horizontal>2.681</opentracks:accuracy_horizontal>
        </extensions>
      </trkpt>
      <trkpt lat="-32.233088" lon="115.792684">
        <ele>-13</ele>
        <time>2026-08-27T10:04:02.663+08:00</time>
        <extensions>
          <gpxtpx:TrackPointExtension>
            <gpxtpx:speed>1.33</gpxtpx:speed>
          </gpxtpx:TrackPointExtension>
          <opentracks:accuracy_horizontal>2.253</opentracks:accuracy_horizontal>
        </extensions>
      </trkpt>
      <trkpt lat="-32.233178" lon="115.792673">
        <ele>-12.8</ele>
        <time>2026-08-27T10:04:09.644+08:00</time>
        <extensions>
          <gpxtpx:TrackPointExtension>
            <gpxtpx:speed>1.36</gpxtpx:speed>
          </gpxtpx:TrackPointExtension>
          <opentracks:accuracy_horizontal>2.417</opentracks:accuracy_horizontal>
        </extensions>
      </trkpt>
      <trkpt lat="-32.23328" lon="115.792636">
        <ele>-12.1</ele>
        <time>2026-08-27T10:04:16.652+08:00</time>
        <extensions>
          <gpxtpx:TrackPointExtension>
            <gpxtpx:speed>1.48</gpxtpx:speed>
          </gpxtpx:TrackPointExtension>
          <opentracks:accuracy_horizontal>2.338</opentracks:accuracy_horizontal>
        </extensions>
      </trkpt>
      <trkpt lat="-32.233374" lon="115.792621">
        <ele>-11</ele>
        <time>2026-08-27T10:04:23.645+08:00</time>
        <extensions>
          <gpxtpx:TrackPointExtension>
            <gpxtpx:speed>1.48</gpxtpx:speed>
          </gpxtpx:TrackPointExtension>
          <opentracks:accuracy_horizontal>2.482</opentracks:accuracy_horizontal>
        </extensions>
      </trkpt>
      <trkpt lat="-32.233479" lon="115.792609">
        <ele>-10.6</ele>
        <time>2026-08-27T10:04:31.638+08:00</time>
        <extensions>
          <gpxtpx:TrackPointExtension>
            <gpxtpx:speed>1.41</gpxtpx:speed>
          </gpxtpx:TrackPointExtension>
          <opentracks:accuracy_horizontal>2.402</opentracks:accuracy_horizontal>
        </extensions>
      </trkpt>
      <trkpt lat="-32.233577" lon="115.792585">
        <ele>-9.3</ele>
        <time>2026-08-27T10:04:38.634+08:00</time>
        <extensions>
          <gpxtpx:TrackPointExtension>
            <gpxtpx:speed>1.45</gpxtpx:speed>
          </gpxtpx:TrackPointExtension>
          <opentracks:accuracy_horizontal>2.274</opentracks:accuracy_horizontal>
        </extensions>
      </trkpt>
      <trkpt lat="-32.233674" lon="115.792563">
        <ele>-8.8</ele>
        <time>2026-08-27T10:04:45.637+08:00</time>
        <extensions>
          <gpxtpx:TrackPointExtension>
            <gpxtpx:speed>1.43</gpxtpx:speed>
          </gpxtpx:TrackPointExtension>
          <opentracks:accuracy_horizontal>2.173</opentracks:accuracy_horizontal>
        </extensions>
      </trkpt>
      <trkpt lat="-32.23377" lon="115.792543">
        <ele>-8.6</ele>
        <time>2026-08-27T10:04:52.653+08:00</time>
        <extensions>
          <gpxtpx:TrackPointExtension>
            <gpxtpx:speed>1.45</gpxtpx:speed>
          </gpxtpx:TrackPointExtension>
          <opentracks:accuracy_horizontal>2.347</opentracks:accuracy_horizontal>
        </extensions>
      </trkpt>
      <trkpt lat="-32.23386" lon="115.792529">
        <ele>-8.6</ele>
        <time>2026-08-27T10:04:58.657+08:00</time>
        <extensions>
          <gpxtpx:TrackPointExtension>
            <gpxtpx:speed>1.55</gpxtpx:speed>
          </gpxtpx:TrackPointExtension>
          <opentracks:accuracy_horizontal>2.4</opentracks:accuracy_horizontal>
        </extensions>
      </trkpt>
      <trkpt lat="-32.233949" lon="115.792509">
        <ele>-8.3</ele>
        <time>2026-08-27T10:05:06.661+08:00</time>
        <extensions>
          <gpxtpx:TrackPointExtension>
            <gpxtpx:speed>1.34</gpxtpx:speed>
          </gpxtpx:TrackPointExtension>
          <opentracks:accuracy_horizontal>2.278</opentracks:accuracy_horizontal>
        </extensions>
      </trkpt>
      <trkpt lat="-32.234042" lon="115.792486">
        <ele>-8</ele>
        <time>2026-08-27T10:05:13.639+08:00</time>
        <extensions>
          <gpxtpx:TrackPointExtension>
            <gpxtpx:speed>1.31</gpxtpx:speed>
          </gpxtpx:TrackPointExtension>
          <opentracks:accuracy_horizontal>2.396</opentracks:accuracy_horizontal>
        </extensions>
      </trkpt>
      <trkpt lat="-32.234132" lon="115.792466">
        <ele>-7.3</ele>
        <time>2026-08-27T10:05:20.641+08:00</time>
        <extensions>
          <gpxtpx:TrackPointExtension>
            <gpxtpx:speed>1.41</gpxtpx:speed>
          </gpxtpx:TrackPointExtension>
          <opentracks:accuracy_horizontal>2.325</opentracks:accuracy_horizontal>
        </extensions>
      </trkpt>
      <trkpt lat="-32.234218" lon="115.792427">
        <ele>-7.1</ele>
        <time>2026-08-27T10:05:28.628+08:00</time>
        <extensions>
          <gpxtpx:TrackPointExtension>
            <gpxtpx:speed>1.27</gpxtpx:speed>
          </gpxtpx:TrackPointExtension>
          <opentracks:accuracy_horizontal>2.354</opentracks:accuracy_horizontal>
        </extensions>
      </trkpt>
      <trkpt lat="-32.234309" lon="115.792383">
        <ele>-5.6</ele>
        <time>2026-08-27T10:05:34.647+08:00</time>
        <extensions>
          <gpxtpx:TrackPointExtension>
            <gpxtpx:speed>1.46</gpxtpx:speed>
          </gpxtpx:TrackPointExtension>
          <opentracks:accuracy_horizontal>2.322</opentracks:accuracy_horizontal>
        </extensions>
      </trkpt>
      <trkpt lat="-32.234401" lon="115.792365">
        <ele>-5.5</ele>
        <time>2026-08-27T10:05:42.674+08:00</time>
        <extensions>
          <gpxtpx:TrackPointExtension>
            <gpxtpx:speed>1.37</gpxtpx:speed>
          </gpxtpx:TrackPointExtension>
          <opentracks:accuracy_horizontal>2.393</opentracks:accuracy_horizontal>
        </extensions>
      </trkpt>
      <trkpt lat="-32.234453" lon="115.792463">
        <ele>-5.4</ele>
        <time>2026-08-27T10:05:49.645+08:00</time>
        <extensions>
          <gpxtpx:TrackPointExtension>
            <gpxtpx:speed>1.4</gpxtpx:speed>
          </gpxtpx:TrackPointExtension>
          <opentracks:accuracy_horizontal>2.401</opentracks:accuracy_horizontal>
        </extensions>
      </trkpt>
      <trkpt lat="-32.234516" lon="115.792552">
        <ele>-4.2</ele>
        <time>2026-08-27T10:05:55.642+08:00</time>
        <extensions>
          <gpxtpx:TrackPointExtension>
            <gpxtpx:speed>1.56</gpxtpx:speed>
          </gpxtpx:TrackPointExtension>
          <opentracks:accuracy_horizontal>2.196</opentracks:accuracy_horizontal>
        </extensions>
      </trkpt>
      <trkpt lat="-32.234581" lon="115.792633">
        <ele>-3.8</ele>
        <time>2026-08-27T10:06:03.628+08:00</time>
        <extensions>
          <gpxtpx:TrackPointExtension>
            <gpxtpx:speed>1.47</gpxtpx:speed>
          </gpxtpx:TrackPointExtension>
          <opentracks:accuracy_horizontal>2.235</opentracks:accuracy_horizontal>
        </extensions>
      </trkpt>
      <trkpt lat="-32.234661" lon="115.792703">
        <ele>-3.9</ele>
        <time>2026-08-27T10:06:11.648+08:00</time>
        <extensions>
          <gpxtpx:TrackPointExtension>
            <gpxtpx:speed>1.44</gpxtpx:speed>
          </gpxtpx:TrackPointExtension>
          <opentracks:accuracy_horizontal>2.245</opentracks:accuracy_horizontal>
        </extensions>
      </trkpt>
      <trkpt lat="-32.234726" lon="115.792793">
        <ele>-2.2</ele>
        <time>2026-08-27T10:06:19.668+08:00</time>
        <extensions>
          <gpxtpx:TrackPointExtension>
            <gpxtpx:speed>1.42</gpxtpx:speed>
          </gpxtpx:TrackPointExtension>
          <opentracks:accuracy_horizontal>2.226</opentracks:accuracy_horizontal>
        </extensions>
      </trkpt>
      <trkpt lat="-32.234792" lon="115.792876">
        <ele>-1.3</ele>
        <time>2026-08-27T10:06:27.641+08:00</time>
        <extensions>
          <gpxtpx:TrackPointExtension>
            <gpxtpx:speed>1.39</gpxtpx:speed>
          </gpxtpx:TrackPointExtension>
          <opentracks:accuracy_horizontal>2.193</opentracks:accuracy_horizontal>
        </extensions>
      </trkpt>
      <trkpt lat="-32.23486" lon="115.792966">
        <ele>0.1</ele>
        <time>2026-08-27T10:06:36.661+08:00</time>
        <extensions>
          <gpxtpx:TrackPointExtension>
            <gpxtpx:speed>1.33</gpxtpx:speed>
          </gpxtpx:TrackPointExtension>
          <opentracks:accuracy_horizontal>2.192</opentracks:accuracy_horizontal>
        </extensions>
      </trkpt>
      <trkpt lat="-32.234935" lon="115.793028">
        <ele>1.2</ele>
        <time>2026-08-27T10:06:43.648+08:00</time>
        <extensions>
          <gpxtpx:TrackPointExtension>
            <gpxtpx:speed>1.4</gpxtpx:speed>
          </gpxtpx:TrackPointExtension>
          <opentracks:accuracy_horizontal>2.262</opentracks:accuracy_horizontal>
        </extensions>
      </trkpt>
      <trkpt lat="-32.234997" lon="115.793122">
        <ele>1.9</ele>
        <time>2026-08-27T10:06:51.647+08:00</time>
        <extensions>
          <gpxtpx:TrackPointExtension>
            <gpxtpx:speed>1.41</gpxtpx:speed>
          </gpxtpx:TrackPointExtension>
          <opentracks:accuracy_horizontal>2.252</opentracks:accuracy_horizontal>
        </extensions>
      </trkpt>
      <trkpt lat="-32.235067" lon="115.793198">
        <ele>3.1</ele>
        <time>2026-08-27T10:06:59.655+08:00</time>
        <extensions>
          <gpxtpx:TrackPointExtension>
            <gpxtpx:speed>1.37</gpxtpx:speed>
          </gpxtpx:TrackPointExtension>
          <opentracks:accuracy_horizontal>2.213</opentracks:accuracy_horizontal>
        </extensions>
      </trkpt>
      <trkpt lat="-32.235122" lon="115.793111">
        <ele>3.2</ele>
        <time>2026-08-27T10:07:07.649+08:00</time>
        <extensions>
          <gpxtpx:TrackPointExtension>
            <gpxtpx:speed>1.31</gpxtpx:speed>
          </gpxtpx:TrackPointExtension>
          <opentracks:accuracy_horizontal>2.385</opentracks:accuracy_horizontal>
        </extensions>
      </trkpt>
      <trkpt lat="-32.235081" lon="115.793207">
        <ele>3.4</ele>
        <time>2026-08-27T10:07:15.659+08:00</time>
        <extensions>
          <gpxtpx:TrackPointExtension>
            <gpxtpx:speed>1.42</gpxtpx:speed>
          </gpxtpx:TrackPointExtension>
          <opentracks:accuracy_horizontal>2.238</opentracks:accuracy_horizontal>
        </extensions>
      </trkpt>
      <trkpt lat="-32.235108" lon="115.793312">
        <ele>4.3</ele>
        <time>2026-08-27T10:07:21.655+08:00</time>
        <extensions>
          <gpxtpx:TrackPointExtension>
            <gpxtpx:speed>1.54</gpxtpx:speed>
          </gpxtpx:TrackPointExtension>
          <opentracks:accuracy_horizontal>2.421</opentracks:accuracy_horizontal>
        </extensions>
      </trkpt>
      <trkpt lat="-32.235099" lon="115.793234">
        <ele>4.8</ele>
        <time>2026-08-27T10:07:31.648+08:00</time>
        <extensions>
          <gpxtpx:TrackPointExtension>
            <gpxtpx:speed>1.2</gpxtpx:speed>
          </gpxtpx:TrackPointExtension>
          <opentracks:accuracy_horizontal>2.316</opentracks:accuracy_horizontal>
        </extensions>
      </trkpt>
      <trkpt lat="-32.235055" lon="115.793138">
        <ele>4</ele>
        <time>2026-08-27T10:07:52.647+08:00</time>
        <extensions>
          <gpxtpx:TrackPointExtension>
            <gpxtpx:speed>0.49</gpxtpx:speed>
          </gpxtpx:TrackPointExtension>
          <opentracks:accuracy_horizontal>2.44</opentracks:accuracy_horizontal>
        </extensions>
      </trkpt>
      <trkpt lat="-32.235073" lon="115.79318">
        <ele>3.4</ele>
        <time>2026-08-27T10:08:02.651+08:00</time>
        <extensions>
          <gpxtpx:TrackPointExtension>
            <gpxtpx:speed>1.1</gpxtpx:speed>
          </gpxtpx:TrackPointExtension>
          <opentracks:accuracy_horizontal>2.247</opentracks:accuracy_horizontal>
        </extensions>
      </trkpt>
      <trkpt lat="-32.235103" lon="115.793288">
        <ele>3.5</ele>
        <time>2026-08-27T10:08:11.657+08:00</time>
        <extensions>
          <gpxtpx:TrackPointExtension>
            <gpxtpx:speed>1.16</gpxtpx:speed>
          </gpxtpx:TrackPointExtension>
          <opentracks:accuracy_horizontal>2.503</opentracks:accuracy_horizontal>
        </extensions>
      </trkpt>
      <trkpt lat="-32.23514" lon="115.793386">
        <ele>5.8</ele>
        <time>2026-08-27T10:08:18.66+08:00</time>
        <extensions>
          <gpxtpx:TrackPointExtension>
            <gpxtpx:speed>1.28</gpxtpx:speed>
          </gpxtpx:TrackPointExtension>
          <opentracks:accuracy_horizontal>2.349</opentracks:accuracy_horizontal>
        </extensions>
      </trkpt>
      <trkpt lat="-32.235147" lon="115.793507">
        <ele>6.7</ele>
        <time>2026-08-27T10:08:26.656+08:00</time>
        <extensions>
          <gpxtpx:TrackPointExtension>
            <gpxtpx:speed>1.36</gpxtpx:speed>
          </gpxtpx:TrackPointExtension>
          <opentracks:accuracy_horizontal>2.34</opentracks:accuracy_horizontal>
        </extensions>
      </trkpt>
      <trkpt lat="-32.235131" lon="115.793617">
        <ele>6.2</ele>
        <time>2026-08-27T10:08:33.658+08:00</time>
        <extensions>
          <gpxtpx:TrackPointExtension>
            <gpxtpx:speed>1.42</gpxtpx:speed>
          </gpxtpx:TrackPointExtension>
          <opentracks:accuracy_horizontal>2.23</opentracks:accuracy_horizontal>
        </extensions>
      </trkpt>
      <trkpt lat="-32.235175" lon="115.793681">
        <ele>6.7</ele>
        <time>2026-08-27T10:08:43.656+08:00</time>
        <extensions>
          <gpxtpx:TrackPointExtension>
            <gpxtpx:speed>1.24</gpxtpx:speed>
          </gpxtpx:TrackPointExtension>
          <opentracks:accuracy_horizontal>2.334</opentracks:accuracy_horizontal>
        </extensions>
      </trkpt>
      <trkpt lat="-32.23508" lon="115.793676">
        <ele>7.4</ele>
        <time>2026-08-27T10:09:32.672+08:00</time>
        <extensions>
          <gpxtpx:TrackPointExtension>
            <gpxtpx:speed>1.39</gpxtpx:speed>
          </gpxtpx:TrackPointExtension>
          <opentracks:accuracy_horizontal>2.427</opentracks:accuracy_horizontal>
        </extensions>
      </trkpt>
      <trkpt lat="-32.235042" lon="115.793558">
        <ele>5.7</ele>
        <time>2026-08-27T10:09:41.633+08:00</time>
        <extensions>
          <gpxtpx:TrackPointExtension>
            <gpxtpx:speed>1.36</gpxtpx:speed>
          </gpxtpx:TrackPointExtension>
          <opentracks:accuracy_horizontal>2.407</opentracks:accuracy_horizontal>
        </extensions>
      </trkpt>
      <trkpt lat="-32.23501" lon="115.793467">
        <ele>5</ele>
        <time>2026-08-27T10:09:50.65+08:00</time>
        <extensions>
          <gpxtpx:TrackPointExtension>
            <gpxtpx:speed>1.24</gpxtpx:speed>
          </gpxtpx:TrackPointExtension>
          <opentracks:accuracy_horizontal>2.431</opentracks:accuracy_horizontal>
        </extensions>
      </trkpt>
      <trkpt lat="-32.235039" lon="115.793583">
        <ele>4.8</ele>
        <time>2026-08-27T10:10:15.651+08:00</time>
        <extensions>
          <gpxtpx:TrackPointExtension>
            <gpxtpx:speed>1.38</gpxtpx:speed>
          </gpxtpx:TrackPointExtension>
          <opentracks:accuracy_horizontal>2.335</opentracks:accuracy_horizontal>
        </extensions>
      </trkpt>
      <trkpt lat="-32.234979" lon="115.793667">
        <ele>5.1</ele>
        <time>2026-08-27T10:10:24.659+08:00</time>
        <extensions>
          <gpxtpx:TrackPointExtension>
            <gpxtpx:speed>1.45</gpxtpx:speed>
          </gpxtpx:TrackPointExtension>
          <opentracks:accuracy_horizontal>2.262</opentracks:accuracy_horizontal>
        </extensions>
      </trkpt>
      <trkpt lat="-32.234888" lon="115.79368">
        <ele>3.2</ele>
        <time>2026-08-27T10:10:32.649+08:00</time>
        <extensions>
          <gpxtpx:TrackPointExtension>
            <gpxtpx:speed>1.33</gpxtpx:speed>
          </gpxtpx:TrackPointExtension>
          <opentracks:accuracy_horizontal>2.221</opentracks:accuracy_horizontal>
        </extensions>
      </trkpt>
      <trkpt lat="-32.234789" lon="115.793677">
        <ele>1.5</ele>
        <time>2026-08-27T10:10:39.642+08:00</time>
        <extensions>
          <gpxtpx:TrackPointExtension>
            <gpxtpx:speed>1.44</gpxtpx:speed>
          </gpxtpx:TrackPointExtension>
          <opentracks:accuracy_horizontal>2.27</opentracks:accuracy_horizontal>
        </extensions>
      </trkpt>
      <trkpt lat="-32.234691" lon="115.79365">
        <ele>0.7</ele>
        <time>2026-08-27T10:10:47.631+08:00</time>
        <extensions>
          <gpxtpx:TrackPointExtension>
            <gpxtpx:speed>1.36</gpxtpx:speed>
          </gpxtpx:TrackPointExtension>
          <opentracks:accuracy_horizontal>2.251</opentracks:accuracy_horizontal>
        </extensions>
      </trkpt>
      <trkpt lat="-32.234598" lon="115.793647">
        <ele>-1.1</ele>
        <time>2026-08-27T10:10:53.667+08:00</time>
        <extensions>
          <gpxtpx:TrackPointExtension>
            <gpxtpx:speed>1.51</gpxtpx:speed>
          </gpxtpx:TrackPointExtension>
          <opentracks:accuracy_horizontal>2.235</opentracks:accuracy_horizontal>
        </extensions>
      </trkpt>
      <trkpt lat="-32.234507" lon="115.793658">
        <ele>-2.7</ele>
        <time>2026-08-27T10:10:59.647+08:00</time>
        <extensions>
          <gpxtpx:TrackPointExtension>
            <gpxtpx:speed>1.6</gpxtpx:speed>
          </gpxtpx:TrackPointExtension>
          <opentracks:accuracy_horizontal>2.236</opentracks:accuracy_horizontal>
        </extensions>
      </trkpt>
      <trkpt lat="-32.234419" lon="115.793721">
        <ele>-4.8</ele>
        <time>2026-08-27T10:11:07.658+08:00</time>
        <extensions>
          <gpxtpx:TrackPointExtension>
            <gpxtpx:speed>1.45</gpxtpx:speed>
          </gpxtpx:TrackPointExtension>
          <opentracks:accuracy_horizontal>2.217</opentracks:accuracy_horizontal>
        </extensions>
      </trkpt>
      <trkpt lat="-32.234339" lon="115.793793">
        <ele>-5.6</ele>
        <time>2026-08-27T10:11:13.655+08:00</time>
        <extensions>
          <gpxtpx:TrackPointExtension>
            <gpxtpx:speed>1.6</gpxtpx:speed>
          </gpxtpx:TrackPointExtension>
          <opentracks:accuracy_horizontal>2.236</opentracks:accuracy_horizontal>
        </extensions>
      </trkpt>
      <trkpt lat="-32.234275" lon="115.793869">
        <ele>-6.8</ele>
        <time>2026-08-27T10:11:20.646+08:00</time>
        <extensions>
          <gpxtpx:TrackPointExtension>
            <gpxtpx:speed>1.52</gpxtpx:speed>
          </gpxtpx:TrackPointExtension>
          <opentracks:accuracy_horizontal>2.213</opentracks:accuracy_horizontal>
        </extensions>
      </trkpt>
      <trkpt lat="-32.234209" lon="115.793951">
        <ele>-8.3</ele>
        <time>2026-08-27T10:11:27.659+08:00</time>
        <extensions>
          <gpxtpx:TrackPointExtension>
            <gpxtpx:speed>1.48</gpxtpx:speed>
          </gpxtpx:TrackPointExtension>
          <opentracks:accuracy_horizontal>2.242</opentracks:accuracy_horizontal>
        </extensions>
      </trkpt>
      <trkpt lat="-32.234144" lon="115.794026">
        <ele>-9.7</ele>
        <time>2026-08-27T10:11:33.669+08:00</time>
        <extensions>
          <gpxtpx:TrackPointExtension>
            <gpxtpx:speed>1.57</gpxtpx:speed>
          </gpxtpx:TrackPointExtension>
          <opentracks:accuracy_horizontal>2.325</opentracks:accuracy_horizontal>
        </extensions>
      </trkpt>
      <trkpt lat="-32.234055" lon="115.79409">
        <ele>-11</ele>
        <time>2026-08-27T10:11:41.655+08:00</time>
        <extensions>
          <gpxtpx:TrackPointExtension>
            <gpxtpx:speed>1.46</gpxtpx:speed>
          </gpxtpx:TrackPointExtension>
          <opentracks:accuracy_horizontal>2.25</opentracks:accuracy_horizontal>
        </extensions>
      </trkpt>
      <trkpt lat="-32.23398" lon="115.794165">
        <ele>-11.7</ele>
        <time>2026-08-27T10:11:48.639+08:00</time>
        <extensions>
          <gpxtpx:TrackPointExtension>
            <gpxtpx:speed>1.48</gpxtpx:speed>
          </gpxtpx:TrackPointExtension>
          <opentracks:accuracy_horizontal>2.204</opentracks:accuracy_horizontal>
        </extensions>
      </trkpt>
      <trkpt lat="-32.233904" lon="115.794227">
        <ele>-12.6</ele>
        <time>2026-08-27T10:11:54.668+08:00</time>
        <extensions>
          <gpxtpx:TrackPointExtension>
            <gpxtpx:speed>1.55</gpxtpx:speed>
          </gpxtpx:TrackPointExtension>
          <opentracks:accuracy_horizontal>2.263</opentracks:accuracy_horizontal>
        </extensions>
      </trkpt>
      <trkpt lat="-32.233807" lon="115.794261">
        <ele>-14.4</ele>
        <time>2026-08-27T10:12:02.652+08:00</time>
        <extensions>
          <gpxtpx:TrackPointExtension>
            <gpxtpx:speed>1.47</gpxtpx:speed>
          </gpxtpx:TrackPointExtension>
          <opentracks:accuracy_horizontal>2.254</opentracks:accuracy_horizontal>
        </extensions>
      </trkpt>
      <trkpt lat="-32.233707" lon="115.794285">
        <ele>-16.2</ele>
        <time>2026-08-27T10:12:09.658+08:00</time>
        <extensions>
          <gpxtpx:TrackPointExtension>
            <gpxtpx:speed>1.57</gpxtpx:speed>
          </gpxtpx:TrackPointExtension>
          <opentracks:accuracy_horizontal>2.354</opentracks:accuracy_horizontal>
        </extensions>
      </trkpt>
      <trkpt lat="-32.233612" lon="115.794332">
        <ele>-17.9</ele>
        <time>2026-08-27T10:12:17.65+08:00</time>
        <extensions>
          <gpxtpx:TrackPointExtension>
            <gpxtpx:speed>1.51</gpxtpx:speed>
          </gpxtpx:TrackPointExtension>
          <opentracks:accuracy_horizontal>2.251</opentracks:accuracy_horizontal>
        </extensions>
      </trkpt>
      <trkpt lat="-32.233514" lon="115.794334">
        <ele>-18.4</ele>
        <time>2026-08-27T10:12:26.652+08:00</time>
        <extensions>
          <gpxtpx:TrackPointExtension>
            <gpxtpx:speed>1.42</gpxtpx:speed>
          </gpxtpx:TrackPointExtension>
          <opentracks:accuracy_horizontal>2.298</opentracks:accuracy_horizontal>
        </extensions>
      </trkpt>
      <trkpt lat="-32.233434" lon="115.794249">
        <ele>-19.1</ele>
        <time>2026-08-27T10:12:34.652+08:00</time>
        <extensions>
          <gpxtpx:TrackPointExtension>
            <gpxtpx:speed>1.46</gpxtpx:speed>
          </gpxtpx:TrackPointExtension>
          <opentracks:accuracy_horizontal>2.378</opentracks:accuracy_horizontal>
        </extensions>
      </trkpt>
      <trkpt lat="-32.23335" lon="115.794179">
        <ele>-19.6</ele>
        <time>2026-08-27T10:12:41.672+08:00</time>
        <extensions>
          <gpxtpx:TrackPointExtension>
            <gpxtpx:speed>1.48</gpxtpx:speed>
          </gpxtpx:TrackPointExtension>
          <opentracks:accuracy_horizontal>2.352</opentracks:accuracy_horizontal>
        </extensions>
      </trkpt>
      <trkpt lat="-32.233257" lon="115.794126">
        <ele>-18.6</ele>
        <time>2026-08-27T10:12:47.65+08:00</time>
        <extensions>
          <gpxtpx:TrackPointExtension>
            <gpxtpx:speed>1.63</gpxtpx:speed>
          </gpxtpx:TrackPointExtension>
          <opentracks:accuracy_horizontal>2.582</opentracks:accuracy_horizontal>
        </extensions>
      </trkpt>
      <trkpt lat="-32.233175" lon="115.794078">
        <ele>-18.4</ele>
        <time>2026-08-27T10:12:54.663+08:00</time>
        <extensions>
          <gpxtpx:TrackPointExtension>
            <gpxtpx:speed>1.54</gpxtpx:speed>
          </gpxtpx:TrackPointExtension>
          <opentracks:accuracy_horizontal>2.547</opentracks:accuracy_horizontal>
        </extensions>
      </trkpt>
      <trkpt lat="-32.233093" lon="115.794019">
        <ele>-20</ele>
        <time>2026-08-27T10:13:02.649+08:00</time>
        <extensions>
          <gpxtpx:TrackPointExtension>
            <gpxtpx:speed>1.39</gpxtpx:speed>
          </gpxtpx:TrackPointExtension>
          <opentracks:accuracy_horizontal>2.536</opentracks:accuracy_horizontal>
        </extensions>
      </trkpt>
      <trkpt lat="-32.233" lon="115.793995">
        <ele>-21.6</ele>
        <time>2026-08-27T10:13:10.669+08:00</time>
        <extensions>
          <gpxtpx:TrackPointExtension>
            <gpxtpx:speed>1.36</gpxtpx:speed>
          </gpxtpx:TrackPointExtension>
          <opentracks:accuracy_horizontal>2.589</opentracks:accuracy_horizontal>
        </extensions>
      </trkpt>
      <trkpt lat="-32.23291" lon="115.793959">
        <ele>-24.6</ele>
        <time>2026-08-27T10:13:17.66+08:00</time>
        <extensions>
          <gpxtpx:TrackPointExtension>
            <gpxtpx:speed>1.4</gpxtpx:speed>
          </gpxtpx:TrackPointExtension>
          <opentracks:accuracy_horizontal>2.684</opentracks:accuracy_horizontal>
        </extensions>
      </trkpt>
      <trkpt lat="-32.232819" lon="115.794008">
        <ele>-23.5</ele>
        <time>2026-08-27T10:13:24.649+08:00</time>
        <extensions>
          <gpxtpx:TrackPointExtension>
            <gpxtpx:speed>1.42</gpxtpx:speed>
          </gpxtpx:TrackPointExtension>
          <opentracks:accuracy_horizontal>2.6</opentracks:accuracy_horizontal>
        </extensions>
      </trkpt>
      <trkpt lat="-32.232741" lon="115.794085">
        <ele>-23.6</ele>
        <time>2026-08-27T10:13:32.659+08:00</time>
        <extensions>
          <gpxtpx:TrackPointExtension>
            <gpxtpx:speed>1.39</gpxtpx:speed>
          </gpxtpx:TrackPointExtension>
          <opentracks:accuracy_horizontal>2.287</opentracks:accuracy_horizontal>
        </extensions>
      </trkpt>
      <trkpt lat="-32.232643" lon="115.794109">
        <ele>-24.9</ele>
        <time>2026-08-27T10:13:41.654+08:00</time>
        <extensions>
          <gpxtpx:TrackPointExtension>
            <gpxtpx:speed>1.3</gpxtpx:speed>
          </gpxtpx:TrackPointExtension>
          <opentracks:accuracy_horizontal>2.502</opentracks:accuracy_horizontal>
        </extensions>
      </trkpt>
      <trkpt lat="-32.232552" lon="115.794103">
        <ele>-25.9</ele>
        <time>2026-08-27T10:13:49.649+08:00</time>
        <extensions>
          <gpxtpx:TrackPointExtension>
            <gpxtpx:speed>1.27</gpxtpx:speed>
          </gpxtpx:TrackPointExtension>
          <opentracks:accuracy_horizontal>2.363</opentracks:accuracy_horizontal>
        </extensions>
      </trkpt>
      <trkpt lat="-32.232449" lon="115.794091">
        <ele>-26.7</ele>
        <time>2026-08-27T10:13:58.637+08:00</time>
        <extensions>
          <gpxtpx:TrackPointExtension>
            <gpxtpx:speed>1.29</gpxtpx:speed>
          </gpxtpx:TrackPointExtension>
          <opentracks:accuracy_horizontal>2.372</opentracks:accuracy_horizontal>
        </extensions>
      </trkpt>
      <trkpt lat="-32.232356" lon="115.794108">
        <ele>-26.4</ele>
        <time>2026-08-27T10:14:06.664+08:00</time>
        <extensions>
          <gpxtpx:TrackPointExtension>
            <gpxtpx:speed>1.28</gpxtpx:speed>
          </gpxtpx:TrackPointExtension>
          <opentracks:accuracy_horizontal>2.242</opentracks:accuracy_horizontal>
        </extensions>
      </trkpt>
      <trkpt lat="-32.232256" lon="115.794111">
        <ele>-24.7</ele>
        <time>2026-08-27T10:14:13.666+08:00</time>
        <extensions>
          <gpxtpx:TrackPointExtension>
            <gpxtpx:speed>1.41</gpxtpx:speed>
          </gpxtpx:TrackPointExtension>
          <opentracks:accuracy_horizontal>2.266</opentracks:accuracy_horizontal>
        </extensions>
      </trkpt>
      <trkpt lat="-32.23215" lon="115.794106">
        <ele>-25.4</ele>
        <time>2026-08-27T10:14:21.646+08:00</time>
        <extensions>
          <gpxtpx:TrackPointExtension>
            <gpxtpx:speed>1.42</gpxtpx:speed>
          </gpxtpx:TrackPointExtension>
          <opentracks:accuracy_horizontal>2.311</opentracks:accuracy_horizontal>
        </extensions>
      </trkpt>
      <trkpt lat="-32.232053" lon="115.7941">
        <ele>-26</ele>
        <time>2026-08-27T10:14:28.651+08:00</time>
        <extensions>
          <gpxtpx:TrackPointExtension>
            <gpxtpx:speed>1.48</gpxtpx:speed>
          </gpxtpx:TrackPointExtension>
          <opentracks:accuracy_horizontal>2.257</opentracks:accuracy_horizontal>
        </extensions>
      </trkpt>
      <trkpt lat="-32.231959" lon="115.794105">
        <ele>-25.8</ele>
        <time>2026-08-27T10:14:35.66+08:00</time>
        <extensions>
          <gpxtpx:TrackPointExtension>
            <gpxtpx:speed>1.47</gpxtpx:speed>
          </gpxtpx:TrackPointExtension>
          <opentracks:accuracy_horizontal>2.266</opentracks:accuracy_horizontal>
        </extensions>
      </trkpt>
      <trkpt lat="-32.231861" lon="115.794096">
        <ele>-26.2</ele>
        <time>2026-08-27T10:14:42.658+08:00</time>
        <extensions>
          <gpxtpx:TrackPointExtension>
            <gpxtpx:speed>1.47</gpxtpx:speed>
          </gpxtpx:TrackPointExtension>
          <opentracks:accuracy_horizontal>2.287</opentracks:accuracy_horizontal>
        </extensions>
      </trkpt>
      <trkpt lat="-32.231771" lon="115.794112">
        <ele>-26.4</ele>
        <time>2026-08-27T10:14:49.65+08:00</time>
        <extensions>
          <gpxtpx:TrackPointExtension>
            <gpxtpx:speed>1.42</gpxtpx:speed>
          </gpxtpx:TrackPointExtension>
          <opentracks:accuracy_horizontal>2.391</opentracks:accuracy_horizontal>
        </extensions>
      </trkpt>
      <trkpt lat="-32.231678" lon="115.794095">
        <ele>-26.1</ele>
        <time>2026-08-27T10:14:55.661+08:00</time>
        <extensions>
          <gpxtpx:TrackPointExtension>
            <gpxtpx:speed>1.52</gpxtpx:speed>
          </gpxtpx:TrackPointExtension>
          <opentracks:accuracy_horizontal>2.275</opentracks:accuracy_horizontal>
        </extensions>
      </trkpt>
      <trkpt lat="-32.231585" lon="115.794101">
        <ele>-24.7</ele>
        <time>2026-08-27T10:15:02.644+08:00</time>
        <extensions>
          <gpxtpx:TrackPointExtension>
            <gpxtpx:speed>1.44</gpxtpx:speed>
          </gpxtpx:TrackPointExtension>
          <opentracks:accuracy_horizontal>2.284</opentracks:accuracy_horizontal>
        </extensions>
      </trkpt>
      <trkpt lat="-32.231495" lon="115.794092">
        <ele>-23.6</ele>
        <time>2026-08-27T10:15:08.661+08:00</time>
        <extensions>
          <gpxtpx:TrackPointExtension>
            <gpxtpx:speed>1.52</gpxtpx:speed>
          </gpxtpx:TrackPointExtension>
          <opentracks:accuracy_horizontal>2.401</opentracks:accuracy_horizontal>
        </extensions>
      </trkpt>
      <trkpt lat="-32.231404" lon="115.794079">
        <ele>-21.9</ele>
        <time>2026-08-27T10:15:17.652+08:00</time>
        <extensions>
          <gpxtpx:TrackPointExtension>
            <gpxtpx:speed>1.3</gpxtpx:speed>
          </gpxtpx:TrackPointExtension>
          <opentracks:accuracy_horizontal>2.404</opentracks:accuracy_horizontal>
        </extensions>
      </trkpt>
      <trkpt lat="-32.231418" lon="115.793957">
        <ele>-21.3</ele>
        <time>2026-08-27T10:15:25.697+08:00</time>
        <extensions>
          <gpxtpx:TrackPointExtension>
            <gpxtpx:speed>1.32</gpxtpx:speed>
          </gpxtpx:TrackPointExtension>
          <opentracks:accuracy_horizontal>2.631</opentracks:accuracy_horizontal>
        </extensions>
      </trkpt>
      <trkpt lat="-32.231382" lon="115.793859">
        <ele>-19</ele>
        <time>2026-08-27T10:15:34.673+08:00</time>
        <extensions>
          <gpxtpx:TrackPointExtension>
            <gpxtpx:speed>1.18</gpxtpx:speed>
          </gpxtpx:TrackPointExtension>
          <opentracks:accuracy_horizontal>2.555</opentracks:accuracy_horizontal>
        </extensions>
      </trkpt>
      <trkpt lat="-32.231336" lon="115.793766">
        <ele>-19.3</ele>
        <time>2026-08-27T10:15:42.66+08:00</time>
        <extensions>
          <gpxtpx:TrackPointExtension>
            <gpxtpx:speed>1.21</gpxtpx:speed>
          </gpxtpx:TrackPointExtension>
          <opentracks:accuracy_horizontal>2.358</opentracks:accuracy_horizontal>
        </extensions>
      </trkpt>
      <trkpt lat="-32.231313" lon="115.793666">
        <ele>-18.6</ele>
        <time>2026-08-27T10:15:52.655+08:00</time>
        <extensions>
          <gpxtpx:TrackPointExtension>
            <gpxtpx:speed>0.96</gpxtpx:speed>
          </gpxtpx:TrackPointExtension>
          <opentracks:accuracy_horizontal>2.597</opentracks:accuracy_horizontal>
        </extensions>
      </trkpt>
      <trkpt lat="-32.231387" lon="115.793588">
        <ele>-19.4</ele>
        <time>2026-08-27T10:16:04.667+08:00</time>
        <extensions>
          <gpxtpx:TrackPointExtension>
            <gpxtpx:speed>1.28</gpxtpx:speed>
          </gpxtpx:TrackPointExtension>
          <opentracks:accuracy_horizontal>2.366</opentracks:accuracy_horizontal>
        </extensions>
      </trkpt>
      <trkpt lat="-32.231456" lon="115.793518">
        <ele>-18.9</ele>
        <time>2026-08-27T10:16:12.677+08:00</time>
        <extensions>
          <gpxtpx:TrackPointExtension>
            <gpxtpx:speed>1.24</gpxtpx:speed>
          </gpxtpx:TrackPointExtension>
          <opentracks:accuracy_horizontal>2.4</opentracks:accuracy_horizontal>
        </extensions>
      </trkpt>
      <trkpt lat="-32.231512" lon="115.793428">
        <ele>-17.6</ele>
        <time>2026-08-27T10:16:20.665+08:00</time>
        <extensions>
          <gpxtpx:TrackPointExtension>
            <gpxtpx:speed>1.24</gpxtpx:speed>
          </gpxtpx:TrackPointExtension>
          <opentracks:accuracy_horizontal>2.413</opentracks:accuracy_horizontal>
        </extensions>
      </trkpt>
      <trkpt lat="-32.231574" lon="115.793348">
        <ele>-19.1</ele>
        <time>2026-08-27T10:16:28.649+08:00</time>
        <extensions>
          <gpxtpx:TrackPointExtension>
            <gpxtpx:speed>1.22</gpxtpx:speed>
          </gpxtpx:TrackPointExtension>
          <opentracks:accuracy_horizontal>2.328</opentracks:accuracy_horizontal>
        </extensions>
      </trkpt>
      <trkpt lat="-32.231649" lon="115.793282">
        <ele>-19.4</ele>
        <time>2026-08-27T10:16:36.652+08:00</time>
        <extensions>
          <gpxtpx:TrackPointExtension>
            <gpxtpx:speed>1.23</gpxtpx:speed>
          </gpxtpx:TrackPointExtension>
          <opentracks:accuracy_horizontal>2.539</opentracks:accuracy_horizontal>
        </extensions>
      </trkpt>
      <trkpt lat="-32.231737" lon="115.793237">
        <ele>-19.4</ele>
        <time>2026-08-27T10:16:43.673+08:00</time>
        <extensions>
          <gpxtpx:TrackPointExtension>
            <gpxtpx:speed>1.35</gpxtpx:speed>
          </gpxtpx:TrackPointExtension>
          <opentracks:accuracy_horizontal>2.439</opentracks:accuracy_horizontal>
        </extensions>
      </trkpt>
      <trkpt lat="-32.231817" lon="115.793187">
        <ele>-17.2</ele>
        <time>2026-08-27T10:16:51.66+08:00</time>
        <extensions>
          <gpxtpx:TrackPointExtension>
            <gpxtpx:speed>1.28</gpxtpx:speed>
          </gpxtpx:TrackPointExtension>
          <opentracks:accuracy_horizontal>2.355</opentracks:accuracy_horizontal>
        </extensions>
      </trkpt>
      <trkpt lat="-32.2319" lon="115.793135">
        <ele>-17.8</ele>
        <time>2026-08-27T10:16:59.654+08:00</time>
        <extensions>
          <gpxtpx:TrackPointExtension>
            <gpxtpx:speed>1.26</gpxtpx:speed>
          </gpxtpx:TrackPointExtension>
          <opentracks:accuracy_horizontal>2.338</opentracks:accuracy_horizontal>
        </extensions>
      </trkpt>
      <trkpt lat="-32.231996" lon="115.793107">
        <ele>-18</ele>
        <time>2026-08-27T10:17:07.657+08:00</time>
        <extensions>
          <gpxtpx:TrackPointExtension>
            <gpxtpx:speed>1.31</gpxtpx:speed>
          </gpxtpx:TrackPointExtension>
          <opentracks:accuracy_horizontal>2.263</opentracks:accuracy_horizontal>
        </extensions>
      </trkpt>
      <trkpt lat="-32.232093" lon="115.793094">
        <ele>-18</ele>
        <time>2026-08-27T10:17:14.653+08:00</time>
        <extensions>
          <gpxtpx:TrackPointExtension>
            <gpxtpx:speed>1.42</gpxtpx:speed>
          </gpxtpx:TrackPointExtension>
          <opentracks:accuracy_horizontal>2.293</opentracks:accuracy_horizontal>
        </extensions>
      </trkpt>
      <trkpt lat="-32.232182" lon="115.793077">
        <ele>-18.2</ele>
        <time>2026-08-27T10:17:21.655+08:00</time>
        <extensions>
          <gpxtpx:TrackPointExtension>
            <gpxtpx:speed>1.43</gpxtpx:speed>
          </gpxtpx:TrackPointExtension>
          <opentracks:accuracy_horizontal>2.285</opentracks:accuracy_horizontal>
        </extensions>
      </trkpt>
      <trkpt lat="-32.232276" lon="115.793064">
        <ele>-16.8</ele>
        <time>2026-08-27T10:17:29.655+08:00</time>
        <extensions>
          <gpxtpx:TrackPointExtension>
            <gpxtpx:speed>1.34</gpxtpx:speed>
          </gpxtpx:TrackPointExtension>
          <opentracks:accuracy_horizontal>2.324</opentracks:accuracy_horizontal>
        </extensions>
      </trkpt>
      <trkpt lat="-32.232372" lon="115.79303">
        <ele>-16.3</ele>
        <time>2026-08-27T10:17:37.66+08:00</time>
        <extensions>
          <gpxtpx:TrackPointExtension>
            <gpxtpx:speed>1.35</gpxtpx:speed>
          </gpxtpx:TrackPointExtension>
          <opentracks:accuracy_horizontal>2.393</opentracks:accuracy_horizontal>
        </extensions>
      </trkpt>
      <trkpt lat="-32.232459" lon="115.792995">
        <ele>-14.5</ele>
        <time>2026-08-27T10:17:45.658+08:00</time>
        <extensions>
          <gpxtpx:TrackPointExtension>
            <gpxtpx:speed>1.25</gpxtpx:speed>
          </gpxtpx:TrackPointExtension>
          <opentracks:accuracy_horizontal>2.372</opentracks:accuracy_horizontal>
        </extensions>
      </trkpt>
      <trkpt lat="-32.232551" lon="115.79297">
        <ele>-14</ele>
        <time>2026-08-27T10:17:53.649+08:00</time>
        <extensions>
          <gpxtpx:TrackPointExtension>
            <gpxtpx:speed>1.24</gpxtpx:speed>
          </gpxtpx:TrackPointExtension>
          <opentracks:accuracy_horizontal>2.324</opentracks:accuracy_horizontal>
        </extensions>
      </trkpt>
      <trkpt lat="-32.232645" lon="115.792945">
        <ele>-13.4</ele>
        <time>2026-08-27T10:18:00.665+08:00</time>
        <extensions>
          <gpxtpx:TrackPointExtension>
            <gpxtpx:speed>1.32</gpxtpx:speed>
          </gpxtpx:TrackPointExtension>
          <opentracks:accuracy_horizontal>2.368</opentracks:accuracy_horizontal>
        </extensions>
      </trkpt>
      <trkpt lat="-32.23273" lon="115.792908">
        <ele>-13.9</ele>
        <time>2026-08-27T10:18:07.655+08:00</time>
        <extensions>
          <gpxtpx:TrackPointExtension>
            <gpxtpx:speed>1.35</gpxtpx:speed>
          </gpxtpx:TrackPointExtension>
          <opentracks:accuracy_horizontal>2.345</opentracks:accuracy_horizontal>
        </extensions>
      </trkpt>
      <trkpt lat="-32.232814" lon="115.792866">
        <ele>-14.1</ele>
        <time>2026-08-27T10:18:14.646+08:00</time>
        <extensions>
          <gpxtpx:TrackPointExtension>
            <gpxtpx:speed>1.38</gpxtpx:speed>
          </gpxtpx:TrackPointExtension>
          <opentracks:accuracy_horizontal>2.351</opentracks:accuracy_horizontal>
        </extensions>
      </trkpt>
      <trkpt lat="-32.232898" lon="115.792794">
        <ele>-13.9</ele>
        <time>2026-08-27T10:18:23.667+08:00</time>
        <extensions>
          <gpxtpx:TrackPointExtension>
            <gpxtpx:speed>1.29</gpxtpx:speed>
          </gpxtpx:TrackPointExtension>
          <opentracks:accuracy_horizontal>2.285</opentracks:accuracy_horizontal>
        </extensions>
      </trkpt>
      <trkpt lat="-32.232986" lon="115.792734">
        <ele>-13.6</ele>
        <time>2026-08-27T10:18:31.669+08:00</time>
        <extensions>
          <gpxtpx:TrackPointExtension>
            <gpxtpx:speed>1.34</gpxtpx:speed>
          </gpxtpx:TrackPointExtension>
          <opentracks:accuracy_horizontal>2.347</opentracks:accuracy_horizontal>
        </extensions>
      </trkpt>
      <trkpt lat="-32.233079" lon="115.792703">
        <ele>-12.7</ele>
        <time>2026-08-27T10:18:38.647+08:00</time>
        <extensions>
          <gpxtpx:TrackPointExtension>
            <gpxtpx:speed>1.42</gpxtpx:speed>
          </gpxtpx:TrackPointExtension>
          <opentracks:accuracy_horizontal>2.316</opentracks:accuracy_horizontal>
        </extensions>
      </trkpt>
      <trkpt lat="-32.233173" lon="115.792669">
        <ele>-12</ele>
        <time>2026-08-27T10:18:47.661+08:00</time>
        <extensions>
          <gpxtpx:TrackPointExtension>
            <gpxtpx:speed>1.29</gpxtpx:speed>
          </gpxtpx:TrackPointExtension>
          <opentracks:accuracy_horizontal>2.378</opentracks:accuracy_horizontal>
        </extensions>
      </trkpt>
      <trkpt lat="-32.233261" lon="115.792638">
        <ele>-9.8</ele>
        <time>2026-08-27T10:18:54.654+08:00</time>
        <extensions>
          <gpxtpx:TrackPointExtension>
            <gpxtpx:speed>1.28</gpxtpx:speed>
          </gpxtpx:TrackPointExtension>
          <opentracks:accuracy_horizontal>2.399</opentracks:accuracy_horizontal>
        </extensions>
      </trkpt>
      <trkpt lat="-32.233361" lon="115.792623">
        <ele>-9.5</ele>
        <time>2026-08-27T10:19:01.667+08:00</time>
        <extensions>
          <gpxtpx:TrackPointExtension>
            <gpxtpx:speed>1.38</gpxtpx:speed>
          </gpxtpx:TrackPointExtension>
          <opentracks:accuracy_horizontal>2.389</opentracks:accuracy_horizontal>
        </extensions>
      </trkpt>
      <trkpt lat="-32.233457" lon="115.792614">
        <ele>-9.5</ele>
        <time>2026-08-27T10:19:08.66+08:00</time>
        <extensions>
          <gpxtpx:TrackPointExtension>
            <gpxtpx:speed>1.4</gpxtpx:speed>
          </gpxtpx:TrackPointExtension>
          <opentracks:accuracy_horizontal>2.56</opentracks:accuracy_horizontal>
        </extensions>
      </trkpt>
      <trkpt lat="-32.233561" lon="115.792596">
        <ele>-9.7</ele>
        <time>2026-08-27T10:19:16.643+08:00</time>
        <extensions>
          <gpxtpx:TrackPointExtension>
            <gpxtpx:speed>1.42</gpxtpx:speed>
          </gpxtpx:TrackPointExtension>
          <opentracks:accuracy_horizontal>2.308</opentracks:accuracy_horizontal>
        </extensions>
      </trkpt>
      <trkpt lat="-32.233651" lon="115.792573">
        <ele>-10.5</ele>
        <time>2026-08-27T10:19:23.676+08:00</time>
        <extensions>
          <gpxtpx:TrackPointExtension>
            <gpxtpx:speed>1.41</gpxtpx:speed>
          </gpxtpx:TrackPointExtension>
          <opentracks:accuracy_horizontal>2.361</opentracks:accuracy_horizontal>
        </extensions>
      </trkpt>
      <trkpt lat="-32.233745" lon="115.792549">
        <ele>-9.7</ele>
        <time>2026-08-27T10:19:30.655+08:00</time>
        <extensions>
          <gpxtpx:TrackPointExtension>
            <gpxtpx:speed>1.44</gpxtpx:speed>
          </gpxtpx:TrackPointExtension>
          <opentracks:accuracy_horizontal>2.409</opentracks:accuracy_horizontal>
        </extensions>
      </trkpt>
      <trkpt lat="-32.233844" lon="115.792544">
        <ele>-9</ele>
        <time>2026-08-27T10:19:38.661+08:00</time>
        <extensions>
          <gpxtpx:TrackPointExtension>
            <gpxtpx:speed>1.39</gpxtpx:speed>
          </gpxtpx:TrackPointExtension>
          <opentracks:accuracy_horizontal>2.342</opentracks:accuracy_horizontal>
        </extensions>
      </trkpt>
      <trkpt lat="-32.233932" lon="115.792511">
        <ele>-7.2</ele>
        <time>2026-08-27T10:19:46.669+08:00</time>
        <extensions>
          <gpxtpx:TrackPointExtension>
            <gpxtpx:speed>1.29</gpxtpx:speed>
          </gpxtpx:TrackPointExtension>
          <opentracks:accuracy_horizontal>2.37</opentracks:accuracy_horizontal>
        </extensions>
      </trkpt>
      <trkpt lat="-32.234025" lon="115.792492">
        <ele>-7</ele>
        <time>2026-08-27T10:19:53.662+08:00</time>
        <extensions>
          <gpxtpx:TrackPointExtension>
            <gpxtpx:speed>1.33</gpxtpx:speed>
          </gpxtpx:TrackPointExtension>
          <opentracks:accuracy_horizontal>2.414</opentracks:accuracy_horizontal>
        </extensions>
      </trkpt>
      <trkpt lat="-32.234117" lon="115.79248">
        <ele>-7.4</ele>
        <time>2026-08-27T10:20:00.68+08:00</time>
        <extensions>
          <gpxtpx:TrackPointExtension>
            <gpxtpx:speed>1.34</gpxtpx:speed>
          </gpxtpx:TrackPointExtension>
          <opentracks:accuracy_horizontal>2.66</opentracks:accuracy_horizontal>
        </extensions>
      </trkpt>
      <trkpt lat="-32.234099" lon="115.79245">
        <ele>-6.2</ele>
        <time>2026-08-27T10:20:10.65+08:00</time>
        <extensions>
          <gpxtpx:TrackPointExtension>
            <gpxtpx:speed>1.25</gpxtpx:speed>
          </gpxtpx:TrackPointExtension>
          <opentracks:accuracy_horizontal>2.418</opentracks:accuracy_horizontal>
        </extensions>
      </trkpt>
      <trkpt lat="-32.233999" lon="115.792461">
        <ele>-7.9</ele>
        <time>2026-08-27T10:20:17.66+08:00</time>
        <extensions>
          <gpxtpx:TrackPointExtension>
            <gpxtpx:speed>1.44</gpxtpx:speed>
          </gpxtpx:TrackPointExtension>
          <opentracks:accuracy_horizontal>2.558</opentracks:accuracy_horizontal>
        </extensions>
      </trkpt>
      <trkpt lat="-32.233902" lon="115.792471">
        <ele>-10.3</ele>
        <time>2026-08-27T10:20:25.646+08:00</time>
        <extensions>
          <gpxtpx:TrackPointExtension>
            <gpxtpx:speed>1.38</gpxtpx:speed>
          </gpxtpx:TrackPointExtension>
          <opentracks:accuracy_horizontal>2.378</opentracks:accuracy_horizontal>
        </extensions>
      </trkpt>
      <trkpt lat="-32.233809" lon="115.792476">
        <ele>-10.8</ele>
        <time>2026-08-27T10:20:34.666+08:00</time>
        <extensions>
          <gpxtpx:TrackPointExtension>
            <gpxtpx:speed>1.25</gpxtpx:speed>
          </gpxtpx:TrackPointExtension>
          <opentracks:accuracy_horizontal>2.344</opentracks:accuracy_horizontal>
        </extensions>
      </trkpt>
      <trkpt lat="-32.233745" lon="115.792481">
        <ele>-10.5</ele>
        <time>2026-08-27T10:20:44.664+08:00</time>
        <extensions>
          <gpxtpx:TrackPointExtension>
            <gpxtpx:speed>1.09</gpxtpx:speed>
          </gpxtpx:TrackPointExtension>
          <opentracks:accuracy_horizontal>2.277</opentracks:accuracy_horizontal>
        </extensions>
      </trkpt>
      <trkpt lat="-32.233647" lon="115.792483">
        <ele>-11.7</ele>
        <time>2026-08-27T10:20:59.662+08:00</time>
        <extensions>
          <gpxtpx:TrackPointExtension>
            <gpxtpx:speed>1.2</gpxtpx:speed>
          </gpxtpx:TrackPointExtension>
          <opentracks:accuracy_horizontal>2.376</opentracks:accuracy_horizontal>
        </extensions>
      </trkpt>
      <trkpt lat="-32.233555" lon="115.792516">
        <ele>-11.7</ele>
        <time>2026-08-27T10:21:09.676+08:00</time>
        <extensions>
          <gpxtpx:TrackPointExtension>
            <gpxtpx:speed>1.12</gpxtpx:speed>
          </gpxtpx:TrackPointExtension>
          <opentracks:accuracy_horizontal>2.252</opentracks:accuracy_horizontal>
        </extensions>
      </trkpt>
      <trkpt lat="-32.233456" lon="115.792532">
        <ele>-12.3</ele>
        <time>2026-08-27T10:21:18.66+08:00</time>
        <extensions>
          <gpxtpx:TrackPointExtension>
            <gpxtpx:speed>1.18</gpxtpx:speed>
          </gpxtpx:TrackPointExtension>
          <opentracks:accuracy_horizontal>2.243</opentracks:accuracy_horizontal>
        </extensions>
      </trkpt>
      <trkpt lat="-32.233358" lon="115.792546">
        <ele>-12</ele>
        <time>2026-08-27T10:21:27.673+08:00</time>
        <extensions>
          <gpxtpx:TrackPointExtension>
            <gpxtpx:speed>1.23</gpxtpx:speed>
          </gpxtpx:TrackPointExtension>
          <opentracks:accuracy_horizontal>2.265</opentracks:accuracy_horizontal>
        </extensions>
      </trkpt>
      <trkpt lat="-32.233262" lon="115.792558">
        <ele>-13.3</ele>
        <time>2026-08-27T10:21:35.661+08:00</time>
        <extensions>
          <gpxtpx:TrackPointExtension>
            <gpxtpx:speed>1.29</gpxtpx:speed>
          </gpxtpx:TrackPointExtension>
          <opentracks:accuracy_horizontal>2.374</opentracks:accuracy_horizontal>
        </extensions>
      </trkpt>
      <trkpt lat="-32.233174" lon="115.792598">
        <ele>-13</ele>
        <time>2026-08-27T10:21:43.66+08:00</time>
        <extensions>
          <gpxtpx:TrackPointExtension>
            <gpxtpx:speed>1.3</gpxtpx:speed>
          </gpxtpx:TrackPointExtension>
          <opentracks:accuracy_horizontal>2.289</opentracks:accuracy_horizontal>
        </extensions>
      </trkpt>
      <trkpt lat="-32.233087" lon="115.79264">
        <ele>-14</ele>
        <time>2026-08-27T10:21:51.658+08:00</time>
        <extensions>
          <gpxtpx:TrackPointExtension>
            <gpxtpx:speed>1.3</gpxtpx:speed>
          </gpxtpx:TrackPointExtension>
          <opentracks:accuracy_horizontal>2.367</opentracks:accuracy_horizontal>
        </extensions>
      </trkpt>
      <trkpt lat="-32.232994" lon="115.792681">
        <ele>-14.3</ele>
        <time>2026-08-27T10:21:59.666+08:00</time>
        <extensions>
          <gpxtpx:TrackPointExtension>
            <gpxtpx:speed>1.36</gpxtpx:speed>
          </gpxtpx:TrackPointExtension>
          <opentracks:accuracy_horizontal>2.26</opentracks:accuracy_horizontal>
        </extensions>
      </trkpt>
      <trkpt lat="-32.232899" lon="115.792682">
        <ele>-13.9</ele>
        <time>2026-08-27T10:22:07.679+08:00</time>
        <extensions>
          <gpxtpx:TrackPointExtension>
            <gpxtpx:speed>1.31</gpxtpx:speed>
          </gpxtpx:TrackPointExtension>
          <opentracks:accuracy_horizontal>2.274</opentracks:accuracy_horizontal>
        </extensions>
      </trkpt>
      <trkpt lat="-32.232811" lon="115.792714">
        <ele>-13.5</ele>
        <time>2026-08-27T10:22:14.652+08:00</time>
        <extensions>
          <gpxtpx:TrackPointExtension>
            <gpxtpx:speed>1.36</gpxtpx:speed>
          </gpxtpx:TrackPointExtension>
          <opentracks:accuracy_horizontal>2.291</opentracks:accuracy_horizontal>
        </extensions>
      </trkpt>
      <trkpt lat="-32.232749" lon="115.792742">
        <ele>-13.6</ele>
        <time>2026-08-27T10:22:23.716+08:00</time>
        <extensions>
          <gpxtpx:TrackPointExtension>
            <gpxtpx:speed>0.9</gpxtpx:speed>
          </gpxtpx:TrackPointExtension>
          <opentracks:accuracy_horizontal>2.862</opentracks:accuracy_horizontal>
        </extensions>
      </trkpt>
      <trkpt lat="-32.232654" lon="115.792766">
        <ele>-14.1</ele>
        <time>2026-08-27T10:22:33.676+08:00</time>
        <extensions>
          <gpxtpx:TrackPointExtension>
            <gpxtpx:speed>1.21</gpxtpx:speed>
          </gpxtpx:TrackPointExtension>
          <opentracks:accuracy_horizontal>2.243</opentracks:accuracy_horizontal>
        </extensions>
      </trkpt>
      <trkpt lat="-32.232557" lon="115.792796">
        <ele>-14.8</ele>
        <time>2026-08-27T10:22:41.662+08:00</time>
        <extensions>
          <gpxtpx:TrackPointExtension>
            <gpxtpx:speed>1.33</gpxtpx:speed>
          </gpxtpx:TrackPointExtension>
          <opentracks:accuracy_horizontal>2.358</opentracks:accuracy_horizontal>
        </extensions>
      </trkpt>
      <trkpt lat="-32.232467" lon="115.792827">
        <ele>-15</ele>
        <time>2026-08-27T10:22:48.668+08:00</time>
        <extensions>
          <gpxtpx:TrackPointExtension>
            <gpxtpx:speed>1.43</gpxtpx:speed>
          </gpxtpx:TrackPointExtension>
          <opentracks:accuracy_horizontal>2.334</opentracks:accuracy_horizontal>
        </extensions>
      </trkpt>
      <trkpt lat="-32.232384" lon="115.7929">
        <ele>-14.8</ele>
        <time>2026-08-27T10:22:57.673+08:00</time>
        <extensions>
          <gpxtpx:TrackPointExtension>
            <gpxtpx:speed>1.34</gpxtpx:speed>
          </gpxtpx:TrackPointExtension>
          <opentracks:accuracy_horizontal>2.297</opentracks:accuracy_horizontal>
        </extensions>
      </trkpt>
      <trkpt lat="-32.232311" lon="115.792971">
        <ele>-15.3</ele>
        <time>2026-08-27T10:23:04.676+08:00</time>
        <extensions>
          <gpxtpx:TrackPointExtension>
            <gpxtpx:speed>1.4</gpxtpx:speed>
          </gpxtpx:TrackPointExtension>
          <opentracks:accuracy_horizontal>2.276</opentracks:accuracy_horizontal>
        </extensions>
      </trkpt>
      <trkpt lat="-32.232224" lon="115.793032">
        <ele>-16.2</ele>
        <time>2026-08-27T10:23:12.658+08:00</time>
        <extensions>
          <gpxtpx:TrackPointExtension>
            <gpxtpx:speed>1.41</gpxtpx:speed>
          </gpxtpx:TrackPointExtension>
          <opentracks:accuracy_horizontal>2.327</opentracks:accuracy_horizontal>
        </extensions>
      </trkpt>
      <trkpt lat="-32.232159" lon="115.793121">
        <ele>-18.5</ele>
        <time>2026-08-27T10:23:21.656+08:00</time>
        <extensions>
          <gpxtpx:TrackPointExtension>
            <gpxtpx:speed>1.32</gpxtpx:speed>
          </gpxtpx:TrackPointExtension>
          <opentracks:accuracy_horizontal>2.252</opentracks:accuracy_horizontal>
        </extensions>
      </trkpt>
      <trkpt lat="-32.232092" lon="115.793198">
        <ele>-19</ele>
        <time>2026-08-27T10:23:28.657+08:00</time>
        <extensions>
          <gpxtpx:TrackPointExtension>
            <gpxtpx:speed>1.37</gpxtpx:speed>
          </gpxtpx:TrackPointExtension>
          <opentracks:accuracy_horizontal>2.269</opentracks:accuracy_horizontal>
        </extensions>
      </trkpt>
      <trkpt lat="-32.232002" lon="115.793256">
        <ele>-19</ele>
        <time>2026-08-27T10:23:36.666+08:00</time>
        <extensions>
          <gpxtpx:TrackPointExtension>
            <gpxtpx:speed>1.39</gpxtpx:speed>
          </gpxtpx:TrackPointExtension>
          <opentracks:accuracy_horizontal>2.276</opentracks:accuracy_horizontal>
        </extensions>
      </trkpt>
      <trkpt lat="-32.231922" lon="115.793314">
        <ele>-20.7</ele>
        <time>2026-08-27T10:23:45.66+08:00</time>
        <extensions>
          <gpxtpx:TrackPointExtension>
            <gpxtpx:speed>1.26</gpxtpx:speed>
          </gpxtpx:TrackPointExtension>
          <opentracks:accuracy_horizontal>2.235</opentracks:accuracy_horizontal>
        </extensions>
      </trkpt>
      <trkpt lat="-32.231846" lon="115.793373">
        <ele>-21.1</ele>
        <time>2026-08-27T10:23:52.656+08:00</time>
        <extensions>
          <gpxtpx:TrackPointExtension>
            <gpxtpx:speed>1.31</gpxtpx:speed>
          </gpxtpx:TrackPointExtension>
          <opentracks:accuracy_horizontal>2.231</opentracks:accuracy_horizontal>
        </extensions>
      </trkpt>
      <trkpt lat="-32.231766" lon="115.793435">
        <ele>-21.6</ele>
        <time>2026-08-27T10:23:59.666+08:00</time>
        <extensions>
          <gpxtpx:TrackPointExtension>
            <gpxtpx:speed>1.38</gpxtpx:speed>
          </gpxtpx:TrackPointExtension>
          <opentracks:accuracy_horizontal>2.273</opentracks:accuracy_horizontal>
        </extensions>
      </trkpt>
      <trkpt lat="-32.231686" lon="115.793492">
        <ele>-21.4</ele>
        <time>2026-08-27T10:24:06.65+08:00</time>
        <extensions>
          <gpxtpx:TrackPointExtension>
            <gpxtpx:speed>1.44</gpxtpx:speed>
          </gpxtpx:TrackPointExtension>
          <opentracks:accuracy_horizontal>2.261</opentracks:accuracy_horizontal>
        </extensions>
      </trkpt>
      <trkpt lat="-32.231612" lon="115.793556">
        <ele>-22.3</ele>
        <time>2026-08-27T10:24:13.67+08:00</time>
        <extensions>
          <gpxtpx:TrackPointExtension>
            <gpxtpx:speed>1.46</gpxtpx:speed>
          </gpxtpx:TrackPointExtension>
          <opentracks:accuracy_horizontal>2.257</opentracks:accuracy_horizontal>
        </extensions>
      </trkpt>
      <trkpt lat="-32.231534" lon="115.793629">
        <ele>-21.5</ele>
        <time>2026-08-27T10:24:21.667+08:00</time>
        <extensions>
          <gpxtpx:TrackPointExtension>
            <gpxtpx:speed>1.41</gpxtpx:speed>
          </gpxtpx:TrackPointExtension>
          <opentracks:accuracy_horizontal>2.311</opentracks:accuracy_horizontal>
        </extensions>
      </trkpt>
      <trkpt lat="-32.231467" lon="115.793719">
        <ele>-21.2</ele>
        <time>2026-08-27T10:24:29.652+08:00</time>
        <extensions>
          <gpxtpx:TrackPointExtension>
            <gpxtpx:speed>1.38</gpxtpx:speed>
          </gpxtpx:TrackPointExtension>
          <opentracks:accuracy_horizontal>2.32</opentracks:accuracy_horizontal>
        </extensions>
      </trkpt>
      <trkpt lat="-32.231409" lon="115.793808">
        <ele>-21.5</ele>
        <time>2026-08-27T10:24:36.655+08:00</time>
        <extensions>
          <gpxtpx:TrackPointExtension>
            <gpxtpx:speed>1.42</gpxtpx:speed>
          </gpxtpx:TrackPointExtension>
          <opentracks:accuracy_horizontal>2.392</opentracks:accuracy_horizontal>
        </extensions>
      </trkpt>
      <trkpt lat="-32.23138" lon="115.793915">
        <ele>-20.6</ele>
        <time>2026-08-27T10:24:44.658+08:00</time>
        <extensions>
          <gpxtpx:TrackPointExtension>
            <gpxtpx:speed>1.37</gpxtpx:speed>
          </gpxtpx:TrackPointExtension>
          <opentracks:accuracy_horizontal>2.481</opentracks:accuracy_horizontal>
        </extensions>
      </trkpt>
      <trkpt lat="-32.231386" lon="115.79403">
        <ele>-19.7</ele>
        <time>2026-08-27T10:24:52.68+08:00</time>
        <extensions>
          <gpxtpx:TrackPointExtension>
            <gpxtpx:speed>1.35</gpxtpx:speed>
          </gpxtpx:TrackPointExtension>
          <opentracks:accuracy_horizontal>2.291</opentracks:accuracy_horizontal>
        </extensions>
      </trkpt>
      <trkpt lat="-32.231358" lon="115.794132">
        <ele>-21.5</ele>
        <time>2026-08-27T10:24:59.656+08:00</time>
        <extensions>
          <gpxtpx:TrackPointExtension>
            <gpxtpx:speed>1.38</gpxtpx:speed>
          </gpxtpx:TrackPointExtension>
          <opentracks:accuracy_horizontal>2.605</opentracks:accuracy_horizontal>
        </extensions>
      </trkpt>
      <trkpt lat="-32.231337" lon="115.794252">
        <ele>-20.6</ele>
        <time>2026-08-27T10:25:07.671+08:00</time>
        <extensions>
          <gpxtpx:TrackPointExtension>
            <gpxtpx:speed>1.38</gpxtpx:speed>
          </gpxtpx:TrackPointExtension>
          <opentracks:accuracy_horizontal>2.399</opentracks:accuracy_horizontal>
        </extensions>
      </trkpt>
      <trkpt lat="-32.231321" lon="115.794357">
        <ele>-21.3</ele>
        <time>2026-08-27T10:25:16.676+08:00</time>
        <extensions>
          <gpxtpx:TrackPointExtension>
            <gpxtpx:speed>1.2</gpxtpx:speed>
          </gpxtpx:TrackPointExtension>
          <opentracks:accuracy_horizontal>2.313</opentracks:accuracy_horizontal>
        </extensions>
      </trkpt>
      <trkpt lat="-32.231317" lon="115.794479">
        <ele>-21.7</ele>
        <time>2026-08-27T10:25:24.667+08:00</time>
        <extensions>
          <gpxtpx:TrackPointExtension>
            <gpxtpx:speed>1.33</gpxtpx:speed>
          </gpxtpx:TrackPointExtension>
          <opentracks:accuracy_horizontal>2.4</opentracks:accuracy_horizontal>
        </extensions>
      </trkpt>
      <trkpt lat="-32.231314" lon="115.794586">
        <ele>-22.4</ele>
        <time>2026-08-27T10:25:31.667+08:00</time>
        <extensions>
          <gpxtpx:TrackPointExtension>
            <gpxtpx:speed>1.34</gpxtpx:speed>
          </gpxtpx:TrackPointExtension>
          <opentracks:accuracy_horizontal>2.276</opentracks:accuracy_horizontal>
        </extensions>
      </trkpt>
      <trkpt lat="-32.23131" lon="115.794701">
        <ele>-22.4</ele>
        <time>2026-08-27T10:25:39.673+08:00</time>
        <extensions>
          <gpxtpx:TrackPointExtension>
            <gpxtpx:speed>1.35</gpxtpx:speed>
          </gpxtpx:TrackPointExtension>
          <opentracks:accuracy_horizontal>2.462</opentracks:accuracy_horizontal>
        </extensions>
      </trkpt>
      <trkpt lat="-32.231317" lon="115.79482">
        <ele>-22.1</ele>
        <time>2026-08-27T10:25:47.669+08:00</time>
        <extensions>
          <gpxtpx:TrackPointExtension>
            <gpxtpx:speed>1.36</gpxtpx:speed>
          </gpxtpx:TrackPointExtension>
          <opentracks:accuracy_horizontal>2.233</opentracks:accuracy_horizontal>
        </extensions>
      </trkpt>
      <trkpt lat="-32.231311" lon="115.794941">
        <ele>-21.3</ele>
        <time>2026-08-27T10:25:56.666+08:00</time>
        <extensions>
          <gpxtpx:TrackPointExtension>
            <gpxtpx:speed>1.3</gpxtpx:speed>
          </gpxtpx:TrackPointExtension>
          <opentracks:accuracy_horizontal>2.348</opentracks:accuracy_horizontal>
        </extensions>
      </trkpt>
      <trkpt lat="-32.231308" lon="115.795064">
        <ele>-21.8</ele>
        <time>2026-08-27T10:26:03.673+08:00</time>
        <extensions>
          <gpxtpx:TrackPointExtension>
            <gpxtpx:speed>1.44</gpxtpx:speed>
          </gpxtpx:TrackPointExtension>
          <opentracks:accuracy_horizontal>2.376</opentracks:accuracy_horizontal>
        </extensions>
      </trkpt>
      <trkpt lat="-32.231309" lon="115.795181">
        <ele>-21.4</ele>
        <time>2026-08-27T10:26:13.673+08:00</time>
        <extensions>
          <gpxtpx:TrackPointExtension>
            <gpxtpx:speed>1.22</gpxtpx:speed>
          </gpxtpx:TrackPointExtension>
          <opentracks:accuracy_horizontal>2.291</opentracks:accuracy_horizontal>
        </extensions>
      </trkpt>
      <trkpt lat="-32.231293" lon="115.795287">
        <ele>-21.2</ele>
        <time>2026-08-27T10:26:20.655+08:00</time>
        <extensions>
          <gpxtpx:TrackPointExtension>
            <gpxtpx:speed>1.31</gpxtpx:speed>
          </gpxtpx:TrackPointExtension>
          <opentracks:accuracy_horizontal>2.387</opentracks:accuracy_horizontal>
        </extensions>
      </trkpt>
      <trkpt lat="-32.23129" lon="115.795404">
        <ele>-20.8</ele>
        <time>2026-08-27T10:26:28.677+08:00</time>
        <extensions>
          <gpxtpx:TrackPointExtension>
            <gpxtpx:speed>1.3</gpxtpx:speed>
          </gpxtpx:TrackPointExtension>
          <opentracks:accuracy_horizontal>2.425</opentracks:accuracy_horizontal>
        </extensions>
      </trkpt>
      <trkpt lat="-32.231375" lon="115.795445">
        <ele>-20.8</ele>
        <time>2026-08-27T10:26:36.667+08:00</time>
        <extensions>
          <gpxtpx:TrackPointExtension>
            <gpxtpx:speed>1.32</gpxtpx:speed>
          </gpxtpx:TrackPointExtension>
          <opentracks:accuracy_horizontal>2.361</opentracks:accuracy_horizontal>
        </extensions>
      </trkpt>
      <trkpt lat="-32.231469" lon="115.795479">
        <ele>-19.7</ele>
        <time>2026-08-27T10:26:44.659+08:00</time>
        <extensions>
          <gpxtpx:TrackPointExtension>
            <gpxtpx:speed>1.32</gpxtpx:speed>
          </gpxtpx:TrackPointExtension>
          <opentracks:accuracy_horizontal>2.383</opentracks:accuracy_horizontal>
        </extensions>
      </trkpt>
      <trkpt lat="-32.231559" lon="115.795447">
        <ele>-21.2</ele>
        <time>2026-08-27T10:26:52.658+08:00</time>
        <extensions>
          <gpxtpx:TrackPointExtension>
            <gpxtpx:speed>1.29</gpxtpx:speed>
          </gpxtpx:TrackPointExtension>
          <opentracks:accuracy_horizontal>2.556</opentracks:accuracy_horizontal>
        </extensions>
      </trkpt>
      <trkpt lat="-32.231587" lon="115.795453">
        <ele>-21.2</ele>
        <time>2026-08-27T10:27:02.665+08:00</time>
        <extensions>
          <gpxtpx:TrackPointExtension>
            <gpxtpx:speed>0.28</gpxtpx:speed>
          </gpxtpx:TrackPointExtension>
          <opentracks:accuracy_horizontal>2.569</opentracks:accuracy_horizontal>
        </extensions>
      </trkpt>
      <trkpt lat="-32.231674" lon="115.795423">
        <ele>-22.3</ele>
        <time>2026-08-27T10:27:10.663+08:00</time>
        <extensions>
          <gpxtpx:TrackPointExtension>
            <gpxtpx:speed>1.06</gpxtpx:speed>
          </gpxtpx:TrackPointExtension>
          <opentracks:accuracy_horizontal>2.374</opentracks:accuracy_horizontal>
        </extensions>
      </trkpt>
      <trkpt lat="-32.231754" lon="115.795436">
        <ele>-23.4</ele>
        <time>2026-08-27T10:27:20.657+08:00</time>
        <extensions>
          <gpxtpx:TrackPointExtension>
            <gpxtpx:speed>1.23</gpxtpx:speed>
          </gpxtpx:TrackPointExtension>
          <opentracks:accuracy_horizontal>2.365</opentracks:accuracy_horizontal>
        </extensions>
      </trkpt>
      <trkpt lat="-32.231842" lon="115.795491">
        <ele>-24.9</ele>
        <time>2026-08-27T10:27:28.666+08:00</time>
        <extensions>
          <gpxtpx:TrackPointExtension>
            <gpxtpx:speed>1.28</gpxtpx:speed>
          </gpxtpx:TrackPointExtension>
          <opentracks:accuracy_horizontal>2.372</opentracks:accuracy_horizontal>
        </extensions>
      </trkpt>
      <trkpt lat="-32.231938" lon="115.795539">
        <ele>-25.1</ele>
        <time>2026-08-27T10:27:36.67+08:00</time>
        <extensions>
          <gpxtpx:TrackPointExtension>
            <gpxtpx:speed>1.34</gpxtpx:speed>
          </gpxtpx:TrackPointExtension>
          <opentracks:accuracy_horizontal>2.457</opentracks:accuracy_horizontal>
        </extensions>
      </trkpt>
      <trkpt lat="-32.232024" lon="115.795583">
        <ele>-24.1</ele>
        <time>2026-08-27T10:27:44.673+08:00</time>
        <extensions>
          <gpxtpx:TrackPointExtension>
            <gpxtpx:speed>1.3</gpxtpx:speed>
          </gpxtpx:TrackPointExtension>
          <opentracks:accuracy_horizontal>2.403</opentracks:accuracy_horizontal>
        </extensions>
      </trkpt>
      <trkpt lat="-32.232115" lon="115.795635">
        <ele>-22.8</ele>
        <time>2026-08-27T10:27:52.672+08:00</time>
        <extensions>
          <gpxtpx:TrackPointExtension>
            <gpxtpx:speed>1.33</gpxtpx:speed>
          </gpxtpx:TrackPointExtension>
          <opentracks:accuracy_horizontal>2.313</opentracks:accuracy_horizontal>
        </extensions>
      </trkpt>
      <trkpt lat="-32.23221" lon="115.79569">
        <ele>-22.4</ele>
        <time>2026-08-27T10:28:00.667+08:00</time>
        <extensions>
          <gpxtpx:TrackPointExtension>
            <gpxtpx:speed>1.4</gpxtpx:speed>
          </gpxtpx:TrackPointExtension>
          <opentracks:accuracy_horizontal>2.353</opentracks:accuracy_horizontal>
        </extensions>
      </trkpt>
      <trkpt lat="-32.232298" lon="115.795737">
        <ele>-21.1</ele>
        <time>2026-08-27T10:28:09.665+08:00</time>
        <extensions>
          <gpxtpx:TrackPointExtension>
            <gpxtpx:speed>1.26</gpxtpx:speed>
          </gpxtpx:TrackPointExtension>
          <opentracks:accuracy_horizontal>2.521</opentracks:accuracy_horizontal>
        </extensions>
      </trkpt>
      <trkpt lat="-32.232393" lon="115.795786">
        <ele>-20.4</ele>
        <time>2026-08-27T10:28:17.679+08:00</time>
        <extensions>
          <gpxtpx:TrackPointExtension>
            <gpxtpx:speed>1.35</gpxtpx:speed>
          </gpxtpx:TrackPointExtension>
          <opentracks:accuracy_horizontal>2.655</opentracks:accuracy_horizontal>
        </extensions>
      </trkpt>
      <trkpt lat="-32.232477" lon="115.795844">
        <ele>-21.1</ele>
        <time>2026-08-27T10:28:25.667+08:00</time>
        <extensions>
          <gpxtpx:TrackPointExtension>
            <gpxtpx:speed>1.31</gpxtpx:speed>
          </gpxtpx:TrackPointExtension>
          <opentracks:accuracy_horizontal>2.359</opentracks:accuracy_horizontal>
        </extensions>
      </trkpt>
      <trkpt lat="-32.232577" lon="115.795883">
        <ele>-21.2</ele>
        <time>2026-08-27T10:28:33.677+08:00</time>
        <extensions>
          <gpxtpx:TrackPointExtension>
            <gpxtpx:speed>1.36</gpxtpx:speed>
          </gpxtpx:TrackPointExtension>
          <opentracks:accuracy_horizontal>2.375</opentracks:accuracy_horizontal>
        </extensions>
      </trkpt>
      <trkpt lat="-32.232633" lon="115.795972">
        <ele>-21.6</ele>
        <time>2026-08-27T10:28:42.659+08:00</time>
        <extensions>
          <gpxtpx:TrackPointExtension>
            <gpxtpx:speed>1.3</gpxtpx:speed>
          </gpxtpx:TrackPointExtension>
          <opentracks:accuracy_horizontal>2.36</opentracks:accuracy_horizontal>
        </extensions>
      </trkpt>
      <trkpt lat="-32.232669" lon="115.79603">
        <ele>-22</ele>
        <time>2026-08-27T10:28:51.664+08:00</time>
        <extensions>
          <gpxtpx:TrackPointExtension>
            <gpxtpx:speed>1.04</gpxtpx:speed>
          </gpxtpx:TrackPointExtension>
          <opentracks:accuracy_horizontal>2.321</opentracks:accuracy_horizontal>
        </extensions>
      </trkpt>
      <trkpt lat="-32.232635" lon="115.796137">
        <ele>-22.5</ele>
        <time>2026-08-27T10:29:08.665+08:00</time>
        <extensions>
          <gpxtpx:TrackPointExtension>
            <gpxtpx:speed>1.35</gpxtpx:speed>
          </gpxtpx:TrackPointExtension>
          <opentracks:accuracy_horizontal>2.345</opentracks:accuracy_horizontal>
        </extensions>
      </trkpt>
      <trkpt lat="-32.232619" lon="115.796248">
        <ele>-22</ele>
        <time>2026-08-27T10:29:15.643+08:00</time>
        <extensions>
          <gpxtpx:TrackPointExtension>
            <gpxtpx:speed>1.46</gpxtpx:speed>
          </gpxtpx:TrackPointExtension>
          <opentracks:accuracy_horizontal>2.253</opentracks:accuracy_horizontal>
        </extensions>
      </trkpt>
      <trkpt lat="-32.232629" lon="115.796233">
        <ele>-24.7</ele>
        <time>2026-08-27T10:29:25.647+08:00</time>
        <extensions>
          <gpxtpx:TrackPointExtension>
            <gpxtpx:speed>0.44</gpxtpx:speed>
          </gpxtpx:TrackPointExtension>
          <opentracks:accuracy_horizontal>2.368</opentracks:accuracy_horizontal>
        </extensions>
      </trkpt>
      <trkpt lat="-32.232618" lon="115.796343">
        <ele>-22.4</ele>
        <time>2026-08-27T10:29:32.664+08:00</time>
        <extensions>
          <gpxtpx:TrackPointExtension>
            <gpxtpx:speed>1.3</gpxtpx:speed>
          </gpxtpx:TrackPointExtension>
          <opentracks:accuracy_horizontal>2.349</opentracks:accuracy_horizontal>
        </extensions>
      </trkpt>
      <trkpt lat="-32.232604" lon="115.796459">
        <ele>-22</ele>
        <time>2026-08-27T10:29:41.662+08:00</time>
        <extensions>
          <gpxtpx:TrackPointExtension>
            <gpxtpx:speed>1.23</gpxtpx:speed>
          </gpxtpx:TrackPointExtension>
          <opentracks:accuracy_horizontal>2.341</opentracks:accuracy_horizontal>
        </extensions>
      </trkpt>
      <trkpt lat="-32.232581" lon="115.796563">
        <ele>-21.4</ele>
        <time>2026-08-27T10:29:47.662+08:00</time>
        <extensions>
          <gpxtpx:TrackPointExtension>
            <gpxtpx:speed>1.4</gpxtpx:speed>
          </gpxtpx:TrackPointExtension>
          <opentracks:accuracy_horizontal>2.292</opentracks:accuracy_horizontal>
        </extensions>
      </trkpt>
      <trkpt lat="-32.232575" lon="115.79668">
        <ele>-22.1</ele>
        <time>2026-08-27T10:29:56.667+08:00</time>
        <extensions>
          <gpxtpx:TrackPointExtension>
            <gpxtpx:speed>1.3</gpxtpx:speed>
          </gpxtpx:TrackPointExtension>
          <opentracks:accuracy_horizontal>2.319</opentracks:accuracy_horizontal>
        </extensions>
      </trkpt>
      <trkpt lat="-32.232602" lon="115.796794">
        <ele>-21.8</ele>
        <time>2026-08-27T10:30:04.677+08:00</time>
        <extensions>
          <gpxtpx:TrackPointExtension>
            <gpxtpx:speed>1.36</gpxtpx:speed>
          </gpxtpx:TrackPointExtension>
          <opentracks:accuracy_horizontal>2.251</opentracks:accuracy_horizontal>
        </extensions>
      </trkpt>
      <trkpt lat="-32.232553" lon="115.796887">
        <ele>-21.5</ele>
        <time>2026-08-27T10:30:13.66+08:00</time>
        <extensions>
          <gpxtpx:TrackPointExtension>
            <gpxtpx:speed>1.29</gpxtpx:speed>
          </gpxtpx:TrackPointExtension>
          <opentracks:accuracy_horizontal>2.247</opentracks:accuracy_horizontal>
        </extensions>
      </trkpt>
      <trkpt lat="-32.232476" lon="115.796947">
        <ele>-22.2</ele>
        <time>2026-08-27T10:30:21.637+08:00</time>
        <extensions>
          <gpxtpx:TrackPointExtension>
            <gpxtpx:speed>1.3</gpxtpx:speed>
          </gpxtpx:TrackPointExtension>
          <opentracks:accuracy_horizontal>2.28</opentracks:accuracy_horizontal>
        </extensions>
      </trkpt>
      <trkpt lat="-32.232392" lon="115.796998">
        <ele>-21.4</ele>
        <time>2026-08-27T10:30:29.667+08:00</time>
        <extensions>
          <gpxtpx:TrackPointExtension>
            <gpxtpx:speed>1.28</gpxtpx:speed>
          </gpxtpx:TrackPointExtension>
          <opentracks:accuracy_horizontal>2.314</opentracks:accuracy_horizontal>
        </extensions>
      </trkpt>
      <trkpt lat="-32.232381" lon="115.797027">
        <ele>-19</ele>
        <time>2026-08-27T10:30:39.684+08:00</time>
        <extensions>
          <gpxtpx:TrackPointExtension>
            <gpxtpx:speed>0.11</gpxtpx:speed>
          </gpxtpx:TrackPointExtension>
          <opentracks:accuracy_horizontal>2.657</opentracks:accuracy_horizontal>
        </extensions>
      </trkpt>
      <trkpt lat="-32.232319" lon="115.797113">
        <ele>-19</ele>
        <time>2026-08-27T10:30:58.649+08:00</time>
        <extensions>
          <gpxtpx:TrackPointExtension>
            <gpxtpx:speed>0.65</gpxtpx:speed>
          </gpxtpx:TrackPointExtension>
          <opentracks:accuracy_horizontal>2.311</opentracks:accuracy_horizontal>
        </extensions>
      </trkpt>
      <trkpt lat="-32.232234" lon="115.797172">
        <ele>-19.9</ele>
        <time>2026-08-27T10:31:06.684+08:00</time>
        <extensions>
          <gpxtpx:TrackPointExtension>
            <gpxtpx:speed>1.28</gpxtpx:speed>
          </gpxtpx:TrackPointExtension>
          <opentracks:accuracy_horizontal>2.288</opentracks:accuracy_horizontal>
        </extensions>
      </trkpt>
      <trkpt lat="-32.232153" lon="115.797152">
        <ele>-20.1</ele>
        <time>2026-08-27T10:31:16.667+08:00</time>
        <extensions>
          <gpxtpx:TrackPointExtension>
            <gpxtpx:speed>1.07</gpxtpx:speed>
          </gpxtpx:TrackPointExtension>
          <opentracks:accuracy_horizontal>2.297</opentracks:accuracy_horizontal>
        </extensions>
      </trkpt>
      <trkpt lat="-32.232057" lon="115.79718">
        <ele>-20.8</ele>
        <time>2026-08-27T10:31:24.669+08:00</time>
        <extensions>
          <gpxtpx:TrackPointExtension>
            <gpxtpx:speed>1.31</gpxtpx:speed>
          </gpxtpx:TrackPointExtension>
          <opentracks:accuracy_horizontal>2.23</opentracks:accuracy_horizontal>
        </extensions>
      </trkpt>
      <trkpt lat="-32.231973" lon="115.797234">
        <ele>-20.4</ele>
        <time>2026-08-27T10:31:32.673+08:00</time>
        <extensions>
          <gpxtpx:TrackPointExtension>
            <gpxtpx:speed>1.34</gpxtpx:speed>
          </gpxtpx:TrackPointExtension>
          <opentracks:accuracy_horizontal>2.258</opentracks:accuracy_horizontal>
        </extensions>
      </trkpt>
      <trkpt lat="-32.231884" lon="115.797275">
        <ele>-21</ele>
        <time>2026-08-27T10:31:40.683+08:00</time>
        <extensions>
          <gpxtpx:TrackPointExtension>
            <gpxtpx:speed>1.33</gpxtpx:speed>
          </gpxtpx:TrackPointExtension>
          <opentracks:accuracy_horizontal>2.297</opentracks:accuracy_horizontal>
        </extensions>
      </trkpt>
      <trkpt lat="-32.231799" lon="115.797319">
        <ele>-20.3</ele>
        <time>2026-08-27T10:31:48.673+08:00</time>
        <extensions>
          <gpxtpx:TrackPointExtension>
            <gpxtpx:speed>1.31</gpxtpx:speed>
          </gpxtpx:TrackPointExtension>
          <opentracks:accuracy_horizontal>2.242</opentracks:accuracy_horizontal>
        </extensions>
      </trkpt>
      <trkpt lat="-32.231714" lon="115.797356">
        <ele>-20.3</ele>
        <time>2026-08-27T10:31:56.677+08:00</time>
        <extensions>
          <gpxtpx:TrackPointExtension>
            <gpxtpx:speed>1.28</gpxtpx:speed>
          </gpxtpx:TrackPointExtension>
          <opentracks:accuracy_horizontal>2.231</opentracks:accuracy_horizontal>
        </extensions>
      </trkpt>
      <trkpt lat="-32.231618" lon="115.797396">
        <ele>-20.7</ele>
        <time>2026-08-27T10:32:04.674+08:00</time>
        <extensions>
          <gpxtpx:TrackPointExtension>
            <gpxtpx:speed>1.31</gpxtpx:speed>
          </gpxtpx:TrackPointExtension>
          <opentracks:accuracy_horizontal>2.388</opentracks:accuracy_horizontal>
        </extensions>
      </trkpt>
      <trkpt lat="-32.231538" lon="115.797452">
        <ele>-19.2</ele>
        <time>2026-08-27T10:32:12.666+08:00</time>
        <extensions>
          <gpxtpx:TrackPointExtension>
            <gpxtpx:speed>1.26</gpxtpx:speed>
          </gpxtpx:TrackPointExtension>
          <opentracks:accuracy_horizontal>2.401</opentracks:accuracy_horizontal>
        </extensions>
      </trkpt>
      <trkpt lat="-32.231451" lon="115.797508">
        <ele>-18.3</ele>
        <time>2026-08-27T10:32:20.691+08:00</time>
        <extensions>
          <gpxtpx:TrackPointExtension>
            <gpxtpx:speed>1.28</gpxtpx:speed>
          </gpxtpx:TrackPointExtension>
          <opentracks:accuracy_horizontal>2.333</opentracks:accuracy_horizontal>
        </extensions>
      </trkpt>
      <trkpt lat="-32.231392" lon="115.797604">
        <ele>-19.5</ele>
        <time>2026-08-27T10:32:29.668+08:00</time>
        <extensions>
          <gpxtpx:TrackPointExtension>
            <gpxtpx:speed>1.2</gpxtpx:speed>
          </gpxtpx:TrackPointExtension>
          <opentracks:accuracy_horizontal>2.29</opentracks:accuracy_horizontal>
        </extensions>
      </trkpt>
      <trkpt lat="-32.231342" lon="115.79771">
        <ele>-20.1</ele>
        <time>2026-08-27T10:32:38.673+08:00</time>
        <extensions>
          <gpxtpx:TrackPointExtension>
            <gpxtpx:speed>1.25</gpxtpx:speed>
          </gpxtpx:TrackPointExtension>
          <opentracks:accuracy_horizontal>2.368</opentracks:accuracy_horizontal>
        </extensions>
      </trkpt>
      <trkpt lat="-32.231307" lon="115.79781">
        <ele>-21.5</ele>
        <time>2026-08-27T10:32:46.643+08:00</time>
        <extensions>
          <gpxtpx:TrackPointExtension>
            <gpxtpx:speed>1.29</gpxtpx:speed>
          </gpxtpx:TrackPointExtension>
          <opentracks:accuracy_horizontal>2.261</opentracks:accuracy_horizontal>
        </extensions>
      </trkpt>
      <trkpt lat="-32.2313" lon="115.797916">
        <ele>-21.4</ele>
        <time>2026-08-27T10:32:53.634+08:00</time>
        <extensions>
          <gpxtpx:TrackPointExtension>
            <gpxtpx:speed>1.36</gpxtpx:speed>
          </gpxtpx:TrackPointExtension>
          <opentracks:accuracy_horizontal>2.222</opentracks:accuracy_horizontal>
        </extensions>
      </trkpt>
      <trkpt lat="-32.231297" lon="115.797927">
        <ele>-23.1</ele>
        <time>2026-08-27T10:33:02.633+08:00</time>
        <extensions>
          <gpxtpx:TrackPointExtension>
            <gpxtpx:speed>0.14</gpxtpx:speed>
          </gpxtpx:TrackPointExtension>
          <opentracks:accuracy_horizontal>2.338</opentracks:accuracy_horizontal>
        </extensions>
      </trkpt>
      <trkpt lat="-32.231302" lon="115.798035">
        <ele>-22.8</ele>
        <time>2026-08-27T10:33:09.649+08:00</time>
        <extensions>
          <gpxtpx:TrackPointExtension>
            <gpxtpx:speed>1.43</gpxtpx:speed>
          </gpxtpx:TrackPointExtension>
          <opentracks:accuracy_horizontal>2.289</opentracks:accuracy_horizontal>
        </extensions>
      </trkpt>
      <trkpt lat="-32.231294" lon="115.798147">
        <ele>-24.4</ele>
        <time>2026-08-27T10:33:17.657+08:00</time>
        <extensions>
          <gpxtpx:TrackPointExtension>
            <gpxtpx:speed>1.32</gpxtpx:speed>
          </gpxtpx:TrackPointExtension>
          <opentracks:accuracy_horizontal>2.192</opentracks:accuracy_horizontal>
        </extensions>
      </trkpt>
      <trkpt lat="-32.231295" lon="115.798262">
        <ele>-24.6</ele>
        <time>2026-08-27T10:33:26.641+08:00</time>
        <extensions>
          <gpxtpx:TrackPointExtension>
            <gpxtpx:speed>1.24</gpxtpx:speed>
          </gpxtpx:TrackPointExtension>
          <opentracks:accuracy_horizontal>2.226</opentracks:accuracy_horizontal>
        </extensions>
      </trkpt>
      <trkpt lat="-32.231329" lon="115.79831">
        <ele>-25.5</ele>
        <time>2026-08-27T10:33:35.675+08:00</time>
        <extensions>
          <gpxtpx:TrackPointExtension>
            <gpxtpx:speed>0.87</gpxtpx:speed>
          </gpxtpx:TrackPointExtension>
          <opentracks:accuracy_horizontal>2.589</opentracks:accuracy_horizontal>
        </extensions>
      </trkpt>
      <trkpt lat="-32.231366" lon="115.798419">
        <ele>-25.4</ele>
        <time>2026-08-27T10:34:07.672+08:00</time>
        <extensions>
          <gpxtpx:TrackPointExtension>
            <gpxtpx:speed>1.47</gpxtpx:speed>
          </gpxtpx:TrackPointExtension>
          <opentracks:accuracy_horizontal>2.315</opentracks:accuracy_horizontal>
        </extensions>
      </trkpt>
      <trkpt lat="-32.231402" lon="115.798518">
        <ele>-25.7</ele>
        <time>2026-08-27T10:34:14.668+08:00</time>
        <extensions>
          <gpxtpx:TrackPointExtension>
            <gpxtpx:speed>1.43</gpxtpx:speed>
          </gpxtpx:TrackPointExtension>
          <opentracks:accuracy_horizontal>2.252</opentracks:accuracy_horizontal>
        </extensions>
      </trkpt>
      <trkpt lat="-32.231469" lon="115.798591">
        <ele>-25.6</ele>
        <time>2026-08-27T10:34:22.663+08:00</time>
        <extensions>
          <gpxtpx:TrackPointExtension>
            <gpxtpx:speed>1.34</gpxtpx:speed>
          </gpxtpx:TrackPointExtension>
          <opentracks:accuracy_horizontal>2.309</opentracks:accuracy_horizontal>
        </extensions>
      </trkpt>
      <trkpt lat="-32.231527" lon="115.798683">
        <ele>-25.9</ele>
        <time>2026-08-27T10:34:31.68+08:00</time>
        <extensions>
          <gpxtpx:TrackPointExtension>
            <gpxtpx:speed>1.27</gpxtpx:speed>
          </gpxtpx:TrackPointExtension>
          <opentracks:accuracy_horizontal>2.394</opentracks:accuracy_horizontal>
        </extensions>
      </trkpt>
      <trkpt lat="-32.231604" lon="115.798767">
        <ele>-24.8</ele>
        <time>2026-08-27T10:34:39.668+08:00</time>
        <extensions>
          <gpxtpx:TrackPointExtension>
            <gpxtpx:speed>1.38</gpxtpx:speed>
          </gpxtpx:TrackPointExtension>
          <opentracks:accuracy_horizontal>2.304</opentracks:accuracy_horizontal>
        </extensions>
      </trkpt>
      <trkpt lat="-32.231683" lon="115.798825">
        <ele>-23.9</ele>
        <time>2026-08-27T10:34:47.671+08:00</time>
        <extensions>
          <gpxtpx:TrackPointExtension>
            <gpxtpx:speed>1.32</gpxtpx:speed>
          </gpxtpx:TrackPointExtension>
          <opentracks:accuracy_horizontal>2.337</opentracks:accuracy_horizontal>
        </extensions>
      </trkpt>
      <trkpt lat="-32.231775" lon="115.798852">
        <ele>-23</ele>
        <time>2026-08-27T10:34:55.638+08:00</time>
        <extensions>
          <gpxtpx:TrackPointExtension>
            <gpxtpx:speed>1.34</gpxtpx:speed>
          </gpxtpx:TrackPointExtension>
          <opentracks:accuracy_horizontal>2.263</opentracks:accuracy_horizontal>
        </extensions>
      </trkpt>
      <trkpt lat="-32.231863" lon="115.798905">
        <ele>-21.1</ele>
        <time>2026-08-27T10:35:03.647+08:00</time>
        <extensions>
          <gpxtpx:TrackPointExtension>
            <gpxtpx:speed>1.39</gpxtpx:speed>
          </gpxtpx:TrackPointExtension>
          <opentracks:accuracy_horizontal>2.318</opentracks:accuracy_horizontal>
        </extensions>
      </trkpt>
      <trkpt lat="-32.231942" lon="115.798985">
        <ele>-23.1</ele>
        <time>2026-08-27T10:35:11.653+08:00</time>
        <extensions>
          <gpxtpx:TrackPointExtension>
            <gpxtpx:speed>1.43</gpxtpx:speed>
          </gpxtpx:TrackPointExtension>
          <opentracks:accuracy_horizontal>2.384</opentracks:accuracy_horizontal>
        </extensions>
      </trkpt>
      <trkpt lat="-32.231961" lon="115.799047">
        <ele>-22.5</ele>
        <time>2026-08-27T10:35:21.638+08:00</time>
        <extensions>
          <gpxtpx:TrackPointExtension>
            <gpxtpx:speed>1.12</gpxtpx:speed>
          </gpxtpx:TrackPointExtension>
          <opentracks:accuracy_horizontal>2.341</opentracks:accuracy_horizontal>
        </extensions>
      </trkpt>
      <trkpt lat="-32.232013" lon="115.799146">
        <ele>-23.5</ele>
        <time>2026-08-27T10:35:27.665+08:00</time>
        <extensions>
          <gpxtpx:TrackPointExtension>
            <gpxtpx:speed>1.39</gpxtpx:speed>
          </gpxtpx:TrackPointExtension>
          <opentracks:accuracy_horizontal>2.175</opentracks:accuracy_horizontal>
        </extensions>
      </trkpt>
      <trkpt lat="-32.232027" lon="115.799235">
        <ele>-24.4</ele>
        <time>2026-08-27T10:35:37.671+08:00</time>
        <extensions>
          <gpxtpx:TrackPointExtension>
            <gpxtpx:speed>1.05</gpxtpx:speed>
          </gpxtpx:TrackPointExtension>
          <opentracks:accuracy_horizontal>2.309</opentracks:accuracy_horizontal>
        </extensions>
      </trkpt>
      <trkpt lat="-32.232044" lon="115.79934">
        <ele>-23.1</ele>
        <time>2026-08-27T10:36:01.636+08:00</time>
        <extensions>
          <gpxtpx:TrackPointExtension>
            <gpxtpx:speed>1.14</gpxtpx:speed>
          </gpxtpx:TrackPointExtension>
          <opentracks:accuracy_horizontal>2.814</opentracks:accuracy_horizontal>
        </extensions>
      </trkpt>
      <trkpt lat="-32.232107" lon="115.799429">
        <ele>-24.2</ele>
        <time>2026-08-27T10:36:10.67+08:00</time>
        <extensions>
          <gpxtpx:TrackPointExtension>
            <gpxtpx:speed>1.17</gpxtpx:speed>
          </gpxtpx:TrackPointExtension>
          <opentracks:accuracy_horizontal>2.297</opentracks:accuracy_horizontal>
        </extensions>
      </trkpt>
      <trkpt lat="-32.232164" lon="115.799523">
        <ele>-24.2</ele>
        <time>2026-08-27T10:36:19.664+08:00</time>
        <extensions>
          <gpxtpx:TrackPointExtension>
            <gpxtpx:speed>1.2</gpxtpx:speed>
          </gpxtpx:TrackPointExtension>
          <opentracks:accuracy_horizontal>2.092</opentracks:accuracy_horizontal>
        </extensions>
      </trkpt>
      <trkpt lat="-32.232219" lon="115.799614">
        <ele>-24.3</ele>
        <time>2026-08-27T10:36:28.672+08:00</time>
        <extensions>
          <gpxtpx:TrackPointExtension>
            <gpxtpx:speed>1.19</gpxtpx:speed>
          </gpxtpx:TrackPointExtension>
          <opentracks:accuracy_horizontal>2.162</opentracks:accuracy_horizontal>
        </extensions>
      </trkpt>
      <trkpt lat="-32.232265" lon="115.799706">
        <ele>-24</ele>
        <time>2026-08-27T10:36:35.684+08:00</time>
        <extensions>
          <gpxtpx:TrackPointExtension>
            <gpxtpx:speed>1.32</gpxtpx:speed>
          </gpxtpx:TrackPointExtension>
          <opentracks:accuracy_horizontal>2.519</opentracks:accuracy_horizontal>
        </extensions>
      </trkpt>
      <trkpt lat="-32.232288" lon="115.799729">
        <ele>-23.9</ele>
        <time>2026-08-27T10:36:45.67+08:00</time>
        <extensions>
          <gpxtpx:TrackPointExtension>
            <gpxtpx:speed>0.1</gpxtpx:speed>
          </gpxtpx:TrackPointExtension>
          <opentracks:accuracy_horizontal>2.788</opentracks:accuracy_horizontal>
        </extensions>
      </trkpt>
      <trkpt lat="-32.23236" lon="115.799802">
        <ele>-22.3</ele>
        <time>2026-08-27T10:37:00.67+08:00</time>
        <extensions>
          <gpxtpx:TrackPointExtension>
            <gpxtpx:speed>1.43</gpxtpx:speed>
          </gpxtpx:TrackPointExtension>
          <opentracks:accuracy_horizontal>2.367</opentracks:accuracy_horizontal>
        </extensions>
      </trkpt>
      <trkpt lat="-32.232424" lon="115.799899">
        <ele>-23.7</ele>
        <time>2026-08-27T10:37:09.687+08:00</time>
        <extensions>
          <gpxtpx:TrackPointExtension>
            <gpxtpx:speed>1.32</gpxtpx:speed>
          </gpxtpx:TrackPointExtension>
          <opentracks:accuracy_horizontal>2.284</opentracks:accuracy_horizontal>
        </extensions>
      </trkpt>
      <trkpt lat="-32.232478" lon="115.799985">
        <ele>-23.5</ele>
        <time>2026-08-27T10:37:17.665+08:00</time>
        <extensions>
          <gpxtpx:TrackPointExtension>
            <gpxtpx:speed>1.29</gpxtpx:speed>
          </gpxtpx:TrackPointExtension>
          <opentracks:accuracy_horizontal>2.325</opentracks:accuracy_horizontal>
        </extensions>
      </trkpt>
      <trkpt lat="-32.23254" lon="115.800078">
        <ele>-22.7</ele>
        <time>2026-08-27T10:37:27.682+08:00</time>
        <extensions>
          <gpxtpx:TrackPointExtension>
            <gpxtpx:speed>1.21</gpxtpx:speed>
          </gpxtpx:TrackPointExtension>
          <opentracks:accuracy_horizontal>2.651</opentracks:accuracy_horizontal>
        </extensions>
      </trkpt>
      <trkpt lat="-32.232609" lon="115.800157">
        <ele>-23.7</ele>
        <time>2026-08-27T10:37:36.684+08:00</time>
        <extensions>
          <gpxtpx:TrackPointExtension>
            <gpxtpx:speed>1.21</gpxtpx:speed>
          </gpxtpx:TrackPointExtension>
          <opentracks:accuracy_horizontal>2.37</opentracks:accuracy_horizontal>
        </extensions>
      </trkpt>
      <trkpt lat="-32.232679" lon="115.800241">
        <ele>-22.3</ele>
        <time>2026-08-27T10:37:44.677+08:00</time>
        <extensions>
          <gpxtpx:TrackPointExtension>
            <gpxtpx:speed>1.28</gpxtpx:speed>
          </gpxtpx:TrackPointExtension>
          <opentracks:accuracy_horizontal>2.538</opentracks:accuracy_horizontal>
        </extensions>
      </trkpt>
      <trkpt lat="-32.23273" lon="115.80034">
        <ele>-22.3</ele>
        <time>2026-08-27T10:37:53.686+08:00</time>
        <extensions>
          <gpxtpx:TrackPointExtension>
            <gpxtpx:speed>1.22</gpxtpx:speed>
          </gpxtpx:TrackPointExtension>
          <opentracks:accuracy_horizontal>2.363</opentracks:accuracy_horizontal>
        </extensions>
      </trkpt>
      <trkpt lat="-32.232786" lon="115.800424">
        <ele>-23.1</ele>
        <time>2026-08-27T10:38:01.667+08:00</time>
        <extensions>
          <gpxtpx:TrackPointExtension>
            <gpxtpx:speed>1.24</gpxtpx:speed>
          </gpxtpx:TrackPointExtension>
          <opentracks:accuracy_horizontal>2.441</opentracks:accuracy_horizontal>
        </extensions>
      </trkpt>
      <trkpt lat="-32.232843" lon="115.800512">
        <ele>-23.2</ele>
        <time>2026-08-27T10:38:09.671+08:00</time>
        <extensions>
          <gpxtpx:TrackPointExtension>
            <gpxtpx:speed>1.27</gpxtpx:speed>
          </gpxtpx:TrackPointExtension>
          <opentracks:accuracy_horizontal>2.253</opentracks:accuracy_horizontal>
        </extensions>
      </trkpt>
      <trkpt lat="-32.232874" lon="115.800528">
        <ele>-21.9</ele>
        <time>2026-08-27T10:38:19.669+08:00</time>
        <extensions>
          <gpxtpx:TrackPointExtension>
            <gpxtpx:speed>0.08</gpxtpx:speed>
          </gpxtpx:TrackPointExtension>
          <opentracks:accuracy_horizontal>2.331</opentracks:accuracy_horizontal>
        </extensions>
      </trkpt>
      <trkpt lat="-32.232929" lon="115.80062">
        <ele>-21.8</ele>
        <time>2026-08-27T10:38:40.662+08:00</time>
        <extensions>
          <gpxtpx:TrackPointExtension>
            <gpxtpx:speed>1.48</gpxtpx:speed>
          </gpxtpx:TrackPointExtension>
          <opentracks:accuracy_horizontal>2.292</opentracks:accuracy_horizontal>
        </extensions>
      </trkpt>
      <trkpt lat="-32.232994" lon="115.800704">
        <ele>-22.6</ele>
        <time>2026-08-27T10:38:48.67+08:00</time>
        <extensions>
          <gpxtpx:TrackPointExtension>
            <gpxtpx:speed>1.37</gpxtpx:speed>
          </gpxtpx:TrackPointExtension>
          <opentracks:accuracy_horizontal>2.56</opentracks:accuracy_horizontal>
        </extensions>
      </trkpt>
      <trkpt lat="-32.233044" lon="115.800798">
        <ele>-21.7</ele>
        <time>2026-08-27T10:38:56.678+08:00</time>
        <extensions>
          <gpxtpx:TrackPointExtension>
            <gpxtpx:speed>1.32</gpxtpx:speed>
          </gpxtpx:TrackPointExtension>
          <opentracks:accuracy_horizontal>2.498</opentracks:accuracy_horizontal>
        </extensions>
      </trkpt>
      <trkpt lat="-32.233102" lon="115.800885">
        <ele>-22.9</ele>
        <time>2026-08-27T10:39:04.662+08:00</time>
        <extensions>
          <gpxtpx:TrackPointExtension>
            <gpxtpx:speed>1.3</gpxtpx:speed>
          </gpxtpx:TrackPointExtension>
          <opentracks:accuracy_horizontal>2.582</opentracks:accuracy_horizontal>
        </extensions>
      </trkpt>
      <trkpt lat="-32.233162" lon="115.800976">
        <ele>-23.5</ele>
        <time>2026-08-27T10:39:12.673+08:00</time>
        <extensions>
          <gpxtpx:TrackPointExtension>
            <gpxtpx:speed>1.32</gpxtpx:speed>
          </gpxtpx:TrackPointExtension>
          <opentracks:accuracy_horizontal>2.255</opentracks:accuracy_horizontal>
        </extensions>
      </trkpt>
      <trkpt lat="-32.233226" lon="115.801067">
        <ele>-24.3</ele>
        <time>2026-08-27T10:39:21.673+08:00</time>
        <extensions>
          <gpxtpx:TrackPointExtension>
            <gpxtpx:speed>1.29</gpxtpx:speed>
          </gpxtpx:TrackPointExtension>
          <opentracks:accuracy_horizontal>2.408</opentracks:accuracy_horizontal>
        </extensions>
      </trkpt>
      <trkpt lat="-32.23329" lon="115.801152">
        <ele>-23.8</ele>
        <time>2026-08-27T10:39:29.687+08:00</time>
        <extensions>
          <gpxtpx:TrackPointExtension>
            <gpxtpx:speed>1.32</gpxtpx:speed>
          </gpxtpx:TrackPointExtension>
          <opentracks:accuracy_horizontal>2.392</opentracks:accuracy_horizontal>
        </extensions>
      </trkpt>
      <trkpt lat="-32.233349" lon="115.801242">
        <ele>-23.4</ele>
        <time>2026-08-27T10:39:37.679+08:00</time>
        <extensions>
          <gpxtpx:TrackPointExtension>
            <gpxtpx:speed>1.32</gpxtpx:speed>
          </gpxtpx:TrackPointExtension>
          <opentracks:accuracy_horizontal>2.439</opentracks:accuracy_horizontal>
        </extensions>
      </trkpt>
      <trkpt lat="-32.233415" lon="115.801329">
        <ele>-23.2</ele>
        <time>2026-08-27T10:39:45.676+08:00</time>
        <extensions>
          <gpxtpx:TrackPointExtension>
            <gpxtpx:speed>1.33</gpxtpx:speed>
          </gpxtpx:TrackPointExtension>
          <opentracks:accuracy_horizontal>2.308</opentracks:accuracy_horizontal>
        </extensions>
      </trkpt>
      <trkpt lat="-32.233469" lon="115.801415">
        <ele>-23.1</ele>
        <time>2026-08-27T10:39:52.655+08:00</time>
        <extensions>
          <gpxtpx:TrackPointExtension>
            <gpxtpx:speed>1.35</gpxtpx:speed>
          </gpxtpx:TrackPointExtension>
          <opentracks:accuracy_horizontal>2.377</opentracks:accuracy_horizontal>
        </extensions>
      </trkpt>
      <trkpt lat="-32.233505" lon="115.801458">
        <ele>-22.1</ele>
        <time>2026-08-27T10:40:01.671+08:00</time>
        <extensions>
          <gpxtpx:TrackPointExtension>
            <gpxtpx:speed>0.15</gpxtpx:speed>
          </gpxtpx:TrackPointExtension>
          <opentracks:accuracy_horizontal>2.971</opentracks:accuracy_horizontal>
        </extensions>
      </trkpt>
      <trkpt lat="-32.233559" lon="115.801544">
        <ele>-22.8</ele>
        <time>2026-08-27T10:40:11.659+08:00</time>
        <extensions>
          <gpxtpx:TrackPointExtension>
            <gpxtpx:speed>1.31</gpxtpx:speed>
          </gpxtpx:TrackPointExtension>
          <opentracks:accuracy_horizontal>2.525</opentracks:accuracy_horizontal>
        </extensions>
      </trkpt>
      <trkpt lat="-32.233623" lon="115.801627">
        <ele>-23.3</ele>
        <time>2026-08-27T10:40:19.693+08:00</time>
        <extensions>
          <gpxtpx:TrackPointExtension>
            <gpxtpx:speed>1.32</gpxtpx:speed>
          </gpxtpx:TrackPointExtension>
          <opentracks:accuracy_horizontal>2.36</opentracks:accuracy_horizontal>
        </extensions>
      </trkpt>
      <trkpt lat="-32.233672" lon="115.801721">
        <ele>-22.7</ele>
        <time>2026-08-27T10:40:26.685+08:00</time>
        <extensions>
          <gpxtpx:TrackPointExtension>
            <gpxtpx:speed>1.39</gpxtpx:speed>
          </gpxtpx:TrackPointExtension>
          <opentracks:accuracy_horizontal>2.357</opentracks:accuracy_horizontal>
        </extensions>
      </trkpt>
      <trkpt lat="-32.233745" lon="115.8018">
        <ele>-22.1</ele>
        <time>2026-08-27T10:40:35.677+08:00</time>
        <extensions>
          <gpxtpx:TrackPointExtension>
            <gpxtpx:speed>1.3</gpxtpx:speed>
          </gpxtpx:TrackPointExtension>
          <opentracks:accuracy_horizontal>2.277</opentracks:accuracy_horizontal>
        </extensions>
      </trkpt>
      <trkpt lat="-32.233802" lon="115.801886">
        <ele>-21.5</ele>
        <time>2026-08-27T10:40:43.671+08:00</time>
        <extensions>
          <gpxtpx:TrackPointExtension>
            <gpxtpx:speed>1.31</gpxtpx:speed>
          </gpxtpx:TrackPointExtension>
          <opentracks:accuracy_horizontal>2.407</opentracks:accuracy_horizontal>
        </extensions>
      </trkpt>
      <trkpt lat="-32.233864" lon="115.801974">
        <ele>-22</ele>
        <time>2026-08-27T10:40:51.675+08:00</time>
        <extensions>
          <gpxtpx:TrackPointExtension>
            <gpxtpx:speed>1.31</gpxtpx:speed>
          </gpxtpx:TrackPointExtension>
          <opentracks:accuracy_horizontal>2.336</opentracks:accuracy_horizontal>
        </extensions>
      </trkpt>
      <trkpt lat="-32.233875" lon="115.80208">
        <ele>-22</ele>
        <time>2026-08-27T10:40:59.683+08:00</time>
        <extensions>
          <gpxtpx:TrackPointExtension>
            <gpxtpx:speed>1.28</gpxtpx:speed>
          </gpxtpx:TrackPointExtension>
          <opentracks:accuracy_horizontal>2.302</opentracks:accuracy_horizontal>
        </extensions>
      </trkpt>
      <trkpt lat="-32.233875" lon="115.802203">
        <ele>-21</ele>
        <time>2026-08-27T10:41:07.676+08:00</time>
        <extensions>
          <gpxtpx:TrackPointExtension>
            <gpxtpx:speed>1.33</gpxtpx:speed>
          </gpxtpx:TrackPointExtension>
          <opentracks:accuracy_horizontal>2.386</opentracks:accuracy_horizontal>
        </extensions>
      </trkpt>
      <trkpt lat="-32.233879" lon="115.802315">
        <ele>-19.2</ele>
        <time>2026-08-27T10:41:15.683+08:00</time>
        <extensions>
          <gpxtpx:TrackPointExtension>
            <gpxtpx:speed>1.31</gpxtpx:speed>
          </gpxtpx:TrackPointExtension>
          <opentracks:accuracy_horizontal>2.465</opentracks:accuracy_horizontal>
        </extensions>
      </trkpt>
      <trkpt lat="-32.233871" lon="115.802436">
        <ele>-18.1</ele>
        <time>2026-08-27T10:41:23.672+08:00</time>
        <extensions>
          <gpxtpx:TrackPointExtension>
            <gpxtpx:speed>1.34</gpxtpx:speed>
          </gpxtpx:TrackPointExtension>
          <opentracks:accuracy_horizontal>2.349</opentracks:accuracy_horizontal>
        </extensions>
      </trkpt>
      <trkpt lat="-32.233927" lon="115.802489">
        <ele>-16.5</ele>
        <time>2026-08-27T10:41:33.681+08:00</time>
        <extensions>
          <gpxtpx:TrackPointExtension>
            <gpxtpx:speed>0.38</gpxtpx:speed>
          </gpxtpx:TrackPointExtension>
          <opentracks:accuracy_horizontal>2.423</opentracks:accuracy_horizontal>
        </extensions>
      </trkpt>
      <trkpt lat="-32.233891" lon="115.802593">
        <ele>-17.2</ele>
        <time>2026-08-27T10:42:20.677+08:00</time>
        <extensions>
          <gpxtpx:TrackPointExtension>
            <gpxtpx:speed>0.67</gpxtpx:speed>
          </gpxtpx:TrackPointExtension>
          <opentracks:accuracy_horizontal>2.414</opentracks:accuracy_horizontal>
        </extensions>
      </trkpt>
      <trkpt lat="-32.233894" lon="115.80271">
        <ele>-17.1</ele>
        <time>2026-08-27T10:42:29.69+08:00</time>
        <extensions>
          <gpxtpx:TrackPointExtension>
            <gpxtpx:speed>1.03</gpxtpx:speed>
          </gpxtpx:TrackPointExtension>
          <opentracks:accuracy_horizontal>2.588</opentracks:accuracy_horizontal>
        </extensions>
      </trkpt>
      <trkpt lat="-32.233893" lon="115.802818">
        <ele>-17.7</ele>
        <time>2026-08-27T10:42:36.669+08:00</time>
        <extensions>
          <gpxtpx:TrackPointExtension>
            <gpxtpx:speed>1.2</gpxtpx:speed>
          </gpxtpx:TrackPointExtension>
          <opentracks:accuracy_horizontal>2.65</opentracks:accuracy_horizontal>
        </extensions>
      </trkpt>
      <trkpt lat="-32.233884" lon="115.802935">
        <ele>-16.5</ele>
        <time>2026-08-27T10:42:46.682+08:00</time>
        <extensions>
          <gpxtpx:TrackPointExtension>
            <gpxtpx:speed>1.1</gpxtpx:speed>
          </gpxtpx:TrackPointExtension>
          <opentracks:accuracy_horizontal>2.534</opentracks:accuracy_horizontal>
        </extensions>
      </trkpt>
      <trkpt lat="-32.233878" lon="115.803043">
        <ele>-17</ele>
        <time>2026-08-27T10:42:55.693+08:00</time>
        <extensions>
          <gpxtpx:TrackPointExtension>
            <gpxtpx:speed>1.09</gpxtpx:speed>
          </gpxtpx:TrackPointExtension>
          <opentracks:accuracy_horizontal>2.491</opentracks:accuracy_horizontal>
        </extensions>
      </trkpt>
      <trkpt lat="-32.233834" lon="115.803123">
        <ele>-16.7</ele>
        <time>2026-08-27T10:43:05.679+08:00</time>
        <extensions>
          <gpxtpx:TrackPointExtension>
            <gpxtpx:speed>1.06</gpxtpx:speed>
          </gpxtpx:TrackPointExtension>
          <opentracks:accuracy_horizontal>2.465</opentracks:accuracy_horizontal>
        </extensions>
      </trkpt>
      <trkpt lat="-32.23374" lon="115.803099">
        <ele>-14.3</ele>
        <time>2026-08-27T10:43:19.682+08:00</time>
        <extensions>
          <gpxtpx:TrackPointExtension>
            <gpxtpx:speed>0.39</gpxtpx:speed>
          </gpxtpx:TrackPointExtension>
          <opentracks:accuracy_horizontal>2.397</opentracks:accuracy_horizontal>
        </extensions>
      </trkpt>
      <trkpt lat="-32.233649" lon="115.803121">
        <ele>-15.2</ele>
        <time>2026-08-27T10:43:27.676+08:00</time>
        <extensions>
          <gpxtpx:TrackPointExtension>
            <gpxtpx:speed>1.24</gpxtpx:speed>
          </gpxtpx:TrackPointExtension>
          <opentracks:accuracy_horizontal>2.525</opentracks:accuracy_horizontal>
        </extensions>
      </trkpt>
      <trkpt lat="-32.233661" lon="115.803085">
        <ele>-16.1</ele>
        <time>2026-08-27T10:43:37.659+08:00</time>
        <extensions>
          <gpxtpx:TrackPointExtension>
            <gpxtpx:speed>0.15</gpxtpx:speed>
          </gpxtpx:TrackPointExtension>
          <opentracks:accuracy_horizontal>3.256</opentracks:accuracy_horizontal>
        </extensions>
      </trkpt>
      <trkpt lat="-32.233566" lon="115.803117">
        <ele>-16</ele>
        <time>2026-08-27T10:43:49.677+08:00</time>
        <extensions>
          <gpxtpx:TrackPointExtension>
            <gpxtpx:speed>0.57</gpxtpx:speed>
          </gpxtpx:TrackPointExtension>
          <opentracks:accuracy_horizontal>2.38</opentracks:accuracy_horizontal>
        </extensions>
      </trkpt>
      <trkpt lat="-32.233471" lon="115.803115">
        <ele>-15.5</ele>
        <time>2026-08-27T10:43:57.668+08:00</time>
        <extensions>
          <gpxtpx:TrackPointExtension>
            <gpxtpx:speed>1.2</gpxtpx:speed>
          </gpxtpx:TrackPointExtension>
          <opentracks:accuracy_horizontal>2.416</opentracks:accuracy_horizontal>
        </extensions>
      </trkpt>
      <trkpt lat="-32.233375" lon="115.803133">
        <ele>-14.8</ele>
        <time>2026-08-27T10:44:06.68+08:00</time>
        <extensions>
          <gpxtpx:TrackPointExtension>
            <gpxtpx:speed>1.19</gpxtpx:speed>
          </gpxtpx:TrackPointExtension>
          <opentracks:accuracy_horizontal>2.517</opentracks:accuracy_horizontal>
        </extensions>
      </trkpt>
      <trkpt lat="-32.233276" lon="115.803119">
        <ele>-14.2</ele>
        <time>2026-08-27T10:44:13.684+08:00</time>
        <extensions>
          <gpxtpx:TrackPointExtension>
            <gpxtpx:speed>1.35</gpxtpx:speed>
          </gpxtpx:TrackPointExtension>
          <opentracks:accuracy_horizontal>2.466</opentracks:accuracy_horizontal>
        </extensions>
      </trkpt>
      <trkpt lat="-32.233213" lon="115.803039">
        <ele>-15.7</ele>
        <time>2026-08-27T10:44:22.689+08:00</time>
        <extensions>
          <gpxtpx:TrackPointExtension>
            <gpxtpx:speed>1.2</gpxtpx:speed>
          </gpxtpx:TrackPointExtension>
          <opentracks:accuracy_horizontal>2.526</opentracks:accuracy_horizontal>
        </extensions>
      </trkpt>
      <trkpt lat="-32.233223" lon="115.802938">
        <ele>-15.5</ele>
        <time>2026-08-27T10:44:31.714+08:00</time>
        <extensions>
          <gpxtpx:TrackPointExtension>
            <gpxtpx:speed>1.09</gpxtpx:speed>
          </gpxtpx:TrackPointExtension>
          <opentracks:accuracy_horizontal>2.492</opentracks:accuracy_horizontal>
        </extensions>
      </trkpt>
      <trkpt lat="-32.233254" lon="115.802834">
        <ele>-15.5</ele>
        <time>2026-08-27T10:45:02.742+08:00</time>
        <extensions>
          <gpxtpx:TrackPointExtension>
            <gpxtpx:speed>0.29</gpxtpx:speed>
          </gpxtpx:TrackPointExtension>
          <opentracks:accuracy_horizontal>3.662</opentracks:accuracy_horizontal>
        </extensions>
      </trkpt>
      <trkpt lat="-32.233268" lon="115.802841">
        <ele>-15.9</ele>
        <time>2026-08-27T10:45:12.737+08:00</time>
        <extensions>
          <gpxtpx:TrackPointExtension>
            <gpxtpx:speed>0.02</gpxtpx:speed>
          </gpxtpx:TrackPointExtension>
          <opentracks:accuracy_horizontal>4.275</opentracks:accuracy_horizontal>
        </extensions>
      </trkpt>
      <trkpt lat="-32.233247" lon="115.802886">
        <ele>-24.4</ele>
        <time>2026-08-27T10:48:55.706+08:00</time>
        <extensions>
          <gpxtpx:TrackPointExtension>
            <gpxtpx:speed>0.1</gpxtpx:speed>
          </gpxtpx:TrackPointExtension>
          <opentracks:accuracy_horizontal>4.453</opentracks:accuracy_horizontal>
        </extensions>
      </trkpt>
    </trkseg>
    <link href="img/PXL_20260608_014752937.jpg">
      <type>image/jpeg</type>
    </link>
  </trk>
</gpx>
