<?xml version="1.0" encoding="UTF-8"?>
<gpx
version="1.1"
creator="OpenTracks"
xmlns="http://www.topografix.com/GPX/1/1"
xmlns:topografix="http://www.topografix.com/GPX/Private/TopoGrafix/0/1"
xmlns:xsi="http://www.w3.org/2001/XMLSchema-instance"
xmlns:opentracks="http://opentracksapp.com/xmlschemas/v1"
xmlns:gpxtpx="http://www.garmin.com/xmlschemas/TrackPointExtension/v2"
xmlns:gpxtrkx="http://www.garmin.com/xmlschemas/TrackStatsExtension/v1"
xmlns:cluetrust="http://www.cluetrust.com/Schemas/"
xmlns:pwr="http://www.garmin.com/xmlschemas/PowerExtension/v1"
xsi:schemaLocation="http://www.topografix.com/GPX/1/1 http://www.topografix.com/GPX/1/1/gpx.xsd http://www.topografix.com/GPX/Private/TopoGrafix/0/1 http://www.topografix.com/GPX/Private/TopoGrafix/0/1/topografix.xsd http://www.garmin.com/xmlschemas/TrackPointExtension/v2 https://www8.garmin.com/xmlschemas/TrackPointExtensionv2.xsd http://www.garmin.com/xmlschemas/PowerExtension/v1 https://www8.garmin.com/xmlschemas/PowerExtensionv1.xsd http://www.garmin.com/xmlschemas/TrackStatsExtension/v1 https://www8.garmin.com/xmlschemas/TrackStatsExtension.xsd http://www.cluetrust.com/Schemas https://www.cluetrust.com/Schemas/gpxdata10.xsd http://opentracksapp.com/xmlschemas/v1 http://opentracksapp.com/xmlschemas/OpenTracks_v1.xsd">
<trk>
<name><![CDATA[2026-08-23T07:56+08]]></name>
<desc><![CDATA[]]></desc>
<type><![CDATA[cycling]]></type>
<extensions>
<topografix:color>c0c0c0</topografix:color>
<opentracks:trackid>80818ec5-8198-445a-b70d-a4f7607ec66b</opentracks:trackid>
<opentracks:typeTranslated><![CDATA[cycling]]></opentracks:typeTranslated>
<gpxtrkx:TrackStatsExtension>
<gpxtrkx:Distance>4949.12255859375</gpxtrkx:Distance>
<gpxtrkx:TimerTime>5874</gpxtrkx:TimerTime>
<gpxtrkx:MovingTime>3444</gpxtrkx:MovingTime>
<gpxtrkx:StoppedTime>2429</gpxtrkx:StoppedTime>
<gpxtrkx:MaxSpeed>1.6511297225952148</gpxtrkx:MaxSpeed>
</gpxtrkx:TrackStatsExtension>
</extensions>
<trkseg>
<trkpt lat="-32.233188" lon="115.803126">
<ele>-18.6</ele>
<time>2026-08-23T07:56:58.794+08:00</time>
<extensions>
<gpxtpx:TrackPointExtension>
<gpxtpx:speed>0</gpxtpx:speed>
</gpxtpx:TrackPointExtension>
<opentracks:accuracy_horizontal>6.904</opentracks:accuracy_horizontal></extensions>
</trkpt>
<trkpt lat="-32.233279" lon="115.803124">
<ele>-15.4</ele>
<time>2026-08-23T07:57:06.159+08:00</time>
<extensions>
<gpxtpx:TrackPointExtension>
<gpxtpx:speed>1.49</gpxtpx:speed>
</gpxtpx:TrackPointExtension>
<opentracks:accuracy_horizontal>3.056</opentracks:accuracy_horizontal></extensions>
</trkpt>
<trkpt lat="-32.233372" lon="115.803128">
<ele>-15.1</ele>
<time>2026-08-23T07:57:13.148+08:00</time>
<extensions>
<gpxtpx:TrackPointExtension>
<gpxtpx:speed>1.31</gpxtpx:speed>
</gpxtpx:TrackPointExtension>
<opentracks:accuracy_horizontal>2.082</opentracks:accuracy_horizontal></extensions>
</trkpt>
<trkpt lat="-32.233476" lon="115.803132">
<ele>-14.8</ele>
<time>2026-08-23T07:57:22.171+08:00</time>
<extensions>
<gpxtpx:TrackPointExtension>
<gpxtpx:speed>1.09</gpxtpx:speed>
</gpxtpx:TrackPointExtension>
<opentracks:accuracy_horizontal>2.813</opentracks:accuracy_horizontal></extensions>
</trkpt>
<trkpt lat="-32.233578" lon="115.80313">
<ele>-15.8</ele>
<time>2026-08-23T07:57:29.163+08:00</time>
<extensions>
<gpxtpx:TrackPointExtension>
<gpxtpx:speed>1.44</gpxtpx:speed>
</gpxtpx:TrackPointExtension>
<opentracks:accuracy_horizontal>3.16</opentracks:accuracy_horizontal></extensions>
</trkpt>
<trkpt lat="-32.233673" lon="115.803134">
<ele>-15.5</ele>
<time>2026-08-23T07:57:37.186+08:00</time>
<extensions>
<gpxtpx:TrackPointExtension>
<gpxtpx:speed>1.3</gpxtpx:speed>
</gpxtpx:TrackPointExtension>
<opentracks:accuracy_horizontal>3.663</opentracks:accuracy_horizontal></extensions>
</trkpt>
<trkpt lat="-32.233774" lon="115.803129">
<ele>-16.7</ele>
<time>2026-08-23T07:57:45.171+08:00</time>
<extensions>
<gpxtpx:TrackPointExtension>
<gpxtpx:speed>1.33</gpxtpx:speed>
</gpxtpx:TrackPointExtension>
<opentracks:accuracy_horizontal>3.558</opentracks:accuracy_horizontal></extensions>
</trkpt>
<trkpt lat="-32.233869" lon="115.803106">
<ele>-16.9</ele>
<time>2026-08-23T07:57:52.189+08:00</time>
<extensions>
<gpxtpx:TrackPointExtension>
<gpxtpx:speed>1.44</gpxtpx:speed>
</gpxtpx:TrackPointExtension>
<opentracks:accuracy_horizontal>3.119</opentracks:accuracy_horizontal></extensions>
</trkpt>
<trkpt lat="-32.233891" lon="115.802991">
<ele>-16.3</ele>
<time>2026-08-23T07:57:58.191+08:00</time>
<extensions>
<gpxtpx:TrackPointExtension>
<gpxtpx:speed>1.45</gpxtpx:speed>
</gpxtpx:TrackPointExtension>
<opentracks:accuracy_horizontal>2.175</opentracks:accuracy_horizontal></extensions>
</trkpt>
<trkpt lat="-32.233889" lon="115.802881">
<ele>-16.2</ele>
<time>2026-08-23T07:58:06.111+08:00</time>
<extensions>
<gpxtpx:TrackPointExtension>
<gpxtpx:speed>1.29</gpxtpx:speed>
</gpxtpx:TrackPointExtension>
<opentracks:accuracy_horizontal>2.301</opentracks:accuracy_horizontal></extensions>
</trkpt>
<trkpt lat="-32.233892" lon="115.802766">
<ele>-16.9</ele>
<time>2026-08-23T07:58:14.118+08:00</time>
<extensions>
<gpxtpx:TrackPointExtension>
<gpxtpx:speed>1.34</gpxtpx:speed>
</gpxtpx:TrackPointExtension>
<opentracks:accuracy_horizontal>2.141</opentracks:accuracy_horizontal></extensions>
</trkpt>
<trkpt lat="-32.233891" lon="115.802646">
<ele>-18.7</ele>
<time>2026-08-23T07:58:22.115+08:00</time>
<extensions>
<gpxtpx:TrackPointExtension>
<gpxtpx:speed>1.34</gpxtpx:speed>
</gpxtpx:TrackPointExtension>
<opentracks:accuracy_horizontal>2.198</opentracks:accuracy_horizontal></extensions>
</trkpt>
<trkpt lat="-32.233892" lon="115.802529">
<ele>-18.5</ele>
<time>2026-08-23T07:58:31.13+08:00</time>
<extensions>
<gpxtpx:TrackPointExtension>
<gpxtpx:speed>1.23</gpxtpx:speed>
</gpxtpx:TrackPointExtension>
<opentracks:accuracy_horizontal>2.334</opentracks:accuracy_horizontal></extensions>
</trkpt>
<trkpt lat="-32.233881" lon="115.802405">
<ele>-18.6</ele>
<time>2026-08-23T07:58:38.121+08:00</time>
<extensions>
<gpxtpx:TrackPointExtension>
<gpxtpx:speed>1.38</gpxtpx:speed>
</gpxtpx:TrackPointExtension>
<opentracks:accuracy_horizontal>2.282</opentracks:accuracy_horizontal></extensions>
</trkpt>
<trkpt lat="-32.233882" lon="115.802293">
<ele>-19.1</ele>
<time>2026-08-23T07:58:46.112+08:00</time>
<extensions>
<gpxtpx:TrackPointExtension>
<gpxtpx:speed>1.33</gpxtpx:speed>
</gpxtpx:TrackPointExtension>
<opentracks:accuracy_horizontal>2.429</opentracks:accuracy_horizontal></extensions>
</trkpt>
<trkpt lat="-32.233884" lon="115.802171">
<ele>-20.7</ele>
<time>2026-08-23T07:58:55.125+08:00</time>
<extensions>
<gpxtpx:TrackPointExtension>
<gpxtpx:speed>1.29</gpxtpx:speed>
</gpxtpx:TrackPointExtension>
<opentracks:accuracy_horizontal>2.349</opentracks:accuracy_horizontal></extensions>
</trkpt>
<trkpt lat="-32.233879" lon="115.802049">
<ele>-22</ele>
<time>2026-08-23T07:59:03.123+08:00</time>
<extensions>
<gpxtpx:TrackPointExtension>
<gpxtpx:speed>1.35</gpxtpx:speed>
</gpxtpx:TrackPointExtension>
<opentracks:accuracy_horizontal>2.582</opentracks:accuracy_horizontal></extensions>
</trkpt>
<trkpt lat="-32.233855" lon="115.801943">
<ele>-21.2</ele>
<time>2026-08-23T07:59:10.123+08:00</time>
<extensions>
<gpxtpx:TrackPointExtension>
<gpxtpx:speed>1.42</gpxtpx:speed>
</gpxtpx:TrackPointExtension>
<opentracks:accuracy_horizontal>2.217</opentracks:accuracy_horizontal></extensions>
</trkpt>
<trkpt lat="-32.233792" lon="115.801865">
<ele>-22</ele>
<time>2026-08-23T07:59:19.121+08:00</time>
<extensions>
<gpxtpx:TrackPointExtension>
<gpxtpx:speed>1.22</gpxtpx:speed>
</gpxtpx:TrackPointExtension>
<opentracks:accuracy_horizontal>2.2</opentracks:accuracy_horizontal></extensions>
</trkpt>
<trkpt lat="-32.233733" lon="115.801777">
<ele>-21.3</ele>
<time>2026-08-23T07:59:27.127+08:00</time>
<extensions>
<gpxtpx:TrackPointExtension>
<gpxtpx:speed>1.28</gpxtpx:speed>
</gpxtpx:TrackPointExtension>
<opentracks:accuracy_horizontal>2.352</opentracks:accuracy_horizontal></extensions>
</trkpt>
<trkpt lat="-32.233773" lon="115.801727">
<ele>-19.6</ele>
<time>2026-08-23T07:59:37.121+08:00</time>
<extensions>
<gpxtpx:TrackPointExtension>
<gpxtpx:speed>0.06</gpxtpx:speed>
</gpxtpx:TrackPointExtension>
<opentracks:accuracy_horizontal>2.3</opentracks:accuracy_horizontal></extensions>
</trkpt>
<trkpt lat="-32.233819" lon="115.801627">
<ele>-21.7</ele>
<time>2026-08-23T07:59:45.112+08:00</time>
<extensions>
<gpxtpx:TrackPointExtension>
<gpxtpx:speed>1.28</gpxtpx:speed>
</gpxtpx:TrackPointExtension>
<opentracks:accuracy_horizontal>2.358</opentracks:accuracy_horizontal></extensions>
</trkpt>
<trkpt lat="-32.233868" lon="115.801538">
<ele>-23.2</ele>
<time>2026-08-23T07:59:52.118+08:00</time>
<extensions>
<gpxtpx:TrackPointExtension>
<gpxtpx:speed>1.33</gpxtpx:speed>
</gpxtpx:TrackPointExtension>
<opentracks:accuracy_horizontal>2.465</opentracks:accuracy_horizontal></extensions>
</trkpt>
<trkpt lat="-32.233899" lon="115.801428">
<ele>-24.1</ele>
<time>2026-08-23T07:59:59.121+08:00</time>
<extensions>
<gpxtpx:TrackPointExtension>
<gpxtpx:speed>1.46</gpxtpx:speed>
</gpxtpx:TrackPointExtension>
<opentracks:accuracy_horizontal>2.365</opentracks:accuracy_horizontal></extensions>
</trkpt>
<trkpt lat="-32.233921" lon="115.801316">
<ele>-24.3</ele>
<time>2026-08-23T08:00:07.123+08:00</time>
<extensions>
<gpxtpx:TrackPointExtension>
<gpxtpx:speed>1.43</gpxtpx:speed>
</gpxtpx:TrackPointExtension>
<opentracks:accuracy_horizontal>2.261</opentracks:accuracy_horizontal></extensions>
</trkpt>
<trkpt lat="-32.233912" lon="115.8012">
<ele>-24.2</ele>
<time>2026-08-23T08:00:15.118+08:00</time>
<extensions>
<gpxtpx:TrackPointExtension>
<gpxtpx:speed>1.37</gpxtpx:speed>
</gpxtpx:TrackPointExtension>
<opentracks:accuracy_horizontal>2.201</opentracks:accuracy_horizontal></extensions>
</trkpt>
<trkpt lat="-32.233911" lon="115.801091">
<ele>-24.5</ele>
<time>2026-08-23T08:00:22.116+08:00</time>
<extensions>
<gpxtpx:TrackPointExtension>
<gpxtpx:speed>1.4</gpxtpx:speed>
</gpxtpx:TrackPointExtension>
<opentracks:accuracy_horizontal>2.582</opentracks:accuracy_horizontal></extensions>
</trkpt>
<trkpt lat="-32.233913" lon="115.800978">
<ele>-24.5</ele>
<time>2026-08-23T08:00:30.114+08:00</time>
<extensions>
<gpxtpx:TrackPointExtension>
<gpxtpx:speed>1.33</gpxtpx:speed>
</gpxtpx:TrackPointExtension>
<opentracks:accuracy_horizontal>2.263</opentracks:accuracy_horizontal></extensions>
</trkpt>
<trkpt lat="-32.233921" lon="115.800857">
<ele>-23.4</ele>
<time>2026-08-23T08:00:38.12+08:00</time>
<extensions>
<gpxtpx:TrackPointExtension>
<gpxtpx:speed>1.35</gpxtpx:speed>
</gpxtpx:TrackPointExtension>
<opentracks:accuracy_horizontal>2.224</opentracks:accuracy_horizontal></extensions>
</trkpt>
<trkpt lat="-32.233913" lon="115.80075">
<ele>-23.8</ele>
<time>2026-08-23T08:00:45.126+08:00</time>
<extensions>
<gpxtpx:TrackPointExtension>
<gpxtpx:speed>1.39</gpxtpx:speed>
</gpxtpx:TrackPointExtension>
<opentracks:accuracy_horizontal>2.325</opentracks:accuracy_horizontal></extensions>
</trkpt>
<trkpt lat="-32.233923" lon="115.80064">
<ele>-23</ele>
<time>2026-08-23T08:00:53.108+08:00</time>
<extensions>
<gpxtpx:TrackPointExtension>
<gpxtpx:speed>1.32</gpxtpx:speed>
</gpxtpx:TrackPointExtension>
<opentracks:accuracy_horizontal>2.323</opentracks:accuracy_horizontal></extensions>
</trkpt>
<trkpt lat="-32.233922" lon="115.800533">
<ele>-23.7</ele>
<time>2026-08-23T08:01:00.12+08:00</time>
<extensions>
<gpxtpx:TrackPointExtension>
<gpxtpx:speed>1.35</gpxtpx:speed>
</gpxtpx:TrackPointExtension>
<opentracks:accuracy_horizontal>2.49</opentracks:accuracy_horizontal></extensions>
</trkpt>
<trkpt lat="-32.233928" lon="115.800417">
<ele>-23.4</ele>
<time>2026-08-23T08:01:09.11+08:00</time>
<extensions>
<gpxtpx:TrackPointExtension>
<gpxtpx:speed>1.26</gpxtpx:speed>
</gpxtpx:TrackPointExtension>
<opentracks:accuracy_horizontal>2.373</opentracks:accuracy_horizontal></extensions>
</trkpt>
<trkpt lat="-32.233919" lon="115.800304">
<ele>-23.9</ele>
<time>2026-08-23T08:01:16.123+08:00</time>
<extensions>
<gpxtpx:TrackPointExtension>
<gpxtpx:speed>1.39</gpxtpx:speed>
</gpxtpx:TrackPointExtension>
<opentracks:accuracy_horizontal>2.271</opentracks:accuracy_horizontal></extensions>
</trkpt>
<trkpt lat="-32.233884" lon="115.800205">
<ele>-24.2</ele>
<time>2026-08-23T08:01:25.11+08:00</time>
<extensions>
<gpxtpx:TrackPointExtension>
<gpxtpx:speed>1.25</gpxtpx:speed>
</gpxtpx:TrackPointExtension>
<opentracks:accuracy_horizontal>2.358</opentracks:accuracy_horizontal></extensions>
</trkpt>
<trkpt lat="-32.233851" lon="115.8001">
<ele>-23.1</ele>
<time>2026-08-23T08:01:33.12+08:00</time>
<extensions>
<gpxtpx:TrackPointExtension>
<gpxtpx:speed>1.26</gpxtpx:speed>
</gpxtpx:TrackPointExtension>
<opentracks:accuracy_horizontal>2.312</opentracks:accuracy_horizontal></extensions>
</trkpt>
<trkpt lat="-32.233807" lon="115.799986">
<ele>-22.6</ele>
<time>2026-08-23T08:01:41.114+08:00</time>
<extensions>
<gpxtpx:TrackPointExtension>
<gpxtpx:speed>1.38</gpxtpx:speed>
</gpxtpx:TrackPointExtension>
<opentracks:accuracy_horizontal>2.343</opentracks:accuracy_horizontal></extensions>
</trkpt>
<trkpt lat="-32.233756" lon="115.799881">
<ele>-22.3</ele>
<time>2026-08-23T08:01:50.116+08:00</time>
<extensions>
<gpxtpx:TrackPointExtension>
<gpxtpx:speed>1.29</gpxtpx:speed>
</gpxtpx:TrackPointExtension>
<opentracks:accuracy_horizontal>2.384</opentracks:accuracy_horizontal></extensions>
</trkpt>
<trkpt lat="-32.233708" lon="115.799791">
<ele>-21.4</ele>
<time>2026-08-23T08:01:58.129+08:00</time>
<extensions>
<gpxtpx:TrackPointExtension>
<gpxtpx:speed>1.19</gpxtpx:speed>
</gpxtpx:TrackPointExtension>
<opentracks:accuracy_horizontal>2.231</opentracks:accuracy_horizontal></extensions>
</trkpt>
<trkpt lat="-32.233695" lon="115.799731">
<ele>-21.7</ele>
<time>2026-08-23T08:02:08.133+08:00</time>
<extensions>
<gpxtpx:TrackPointExtension>
<gpxtpx:speed>0.65</gpxtpx:speed>
</gpxtpx:TrackPointExtension>
<opentracks:accuracy_horizontal>2.156</opentracks:accuracy_horizontal></extensions>
</trkpt>
<trkpt lat="-32.233709" lon="115.799625">
<ele>-21.9</ele>
<time>2026-08-23T08:02:33.11+08:00</time>
<extensions>
<gpxtpx:TrackPointExtension>
<gpxtpx:speed>0.47</gpxtpx:speed>
</gpxtpx:TrackPointExtension>
<opentracks:accuracy_horizontal>2.642</opentracks:accuracy_horizontal></extensions>
</trkpt>
<trkpt lat="-32.233756" lon="115.799521">
<ele>-22.2</ele>
<time>2026-08-23T08:02:40.137+08:00</time>
<extensions>
<gpxtpx:TrackPointExtension>
<gpxtpx:speed>1.35</gpxtpx:speed>
</gpxtpx:TrackPointExtension>
<opentracks:accuracy_horizontal>2.425</opentracks:accuracy_horizontal></extensions>
</trkpt>
<trkpt lat="-32.233721" lon="115.799422">
<ele>-22.5</ele>
<time>2026-08-23T08:02:48.138+08:00</time>
<extensions>
<gpxtpx:TrackPointExtension>
<gpxtpx:speed>1.34</gpxtpx:speed>
</gpxtpx:TrackPointExtension>
<opentracks:accuracy_horizontal>2.184</opentracks:accuracy_horizontal></extensions>
</trkpt>
<trkpt lat="-32.233685" lon="115.799317">
<ele>-22</ele>
<time>2026-08-23T08:02:57.125+08:00</time>
<extensions>
<gpxtpx:TrackPointExtension>
<gpxtpx:speed>1.22</gpxtpx:speed>
</gpxtpx:TrackPointExtension>
<opentracks:accuracy_horizontal>2.301</opentracks:accuracy_horizontal></extensions>
</trkpt>
<trkpt lat="-32.233766" lon="115.799271">
<ele>-21.3</ele>
<time>2026-08-23T08:03:04.123+08:00</time>
<extensions>
<gpxtpx:TrackPointExtension>
<gpxtpx:speed>1.31</gpxtpx:speed>
</gpxtpx:TrackPointExtension>
<opentracks:accuracy_horizontal>2.418</opentracks:accuracy_horizontal></extensions>
</trkpt>
<trkpt lat="-32.23386" lon="115.79924">
<ele>-21</ele>
<time>2026-08-23T08:03:12.14+08:00</time>
<extensions>
<gpxtpx:TrackPointExtension>
<gpxtpx:speed>1.32</gpxtpx:speed>
</gpxtpx:TrackPointExtension>
<opentracks:accuracy_horizontal>2.37</opentracks:accuracy_horizontal></extensions>
</trkpt>
<trkpt lat="-32.233949" lon="115.79918">
<ele>-21.4</ele>
<time>2026-08-23T08:03:20.142+08:00</time>
<extensions>
<gpxtpx:TrackPointExtension>
<gpxtpx:speed>1.37</gpxtpx:speed>
</gpxtpx:TrackPointExtension>
<opentracks:accuracy_horizontal>2.448</opentracks:accuracy_horizontal></extensions>
</trkpt>
<trkpt lat="-32.234037" lon="115.799136">
<ele>-22.2</ele>
<time>2026-08-23T08:03:28.13+08:00</time>
<extensions>
<gpxtpx:TrackPointExtension>
<gpxtpx:speed>1.29</gpxtpx:speed>
</gpxtpx:TrackPointExtension>
<opentracks:accuracy_horizontal>2.259</opentracks:accuracy_horizontal></extensions>
</trkpt>
<trkpt lat="-32.234095" lon="115.799085">
<ele>-22.7</ele>
<time>2026-08-23T08:03:38.121+08:00</time>
<extensions>
<gpxtpx:TrackPointExtension>
<gpxtpx:speed>0.9</gpxtpx:speed>
</gpxtpx:TrackPointExtension>
<opentracks:accuracy_horizontal>2.514</opentracks:accuracy_horizontal></extensions>
</trkpt>
<trkpt lat="-32.234185" lon="115.799054">
<ele>-21.2</ele>
<time>2026-08-23T08:03:51.123+08:00</time>
<extensions>
<gpxtpx:TrackPointExtension>
<gpxtpx:speed>0.97</gpxtpx:speed>
</gpxtpx:TrackPointExtension>
<opentracks:accuracy_horizontal>2.164</opentracks:accuracy_horizontal></extensions>
</trkpt>
<trkpt lat="-32.234273" lon="115.799001">
<ele>-22.1</ele>
<time>2026-08-23T08:03:59.123+08:00</time>
<extensions>
<gpxtpx:TrackPointExtension>
<gpxtpx:speed>1.19</gpxtpx:speed>
</gpxtpx:TrackPointExtension>
<opentracks:accuracy_horizontal>2.446</opentracks:accuracy_horizontal></extensions>
</trkpt>
<trkpt lat="-32.234363" lon="115.798961">
<ele>-22.3</ele>
<time>2026-08-23T08:04:09.137+08:00</time>
<extensions>
<gpxtpx:TrackPointExtension>
<gpxtpx:speed>1.2</gpxtpx:speed>
</gpxtpx:TrackPointExtension>
<opentracks:accuracy_horizontal>2.325</opentracks:accuracy_horizontal></extensions>
</trkpt>
<trkpt lat="-32.234405" lon="115.798928">
<ele>-21.5</ele>
<time>2026-08-23T08:04:19.148+08:00</time>
<extensions>
<gpxtpx:TrackPointExtension>
<gpxtpx:speed>0.09</gpxtpx:speed>
</gpxtpx:TrackPointExtension>
<opentracks:accuracy_horizontal>2.33</opentracks:accuracy_horizontal></extensions>
</trkpt>
<trkpt lat="-32.234503" lon="115.798889">
<ele>-21.7</ele>
<time>2026-08-23T08:04:32.125+08:00</time>
<extensions>
<gpxtpx:TrackPointExtension>
<gpxtpx:speed>1.37</gpxtpx:speed>
</gpxtpx:TrackPointExtension>
<opentracks:accuracy_horizontal>2.14</opentracks:accuracy_horizontal></extensions>
</trkpt>
<trkpt lat="-32.234585" lon="115.798844">
<ele>-22.7</ele>
<time>2026-08-23T08:04:41.129+08:00</time>
<extensions>
<gpxtpx:TrackPointExtension>
<gpxtpx:speed>1.12</gpxtpx:speed>
</gpxtpx:TrackPointExtension>
<opentracks:accuracy_horizontal>2.174</opentracks:accuracy_horizontal></extensions>
</trkpt>
<trkpt lat="-32.234678" lon="115.798811">
<ele>-22.1</ele>
<time>2026-08-23T08:04:48.136+08:00</time>
<extensions>
<gpxtpx:TrackPointExtension>
<gpxtpx:speed>1.29</gpxtpx:speed>
</gpxtpx:TrackPointExtension>
<opentracks:accuracy_horizontal>2.262</opentracks:accuracy_horizontal></extensions>
</trkpt>
<trkpt lat="-32.234763" lon="115.798746">
<ele>-22.7</ele>
<time>2026-08-23T08:04:55.126+08:00</time>
<extensions>
<gpxtpx:TrackPointExtension>
<gpxtpx:speed>1.39</gpxtpx:speed>
</gpxtpx:TrackPointExtension>
<opentracks:accuracy_horizontal>2.296</opentracks:accuracy_horizontal></extensions>
</trkpt>
<trkpt lat="-32.234776" lon="115.798736">
<ele>-22.1</ele>
<time>2026-08-23T08:05:05.12+08:00</time>
<extensions>
<gpxtpx:TrackPointExtension>
<gpxtpx:speed>0.17</gpxtpx:speed>
</gpxtpx:TrackPointExtension>
<opentracks:accuracy_horizontal>2.291</opentracks:accuracy_horizontal></extensions>
</trkpt>
<trkpt lat="-32.234871" lon="115.7987">
<ele>-22.2</ele>
<time>2026-08-23T08:05:12.119+08:00</time>
<extensions>
<gpxtpx:TrackPointExtension>
<gpxtpx:speed>1.35</gpxtpx:speed>
</gpxtpx:TrackPointExtension>
<opentracks:accuracy_horizontal>2.216</opentracks:accuracy_horizontal></extensions>
</trkpt>
<trkpt lat="-32.234954" lon="115.798656">
<ele>-21</ele>
<time>2026-08-23T08:05:19.144+08:00</time>
<extensions>
<gpxtpx:TrackPointExtension>
<gpxtpx:speed>1.37</gpxtpx:speed>
</gpxtpx:TrackPointExtension>
<opentracks:accuracy_horizontal>2.261</opentracks:accuracy_horizontal></extensions>
</trkpt>
<trkpt lat="-32.234948" lon="115.798571">
<ele>-20.4</ele>
<time>2026-08-23T08:05:29.136+08:00</time>
<extensions>
<gpxtpx:TrackPointExtension>
<gpxtpx:speed>0.26</gpxtpx:speed>
</gpxtpx:TrackPointExtension>
<opentracks:accuracy_horizontal>2.483</opentracks:accuracy_horizontal></extensions>
</trkpt>
<trkpt lat="-32.234977" lon="115.798466">
<ele>-20.4</ele>
<time>2026-08-23T08:06:02.123+08:00</time>
<extensions>
<gpxtpx:TrackPointExtension>
<gpxtpx:speed>1.65</gpxtpx:speed>
</gpxtpx:TrackPointExtension>
<opentracks:accuracy_horizontal>2.396</opentracks:accuracy_horizontal></extensions>
</trkpt>
<trkpt lat="-32.235008" lon="115.798366">
<ele>-21.3</ele>
<time>2026-08-23T08:06:09.119+08:00</time>
<extensions>
<gpxtpx:TrackPointExtension>
<gpxtpx:speed>1.44</gpxtpx:speed>
</gpxtpx:TrackPointExtension>
<opentracks:accuracy_horizontal>2.442</opentracks:accuracy_horizontal></extensions>
</trkpt>
<trkpt lat="-32.234999" lon="115.798248">
<ele>-22</ele>
<time>2026-08-23T08:06:18.127+08:00</time>
<extensions>
<gpxtpx:TrackPointExtension>
<gpxtpx:speed>1.29</gpxtpx:speed>
</gpxtpx:TrackPointExtension>
<opentracks:accuracy_horizontal>2.309</opentracks:accuracy_horizontal></extensions>
</trkpt>
<trkpt lat="-32.234953" lon="115.798301">
<ele>-21.8</ele>
<time>2026-08-23T08:06:28.134+08:00</time>
<extensions>
<gpxtpx:TrackPointExtension>
<gpxtpx:speed>1.05</gpxtpx:speed>
</gpxtpx:TrackPointExtension>
<opentracks:accuracy_horizontal>2.284</opentracks:accuracy_horizontal></extensions>
</trkpt>
<trkpt lat="-32.234977" lon="115.798199">
<ele>-21.5</ele>
<time>2026-08-23T08:06:45.137+08:00</time>
<extensions>
<gpxtpx:TrackPointExtension>
<gpxtpx:speed>0.95</gpxtpx:speed>
</gpxtpx:TrackPointExtension>
<opentracks:accuracy_horizontal>2.519</opentracks:accuracy_horizontal></extensions>
</trkpt>
<trkpt lat="-32.234995" lon="115.798188">
<ele>-21.2</ele>
<time>2026-08-23T08:06:55.129+08:00</time>
<extensions>
<gpxtpx:TrackPointExtension>
<gpxtpx:speed>0.42</gpxtpx:speed>
</gpxtpx:TrackPointExtension>
<opentracks:accuracy_horizontal>2.395</opentracks:accuracy_horizontal></extensions>
</trkpt>
<trkpt lat="-32.235054" lon="115.798101">
<ele>-20.9</ele>
<time>2026-08-23T08:07:07.127+08:00</time>
<extensions>
<gpxtpx:TrackPointExtension>
<gpxtpx:speed>0.38</gpxtpx:speed>
</gpxtpx:TrackPointExtension>
<opentracks:accuracy_horizontal>2.29</opentracks:accuracy_horizontal></extensions>
</trkpt>
<trkpt lat="-32.235098" lon="115.797989">
<ele>-22.1</ele>
<time>2026-08-23T08:07:15.132+08:00</time>
<extensions>
<gpxtpx:TrackPointExtension>
<gpxtpx:speed>1.25</gpxtpx:speed>
</gpxtpx:TrackPointExtension>
<opentracks:accuracy_horizontal>2.385</opentracks:accuracy_horizontal></extensions>
</trkpt>
<trkpt lat="-32.235072" lon="115.797881">
<ele>-22.1</ele>
<time>2026-08-23T08:07:24.124+08:00</time>
<extensions>
<gpxtpx:TrackPointExtension>
<gpxtpx:speed>1.16</gpxtpx:speed>
</gpxtpx:TrackPointExtension>
<opentracks:accuracy_horizontal>2.276</opentracks:accuracy_horizontal></extensions>
</trkpt>
<trkpt lat="-32.23509" lon="115.797771">
<ele>-23.2</ele>
<time>2026-08-23T08:07:34.136+08:00</time>
<extensions>
<gpxtpx:TrackPointExtension>
<gpxtpx:speed>1.1</gpxtpx:speed>
</gpxtpx:TrackPointExtension>
<opentracks:accuracy_horizontal>2.479</opentracks:accuracy_horizontal></extensions>
</trkpt>
<trkpt lat="-32.235127" lon="115.797696">
<ele>-20.1</ele>
<time>2026-08-23T08:07:44.134+08:00</time>
<extensions>
<gpxtpx:TrackPointExtension>
<gpxtpx:speed>1.02</gpxtpx:speed>
</gpxtpx:TrackPointExtension>
<opentracks:accuracy_horizontal>2.419</opentracks:accuracy_horizontal></extensions>
</trkpt>
<trkpt lat="-32.235164" lon="115.797594">
<ele>-20.6</ele>
<time>2026-08-23T08:07:54.149+08:00</time>
<extensions>
<gpxtpx:TrackPointExtension>
<gpxtpx:speed>1.05</gpxtpx:speed>
</gpxtpx:TrackPointExtension>
<opentracks:accuracy_horizontal>2.4</opentracks:accuracy_horizontal></extensions>
</trkpt>
<trkpt lat="-32.235186" lon="115.797484">
<ele>-20</ele>
<time>2026-08-23T08:08:03.125+08:00</time>
<extensions>
<gpxtpx:TrackPointExtension>
<gpxtpx:speed>1.12</gpxtpx:speed>
</gpxtpx:TrackPointExtension>
<opentracks:accuracy_horizontal>2.548</opentracks:accuracy_horizontal></extensions>
</trkpt>
<trkpt lat="-32.235175" lon="115.797452">
<ele>-18.6</ele>
<time>2026-08-23T08:08:13.103+08:00</time>
<extensions>
<gpxtpx:TrackPointExtension>
<gpxtpx:speed>0.28</gpxtpx:speed>
</gpxtpx:TrackPointExtension>
<opentracks:accuracy_horizontal>2.338</opentracks:accuracy_horizontal></extensions>
</trkpt>
<trkpt lat="-32.235171" lon="115.797342">
<ele>-20.2</ele>
<time>2026-08-23T08:09:18.12+08:00</time>
<extensions>
<gpxtpx:TrackPointExtension>
<gpxtpx:speed>1.04</gpxtpx:speed>
</gpxtpx:TrackPointExtension>
<opentracks:accuracy_horizontal>2.446</opentracks:accuracy_horizontal></extensions>
</trkpt>
<trkpt lat="-32.23519" lon="115.797346">
<ele>-19.4</ele>
<time>2026-08-23T08:09:28.128+08:00</time>
<extensions>
<gpxtpx:TrackPointExtension>
<gpxtpx:speed>0.19</gpxtpx:speed>
</gpxtpx:TrackPointExtension>
<opentracks:accuracy_horizontal>2.656</opentracks:accuracy_horizontal></extensions>
</trkpt>
<trkpt lat="-32.235231" lon="115.797248">
<ele>-21.5</ele>
<time>2026-08-23T08:09:36.106+08:00</time>
<extensions>
<gpxtpx:TrackPointExtension>
<gpxtpx:speed>1.05</gpxtpx:speed>
</gpxtpx:TrackPointExtension>
<opentracks:accuracy_horizontal>2.537</opentracks:accuracy_horizontal></extensions>
</trkpt>
<trkpt lat="-32.235253" lon="115.797193">
<ele>-18.9</ele>
<time>2026-08-23T08:09:46.11+08:00</time>
<extensions>
<gpxtpx:TrackPointExtension>
<gpxtpx:speed>0.18</gpxtpx:speed>
</gpxtpx:TrackPointExtension>
<opentracks:accuracy_horizontal>2.401</opentracks:accuracy_horizontal></extensions>
</trkpt>
<trkpt lat="-32.235264" lon="115.797078">
<ele>-18.8</ele>
<time>2026-08-23T08:09:56.133+08:00</time>
<extensions>
<gpxtpx:TrackPointExtension>
<gpxtpx:speed>0.95</gpxtpx:speed>
</gpxtpx:TrackPointExtension>
<opentracks:accuracy_horizontal>2.415</opentracks:accuracy_horizontal></extensions>
</trkpt>
<trkpt lat="-32.23532" lon="115.796987">
<ele>-18.6</ele>
<time>2026-08-23T08:10:06.135+08:00</time>
<extensions>
<gpxtpx:TrackPointExtension>
<gpxtpx:speed>1.03</gpxtpx:speed>
</gpxtpx:TrackPointExtension>
<opentracks:accuracy_horizontal>2.381</opentracks:accuracy_horizontal></extensions>
</trkpt>
<trkpt lat="-32.235335" lon="115.796939">
<ele>-19.1</ele>
<time>2026-08-23T08:10:16.131+08:00</time>
<extensions>
<gpxtpx:TrackPointExtension>
<gpxtpx:speed>0.26</gpxtpx:speed>
</gpxtpx:TrackPointExtension>
<opentracks:accuracy_horizontal>2.434</opentracks:accuracy_horizontal></extensions>
</trkpt>
<trkpt lat="-32.235321" lon="115.796827">
<ele>-20</ele>
<time>2026-08-23T08:10:26.133+08:00</time>
<extensions>
<gpxtpx:TrackPointExtension>
<gpxtpx:speed>1.33</gpxtpx:speed>
</gpxtpx:TrackPointExtension>
<opentracks:accuracy_horizontal>2.366</opentracks:accuracy_horizontal></extensions>
</trkpt>
<trkpt lat="-32.235291" lon="115.796722">
<ele>-21.2</ele>
<time>2026-08-23T08:10:35.133+08:00</time>
<extensions>
<gpxtpx:TrackPointExtension>
<gpxtpx:speed>1.18</gpxtpx:speed>
</gpxtpx:TrackPointExtension>
<opentracks:accuracy_horizontal>2.368</opentracks:accuracy_horizontal></extensions>
</trkpt>
<trkpt lat="-32.235307" lon="115.796606">
<ele>-21.8</ele>
<time>2026-08-23T08:10:44.114+08:00</time>
<extensions>
<gpxtpx:TrackPointExtension>
<gpxtpx:speed>1.19</gpxtpx:speed>
</gpxtpx:TrackPointExtension>
<opentracks:accuracy_horizontal>2.401</opentracks:accuracy_horizontal></extensions>
</trkpt>
<trkpt lat="-32.235295" lon="115.796488">
<ele>-22</ele>
<time>2026-08-23T08:10:53.127+08:00</time>
<extensions>
<gpxtpx:TrackPointExtension>
<gpxtpx:speed>1.22</gpxtpx:speed>
</gpxtpx:TrackPointExtension>
<opentracks:accuracy_horizontal>2.425</opentracks:accuracy_horizontal></extensions>
</trkpt>
<trkpt lat="-32.23529" lon="115.796404">
<ele>-20.2</ele>
<time>2026-08-23T08:11:03.121+08:00</time>
<extensions>
<gpxtpx:TrackPointExtension>
<gpxtpx:speed>0.94</gpxtpx:speed>
</gpxtpx:TrackPointExtension>
<opentracks:accuracy_horizontal>2.426</opentracks:accuracy_horizontal></extensions>
</trkpt>
<trkpt lat="-32.235316" lon="115.796292">
<ele>-19.8</ele>
<time>2026-08-23T08:11:11.128+08:00</time>
<extensions>
<gpxtpx:TrackPointExtension>
<gpxtpx:speed>1.22</gpxtpx:speed>
</gpxtpx:TrackPointExtension>
<opentracks:accuracy_horizontal>2.367</opentracks:accuracy_horizontal></extensions>
</trkpt>
<trkpt lat="-32.235332" lon="115.796284">
<ele>-20.4</ele>
<time>2026-08-23T08:11:21.114+08:00</time>
<extensions>
<gpxtpx:TrackPointExtension>
<gpxtpx:speed>0.38</gpxtpx:speed>
</gpxtpx:TrackPointExtension>
<opentracks:accuracy_horizontal>2.655</opentracks:accuracy_horizontal></extensions>
</trkpt>
<trkpt lat="-32.235344" lon="115.796169">
<ele>-22</ele>
<time>2026-08-23T08:11:28.126+08:00</time>
<extensions>
<gpxtpx:TrackPointExtension>
<gpxtpx:speed>1.37</gpxtpx:speed>
</gpxtpx:TrackPointExtension>
<opentracks:accuracy_horizontal>2.445</opentracks:accuracy_horizontal></extensions>
</trkpt>
<trkpt lat="-32.235341" lon="115.796053">
<ele>-22.9</ele>
<time>2026-08-23T08:11:37.141+08:00</time>
<extensions>
<gpxtpx:TrackPointExtension>
<gpxtpx:speed>1.27</gpxtpx:speed>
</gpxtpx:TrackPointExtension>
<opentracks:accuracy_horizontal>2.31</opentracks:accuracy_horizontal></extensions>
</trkpt>
<trkpt lat="-32.235352" lon="115.796031">
<ele>-23.7</ele>
<time>2026-08-23T08:11:47.127+08:00</time>
<extensions>
<gpxtpx:TrackPointExtension>
<gpxtpx:speed>0.02</gpxtpx:speed>
</gpxtpx:TrackPointExtension>
<opentracks:accuracy_horizontal>2.273</opentracks:accuracy_horizontal></extensions>
</trkpt>
<trkpt lat="-32.235441" lon="115.795977">
<ele>-22.1</ele>
<time>2026-08-23T08:12:05.13+08:00</time>
<extensions>
<gpxtpx:TrackPointExtension>
<gpxtpx:speed>1.25</gpxtpx:speed>
</gpxtpx:TrackPointExtension>
<opentracks:accuracy_horizontal>2.451</opentracks:accuracy_horizontal></extensions>
</trkpt>
<trkpt lat="-32.235519" lon="115.795927">
<ele>-19.6</ele>
<time>2026-08-23T08:12:15.112+08:00</time>
<extensions>
<gpxtpx:TrackPointExtension>
<gpxtpx:speed>1.03</gpxtpx:speed>
</gpxtpx:TrackPointExtension>
<opentracks:accuracy_horizontal>2.543</opentracks:accuracy_horizontal></extensions>
</trkpt>
<trkpt lat="-32.235613" lon="115.795889">
<ele>-18.8</ele>
<time>2026-08-23T08:12:25.133+08:00</time>
<extensions>
<gpxtpx:TrackPointExtension>
<gpxtpx:speed>1.08</gpxtpx:speed>
</gpxtpx:TrackPointExtension>
<opentracks:accuracy_horizontal>2.509</opentracks:accuracy_horizontal></extensions>
</trkpt>
<trkpt lat="-32.235702" lon="115.795856">
<ele>-18.5</ele>
<time>2026-08-23T08:12:35.124+08:00</time>
<extensions>
<gpxtpx:TrackPointExtension>
<gpxtpx:speed>1.02</gpxtpx:speed>
</gpxtpx:TrackPointExtension>
<opentracks:accuracy_horizontal>2.331</opentracks:accuracy_horizontal></extensions>
</trkpt>
<trkpt lat="-32.235783" lon="115.795829">
<ele>-16.7</ele>
<time>2026-08-23T08:12:44.144+08:00</time>
<extensions>
<gpxtpx:TrackPointExtension>
<gpxtpx:speed>0.93</gpxtpx:speed>
</gpxtpx:TrackPointExtension>
<opentracks:accuracy_horizontal>2.422</opentracks:accuracy_horizontal></extensions>
</trkpt>
<trkpt lat="-32.235872" lon="115.795801">
<ele>-14.7</ele>
<time>2026-08-23T08:12:53.135+08:00</time>
<extensions>
<gpxtpx:TrackPointExtension>
<gpxtpx:speed>1.01</gpxtpx:speed>
</gpxtpx:TrackPointExtension>
<opentracks:accuracy_horizontal>2.557</opentracks:accuracy_horizontal></extensions>
</trkpt>
<trkpt lat="-32.235946" lon="115.795765">
<ele>-13.1</ele>
<time>2026-08-23T08:13:03.133+08:00</time>
<extensions>
<gpxtpx:TrackPointExtension>
<gpxtpx:speed>0.47</gpxtpx:speed>
</gpxtpx:TrackPointExtension>
<opentracks:accuracy_horizontal>2.428</opentracks:accuracy_horizontal></extensions>
</trkpt>
<trkpt lat="-32.236038" lon="115.795735">
<ele>-12.1</ele>
<time>2026-08-23T08:13:21.152+08:00</time>
<extensions>
<gpxtpx:TrackPointExtension>
<gpxtpx:speed>0.43</gpxtpx:speed>
</gpxtpx:TrackPointExtension>
<opentracks:accuracy_horizontal>2.445</opentracks:accuracy_horizontal></extensions>
</trkpt>
<trkpt lat="-32.236117" lon="115.795712">
<ele>-11</ele>
<time>2026-08-23T08:13:31.13+08:00</time>
<extensions>
<gpxtpx:TrackPointExtension>
<gpxtpx:speed>0.81</gpxtpx:speed>
</gpxtpx:TrackPointExtension>
<opentracks:accuracy_horizontal>2.435</opentracks:accuracy_horizontal></extensions>
</trkpt>
<trkpt lat="-32.236206" lon="115.795676">
<ele>-8.4</ele>
<time>2026-08-23T08:13:58.136+08:00</time>
<extensions>
<gpxtpx:TrackPointExtension>
<gpxtpx:speed>1</gpxtpx:speed>
</gpxtpx:TrackPointExtension>
<opentracks:accuracy_horizontal>2.383</opentracks:accuracy_horizontal></extensions>
</trkpt>
<trkpt lat="-32.236282" lon="115.795639">
<ele>-7</ele>
<time>2026-08-23T08:14:08.133+08:00</time>
<extensions>
<gpxtpx:TrackPointExtension>
<gpxtpx:speed>0.88</gpxtpx:speed>
</gpxtpx:TrackPointExtension>
<opentracks:accuracy_horizontal>2.43</opentracks:accuracy_horizontal></extensions>
</trkpt>
<trkpt lat="-32.23637" lon="115.795611">
<ele>-6.5</ele>
<time>2026-08-23T08:14:18.15+08:00</time>
<extensions>
<gpxtpx:TrackPointExtension>
<gpxtpx:speed>0.9</gpxtpx:speed>
</gpxtpx:TrackPointExtension>
<opentracks:accuracy_horizontal>2.248</opentracks:accuracy_horizontal></extensions>
</trkpt>
<trkpt lat="-32.236447" lon="115.795577">
<ele>-4.7</ele>
<time>2026-08-23T08:14:28.133+08:00</time>
<extensions>
<gpxtpx:TrackPointExtension>
<gpxtpx:speed>0.89</gpxtpx:speed>
</gpxtpx:TrackPointExtension>
<opentracks:accuracy_horizontal>2.616</opentracks:accuracy_horizontal></extensions>
</trkpt>
<trkpt lat="-32.236534" lon="115.795533">
<ele>-2.5</ele>
<time>2026-08-23T08:14:40.131+08:00</time>
<extensions>
<gpxtpx:TrackPointExtension>
<gpxtpx:speed>0.89</gpxtpx:speed>
</gpxtpx:TrackPointExtension>
<opentracks:accuracy_horizontal>2.333</opentracks:accuracy_horizontal></extensions>
</trkpt>
<trkpt lat="-32.236622" lon="115.795498">
<ele>-1.4</ele>
<time>2026-08-23T08:14:50.129+08:00</time>
<extensions>
<gpxtpx:TrackPointExtension>
<gpxtpx:speed>0.81</gpxtpx:speed>
</gpxtpx:TrackPointExtension>
<opentracks:accuracy_horizontal>2.56</opentracks:accuracy_horizontal></extensions>
</trkpt>
<trkpt lat="-32.236628" lon="115.795412">
<ele>-0.6</ele>
<time>2026-08-23T08:15:00.109+08:00</time>
<extensions>
<gpxtpx:TrackPointExtension>
<gpxtpx:speed>0.79</gpxtpx:speed>
</gpxtpx:TrackPointExtension>
<opentracks:accuracy_horizontal>2.439</opentracks:accuracy_horizontal></extensions>
</trkpt>
<trkpt lat="-32.236718" lon="115.795447">
<ele>0.4</ele>
<time>2026-08-23T08:15:41.132+08:00</time>
<extensions>
<gpxtpx:TrackPointExtension>
<gpxtpx:speed>1.02</gpxtpx:speed>
</gpxtpx:TrackPointExtension>
<opentracks:accuracy_horizontal>2.407</opentracks:accuracy_horizontal></extensions>
</trkpt>
<trkpt lat="-32.236757" lon="115.795457">
<ele>1.6</ele>
<time>2026-08-23T08:15:51.151+08:00</time>
<extensions>
<gpxtpx:TrackPointExtension>
<gpxtpx:speed>0.2</gpxtpx:speed>
</gpxtpx:TrackPointExtension>
<opentracks:accuracy_horizontal>2.574</opentracks:accuracy_horizontal></extensions>
</trkpt>
<trkpt lat="-32.236853" lon="115.79545">
<ele>1</ele>
<time>2026-08-23T08:16:07.137+08:00</time>
<extensions>
<gpxtpx:TrackPointExtension>
<gpxtpx:speed>0.66</gpxtpx:speed>
</gpxtpx:TrackPointExtension>
<opentracks:accuracy_horizontal>2.279</opentracks:accuracy_horizontal></extensions>
</trkpt>
<trkpt lat="-32.236916" lon="115.795437">
<ele>3.9</ele>
<time>2026-08-23T08:16:17.138+08:00</time>
<extensions>
<gpxtpx:TrackPointExtension>
<gpxtpx:speed>0.4</gpxtpx:speed>
</gpxtpx:TrackPointExtension>
<opentracks:accuracy_horizontal>2.422</opentracks:accuracy_horizontal></extensions>
</trkpt>
<trkpt lat="-32.237013" lon="115.795424">
<ele>6.3</ele>
<time>2026-08-23T08:16:33.123+08:00</time>
<extensions>
<gpxtpx:TrackPointExtension>
<gpxtpx:speed>0.32</gpxtpx:speed>
</gpxtpx:TrackPointExtension>
<opentracks:accuracy_horizontal>2.509</opentracks:accuracy_horizontal></extensions>
</trkpt>
<trkpt lat="-32.23705" lon="115.79536">
<ele>9.1</ele>
<time>2026-08-23T08:16:43.139+08:00</time>
<extensions>
<gpxtpx:TrackPointExtension>
<gpxtpx:speed>0.69</gpxtpx:speed>
</gpxtpx:TrackPointExtension>
<opentracks:accuracy_horizontal>2.298</opentracks:accuracy_horizontal></extensions>
</trkpt>
<trkpt lat="-32.237112" lon="115.795276">
<ele>10</ele>
<time>2026-08-23T08:16:55.137+08:00</time>
<extensions>
<gpxtpx:TrackPointExtension>
<gpxtpx:speed>0.96</gpxtpx:speed>
</gpxtpx:TrackPointExtension>
<opentracks:accuracy_horizontal>2.245</opentracks:accuracy_horizontal></extensions>
</trkpt>
<trkpt lat="-32.237161" lon="115.795216">
<ele>11.5</ele>
<time>2026-08-23T08:17:05.133+08:00</time>
<extensions>
<gpxtpx:TrackPointExtension>
<gpxtpx:speed>0.87</gpxtpx:speed>
</gpxtpx:TrackPointExtension>
<opentracks:accuracy_horizontal>2.267</opentracks:accuracy_horizontal></extensions>
</trkpt>
<trkpt lat="-32.237146" lon="115.795111">
<ele>12.4</ele>
<time>2026-08-23T08:18:39.134+08:00</time>
<extensions>
<gpxtpx:TrackPointExtension>
<gpxtpx:speed>0.89</gpxtpx:speed>
</gpxtpx:TrackPointExtension>
<opentracks:accuracy_horizontal>2.302</opentracks:accuracy_horizontal></extensions>
</trkpt>
<trkpt lat="-32.237204" lon="115.795042">
<ele>12.4</ele>
<time>2026-08-23T08:18:49.134+08:00</time>
<extensions>
<gpxtpx:TrackPointExtension>
<gpxtpx:speed>0.75</gpxtpx:speed>
</gpxtpx:TrackPointExtension>
<opentracks:accuracy_horizontal>2.419</opentracks:accuracy_horizontal></extensions>
</trkpt>
<trkpt lat="-32.237199" lon="115.794926">
<ele>10.4</ele>
<time>2026-08-23T08:20:01.142+08:00</time>
<extensions>
<gpxtpx:TrackPointExtension>
<gpxtpx:speed>1.23</gpxtpx:speed>
</gpxtpx:TrackPointExtension>
<opentracks:accuracy_horizontal>2.316</opentracks:accuracy_horizontal></extensions>
</trkpt>
<trkpt lat="-32.237224" lon="115.79486">
<ele>10.1</ele>
<time>2026-08-23T08:20:11.138+08:00</time>
<extensions>
<gpxtpx:TrackPointExtension>
<gpxtpx:speed>0.97</gpxtpx:speed>
</gpxtpx:TrackPointExtension>
<opentracks:accuracy_horizontal>2.531</opentracks:accuracy_horizontal></extensions>
</trkpt>
<trkpt lat="-32.237245" lon="115.79475">
<ele>9.3</ele>
<time>2026-08-23T08:20:21.133+08:00</time>
<extensions>
<gpxtpx:TrackPointExtension>
<gpxtpx:speed>1.06</gpxtpx:speed>
</gpxtpx:TrackPointExtension>
<opentracks:accuracy_horizontal>2.371</opentracks:accuracy_horizontal></extensions>
</trkpt>
<trkpt lat="-32.237301" lon="115.794657">
<ele>9.4</ele>
<time>2026-08-23T08:20:31.128+08:00</time>
<extensions>
<gpxtpx:TrackPointExtension>
<gpxtpx:speed>1.06</gpxtpx:speed>
</gpxtpx:TrackPointExtension>
<opentracks:accuracy_horizontal>2.335</opentracks:accuracy_horizontal></extensions>
</trkpt>
<trkpt lat="-32.237332" lon="115.794564">
<ele>8.6</ele>
<time>2026-08-23T08:20:41.132+08:00</time>
<extensions>
<gpxtpx:TrackPointExtension>
<gpxtpx:speed>1.03</gpxtpx:speed>
</gpxtpx:TrackPointExtension>
<opentracks:accuracy_horizontal>2.309</opentracks:accuracy_horizontal></extensions>
</trkpt>
<trkpt lat="-32.237371" lon="115.794466">
<ele>7.8</ele>
<time>2026-08-23T08:21:55.11+08:00</time>
<extensions>
<gpxtpx:TrackPointExtension>
<gpxtpx:speed>0.32</gpxtpx:speed>
</gpxtpx:TrackPointExtension>
<opentracks:accuracy_horizontal>2.384</opentracks:accuracy_horizontal></extensions>
</trkpt>
<trkpt lat="-32.237382" lon="115.794394">
<ele>6.6</ele>
<time>2026-08-23T08:22:04.134+08:00</time>
<extensions>
<gpxtpx:TrackPointExtension>
<gpxtpx:speed>1</gpxtpx:speed>
</gpxtpx:TrackPointExtension>
<opentracks:accuracy_horizontal>2.524</opentracks:accuracy_horizontal></extensions>
</trkpt>
<trkpt lat="-32.237426" lon="115.794292">
<ele>5.4</ele>
<time>2026-08-23T08:22:15.12+08:00</time>
<extensions>
<gpxtpx:TrackPointExtension>
<gpxtpx:speed>1.02</gpxtpx:speed>
</gpxtpx:TrackPointExtension>
<opentracks:accuracy_horizontal>2.375</opentracks:accuracy_horizontal></extensions>
</trkpt>
<trkpt lat="-32.237463" lon="115.794214">
<ele>5</ele>
<time>2026-08-23T08:22:24.153+08:00</time>
<extensions>
<gpxtpx:TrackPointExtension>
<gpxtpx:speed>0.94</gpxtpx:speed>
</gpxtpx:TrackPointExtension>
<opentracks:accuracy_horizontal>2.285</opentracks:accuracy_horizontal></extensions>
</trkpt>
<trkpt lat="-32.237445" lon="115.794102">
<ele>3.1</ele>
<time>2026-08-23T08:22:36.142+08:00</time>
<extensions>
<gpxtpx:TrackPointExtension>
<gpxtpx:speed>0.92</gpxtpx:speed>
</gpxtpx:TrackPointExtension>
<opentracks:accuracy_horizontal>2.173</opentracks:accuracy_horizontal></extensions>
</trkpt>
<trkpt lat="-32.237482" lon="115.794022">
<ele>3.4</ele>
<time>2026-08-23T08:22:46.147+08:00</time>
<extensions>
<gpxtpx:TrackPointExtension>
<gpxtpx:speed>0.99</gpxtpx:speed>
</gpxtpx:TrackPointExtension>
<opentracks:accuracy_horizontal>2.246</opentracks:accuracy_horizontal></extensions>
</trkpt>
<trkpt lat="-32.237543" lon="115.793936">
<ele>2.9</ele>
<time>2026-08-23T08:22:56.137+08:00</time>
<extensions>
<gpxtpx:TrackPointExtension>
<gpxtpx:speed>0.99</gpxtpx:speed>
</gpxtpx:TrackPointExtension>
<opentracks:accuracy_horizontal>2.532</opentracks:accuracy_horizontal></extensions>
</trkpt>
<trkpt lat="-32.23756" lon="115.793835">
<ele>2</ele>
<time>2026-08-23T08:23:06.15+08:00</time>
<extensions>
<gpxtpx:TrackPointExtension>
<gpxtpx:speed>1</gpxtpx:speed>
</gpxtpx:TrackPointExtension>
<opentracks:accuracy_horizontal>2.295</opentracks:accuracy_horizontal></extensions>
</trkpt>
<trkpt lat="-32.23758" lon="115.793728">
<ele>0.9</ele>
<time>2026-08-23T08:23:16.152+08:00</time>
<extensions>
<gpxtpx:TrackPointExtension>
<gpxtpx:speed>0.97</gpxtpx:speed>
</gpxtpx:TrackPointExtension>
<opentracks:accuracy_horizontal>2.443</opentracks:accuracy_horizontal></extensions>
</trkpt>
<trkpt lat="-32.237564" lon="115.793713">
<ele>2</ele>
<time>2026-08-23T08:23:26.147+08:00</time>
<extensions>
<gpxtpx:TrackPointExtension>
<gpxtpx:speed>0.03</gpxtpx:speed>
</gpxtpx:TrackPointExtension>
<opentracks:accuracy_horizontal>2.408</opentracks:accuracy_horizontal></extensions>
</trkpt>
<trkpt lat="-32.237626" lon="115.793622">
<ele>0.9</ele>
<time>2026-08-23T08:23:37.103+08:00</time>
<extensions>
<gpxtpx:TrackPointExtension>
<gpxtpx:speed>1.09</gpxtpx:speed>
</gpxtpx:TrackPointExtension>
<opentracks:accuracy_horizontal>2.107</opentracks:accuracy_horizontal></extensions>
</trkpt>
<trkpt lat="-32.237653" lon="115.793603">
<ele>-1</ele>
<time>2026-08-23T08:23:47.109+08:00</time>
<extensions>
<gpxtpx:TrackPointExtension>
<gpxtpx:speed>0.14</gpxtpx:speed>
</gpxtpx:TrackPointExtension>
<opentracks:accuracy_horizontal>2.263</opentracks:accuracy_horizontal></extensions>
</trkpt>
<trkpt lat="-32.237714" lon="115.793521">
<ele>-1.3</ele>
<time>2026-08-23T08:24:09.136+08:00</time>
<extensions>
<gpxtpx:TrackPointExtension>
<gpxtpx:speed>1.01</gpxtpx:speed>
</gpxtpx:TrackPointExtension>
<opentracks:accuracy_horizontal>2.349</opentracks:accuracy_horizontal></extensions>
</trkpt>
<trkpt lat="-32.237723" lon="115.79342">
<ele>-2.1</ele>
<time>2026-08-23T08:24:18.147+08:00</time>
<extensions>
<gpxtpx:TrackPointExtension>
<gpxtpx:speed>1.06</gpxtpx:speed>
</gpxtpx:TrackPointExtension>
<opentracks:accuracy_horizontal>2.515</opentracks:accuracy_horizontal></extensions>
</trkpt>
<trkpt lat="-32.237766" lon="115.793317">
<ele>-1.9</ele>
<time>2026-08-23T08:24:32.137+08:00</time>
<extensions>
<gpxtpx:TrackPointExtension>
<gpxtpx:speed>0.53</gpxtpx:speed>
</gpxtpx:TrackPointExtension>
<opentracks:accuracy_horizontal>2.415</opentracks:accuracy_horizontal></extensions>
</trkpt>
<trkpt lat="-32.23771" lon="115.793244">
<ele>-4.3</ele>
<time>2026-08-23T08:24:42.14+08:00</time>
<extensions>
<gpxtpx:TrackPointExtension>
<gpxtpx:speed>0.88</gpxtpx:speed>
</gpxtpx:TrackPointExtension>
<opentracks:accuracy_horizontal>2.208</opentracks:accuracy_horizontal></extensions>
</trkpt>
<trkpt lat="-32.23768" lon="115.793143">
<ele>-4.2</ele>
<time>2026-08-23T08:24:55.159+08:00</time>
<extensions>
<gpxtpx:TrackPointExtension>
<gpxtpx:speed>0.81</gpxtpx:speed>
</gpxtpx:TrackPointExtension>
<opentracks:accuracy_horizontal>2.259</opentracks:accuracy_horizontal></extensions>
</trkpt>
<trkpt lat="-32.237639" lon="115.793103">
<ele>-5</ele>
<time>2026-08-23T08:25:05.127+08:00</time>
<extensions>
<gpxtpx:TrackPointExtension>
<gpxtpx:speed>0.2</gpxtpx:speed>
</gpxtpx:TrackPointExtension>
<opentracks:accuracy_horizontal>2.188</opentracks:accuracy_horizontal></extensions>
</trkpt>
<trkpt lat="-32.2376" lon="115.792999">
<ele>-5.3</ele>
<time>2026-08-23T08:25:29.154+08:00</time>
<extensions>
<gpxtpx:TrackPointExtension>
<gpxtpx:speed>0.39</gpxtpx:speed>
</gpxtpx:TrackPointExtension>
<opentracks:accuracy_horizontal>2.358</opentracks:accuracy_horizontal></extensions>
</trkpt>
<trkpt lat="-32.237586" lon="115.792935">
<ele>-5.3</ele>
<time>2026-08-23T08:25:39.141+08:00</time>
<extensions>
<gpxtpx:TrackPointExtension>
<gpxtpx:speed>0.75</gpxtpx:speed>
</gpxtpx:TrackPointExtension>
<opentracks:accuracy_horizontal>2.245</opentracks:accuracy_horizontal></extensions>
</trkpt>
<trkpt lat="-32.237499" lon="115.792895">
<ele>-5</ele>
<time>2026-08-23T08:25:51.142+08:00</time>
<extensions>
<gpxtpx:TrackPointExtension>
<gpxtpx:speed>0.78</gpxtpx:speed>
</gpxtpx:TrackPointExtension>
<opentracks:accuracy_horizontal>2.345</opentracks:accuracy_horizontal></extensions>
</trkpt>
<trkpt lat="-32.237461" lon="115.792798">
<ele>-6.5</ele>
<time>2026-08-23T08:26:01.125+08:00</time>
<extensions>
<gpxtpx:TrackPointExtension>
<gpxtpx:speed>0.98</gpxtpx:speed>
</gpxtpx:TrackPointExtension>
<opentracks:accuracy_horizontal>2.198</opentracks:accuracy_horizontal></extensions>
</trkpt>
<trkpt lat="-32.237407" lon="115.792714">
<ele>-8.4</ele>
<time>2026-08-23T08:26:10.152+08:00</time>
<extensions>
<gpxtpx:TrackPointExtension>
<gpxtpx:speed>1.05</gpxtpx:speed>
</gpxtpx:TrackPointExtension>
<opentracks:accuracy_horizontal>2.313</opentracks:accuracy_horizontal></extensions>
</trkpt>
<trkpt lat="-32.237361" lon="115.792605">
<ele>-8.6</ele>
<time>2026-08-23T08:26:20.144+08:00</time>
<extensions>
<gpxtpx:TrackPointExtension>
<gpxtpx:speed>1.13</gpxtpx:speed>
</gpxtpx:TrackPointExtension>
<opentracks:accuracy_horizontal>2.378</opentracks:accuracy_horizontal></extensions>
</trkpt>
<trkpt lat="-32.237321" lon="115.792504">
<ele>-8.5</ele>
<time>2026-08-23T08:26:30.148+08:00</time>
<extensions>
<gpxtpx:TrackPointExtension>
<gpxtpx:speed>1.07</gpxtpx:speed>
</gpxtpx:TrackPointExtension>
<opentracks:accuracy_horizontal>2.295</opentracks:accuracy_horizontal></extensions>
</trkpt>
<trkpt lat="-32.237294" lon="115.792394">
<ele>-10.2</ele>
<time>2026-08-23T08:26:39.147+08:00</time>
<extensions>
<gpxtpx:TrackPointExtension>
<gpxtpx:speed>1.13</gpxtpx:speed>
</gpxtpx:TrackPointExtension>
<opentracks:accuracy_horizontal>2.334</opentracks:accuracy_horizontal></extensions>
</trkpt>
<trkpt lat="-32.237228" lon="115.792313">
<ele>-11.5</ele>
<time>2026-08-23T08:26:49.147+08:00</time>
<extensions>
<gpxtpx:TrackPointExtension>
<gpxtpx:speed>1.08</gpxtpx:speed>
</gpxtpx:TrackPointExtension>
<opentracks:accuracy_horizontal>2.164</opentracks:accuracy_horizontal></extensions>
</trkpt>
<trkpt lat="-32.237186" lon="115.792212">
<ele>-11.2</ele>
<time>2026-08-23T08:26:59.141+08:00</time>
<extensions>
<gpxtpx:TrackPointExtension>
<gpxtpx:speed>1.06</gpxtpx:speed>
</gpxtpx:TrackPointExtension>
<opentracks:accuracy_horizontal>2.347</opentracks:accuracy_horizontal></extensions>
</trkpt>
<trkpt lat="-32.237127" lon="115.792118">
<ele>-11.6</ele>
<time>2026-08-23T08:27:08.149+08:00</time>
<extensions>
<gpxtpx:TrackPointExtension>
<gpxtpx:speed>1.15</gpxtpx:speed>
</gpxtpx:TrackPointExtension>
<opentracks:accuracy_horizontal>2.29</opentracks:accuracy_horizontal></extensions>
</trkpt>
<trkpt lat="-32.237058" lon="115.792057">
<ele>-11.1</ele>
<time>2026-08-23T08:27:18.136+08:00</time>
<extensions>
<gpxtpx:TrackPointExtension>
<gpxtpx:speed>1.06</gpxtpx:speed>
</gpxtpx:TrackPointExtension>
<opentracks:accuracy_horizontal>2.31</opentracks:accuracy_horizontal></extensions>
</trkpt>
<trkpt lat="-32.236963" lon="115.792032">
<ele>-11.2</ele>
<time>2026-08-23T08:27:28.148+08:00</time>
<extensions>
<gpxtpx:TrackPointExtension>
<gpxtpx:speed>1.03</gpxtpx:speed>
</gpxtpx:TrackPointExtension>
<opentracks:accuracy_horizontal>2.334</opentracks:accuracy_horizontal></extensions>
</trkpt>
<trkpt lat="-32.236916" lon="115.79194">
<ele>-11.2</ele>
<time>2026-08-23T08:27:38.142+08:00</time>
<extensions>
<gpxtpx:TrackPointExtension>
<gpxtpx:speed>1.02</gpxtpx:speed>
</gpxtpx:TrackPointExtension>
<opentracks:accuracy_horizontal>2.24</opentracks:accuracy_horizontal></extensions>
</trkpt>
<trkpt lat="-32.236835" lon="115.791876">
<ele>-11.5</ele>
<time>2026-08-23T08:27:48.147+08:00</time>
<extensions>
<gpxtpx:TrackPointExtension>
<gpxtpx:speed>1.05</gpxtpx:speed>
</gpxtpx:TrackPointExtension>
<opentracks:accuracy_horizontal>2.289</opentracks:accuracy_horizontal></extensions>
</trkpt>
<trkpt lat="-32.236749" lon="115.791837">
<ele>-10.6</ele>
<time>2026-08-23T08:27:58.15+08:00</time>
<extensions>
<gpxtpx:TrackPointExtension>
<gpxtpx:speed>1.03</gpxtpx:speed>
</gpxtpx:TrackPointExtension>
<opentracks:accuracy_horizontal>2.281</opentracks:accuracy_horizontal></extensions>
</trkpt>
<trkpt lat="-32.236716" lon="115.791795">
<ele>-10.7</ele>
<time>2026-08-23T08:28:08.148+08:00</time>
<extensions>
<gpxtpx:TrackPointExtension>
<gpxtpx:speed>0.35</gpxtpx:speed>
</gpxtpx:TrackPointExtension>
<opentracks:accuracy_horizontal>2.363</opentracks:accuracy_horizontal></extensions>
</trkpt>
<trkpt lat="-32.236648" lon="115.791719">
<ele>-12.4</ele>
<time>2026-08-23T08:28:18.141+08:00</time>
<extensions>
<gpxtpx:TrackPointExtension>
<gpxtpx:speed>0.98</gpxtpx:speed>
</gpxtpx:TrackPointExtension>
<opentracks:accuracy_horizontal>2.377</opentracks:accuracy_horizontal></extensions>
</trkpt>
<trkpt lat="-32.236572" lon="115.791665">
<ele>-13.1</ele>
<time>2026-08-23T08:28:28.147+08:00</time>
<extensions>
<gpxtpx:TrackPointExtension>
<gpxtpx:speed>0.95</gpxtpx:speed>
</gpxtpx:TrackPointExtension>
<opentracks:accuracy_horizontal>2.319</opentracks:accuracy_horizontal></extensions>
</trkpt>
<trkpt lat="-32.236499" lon="115.791596">
<ele>-15.1</ele>
<time>2026-08-23T08:28:40.151+08:00</time>
<extensions>
<gpxtpx:TrackPointExtension>
<gpxtpx:speed>0.92</gpxtpx:speed>
</gpxtpx:TrackPointExtension>
<opentracks:accuracy_horizontal>2.12</opentracks:accuracy_horizontal></extensions>
</trkpt>
<trkpt lat="-32.236423" lon="115.79154">
<ele>-14.5</ele>
<time>2026-08-23T08:28:50.142+08:00</time>
<extensions>
<gpxtpx:TrackPointExtension>
<gpxtpx:speed>0.49</gpxtpx:speed>
</gpxtpx:TrackPointExtension>
<opentracks:accuracy_horizontal>2.313</opentracks:accuracy_horizontal></extensions>
</trkpt>
<trkpt lat="-32.236345" lon="115.791475">
<ele>-14.1</ele>
<time>2026-08-23T08:28:59.142+08:00</time>
<extensions>
<gpxtpx:TrackPointExtension>
<gpxtpx:speed>1.14</gpxtpx:speed>
</gpxtpx:TrackPointExtension>
<opentracks:accuracy_horizontal>2.338</opentracks:accuracy_horizontal></extensions>
</trkpt>
<trkpt lat="-32.236266" lon="115.791437">
<ele>-14.1</ele>
<time>2026-08-23T08:29:08.146+08:00</time>
<extensions>
<gpxtpx:TrackPointExtension>
<gpxtpx:speed>1.07</gpxtpx:speed>
</gpxtpx:TrackPointExtension>
<opentracks:accuracy_horizontal>2.164</opentracks:accuracy_horizontal></extensions>
</trkpt>
<trkpt lat="-32.236198" lon="115.791367">
<ele>-14.9</ele>
<time>2026-08-23T08:29:18.148+08:00</time>
<extensions>
<gpxtpx:TrackPointExtension>
<gpxtpx:speed>1.01</gpxtpx:speed>
</gpxtpx:TrackPointExtension>
<opentracks:accuracy_horizontal>2.303</opentracks:accuracy_horizontal></extensions>
</trkpt>
<trkpt lat="-32.236131" lon="115.7913">
<ele>-14.8</ele>
<time>2026-08-23T08:29:28.148+08:00</time>
<extensions>
<gpxtpx:TrackPointExtension>
<gpxtpx:speed>1.01</gpxtpx:speed>
</gpxtpx:TrackPointExtension>
<opentracks:accuracy_horizontal>2.31</opentracks:accuracy_horizontal></extensions>
</trkpt>
<trkpt lat="-32.236037" lon="115.791266">
<ele>-15.4</ele>
<time>2026-08-23T08:29:46.144+08:00</time>
<extensions>
<gpxtpx:TrackPointExtension>
<gpxtpx:speed>0.26</gpxtpx:speed>
</gpxtpx:TrackPointExtension>
<opentracks:accuracy_horizontal>2.262</opentracks:accuracy_horizontal></extensions>
</trkpt>
<trkpt lat="-32.235963" lon="115.791315">
<ele>-14.3</ele>
<time>2026-08-23T08:29:56.144+08:00</time>
<extensions>
<gpxtpx:TrackPointExtension>
<gpxtpx:speed>0.84</gpxtpx:speed>
</gpxtpx:TrackPointExtension>
<opentracks:accuracy_horizontal>2.411</opentracks:accuracy_horizontal></extensions>
</trkpt>
<trkpt lat="-32.235873" lon="115.791291">
<ele>-14.5</ele>
<time>2026-08-23T08:30:07.142+08:00</time>
<extensions>
<gpxtpx:TrackPointExtension>
<gpxtpx:speed>0.91</gpxtpx:speed>
</gpxtpx:TrackPointExtension>
<opentracks:accuracy_horizontal>2.179</opentracks:accuracy_horizontal></extensions>
</trkpt>
<trkpt lat="-32.23578" lon="115.791292">
<ele>-14.5</ele>
<time>2026-08-23T08:30:15.152+08:00</time>
<extensions>
<gpxtpx:TrackPointExtension>
<gpxtpx:speed>1.1</gpxtpx:speed>
</gpxtpx:TrackPointExtension>
<opentracks:accuracy_horizontal>2.44</opentracks:accuracy_horizontal></extensions>
</trkpt>
<trkpt lat="-32.235688" lon="115.791251">
<ele>-14.8</ele>
<time>2026-08-23T08:30:25.146+08:00</time>
<extensions>
<gpxtpx:TrackPointExtension>
<gpxtpx:speed>1.08</gpxtpx:speed>
</gpxtpx:TrackPointExtension>
<opentracks:accuracy_horizontal>2.335</opentracks:accuracy_horizontal></extensions>
</trkpt>
<trkpt lat="-32.235609" lon="115.791185">
<ele>-15.6</ele>
<time>2026-08-23T08:30:34.131+08:00</time>
<extensions>
<gpxtpx:TrackPointExtension>
<gpxtpx:speed>1.13</gpxtpx:speed>
</gpxtpx:TrackPointExtension>
<opentracks:accuracy_horizontal>2.346</opentracks:accuracy_horizontal></extensions>
</trkpt>
<trkpt lat="-32.235528" lon="115.791133">
<ele>-16.7</ele>
<time>2026-08-23T08:30:43.172+08:00</time>
<extensions>
<gpxtpx:TrackPointExtension>
<gpxtpx:speed>1.15</gpxtpx:speed>
</gpxtpx:TrackPointExtension>
<opentracks:accuracy_horizontal>2.373</opentracks:accuracy_horizontal></extensions>
</trkpt>
<trkpt lat="-32.235502" lon="115.791102">
<ele>-17.3</ele>
<time>2026-08-23T08:30:53.148+08:00</time>
<extensions>
<gpxtpx:TrackPointExtension>
<gpxtpx:speed>0.22</gpxtpx:speed>
</gpxtpx:TrackPointExtension>
<opentracks:accuracy_horizontal>2.538</opentracks:accuracy_horizontal></extensions>
</trkpt>
<trkpt lat="-32.235467" lon="115.790996">
<ele>-16</ele>
<time>2026-08-23T08:31:04.142+08:00</time>
<extensions>
<gpxtpx:TrackPointExtension>
<gpxtpx:speed>0.97</gpxtpx:speed>
</gpxtpx:TrackPointExtension>
<opentracks:accuracy_horizontal>2.304</opentracks:accuracy_horizontal></extensions>
</trkpt>
<trkpt lat="-32.23545" lon="115.791042">
<ele>-17.2</ele>
<time>2026-08-23T08:31:13.15+08:00</time>
<extensions>
<gpxtpx:TrackPointExtension>
<gpxtpx:speed>0.48</gpxtpx:speed>
</gpxtpx:TrackPointExtension>
<opentracks:accuracy_horizontal>2.343</opentracks:accuracy_horizontal></extensions>
</trkpt>
<trkpt lat="-32.235355" lon="115.791063">
<ele>-16.4</ele>
<time>2026-08-23T08:31:27.144+08:00</time>
<extensions>
<gpxtpx:TrackPointExtension>
<gpxtpx:speed>0.85</gpxtpx:speed>
</gpxtpx:TrackPointExtension>
<opentracks:accuracy_horizontal>2.345</opentracks:accuracy_horizontal></extensions>
</trkpt>
<trkpt lat="-32.235274" lon="115.791045">
<ele>-16.2</ele>
<time>2026-08-23T08:31:37.153+08:00</time>
<extensions>
<gpxtpx:TrackPointExtension>
<gpxtpx:speed>0.9</gpxtpx:speed>
</gpxtpx:TrackPointExtension>
<opentracks:accuracy_horizontal>2.232</opentracks:accuracy_horizontal></extensions>
</trkpt>
<trkpt lat="-32.235202" lon="115.790966">
<ele>-16.6</ele>
<time>2026-08-23T08:31:50.146+08:00</time>
<extensions>
<gpxtpx:TrackPointExtension>
<gpxtpx:speed>0.98</gpxtpx:speed>
</gpxtpx:TrackPointExtension>
<opentracks:accuracy_horizontal>2.273</opentracks:accuracy_horizontal></extensions>
</trkpt>
<trkpt lat="-32.235163" lon="115.79092">
<ele>-16.3</ele>
<time>2026-08-23T08:31:59.163+08:00</time>
<extensions>
<gpxtpx:TrackPointExtension>
<gpxtpx:speed>0.82</gpxtpx:speed>
</gpxtpx:TrackPointExtension>
<opentracks:accuracy_horizontal>2.268</opentracks:accuracy_horizontal></extensions>
</trkpt>
<trkpt lat="-32.235132" lon="115.790811">
<ele>-19.4</ele>
<time>2026-08-23T08:32:55.14+08:00</time>
<extensions>
<gpxtpx:TrackPointExtension>
<gpxtpx:speed>0.25</gpxtpx:speed>
</gpxtpx:TrackPointExtension>
<opentracks:accuracy_horizontal>2.307</opentracks:accuracy_horizontal></extensions>
</trkpt>
<trkpt lat="-32.235122" lon="115.790795">
<ele>-19</ele>
<time>2026-08-23T08:33:05.149+08:00</time>
<extensions>
<gpxtpx:TrackPointExtension>
<gpxtpx:speed>0.04</gpxtpx:speed>
</gpxtpx:TrackPointExtension>
<opentracks:accuracy_horizontal>2.311</opentracks:accuracy_horizontal></extensions>
</trkpt>
<trkpt lat="-32.235061" lon="115.790704">
<ele>-19.3</ele>
<time>2026-08-23T08:33:33.156+08:00</time>
<extensions>
<gpxtpx:TrackPointExtension>
<gpxtpx:speed>0.97</gpxtpx:speed>
</gpxtpx:TrackPointExtension>
<opentracks:accuracy_horizontal>2.256</opentracks:accuracy_horizontal></extensions>
</trkpt>
<trkpt lat="-32.234988" lon="115.790719">
<ele>-18.1</ele>
<time>2026-08-23T08:33:43.148+08:00</time>
<extensions>
<gpxtpx:TrackPointExtension>
<gpxtpx:speed>0.96</gpxtpx:speed>
</gpxtpx:TrackPointExtension>
<opentracks:accuracy_horizontal>2.13</opentracks:accuracy_horizontal></extensions>
</trkpt>
<trkpt lat="-32.234917" lon="115.790629">
<ele>-18</ele>
<time>2026-08-23T08:34:03.15+08:00</time>
<extensions>
<gpxtpx:TrackPointExtension>
<gpxtpx:speed>1.22</gpxtpx:speed>
</gpxtpx:TrackPointExtension>
<opentracks:accuracy_horizontal>2.257</opentracks:accuracy_horizontal></extensions>
</trkpt>
<trkpt lat="-32.234853" lon="115.790553">
<ele>-18.4</ele>
<time>2026-08-23T08:34:12.155+08:00</time>
<extensions>
<gpxtpx:TrackPointExtension>
<gpxtpx:speed>1.13</gpxtpx:speed>
</gpxtpx:TrackPointExtension>
<opentracks:accuracy_horizontal>2.318</opentracks:accuracy_horizontal></extensions>
</trkpt>
<trkpt lat="-32.234763" lon="115.7905">
<ele>-19</ele>
<time>2026-08-23T08:34:21.146+08:00</time>
<extensions>
<gpxtpx:TrackPointExtension>
<gpxtpx:speed>1.18</gpxtpx:speed>
</gpxtpx:TrackPointExtension>
<opentracks:accuracy_horizontal>2.375</opentracks:accuracy_horizontal></extensions>
</trkpt>
<trkpt lat="-32.2347" lon="115.79042">
<ele>-19.2</ele>
<time>2026-08-23T08:34:30.146+08:00</time>
<extensions>
<gpxtpx:TrackPointExtension>
<gpxtpx:speed>1.14</gpxtpx:speed>
</gpxtpx:TrackPointExtension>
<opentracks:accuracy_horizontal>2.238</opentracks:accuracy_horizontal></extensions>
</trkpt>
<trkpt lat="-32.234612" lon="115.790371">
<ele>-19.6</ele>
<time>2026-08-23T08:34:40.159+08:00</time>
<extensions>
<gpxtpx:TrackPointExtension>
<gpxtpx:speed>1.1</gpxtpx:speed>
</gpxtpx:TrackPointExtension>
<opentracks:accuracy_horizontal>2.226</opentracks:accuracy_horizontal></extensions>
</trkpt>
<trkpt lat="-32.23452" lon="115.790359">
<ele>-20.8</ele>
<time>2026-08-23T08:34:49.165+08:00</time>
<extensions>
<gpxtpx:TrackPointExtension>
<gpxtpx:speed>1.11</gpxtpx:speed>
</gpxtpx:TrackPointExtension>
<opentracks:accuracy_horizontal>2.229</opentracks:accuracy_horizontal></extensions>
</trkpt>
<trkpt lat="-32.234428" lon="115.790348">
<ele>-20.4</ele>
<time>2026-08-23T08:34:58.144+08:00</time>
<extensions>
<gpxtpx:TrackPointExtension>
<gpxtpx:speed>1.11</gpxtpx:speed>
</gpxtpx:TrackPointExtension>
<opentracks:accuracy_horizontal>2.217</opentracks:accuracy_horizontal></extensions>
</trkpt>
<trkpt lat="-32.23435" lon="115.790285">
<ele>-19.7</ele>
<time>2026-08-23T08:35:08.147+08:00</time>
<extensions>
<gpxtpx:TrackPointExtension>
<gpxtpx:speed>1.08</gpxtpx:speed>
</gpxtpx:TrackPointExtension>
<opentracks:accuracy_horizontal>2.253</opentracks:accuracy_horizontal></extensions>
</trkpt>
<trkpt lat="-32.23428" lon="115.790207">
<ele>-19.3</ele>
<time>2026-08-23T08:35:17.124+08:00</time>
<extensions>
<gpxtpx:TrackPointExtension>
<gpxtpx:speed>1.11</gpxtpx:speed>
</gpxtpx:TrackPointExtension>
<opentracks:accuracy_horizontal>2.255</opentracks:accuracy_horizontal></extensions>
</trkpt>
<trkpt lat="-32.234226" lon="115.790117">
<ele>-20.4</ele>
<time>2026-08-23T08:35:26.151+08:00</time>
<extensions>
<gpxtpx:TrackPointExtension>
<gpxtpx:speed>1.12</gpxtpx:speed>
</gpxtpx:TrackPointExtension>
<opentracks:accuracy_horizontal>2.107</opentracks:accuracy_horizontal></extensions>
</trkpt>
<trkpt lat="-32.234153" lon="115.790057">
<ele>-20.5</ele>
<time>2026-08-23T08:35:36.151+08:00</time>
<extensions>
<gpxtpx:TrackPointExtension>
<gpxtpx:speed>1.03</gpxtpx:speed>
</gpxtpx:TrackPointExtension>
<opentracks:accuracy_horizontal>2.149</opentracks:accuracy_horizontal></extensions>
</trkpt>
<trkpt lat="-32.234094" lon="115.789971">
<ele>-21.5</ele>
<time>2026-08-23T08:35:56.153+08:00</time>
<extensions>
<gpxtpx:TrackPointExtension>
<gpxtpx:speed>0.52</gpxtpx:speed>
</gpxtpx:TrackPointExtension>
<opentracks:accuracy_horizontal>2.24</opentracks:accuracy_horizontal></extensions>
</trkpt>
<trkpt lat="-32.234005" lon="115.789935">
<ele>-21.6</ele>
<time>2026-08-23T08:36:06.163+08:00</time>
<extensions>
<gpxtpx:TrackPointExtension>
<gpxtpx:speed>1.06</gpxtpx:speed>
</gpxtpx:TrackPointExtension>
<opentracks:accuracy_horizontal>2.163</opentracks:accuracy_horizontal></extensions>
</trkpt>
<trkpt lat="-32.233953" lon="115.789997">
<ele>-21.7</ele>
<time>2026-08-23T08:36:16.144+08:00</time>
<extensions>
<gpxtpx:TrackPointExtension>
<gpxtpx:speed>0.89</gpxtpx:speed>
</gpxtpx:TrackPointExtension>
<opentracks:accuracy_horizontal>2.203</opentracks:accuracy_horizontal></extensions>
</trkpt>
<trkpt lat="-32.233866" lon="115.790052">
<ele>-20.9</ele>
<time>2026-08-23T08:36:29.138+08:00</time>
<extensions>
<gpxtpx:TrackPointExtension>
<gpxtpx:speed>0.96</gpxtpx:speed>
</gpxtpx:TrackPointExtension>
<opentracks:accuracy_horizontal>2.317</opentracks:accuracy_horizontal></extensions>
</trkpt>
<trkpt lat="-32.233802" lon="115.790062">
<ele>-21</ele>
<time>2026-08-23T08:36:38.168+08:00</time>
<extensions>
<gpxtpx:TrackPointExtension>
<gpxtpx:speed>0.86</gpxtpx:speed>
</gpxtpx:TrackPointExtension>
<opentracks:accuracy_horizontal>2.282</opentracks:accuracy_horizontal></extensions>
</trkpt>
<trkpt lat="-32.233713" lon="115.790021">
<ele>-21.1</ele>
<time>2026-08-23T08:36:50.147+08:00</time>
<extensions>
<gpxtpx:TrackPointExtension>
<gpxtpx:speed>0.87</gpxtpx:speed>
</gpxtpx:TrackPointExtension>
<opentracks:accuracy_horizontal>2.291</opentracks:accuracy_horizontal></extensions>
</trkpt>
<trkpt lat="-32.233628" lon="115.789973">
<ele>-20.6</ele>
<time>2026-08-23T08:37:00.16+08:00</time>
<extensions>
<gpxtpx:TrackPointExtension>
<gpxtpx:speed>0.94</gpxtpx:speed>
</gpxtpx:TrackPointExtension>
<opentracks:accuracy_horizontal>2.308</opentracks:accuracy_horizontal></extensions>
</trkpt>
<trkpt lat="-32.233572" lon="115.789977">
<ele>-19.2</ele>
<time>2026-08-23T08:37:10.142+08:00</time>
<extensions>
<gpxtpx:TrackPointExtension>
<gpxtpx:speed>0.23</gpxtpx:speed>
</gpxtpx:TrackPointExtension>
<opentracks:accuracy_horizontal>2.195</opentracks:accuracy_horizontal></extensions>
</trkpt>
<trkpt lat="-32.2335" lon="115.789909">
<ele>-20.5</ele>
<time>2026-08-23T08:37:38.156+08:00</time>
<extensions>
<gpxtpx:TrackPointExtension>
<gpxtpx:speed>0.54</gpxtpx:speed>
</gpxtpx:TrackPointExtension>
<opentracks:accuracy_horizontal>2.383</opentracks:accuracy_horizontal></extensions>
</trkpt>
<trkpt lat="-32.23343" lon="115.789926">
<ele>-20.6</ele>
<time>2026-08-23T08:37:48.155+08:00</time>
<extensions>
<gpxtpx:TrackPointExtension>
<gpxtpx:speed>0.58</gpxtpx:speed>
</gpxtpx:TrackPointExtension>
<opentracks:accuracy_horizontal>2.198</opentracks:accuracy_horizontal></extensions>
</trkpt>
<trkpt lat="-32.23334" lon="115.789997">
<ele>-21</ele>
<time>2026-08-23T08:38:27.147+08:00</time>
<extensions>
<gpxtpx:TrackPointExtension>
<gpxtpx:speed>0.22</gpxtpx:speed>
</gpxtpx:TrackPointExtension>
<opentracks:accuracy_horizontal>2.418</opentracks:accuracy_horizontal></extensions>
</trkpt>
<trkpt lat="-32.233284" lon="115.789923">
<ele>-21.8</ele>
<time>2026-08-23T08:38:37.152+08:00</time>
<extensions>
<gpxtpx:TrackPointExtension>
<gpxtpx:speed>0.85</gpxtpx:speed>
</gpxtpx:TrackPointExtension>
<opentracks:accuracy_horizontal>2.256</opentracks:accuracy_horizontal></extensions>
</trkpt>
<trkpt lat="-32.233229" lon="115.78982">
<ele>-21.6</ele>
<time>2026-08-23T08:39:11.144+08:00</time>
<extensions>
<gpxtpx:TrackPointExtension>
<gpxtpx:speed>0.29</gpxtpx:speed>
</gpxtpx:TrackPointExtension>
<opentracks:accuracy_horizontal>2.39</opentracks:accuracy_horizontal></extensions>
</trkpt>
<trkpt lat="-32.23318" lon="115.789722">
<ele>-22.3</ele>
<time>2026-08-23T08:39:21.137+08:00</time>
<extensions>
<gpxtpx:TrackPointExtension>
<gpxtpx:speed>1.04</gpxtpx:speed>
</gpxtpx:TrackPointExtension>
<opentracks:accuracy_horizontal>2.215</opentracks:accuracy_horizontal></extensions>
</trkpt>
<trkpt lat="-32.233129" lon="115.789655">
<ele>-22.4</ele>
<time>2026-08-23T08:39:30.162+08:00</time>
<extensions>
<gpxtpx:TrackPointExtension>
<gpxtpx:speed>0.96</gpxtpx:speed>
</gpxtpx:TrackPointExtension>
<opentracks:accuracy_horizontal>2.219</opentracks:accuracy_horizontal></extensions>
</trkpt>
<trkpt lat="-32.233112" lon="115.789545">
<ele>-23.7</ele>
<time>2026-08-23T08:39:40.157+08:00</time>
<extensions>
<gpxtpx:TrackPointExtension>
<gpxtpx:speed>1</gpxtpx:speed>
</gpxtpx:TrackPointExtension>
<opentracks:accuracy_horizontal>2.163</opentracks:accuracy_horizontal></extensions>
</trkpt>
<trkpt lat="-32.233104" lon="115.789452">
<ele>-22.4</ele>
<time>2026-08-23T08:39:50.156+08:00</time>
<extensions>
<gpxtpx:TrackPointExtension>
<gpxtpx:speed>0.93</gpxtpx:speed>
</gpxtpx:TrackPointExtension>
<opentracks:accuracy_horizontal>2.154</opentracks:accuracy_horizontal></extensions>
</trkpt>
<trkpt lat="-32.233106" lon="115.789342">
<ele>-23.5</ele>
<time>2026-08-23T08:40:12.151+08:00</time>
<extensions>
<gpxtpx:TrackPointExtension>
<gpxtpx:speed>0.39</gpxtpx:speed>
</gpxtpx:TrackPointExtension>
<opentracks:accuracy_horizontal>2.3</opentracks:accuracy_horizontal></extensions>
</trkpt>
<trkpt lat="-32.233131" lon="115.789234">
<ele>-22.7</ele>
<time>2026-08-23T08:40:22.17+08:00</time>
<extensions>
<gpxtpx:TrackPointExtension>
<gpxtpx:speed>0.95</gpxtpx:speed>
</gpxtpx:TrackPointExtension>
<opentracks:accuracy_horizontal>2.222</opentracks:accuracy_horizontal></extensions>
</trkpt>
<trkpt lat="-32.233105" lon="115.789132">
<ele>-23.8</ele>
<time>2026-08-23T08:40:32.148+08:00</time>
<extensions>
<gpxtpx:TrackPointExtension>
<gpxtpx:speed>1.01</gpxtpx:speed>
</gpxtpx:TrackPointExtension>
<opentracks:accuracy_horizontal>2.234</opentracks:accuracy_horizontal></extensions>
</trkpt>
<trkpt lat="-32.233057" lon="115.789031">
<ele>-24.8</ele>
<time>2026-08-23T08:40:44.161+08:00</time>
<extensions>
<gpxtpx:TrackPointExtension>
<gpxtpx:speed>0.94</gpxtpx:speed>
</gpxtpx:TrackPointExtension>
<opentracks:accuracy_horizontal>2.254</opentracks:accuracy_horizontal></extensions>
</trkpt>
<trkpt lat="-32.233003" lon="115.788972">
<ele>-25.2</ele>
<time>2026-08-23T08:40:54.153+08:00</time>
<extensions>
<gpxtpx:TrackPointExtension>
<gpxtpx:speed>0.9</gpxtpx:speed>
</gpxtpx:TrackPointExtension>
<opentracks:accuracy_horizontal>2.228</opentracks:accuracy_horizontal></extensions>
</trkpt>
<trkpt lat="-32.232918" lon="115.788915">
<ele>-23.7</ele>
<time>2026-08-23T08:41:10.151+08:00</time>
<extensions>
<gpxtpx:TrackPointExtension>
<gpxtpx:speed>0.73</gpxtpx:speed>
</gpxtpx:TrackPointExtension>
<opentracks:accuracy_horizontal>2.223</opentracks:accuracy_horizontal></extensions>
</trkpt>
<trkpt lat="-32.232859" lon="115.788878">
<ele>-23.4</ele>
<time>2026-08-23T08:41:20.155+08:00</time>
<extensions>
<gpxtpx:TrackPointExtension>
<gpxtpx:speed>0.51</gpxtpx:speed>
</gpxtpx:TrackPointExtension>
<opentracks:accuracy_horizontal>2.257</opentracks:accuracy_horizontal></extensions>
</trkpt>
<trkpt lat="-32.232766" lon="115.788847">
<ele>-24.2</ele>
<time>2026-08-23T08:41:30.219+08:00</time>
<extensions>
<gpxtpx:TrackPointExtension>
<gpxtpx:speed>0.97</gpxtpx:speed>
</gpxtpx:TrackPointExtension>
<opentracks:accuracy_horizontal>2.388</opentracks:accuracy_horizontal></extensions>
</trkpt>
<trkpt lat="-32.232708" lon="115.788815">
<ele>-24.9</ele>
<time>2026-08-23T08:41:40.153+08:00</time>
<extensions>
<gpxtpx:TrackPointExtension>
<gpxtpx:speed>0.77</gpxtpx:speed>
</gpxtpx:TrackPointExtension>
<opentracks:accuracy_horizontal>2.385</opentracks:accuracy_horizontal></extensions>
</trkpt>
<trkpt lat="-32.232618" lon="115.788778">
<ele>-25</ele>
<time>2026-08-23T08:41:54.164+08:00</time>
<extensions>
<gpxtpx:TrackPointExtension>
<gpxtpx:speed>0.82</gpxtpx:speed>
</gpxtpx:TrackPointExtension>
<opentracks:accuracy_horizontal>2.382</opentracks:accuracy_horizontal></extensions>
</trkpt>
<trkpt lat="-32.232569" lon="115.788759">
<ele>-24.9</ele>
<time>2026-08-23T08:42:04.162+08:00</time>
<extensions>
<gpxtpx:TrackPointExtension>
<gpxtpx:speed>0.35</gpxtpx:speed>
</gpxtpx:TrackPointExtension>
<opentracks:accuracy_horizontal>2.631</opentracks:accuracy_horizontal></extensions>
</trkpt>
<trkpt lat="-32.232492" lon="115.788692">
<ele>-23.2</ele>
<time>2026-08-23T08:42:19.156+08:00</time>
<extensions>
<gpxtpx:TrackPointExtension>
<gpxtpx:speed>0.61</gpxtpx:speed>
</gpxtpx:TrackPointExtension>
<opentracks:accuracy_horizontal>2.525</opentracks:accuracy_horizontal></extensions>
</trkpt>
<trkpt lat="-32.232446" lon="115.788651">
<ele>-23.9</ele>
<time>2026-08-23T08:42:29.147+08:00</time>
<extensions>
<gpxtpx:TrackPointExtension>
<gpxtpx:speed>0.14</gpxtpx:speed>
</gpxtpx:TrackPointExtension>
<opentracks:accuracy_horizontal>2.239</opentracks:accuracy_horizontal></extensions>
</trkpt>
<trkpt lat="-32.232366" lon="115.788599">
<ele>-25.1</ele>
<time>2026-08-23T08:42:43.153+08:00</time>
<extensions>
<gpxtpx:TrackPointExtension>
<gpxtpx:speed>0.26</gpxtpx:speed>
</gpxtpx:TrackPointExtension>
<opentracks:accuracy_horizontal>2.35</opentracks:accuracy_horizontal></extensions>
</trkpt>
<trkpt lat="-32.232299" lon="115.788574">
<ele>-23.3</ele>
<time>2026-08-23T08:42:53.154+08:00</time>
<extensions>
<gpxtpx:TrackPointExtension>
<gpxtpx:speed>0.33</gpxtpx:speed>
</gpxtpx:TrackPointExtension>
<opentracks:accuracy_horizontal>2.428</opentracks:accuracy_horizontal></extensions>
</trkpt>
<trkpt lat="-32.232218" lon="115.788515">
<ele>-21.4</ele>
<time>2026-08-23T08:43:05.154+08:00</time>
<extensions>
<gpxtpx:TrackPointExtension>
<gpxtpx:speed>0.88</gpxtpx:speed>
</gpxtpx:TrackPointExtension>
<opentracks:accuracy_horizontal>2.374</opentracks:accuracy_horizontal></extensions>
</trkpt>
<trkpt lat="-32.232151" lon="115.788503">
<ele>-24.7</ele>
<time>2026-08-23T08:43:15.155+08:00</time>
<extensions>
<gpxtpx:TrackPointExtension>
<gpxtpx:speed>0.82</gpxtpx:speed>
</gpxtpx:TrackPointExtension>
<opentracks:accuracy_horizontal>2.579</opentracks:accuracy_horizontal></extensions>
</trkpt>
<trkpt lat="-32.232058" lon="115.788483">
<ele>-24.2</ele>
<time>2026-08-23T08:43:26.153+08:00</time>
<extensions>
<gpxtpx:TrackPointExtension>
<gpxtpx:speed>0.88</gpxtpx:speed>
</gpxtpx:TrackPointExtension>
<opentracks:accuracy_horizontal>2.536</opentracks:accuracy_horizontal></extensions>
</trkpt>
<trkpt lat="-32.232001" lon="115.788438">
<ele>-24.7</ele>
<time>2026-08-23T08:43:36.164+08:00</time>
<extensions>
<gpxtpx:TrackPointExtension>
<gpxtpx:speed>0.39</gpxtpx:speed>
</gpxtpx:TrackPointExtension>
<opentracks:accuracy_horizontal>2.359</opentracks:accuracy_horizontal></extensions>
</trkpt>
<trkpt lat="-32.231907" lon="115.788426">
<ele>-23.9</ele>
<time>2026-08-23T08:43:49.153+08:00</time>
<extensions>
<gpxtpx:TrackPointExtension>
<gpxtpx:speed>0.86</gpxtpx:speed>
</gpxtpx:TrackPointExtension>
<opentracks:accuracy_horizontal>2.335</opentracks:accuracy_horizontal></extensions>
</trkpt>
<trkpt lat="-32.231841" lon="115.788409">
<ele>-23.8</ele>
<time>2026-08-23T08:43:59.157+08:00</time>
<extensions>
<gpxtpx:TrackPointExtension>
<gpxtpx:speed>0.78</gpxtpx:speed>
</gpxtpx:TrackPointExtension>
<opentracks:accuracy_horizontal>2.458</opentracks:accuracy_horizontal></extensions>
</trkpt>
<trkpt lat="-32.231747" lon="115.788388">
<ele>-22.6</ele>
<time>2026-08-23T08:44:10.16+08:00</time>
<extensions>
<gpxtpx:TrackPointExtension>
<gpxtpx:speed>0.88</gpxtpx:speed>
</gpxtpx:TrackPointExtension>
<opentracks:accuracy_horizontal>2.271</opentracks:accuracy_horizontal></extensions>
</trkpt>
<trkpt lat="-32.231653" lon="115.788359">
<ele>-21.8</ele>
<time>2026-08-23T08:44:20.155+08:00</time>
<extensions>
<gpxtpx:TrackPointExtension>
<gpxtpx:speed>1.03</gpxtpx:speed>
</gpxtpx:TrackPointExtension>
<opentracks:accuracy_horizontal>2.303</opentracks:accuracy_horizontal></extensions>
</trkpt>
<trkpt lat="-32.231591" lon="115.788317">
<ele>-24</ele>
<time>2026-08-23T08:44:30.151+08:00</time>
<extensions>
<gpxtpx:TrackPointExtension>
<gpxtpx:speed>0.92</gpxtpx:speed>
</gpxtpx:TrackPointExtension>
<opentracks:accuracy_horizontal>2.301</opentracks:accuracy_horizontal></extensions>
</trkpt>
<trkpt lat="-32.231531" lon="115.788237">
<ele>-23.7</ele>
<time>2026-08-23T08:44:41.17+08:00</time>
<extensions>
<gpxtpx:TrackPointExtension>
<gpxtpx:speed>0.93</gpxtpx:speed>
</gpxtpx:TrackPointExtension>
<opentracks:accuracy_horizontal>2.343</opentracks:accuracy_horizontal></extensions>
</trkpt>
<trkpt lat="-32.231495" lon="115.788169">
<ele>-23.8</ele>
<time>2026-08-23T08:44:51.159+08:00</time>
<extensions>
<gpxtpx:TrackPointExtension>
<gpxtpx:speed>0.73</gpxtpx:speed>
</gpxtpx:TrackPointExtension>
<opentracks:accuracy_horizontal>2.244</opentracks:accuracy_horizontal></extensions>
</trkpt>
<trkpt lat="-32.231428" lon="115.788096">
<ele>-25</ele>
<time>2026-08-23T08:45:34.126+08:00</time>
<extensions>
<gpxtpx:TrackPointExtension>
<gpxtpx:speed>1.09</gpxtpx:speed>
</gpxtpx:TrackPointExtension>
<opentracks:accuracy_horizontal>2.227</opentracks:accuracy_horizontal></extensions>
</trkpt>
<trkpt lat="-32.231397" lon="115.788029">
<ele>-24.3</ele>
<time>2026-08-23T08:45:44.137+08:00</time>
<extensions>
<gpxtpx:TrackPointExtension>
<gpxtpx:speed>0.82</gpxtpx:speed>
</gpxtpx:TrackPointExtension>
<opentracks:accuracy_horizontal>3.107</opentracks:accuracy_horizontal></extensions>
</trkpt>
<trkpt lat="-32.231326" lon="115.787954">
<ele>-26.7</ele>
<time>2026-08-23T08:45:59.144+08:00</time>
<extensions>
<gpxtpx:TrackPointExtension>
<gpxtpx:speed>0.54</gpxtpx:speed>
</gpxtpx:TrackPointExtension>
<opentracks:accuracy_horizontal>2.574</opentracks:accuracy_horizontal></extensions>
</trkpt>
<trkpt lat="-32.231254" lon="115.787942">
<ele>-26.8</ele>
<time>2026-08-23T08:46:09.156+08:00</time>
<extensions>
<gpxtpx:TrackPointExtension>
<gpxtpx:speed>0.34</gpxtpx:speed>
</gpxtpx:TrackPointExtension>
<opentracks:accuracy_horizontal>2.398</opentracks:accuracy_horizontal></extensions>
</trkpt>
<trkpt lat="-32.231162" lon="115.787967">
<ele>-27</ele>
<time>2026-08-23T08:46:18.152+08:00</time>
<extensions>
<gpxtpx:TrackPointExtension>
<gpxtpx:speed>1</gpxtpx:speed>
</gpxtpx:TrackPointExtension>
<opentracks:accuracy_horizontal>2.456</opentracks:accuracy_horizontal></extensions>
</trkpt>
<trkpt lat="-32.23107" lon="115.787938">
<ele>-26.7</ele>
<time>2026-08-23T08:46:27.164+08:00</time>
<extensions>
<gpxtpx:TrackPointExtension>
<gpxtpx:speed>1.11</gpxtpx:speed>
</gpxtpx:TrackPointExtension>
<opentracks:accuracy_horizontal>2.153</opentracks:accuracy_horizontal></extensions>
</trkpt>
<trkpt lat="-32.23104" lon="115.78796">
<ele>-26.6</ele>
<time>2026-08-23T08:46:37.149+08:00</time>
<extensions>
<gpxtpx:TrackPointExtension>
<gpxtpx:speed>0.76</gpxtpx:speed>
</gpxtpx:TrackPointExtension>
<opentracks:accuracy_horizontal>3.208</opentracks:accuracy_horizontal></extensions>
</trkpt>
<trkpt lat="-32.230959" lon="115.787896">
<ele>-26.9</ele>
<time>2026-08-23T08:46:46.157+08:00</time>
<extensions>
<gpxtpx:TrackPointExtension>
<gpxtpx:speed>1.23</gpxtpx:speed>
</gpxtpx:TrackPointExtension>
<opentracks:accuracy_horizontal>2.382</opentracks:accuracy_horizontal></extensions>
</trkpt>
<trkpt lat="-32.230868" lon="115.787843">
<ele>-26.4</ele>
<time>2026-08-23T08:46:56.153+08:00</time>
<extensions>
<gpxtpx:TrackPointExtension>
<gpxtpx:speed>1.17</gpxtpx:speed>
</gpxtpx:TrackPointExtension>
<opentracks:accuracy_horizontal>2.261</opentracks:accuracy_horizontal></extensions>
</trkpt>
<trkpt lat="-32.23078" lon="115.787798">
<ele>-25.3</ele>
<time>2026-08-23T08:47:05.171+08:00</time>
<extensions>
<gpxtpx:TrackPointExtension>
<gpxtpx:speed>1.14</gpxtpx:speed>
</gpxtpx:TrackPointExtension>
<opentracks:accuracy_horizontal>2.329</opentracks:accuracy_horizontal></extensions>
</trkpt>
<trkpt lat="-32.23069" lon="115.78776">
<ele>-25.6</ele>
<time>2026-08-23T08:47:15.166+08:00</time>
<extensions>
<gpxtpx:TrackPointExtension>
<gpxtpx:speed>1.1</gpxtpx:speed>
</gpxtpx:TrackPointExtension>
<opentracks:accuracy_horizontal>2.096</opentracks:accuracy_horizontal></extensions>
</trkpt>
<trkpt lat="-32.2306" lon="115.787727">
<ele>-25.2</ele>
<time>2026-08-23T08:47:25.161+08:00</time>
<extensions>
<gpxtpx:TrackPointExtension>
<gpxtpx:speed>1.05</gpxtpx:speed>
</gpxtpx:TrackPointExtension>
<opentracks:accuracy_horizontal>2.298</opentracks:accuracy_horizontal></extensions>
</trkpt>
<trkpt lat="-32.230518" lon="115.787662">
<ele>-24.7</ele>
<time>2026-08-23T08:47:35.158+08:00</time>
<extensions>
<gpxtpx:TrackPointExtension>
<gpxtpx:speed>1.06</gpxtpx:speed>
</gpxtpx:TrackPointExtension>
<opentracks:accuracy_horizontal>2.298</opentracks:accuracy_horizontal></extensions>
</trkpt>
<trkpt lat="-32.230446" lon="115.78759">
<ele>-25.7</ele>
<time>2026-08-23T08:47:45.163+08:00</time>
<extensions>
<gpxtpx:TrackPointExtension>
<gpxtpx:speed>1.04</gpxtpx:speed>
</gpxtpx:TrackPointExtension>
<opentracks:accuracy_horizontal>2.187</opentracks:accuracy_horizontal></extensions>
</trkpt>
<trkpt lat="-32.230412" lon="115.787518">
<ele>-26</ele>
<time>2026-08-23T08:47:55.172+08:00</time>
<extensions>
<gpxtpx:TrackPointExtension>
<gpxtpx:speed>0.88</gpxtpx:speed>
</gpxtpx:TrackPointExtension>
<opentracks:accuracy_horizontal>2.352</opentracks:accuracy_horizontal></extensions>
</trkpt>
<trkpt lat="-32.230379" lon="115.787418">
<ele>-23.5</ele>
<time>2026-08-23T08:48:05.159+08:00</time>
<extensions>
<gpxtpx:TrackPointExtension>
<gpxtpx:speed>0.97</gpxtpx:speed>
</gpxtpx:TrackPointExtension>
<opentracks:accuracy_horizontal>2.21</opentracks:accuracy_horizontal></extensions>
</trkpt>
<trkpt lat="-32.230332" lon="115.787324">
<ele>-23.1</ele>
<time>2026-08-23T08:48:15.155+08:00</time>
<extensions>
<gpxtpx:TrackPointExtension>
<gpxtpx:speed>0.99</gpxtpx:speed>
</gpxtpx:TrackPointExtension>
<opentracks:accuracy_horizontal>2.558</opentracks:accuracy_horizontal></extensions>
</trkpt>
<trkpt lat="-32.230296" lon="115.787216">
<ele>-24.8</ele>
<time>2026-08-23T08:48:24.161+08:00</time>
<extensions>
<gpxtpx:TrackPointExtension>
<gpxtpx:speed>1.17</gpxtpx:speed>
</gpxtpx:TrackPointExtension>
<opentracks:accuracy_horizontal>2.261</opentracks:accuracy_horizontal></extensions>
</trkpt>
<trkpt lat="-32.230232" lon="115.787171">
<ele>-24.8</ele>
<time>2026-08-23T08:48:34.173+08:00</time>
<extensions>
<gpxtpx:TrackPointExtension>
<gpxtpx:speed>1.02</gpxtpx:speed>
</gpxtpx:TrackPointExtension>
<opentracks:accuracy_horizontal>2.467</opentracks:accuracy_horizontal></extensions>
</trkpt>
<trkpt lat="-32.23021" lon="115.787067">
<ele>-25.1</ele>
<time>2026-08-23T08:48:43.161+08:00</time>
<extensions>
<gpxtpx:TrackPointExtension>
<gpxtpx:speed>1.07</gpxtpx:speed>
</gpxtpx:TrackPointExtension>
<opentracks:accuracy_horizontal>2.295</opentracks:accuracy_horizontal></extensions>
</trkpt>
<trkpt lat="-32.230157" lon="115.786973">
<ele>-25.1</ele>
<time>2026-08-23T08:48:52.171+08:00</time>
<extensions>
<gpxtpx:TrackPointExtension>
<gpxtpx:speed>1.12</gpxtpx:speed>
</gpxtpx:TrackPointExtension>
<opentracks:accuracy_horizontal>2.197</opentracks:accuracy_horizontal></extensions>
</trkpt>
<trkpt lat="-32.23012" lon="115.786875">
<ele>-24.9</ele>
<time>2026-08-23T08:49:01.134+08:00</time>
<extensions>
<gpxtpx:TrackPointExtension>
<gpxtpx:speed>1.17</gpxtpx:speed>
</gpxtpx:TrackPointExtension>
<opentracks:accuracy_horizontal>2.223</opentracks:accuracy_horizontal></extensions>
</trkpt>
<trkpt lat="-32.230084" lon="115.786809">
<ele>-25.2</ele>
<time>2026-08-23T08:49:10.156+08:00</time>
<extensions>
<gpxtpx:TrackPointExtension>
<gpxtpx:speed>0.98</gpxtpx:speed>
</gpxtpx:TrackPointExtension>
<opentracks:accuracy_horizontal>2.382</opentracks:accuracy_horizontal></extensions>
</trkpt>
<trkpt lat="-32.230007" lon="115.786734">
<ele>-26.2</ele>
<time>2026-08-23T08:49:21.153+08:00</time>
<extensions>
<gpxtpx:TrackPointExtension>
<gpxtpx:speed>0.99</gpxtpx:speed>
</gpxtpx:TrackPointExtension>
<opentracks:accuracy_horizontal>2.673</opentracks:accuracy_horizontal></extensions>
</trkpt>
<trkpt lat="-32.229911" lon="115.786717">
<ele>-26.5</ele>
<time>2026-08-23T08:49:31.153+08:00</time>
<extensions>
<gpxtpx:TrackPointExtension>
<gpxtpx:speed>1.05</gpxtpx:speed>
</gpxtpx:TrackPointExtension>
<opentracks:accuracy_horizontal>2.518</opentracks:accuracy_horizontal></extensions>
</trkpt>
<trkpt lat="-32.229816" lon="115.786672">
<ele>-26.4</ele>
<time>2026-08-23T08:49:40.176+08:00</time>
<extensions>
<gpxtpx:TrackPointExtension>
<gpxtpx:speed>1.15</gpxtpx:speed>
</gpxtpx:TrackPointExtension>
<opentracks:accuracy_horizontal>2.361</opentracks:accuracy_horizontal></extensions>
</trkpt>
<trkpt lat="-32.22972" lon="115.786688">
<ele>-26.8</ele>
<time>2026-08-23T08:49:49.159+08:00</time>
<extensions>
<gpxtpx:TrackPointExtension>
<gpxtpx:speed>1.17</gpxtpx:speed>
</gpxtpx:TrackPointExtension>
<opentracks:accuracy_horizontal>2.539</opentracks:accuracy_horizontal></extensions>
</trkpt>
<trkpt lat="-32.229621" lon="115.786705">
<ele>-26.5</ele>
<time>2026-08-23T08:49:58.148+08:00</time>
<extensions>
<gpxtpx:TrackPointExtension>
<gpxtpx:speed>1.2</gpxtpx:speed>
</gpxtpx:TrackPointExtension>
<opentracks:accuracy_horizontal>2.254</opentracks:accuracy_horizontal></extensions>
</trkpt>
<trkpt lat="-32.229523" lon="115.786699">
<ele>-26.6</ele>
<time>2026-08-23T08:50:08.141+08:00</time>
<extensions>
<gpxtpx:TrackPointExtension>
<gpxtpx:speed>1.12</gpxtpx:speed>
</gpxtpx:TrackPointExtension>
<opentracks:accuracy_horizontal>2.553</opentracks:accuracy_horizontal></extensions>
</trkpt>
<trkpt lat="-32.229428" lon="115.786725">
<ele>-25.8</ele>
<time>2026-08-23T08:50:16.167+08:00</time>
<extensions>
<gpxtpx:TrackPointExtension>
<gpxtpx:speed>1.23</gpxtpx:speed>
</gpxtpx:TrackPointExtension>
<opentracks:accuracy_horizontal>2.37</opentracks:accuracy_horizontal></extensions>
</trkpt>
<trkpt lat="-32.229331" lon="115.786741">
<ele>-25.1</ele>
<time>2026-08-23T08:50:25.168+08:00</time>
<extensions>
<gpxtpx:TrackPointExtension>
<gpxtpx:speed>1.17</gpxtpx:speed>
</gpxtpx:TrackPointExtension>
<opentracks:accuracy_horizontal>2.3</opentracks:accuracy_horizontal></extensions>
</trkpt>
<trkpt lat="-32.229245" lon="115.786771">
<ele>-26.6</ele>
<time>2026-08-23T08:50:34.174+08:00</time>
<extensions>
<gpxtpx:TrackPointExtension>
<gpxtpx:speed>1.12</gpxtpx:speed>
</gpxtpx:TrackPointExtension>
<opentracks:accuracy_horizontal>2.243</opentracks:accuracy_horizontal></extensions>
</trkpt>
<trkpt lat="-32.22915" lon="115.786793">
<ele>-26.5</ele>
<time>2026-08-23T08:50:43.17+08:00</time>
<extensions>
<gpxtpx:TrackPointExtension>
<gpxtpx:speed>1.13</gpxtpx:speed>
</gpxtpx:TrackPointExtension>
<opentracks:accuracy_horizontal>2.396</opentracks:accuracy_horizontal></extensions>
</trkpt>
<trkpt lat="-32.229058" lon="115.786821">
<ele>-25.8</ele>
<time>2026-08-23T08:50:53.159+08:00</time>
<extensions>
<gpxtpx:TrackPointExtension>
<gpxtpx:speed>1.1</gpxtpx:speed>
</gpxtpx:TrackPointExtension>
<opentracks:accuracy_horizontal>2.362</opentracks:accuracy_horizontal></extensions>
</trkpt>
<trkpt lat="-32.228964" lon="115.786835">
<ele>-25.6</ele>
<time>2026-08-23T08:51:02.156+08:00</time>
<extensions>
<gpxtpx:TrackPointExtension>
<gpxtpx:speed>1.13</gpxtpx:speed>
</gpxtpx:TrackPointExtension>
<opentracks:accuracy_horizontal>2.326</opentracks:accuracy_horizontal></extensions>
</trkpt>
<trkpt lat="-32.228868" lon="115.786864">
<ele>-24.3</ele>
<time>2026-08-23T08:51:11.16+08:00</time>
<extensions>
<gpxtpx:TrackPointExtension>
<gpxtpx:speed>1.16</gpxtpx:speed>
</gpxtpx:TrackPointExtension>
<opentracks:accuracy_horizontal>2.473</opentracks:accuracy_horizontal></extensions>
</trkpt>
<trkpt lat="-32.228788" lon="115.78686">
<ele>-24.2</ele>
<time>2026-08-23T08:51:20.164+08:00</time>
<extensions>
<gpxtpx:TrackPointExtension>
<gpxtpx:speed>1.04</gpxtpx:speed>
</gpxtpx:TrackPointExtension>
<opentracks:accuracy_horizontal>2.408</opentracks:accuracy_horizontal></extensions>
</trkpt>
<trkpt lat="-32.228691" lon="115.786856">
<ele>-23.9</ele>
<time>2026-08-23T08:51:29.149+08:00</time>
<extensions>
<gpxtpx:TrackPointExtension>
<gpxtpx:speed>1.11</gpxtpx:speed>
</gpxtpx:TrackPointExtension>
<opentracks:accuracy_horizontal>2.244</opentracks:accuracy_horizontal></extensions>
</trkpt>
<trkpt lat="-32.228604" lon="115.78688">
<ele>-24.6</ele>
<time>2026-08-23T08:51:38.167+08:00</time>
<extensions>
<gpxtpx:TrackPointExtension>
<gpxtpx:speed>1.07</gpxtpx:speed>
</gpxtpx:TrackPointExtension>
<opentracks:accuracy_horizontal>2.328</opentracks:accuracy_horizontal></extensions>
</trkpt>
<trkpt lat="-32.228545" lon="115.786961">
<ele>-23.6</ele>
<time>2026-08-23T08:51:47.16+08:00</time>
<extensions>
<gpxtpx:TrackPointExtension>
<gpxtpx:speed>1.1</gpxtpx:speed>
</gpxtpx:TrackPointExtension>
<opentracks:accuracy_horizontal>2.425</opentracks:accuracy_horizontal></extensions>
</trkpt>
<trkpt lat="-32.228502" lon="115.787052">
<ele>-21.7</ele>
<time>2026-08-23T08:51:57.171+08:00</time>
<extensions>
<gpxtpx:TrackPointExtension>
<gpxtpx:speed>1.02</gpxtpx:speed>
</gpxtpx:TrackPointExtension>
<opentracks:accuracy_horizontal>2.179</opentracks:accuracy_horizontal></extensions>
</trkpt>
<trkpt lat="-32.228458" lon="115.787151">
<ele>-22</ele>
<time>2026-08-23T08:52:07.173+08:00</time>
<extensions>
<gpxtpx:TrackPointExtension>
<gpxtpx:speed>1.02</gpxtpx:speed>
</gpxtpx:TrackPointExtension>
<opentracks:accuracy_horizontal>2.23</opentracks:accuracy_horizontal></extensions>
</trkpt>
<trkpt lat="-32.228398" lon="115.78724">
<ele>-20.8</ele>
<time>2026-08-23T08:52:17.167+08:00</time>
<extensions>
<gpxtpx:TrackPointExtension>
<gpxtpx:speed>1.02</gpxtpx:speed>
</gpxtpx:TrackPointExtension>
<opentracks:accuracy_horizontal>2.117</opentracks:accuracy_horizontal></extensions>
</trkpt>
<trkpt lat="-32.228344" lon="115.787329">
<ele>-20.1</ele>
<time>2026-08-23T08:52:26.167+08:00</time>
<extensions>
<gpxtpx:TrackPointExtension>
<gpxtpx:speed>1.05</gpxtpx:speed>
</gpxtpx:TrackPointExtension>
<opentracks:accuracy_horizontal>2.049</opentracks:accuracy_horizontal></extensions>
</trkpt>
<trkpt lat="-32.228302" lon="115.787418">
<ele>-19.2</ele>
<time>2026-08-23T08:52:35.166+08:00</time>
<extensions>
<gpxtpx:TrackPointExtension>
<gpxtpx:speed>1.02</gpxtpx:speed>
</gpxtpx:TrackPointExtension>
<opentracks:accuracy_horizontal>2.141</opentracks:accuracy_horizontal></extensions>
</trkpt>
<trkpt lat="-32.228243" lon="115.787511">
<ele>-20.1</ele>
<time>2026-08-23T08:53:18.14+08:00</time>
<extensions>
<gpxtpx:TrackPointExtension>
<gpxtpx:speed>1.1</gpxtpx:speed>
</gpxtpx:TrackPointExtension>
<opentracks:accuracy_horizontal>1.92</opentracks:accuracy_horizontal></extensions>
</trkpt>
<trkpt lat="-32.228218" lon="115.787613">
<ele>-20.5</ele>
<time>2026-08-23T08:53:27.141+08:00</time>
<extensions>
<gpxtpx:TrackPointExtension>
<gpxtpx:speed>1.12</gpxtpx:speed>
</gpxtpx:TrackPointExtension>
<opentracks:accuracy_horizontal>2.574</opentracks:accuracy_horizontal></extensions>
</trkpt>
<trkpt lat="-32.228179" lon="115.787716">
<ele>-20.9</ele>
<time>2026-08-23T08:53:36.151+08:00</time>
<extensions>
<gpxtpx:TrackPointExtension>
<gpxtpx:speed>1.16</gpxtpx:speed>
</gpxtpx:TrackPointExtension>
<opentracks:accuracy_horizontal>2.225</opentracks:accuracy_horizontal></extensions>
</trkpt>
<trkpt lat="-32.228132" lon="115.787816">
<ele>-22.7</ele>
<time>2026-08-23T08:53:45.17+08:00</time>
<extensions>
<gpxtpx:TrackPointExtension>
<gpxtpx:speed>1.2</gpxtpx:speed>
</gpxtpx:TrackPointExtension>
<opentracks:accuracy_horizontal>2.076</opentracks:accuracy_horizontal></extensions>
</trkpt>
<trkpt lat="-32.228078" lon="115.787913">
<ele>-22.4</ele>
<time>2026-08-23T08:53:54.162+08:00</time>
<extensions>
<gpxtpx:TrackPointExtension>
<gpxtpx:speed>1.12</gpxtpx:speed>
</gpxtpx:TrackPointExtension>
<opentracks:accuracy_horizontal>2.07</opentracks:accuracy_horizontal></extensions>
</trkpt>
<trkpt lat="-32.228034" lon="115.788016">
<ele>-21.9</ele>
<time>2026-08-23T08:54:03.142+08:00</time>
<extensions>
<gpxtpx:TrackPointExtension>
<gpxtpx:speed>1.12</gpxtpx:speed>
</gpxtpx:TrackPointExtension>
<opentracks:accuracy_horizontal>2.078</opentracks:accuracy_horizontal></extensions>
</trkpt>
<trkpt lat="-32.227991" lon="115.788086">
<ele>-22.6</ele>
<time>2026-08-23T08:54:12.173+08:00</time>
<extensions>
<gpxtpx:TrackPointExtension>
<gpxtpx:speed>0.9</gpxtpx:speed>
</gpxtpx:TrackPointExtension>
<opentracks:accuracy_horizontal>2.163</opentracks:accuracy_horizontal></extensions>
</trkpt>
<trkpt lat="-32.227941" lon="115.788182">
<ele>-22.6</ele>
<time>2026-08-23T08:54:21.152+08:00</time>
<extensions>
<gpxtpx:TrackPointExtension>
<gpxtpx:speed>1.1</gpxtpx:speed>
</gpxtpx:TrackPointExtension>
<opentracks:accuracy_horizontal>2.213</opentracks:accuracy_horizontal></extensions>
</trkpt>
<trkpt lat="-32.227889" lon="115.788277">
<ele>-23.5</ele>
<time>2026-08-23T08:54:30.162+08:00</time>
<extensions>
<gpxtpx:TrackPointExtension>
<gpxtpx:speed>1.14</gpxtpx:speed>
</gpxtpx:TrackPointExtension>
<opentracks:accuracy_horizontal>2.195</opentracks:accuracy_horizontal></extensions>
</trkpt>
<trkpt lat="-32.22784" lon="115.788376">
<ele>-22.4</ele>
<time>2026-08-23T08:54:39.148+08:00</time>
<extensions>
<gpxtpx:TrackPointExtension>
<gpxtpx:speed>1.13</gpxtpx:speed>
</gpxtpx:TrackPointExtension>
<opentracks:accuracy_horizontal>2.205</opentracks:accuracy_horizontal></extensions>
</trkpt>
<trkpt lat="-32.22779" lon="115.788473">
<ele>-23</ele>
<time>2026-08-23T08:54:48.184+08:00</time>
<extensions>
<gpxtpx:TrackPointExtension>
<gpxtpx:speed>1.14</gpxtpx:speed>
</gpxtpx:TrackPointExtension>
<opentracks:accuracy_horizontal>2.319</opentracks:accuracy_horizontal></extensions>
</trkpt>
<trkpt lat="-32.227731" lon="115.78856">
<ele>-22.4</ele>
<time>2026-08-23T08:54:57.141+08:00</time>
<extensions>
<gpxtpx:TrackPointExtension>
<gpxtpx:speed>1.15</gpxtpx:speed>
</gpxtpx:TrackPointExtension>
<opentracks:accuracy_horizontal>2.419</opentracks:accuracy_horizontal></extensions>
</trkpt>
<trkpt lat="-32.22769" lon="115.78866">
<ele>-21.9</ele>
<time>2026-08-23T08:55:06.183+08:00</time>
<extensions>
<gpxtpx:TrackPointExtension>
<gpxtpx:speed>1.11</gpxtpx:speed>
</gpxtpx:TrackPointExtension>
<opentracks:accuracy_horizontal>2.205</opentracks:accuracy_horizontal></extensions>
</trkpt>
<trkpt lat="-32.227664" lon="115.788744">
<ele>-22.8</ele>
<time>2026-08-23T08:55:16.161+08:00</time>
<extensions>
<gpxtpx:TrackPointExtension>
<gpxtpx:speed>0.99</gpxtpx:speed>
</gpxtpx:TrackPointExtension>
<opentracks:accuracy_horizontal>2.385</opentracks:accuracy_horizontal></extensions>
</trkpt>
<trkpt lat="-32.227636" lon="115.788852">
<ele>-21.9</ele>
<time>2026-08-23T08:55:26.166+08:00</time>
<extensions>
<gpxtpx:TrackPointExtension>
<gpxtpx:speed>1.02</gpxtpx:speed>
</gpxtpx:TrackPointExtension>
<opentracks:accuracy_horizontal>2.142</opentracks:accuracy_horizontal></extensions>
</trkpt>
<trkpt lat="-32.227581" lon="115.788949">
<ele>-21.4</ele>
<time>2026-08-23T08:55:36.161+08:00</time>
<extensions>
<gpxtpx:TrackPointExtension>
<gpxtpx:speed>1.06</gpxtpx:speed>
</gpxtpx:TrackPointExtension>
<opentracks:accuracy_horizontal>2.114</opentracks:accuracy_horizontal></extensions>
</trkpt>
<trkpt lat="-32.227521" lon="115.789038">
<ele>-20.9</ele>
<time>2026-08-23T08:55:46.164+08:00</time>
<extensions>
<gpxtpx:TrackPointExtension>
<gpxtpx:speed>1.03</gpxtpx:speed>
</gpxtpx:TrackPointExtension>
<opentracks:accuracy_horizontal>2.154</opentracks:accuracy_horizontal></extensions>
</trkpt>
<trkpt lat="-32.227462" lon="115.789127">
<ele>-19.9</ele>
<time>2026-08-23T08:55:56.166+08:00</time>
<extensions>
<gpxtpx:TrackPointExtension>
<gpxtpx:speed>1.03</gpxtpx:speed>
</gpxtpx:TrackPointExtension>
<opentracks:accuracy_horizontal>2.139</opentracks:accuracy_horizontal></extensions>
</trkpt>
<trkpt lat="-32.227422" lon="115.789217">
<ele>-19.4</ele>
<time>2026-08-23T08:56:06.163+08:00</time>
<extensions>
<gpxtpx:TrackPointExtension>
<gpxtpx:speed>0.93</gpxtpx:speed>
</gpxtpx:TrackPointExtension>
<opentracks:accuracy_horizontal>2.265</opentracks:accuracy_horizontal></extensions>
</trkpt>
<trkpt lat="-32.227383" lon="115.789321">
<ele>-19</ele>
<time>2026-08-23T08:56:16.175+08:00</time>
<extensions>
<gpxtpx:TrackPointExtension>
<gpxtpx:speed>1.03</gpxtpx:speed>
</gpxtpx:TrackPointExtension>
<opentracks:accuracy_horizontal>2.132</opentracks:accuracy_horizontal></extensions>
</trkpt>
<trkpt lat="-32.227338" lon="115.789425">
<ele>-17.6</ele>
<time>2026-08-23T08:56:26.17+08:00</time>
<extensions>
<gpxtpx:TrackPointExtension>
<gpxtpx:speed>1.03</gpxtpx:speed>
</gpxtpx:TrackPointExtension>
<opentracks:accuracy_horizontal>2.044</opentracks:accuracy_horizontal></extensions>
</trkpt>
<trkpt lat="-32.227281" lon="115.789514">
<ele>-17.4</ele>
<time>2026-08-23T08:56:36.171+08:00</time>
<extensions>
<gpxtpx:TrackPointExtension>
<gpxtpx:speed>1.02</gpxtpx:speed>
</gpxtpx:TrackPointExtension>
<opentracks:accuracy_horizontal>2.159</opentracks:accuracy_horizontal></extensions>
</trkpt>
<trkpt lat="-32.22722" lon="115.789608">
<ele>-15.3</ele>
<time>2026-08-23T08:56:46.163+08:00</time>
<extensions>
<gpxtpx:TrackPointExtension>
<gpxtpx:speed>1.04</gpxtpx:speed>
</gpxtpx:TrackPointExtension>
<opentracks:accuracy_horizontal>2.049</opentracks:accuracy_horizontal></extensions>
</trkpt>
<trkpt lat="-32.227221" lon="115.789619">
<ele>-15</ele>
<time>2026-08-23T08:56:56.167+08:00</time>
<extensions>
<gpxtpx:TrackPointExtension>
<gpxtpx:speed>0.05</gpxtpx:speed>
</gpxtpx:TrackPointExtension>
<opentracks:accuracy_horizontal>2.478</opentracks:accuracy_horizontal></extensions>
</trkpt>
<trkpt lat="-32.227302" lon="115.789672">
<ele>-15.3</ele>
<time>2026-08-23T08:57:16.181+08:00</time>
<extensions>
<gpxtpx:TrackPointExtension>
<gpxtpx:speed>1.19</gpxtpx:speed>
</gpxtpx:TrackPointExtension>
<opentracks:accuracy_horizontal>2.118</opentracks:accuracy_horizontal></extensions>
</trkpt>
<trkpt lat="-32.227346" lon="115.789664">
<ele>-14.8</ele>
<time>2026-08-23T08:57:26.181+08:00</time>
<extensions>
<gpxtpx:TrackPointExtension>
<gpxtpx:speed>0.06</gpxtpx:speed>
</gpxtpx:TrackPointExtension>
<opentracks:accuracy_horizontal>2.274</opentracks:accuracy_horizontal></extensions>
</trkpt>
<trkpt lat="-32.227439" lon="115.789701">
<ele>-14.9</ele>
<time>2026-08-23T08:57:48.168+08:00</time>
<extensions>
<gpxtpx:TrackPointExtension>
<gpxtpx:speed>1.18</gpxtpx:speed>
</gpxtpx:TrackPointExtension>
<opentracks:accuracy_horizontal>2.102</opentracks:accuracy_horizontal></extensions>
</trkpt>
<trkpt lat="-32.227534" lon="115.789708">
<ele>-16.7</ele>
<time>2026-08-23T08:57:57.169+08:00</time>
<extensions>
<gpxtpx:TrackPointExtension>
<gpxtpx:speed>1.15</gpxtpx:speed>
</gpxtpx:TrackPointExtension>
<opentracks:accuracy_horizontal>2.177</opentracks:accuracy_horizontal></extensions>
</trkpt>
<trkpt lat="-32.227534" lon="115.78971">
<ele>-16.3</ele>
<time>2026-08-23T08:58:07.173+08:00</time>
<extensions>
<gpxtpx:TrackPointExtension>
<gpxtpx:speed>0.07</gpxtpx:speed>
</gpxtpx:TrackPointExtension>
<opentracks:accuracy_horizontal>2.394</opentracks:accuracy_horizontal></extensions>
</trkpt>
<trkpt lat="-32.227614" lon="115.789759">
<ele>-14.9</ele>
<time>2026-08-23T08:58:35.134+08:00</time>
<extensions>
<gpxtpx:TrackPointExtension>
<gpxtpx:speed>1.37</gpxtpx:speed>
</gpxtpx:TrackPointExtension>
<opentracks:accuracy_horizontal>1.969</opentracks:accuracy_horizontal></extensions>
</trkpt>
<trkpt lat="-32.227673" lon="115.789819">
<ele>-16.4</ele>
<time>2026-08-23T08:58:44.156+08:00</time>
<extensions>
<gpxtpx:TrackPointExtension>
<gpxtpx:speed>1.26</gpxtpx:speed>
</gpxtpx:TrackPointExtension>
<opentracks:accuracy_horizontal>2.046</opentracks:accuracy_horizontal></extensions>
</trkpt>
<trkpt lat="-32.227687" lon="115.789929">
<ele>-16.5</ele>
<time>2026-08-23T08:58:54.16+08:00</time>
<extensions>
<gpxtpx:TrackPointExtension>
<gpxtpx:speed>1.04</gpxtpx:speed>
</gpxtpx:TrackPointExtension>
<opentracks:accuracy_horizontal>2.115</opentracks:accuracy_horizontal></extensions>
</trkpt>
<trkpt lat="-32.227745" lon="115.790024">
<ele>-16.8</ele>
<time>2026-08-23T08:59:03.163+08:00</time>
<extensions>
<gpxtpx:TrackPointExtension>
<gpxtpx:speed>1.08</gpxtpx:speed>
</gpxtpx:TrackPointExtension>
<opentracks:accuracy_horizontal>2.409</opentracks:accuracy_horizontal></extensions>
</trkpt>
<trkpt lat="-32.227769" lon="115.790129">
<ele>-14.6</ele>
<time>2026-08-23T08:59:12.16+08:00</time>
<extensions>
<gpxtpx:TrackPointExtension>
<gpxtpx:speed>0.52</gpxtpx:speed>
</gpxtpx:TrackPointExtension>
<opentracks:accuracy_horizontal>2.144</opentracks:accuracy_horizontal></extensions>
</trkpt>
<trkpt lat="-32.227738" lon="115.790235">
<ele>-14</ele>
<time>2026-08-23T08:59:21.146+08:00</time>
<extensions>
<gpxtpx:TrackPointExtension>
<gpxtpx:speed>1</gpxtpx:speed>
</gpxtpx:TrackPointExtension>
<opentracks:accuracy_horizontal>2.207</opentracks:accuracy_horizontal></extensions>
</trkpt>
<trkpt lat="-32.227756" lon="115.790342">
<ele>-12.8</ele>
<time>2026-08-23T08:59:29.166+08:00</time>
<extensions>
<gpxtpx:TrackPointExtension>
<gpxtpx:speed>1.14</gpxtpx:speed>
</gpxtpx:TrackPointExtension>
<opentracks:accuracy_horizontal>2.1</opentracks:accuracy_horizontal></extensions>
</trkpt>
<trkpt lat="-32.227773" lon="115.790451">
<ele>-11.6</ele>
<time>2026-08-23T08:59:39.164+08:00</time>
<extensions>
<gpxtpx:TrackPointExtension>
<gpxtpx:speed>0.54</gpxtpx:speed>
</gpxtpx:TrackPointExtension>
<opentracks:accuracy_horizontal>2.144</opentracks:accuracy_horizontal></extensions>
</trkpt>
<trkpt lat="-32.227762" lon="115.79056">
<ele>-11.4</ele>
<time>2026-08-23T08:59:47.168+08:00</time>
<extensions>
<gpxtpx:TrackPointExtension>
<gpxtpx:speed>1.12</gpxtpx:speed>
</gpxtpx:TrackPointExtension>
<opentracks:accuracy_horizontal>2.079</opentracks:accuracy_horizontal></extensions>
</trkpt>
<trkpt lat="-32.227781" lon="115.79067">
<ele>-10.7</ele>
<time>2026-08-23T08:59:56.166+08:00</time>
<extensions>
<gpxtpx:TrackPointExtension>
<gpxtpx:speed>1.13</gpxtpx:speed>
</gpxtpx:TrackPointExtension>
<opentracks:accuracy_horizontal>2.104</opentracks:accuracy_horizontal></extensions>
</trkpt>
<trkpt lat="-32.227762" lon="115.790788">
<ele>-10.6</ele>
<time>2026-08-23T09:00:05.163+08:00</time>
<extensions>
<gpxtpx:TrackPointExtension>
<gpxtpx:speed>1.19</gpxtpx:speed>
</gpxtpx:TrackPointExtension>
<opentracks:accuracy_horizontal>2.058</opentracks:accuracy_horizontal></extensions>
</trkpt>
<trkpt lat="-32.227746" lon="115.790901">
<ele>-10.7</ele>
<time>2026-08-23T09:00:14.166+08:00</time>
<extensions>
<gpxtpx:TrackPointExtension>
<gpxtpx:speed>1.15</gpxtpx:speed>
</gpxtpx:TrackPointExtension>
<opentracks:accuracy_horizontal>2.108</opentracks:accuracy_horizontal></extensions>
</trkpt>
<trkpt lat="-32.227715" lon="115.791004">
<ele>-11.4</ele>
<time>2026-08-23T09:00:22.174+08:00</time>
<extensions>
<gpxtpx:TrackPointExtension>
<gpxtpx:speed>1.17</gpxtpx:speed>
</gpxtpx:TrackPointExtension>
<opentracks:accuracy_horizontal>2.041</opentracks:accuracy_horizontal></extensions>
</trkpt>
<trkpt lat="-32.227716" lon="115.791113">
<ele>-11.1</ele>
<time>2026-08-23T09:00:30.163+08:00</time>
<extensions>
<gpxtpx:TrackPointExtension>
<gpxtpx:speed>1.23</gpxtpx:speed>
</gpxtpx:TrackPointExtension>
<opentracks:accuracy_horizontal>2.186</opentracks:accuracy_horizontal></extensions>
</trkpt>
<trkpt lat="-32.227743" lon="115.791222">
<ele>-12.3</ele>
<time>2026-08-23T09:00:39.164+08:00</time>
<extensions>
<gpxtpx:TrackPointExtension>
<gpxtpx:speed>1.17</gpxtpx:speed>
</gpxtpx:TrackPointExtension>
<opentracks:accuracy_horizontal>2.377</opentracks:accuracy_horizontal></extensions>
</trkpt>
<trkpt lat="-32.227733" lon="115.791341">
<ele>-12.8</ele>
<time>2026-08-23T09:00:48.17+08:00</time>
<extensions>
<gpxtpx:TrackPointExtension>
<gpxtpx:speed>1.17</gpxtpx:speed>
</gpxtpx:TrackPointExtension>
<opentracks:accuracy_horizontal>2.104</opentracks:accuracy_horizontal></extensions>
</trkpt>
<trkpt lat="-32.227732" lon="115.791456">
<ele>-12.2</ele>
<time>2026-08-23T09:00:57.164+08:00</time>
<extensions>
<gpxtpx:TrackPointExtension>
<gpxtpx:speed>1.17</gpxtpx:speed>
</gpxtpx:TrackPointExtension>
<opentracks:accuracy_horizontal>2.029</opentracks:accuracy_horizontal></extensions>
</trkpt>
<trkpt lat="-32.227722" lon="115.791567">
<ele>-12.1</ele>
<time>2026-08-23T09:01:06.18+08:00</time>
<extensions>
<gpxtpx:TrackPointExtension>
<gpxtpx:speed>1.12</gpxtpx:speed>
</gpxtpx:TrackPointExtension>
<opentracks:accuracy_horizontal>2.195</opentracks:accuracy_horizontal></extensions>
</trkpt>
<trkpt lat="-32.227713" lon="115.791673">
<ele>-11</ele>
<time>2026-08-23T09:01:15.167+08:00</time>
<extensions>
<gpxtpx:TrackPointExtension>
<gpxtpx:speed>1.07</gpxtpx:speed>
</gpxtpx:TrackPointExtension>
<opentracks:accuracy_horizontal>2.082</opentracks:accuracy_horizontal></extensions>
</trkpt>
<trkpt lat="-32.227746" lon="115.791783">
<ele>-10.7</ele>
<time>2026-08-23T09:01:24.159+08:00</time>
<extensions>
<gpxtpx:TrackPointExtension>
<gpxtpx:speed>1.11</gpxtpx:speed>
</gpxtpx:TrackPointExtension>
<opentracks:accuracy_horizontal>2.279</opentracks:accuracy_horizontal></extensions>
</trkpt>
<trkpt lat="-32.22775" lon="115.791824">
<ele>-10.7</ele>
<time>2026-08-23T09:01:34.179+08:00</time>
<extensions>
<gpxtpx:TrackPointExtension>
<gpxtpx:speed>0.07</gpxtpx:speed>
</gpxtpx:TrackPointExtension>
<opentracks:accuracy_horizontal>2.276</opentracks:accuracy_horizontal></extensions>
</trkpt>
<trkpt lat="-32.227846" lon="115.791809">
<ele>-11.6</ele>
<time>2026-08-23T09:01:51.161+08:00</time>
<extensions>
<gpxtpx:TrackPointExtension>
<gpxtpx:speed>1.04</gpxtpx:speed>
</gpxtpx:TrackPointExtension>
<opentracks:accuracy_horizontal>2.119</opentracks:accuracy_horizontal></extensions>
</trkpt>
<trkpt lat="-32.227945" lon="115.791805">
<ele>-12.2</ele>
<time>2026-08-23T09:02:00.17+08:00</time>
<extensions>
<gpxtpx:TrackPointExtension>
<gpxtpx:speed>1.18</gpxtpx:speed>
</gpxtpx:TrackPointExtension>
<opentracks:accuracy_horizontal>2.179</opentracks:accuracy_horizontal></extensions>
</trkpt>
<trkpt lat="-32.228035" lon="115.791781">
<ele>-12.4</ele>
<time>2026-08-23T09:02:10.152+08:00</time>
<extensions>
<gpxtpx:TrackPointExtension>
<gpxtpx:speed>1.11</gpxtpx:speed>
</gpxtpx:TrackPointExtension>
<opentracks:accuracy_horizontal>2.111</opentracks:accuracy_horizontal></extensions>
</trkpt>
<trkpt lat="-32.228132" lon="115.791771">
<ele>-12.8</ele>
<time>2026-08-23T09:02:20.138+08:00</time>
<extensions>
<gpxtpx:TrackPointExtension>
<gpxtpx:speed>1.08</gpxtpx:speed>
</gpxtpx:TrackPointExtension>
<opentracks:accuracy_horizontal>2.059</opentracks:accuracy_horizontal></extensions>
</trkpt>
<trkpt lat="-32.228223" lon="115.791765">
<ele>-11.6</ele>
<time>2026-08-23T09:02:29.171+08:00</time>
<extensions>
<gpxtpx:TrackPointExtension>
<gpxtpx:speed>1.12</gpxtpx:speed>
</gpxtpx:TrackPointExtension>
<opentracks:accuracy_horizontal>2.128</opentracks:accuracy_horizontal></extensions>
</trkpt>
<trkpt lat="-32.228223" lon="115.791759">
<ele>-10.3</ele>
<time>2026-08-23T09:02:39.155+08:00</time>
<extensions>
<gpxtpx:TrackPointExtension>
<gpxtpx:speed>0.02</gpxtpx:speed>
</gpxtpx:TrackPointExtension>
<opentracks:accuracy_horizontal>2.175</opentracks:accuracy_horizontal></extensions>
</trkpt>
<trkpt lat="-32.228316" lon="115.791773">
<ele>-11.9</ele>
<time>2026-08-23T09:03:20.17+08:00</time>
<extensions>
<gpxtpx:TrackPointExtension>
<gpxtpx:speed>0.53</gpxtpx:speed>
</gpxtpx:TrackPointExtension>
<opentracks:accuracy_horizontal>2.071</opentracks:accuracy_horizontal></extensions>
</trkpt>
<trkpt lat="-32.228399" lon="115.791828">
<ele>-11.7</ele>
<time>2026-08-23T09:03:30.168+08:00</time>
<extensions>
<gpxtpx:TrackPointExtension>
<gpxtpx:speed>1</gpxtpx:speed>
</gpxtpx:TrackPointExtension>
<opentracks:accuracy_horizontal>2.142</opentracks:accuracy_horizontal></extensions>
</trkpt>
<trkpt lat="-32.228484" lon="115.791882">
<ele>-11.1</ele>
<time>2026-08-23T09:03:39.175+08:00</time>
<extensions>
<gpxtpx:TrackPointExtension>
<gpxtpx:speed>1.09</gpxtpx:speed>
</gpxtpx:TrackPointExtension>
<opentracks:accuracy_horizontal>2.044</opentracks:accuracy_horizontal></extensions>
</trkpt>
<trkpt lat="-32.228556" lon="115.791939">
<ele>-10.4</ele>
<time>2026-08-23T09:03:49.176+08:00</time>
<extensions>
<gpxtpx:TrackPointExtension>
<gpxtpx:speed>1.02</gpxtpx:speed>
</gpxtpx:TrackPointExtension>
<opentracks:accuracy_horizontal>2.044</opentracks:accuracy_horizontal></extensions>
</trkpt>
<trkpt lat="-32.228613" lon="115.79203">
<ele>-10.8</ele>
<time>2026-08-23T09:03:59.174+08:00</time>
<extensions>
<gpxtpx:TrackPointExtension>
<gpxtpx:speed>1.05</gpxtpx:speed>
</gpxtpx:TrackPointExtension>
<opentracks:accuracy_horizontal>2.054</opentracks:accuracy_horizontal></extensions>
</trkpt>
<trkpt lat="-32.228638" lon="115.792037">
<ele>-9.8</ele>
<time>2026-08-23T09:04:09.166+08:00</time>
<extensions>
<gpxtpx:TrackPointExtension>
<gpxtpx:speed>0.05</gpxtpx:speed>
</gpxtpx:TrackPointExtension>
<opentracks:accuracy_horizontal>2.268</opentracks:accuracy_horizontal></extensions>
</trkpt>
<trkpt lat="-32.228714" lon="115.792118">
<ele>-9.4</ele>
<time>2026-08-23T09:05:09.174+08:00</time>
<extensions>
<gpxtpx:TrackPointExtension>
<gpxtpx:speed>1.03</gpxtpx:speed>
</gpxtpx:TrackPointExtension>
<opentracks:accuracy_horizontal>2.069</opentracks:accuracy_horizontal></extensions>
</trkpt>
<trkpt lat="-32.228742" lon="115.792215">
<ele>-8.5</ele>
<time>2026-08-23T09:05:19.177+08:00</time>
<extensions>
<gpxtpx:TrackPointExtension>
<gpxtpx:speed>0.97</gpxtpx:speed>
</gpxtpx:TrackPointExtension>
<opentracks:accuracy_horizontal>2.052</opentracks:accuracy_horizontal></extensions>
</trkpt>
<trkpt lat="-32.228786" lon="115.792318">
<ele>-8.1</ele>
<time>2026-08-23T09:05:29.156+08:00</time>
<extensions>
<gpxtpx:TrackPointExtension>
<gpxtpx:speed>1.02</gpxtpx:speed>
</gpxtpx:TrackPointExtension>
<opentracks:accuracy_horizontal>2.174</opentracks:accuracy_horizontal></extensions>
</trkpt>
<trkpt lat="-32.228851" lon="115.792396">
<ele>-6.8</ele>
<time>2026-08-23T09:05:39.17+08:00</time>
<extensions>
<gpxtpx:TrackPointExtension>
<gpxtpx:speed>1.05</gpxtpx:speed>
</gpxtpx:TrackPointExtension>
<opentracks:accuracy_horizontal>2.14</opentracks:accuracy_horizontal></extensions>
</trkpt>
<trkpt lat="-32.22893" lon="115.792467">
<ele>-7.1</ele>
<time>2026-08-23T09:05:49.185+08:00</time>
<extensions>
<gpxtpx:TrackPointExtension>
<gpxtpx:speed>1.1</gpxtpx:speed>
</gpxtpx:TrackPointExtension>
<opentracks:accuracy_horizontal>2.128</opentracks:accuracy_horizontal></extensions>
</trkpt>
<trkpt lat="-32.229006" lon="115.792526">
<ele>-6</ele>
<time>2026-08-23T09:05:57.171+08:00</time>
<extensions>
<gpxtpx:TrackPointExtension>
<gpxtpx:speed>1.16</gpxtpx:speed>
</gpxtpx:TrackPointExtension>
<opentracks:accuracy_horizontal>2.393</opentracks:accuracy_horizontal></extensions>
</trkpt>
<trkpt lat="-32.229075" lon="115.792581">
<ele>-6.3</ele>
<time>2026-08-23T09:06:07.183+08:00</time>
<extensions>
<gpxtpx:TrackPointExtension>
<gpxtpx:speed>0.97</gpxtpx:speed>
</gpxtpx:TrackPointExtension>
<opentracks:accuracy_horizontal>2.368</opentracks:accuracy_horizontal></extensions>
</trkpt>
<trkpt lat="-32.229151" lon="115.792658">
<ele>-7.6</ele>
<time>2026-08-23T09:06:18.169+08:00</time>
<extensions>
<gpxtpx:TrackPointExtension>
<gpxtpx:speed>1.05</gpxtpx:speed>
</gpxtpx:TrackPointExtension>
<opentracks:accuracy_horizontal>2.203</opentracks:accuracy_horizontal></extensions>
</trkpt>
<trkpt lat="-32.229204" lon="115.79275">
<ele>-8.2</ele>
<time>2026-08-23T09:06:26.186+08:00</time>
<extensions>
<gpxtpx:TrackPointExtension>
<gpxtpx:speed>1.18</gpxtpx:speed>
</gpxtpx:TrackPointExtension>
<opentracks:accuracy_horizontal>2.158</opentracks:accuracy_horizontal></extensions>
</trkpt>
<trkpt lat="-32.229229" lon="115.792851">
<ele>-8.6</ele>
<time>2026-08-23T09:06:36.174+08:00</time>
<extensions>
<gpxtpx:TrackPointExtension>
<gpxtpx:speed>1.07</gpxtpx:speed>
</gpxtpx:TrackPointExtension>
<opentracks:accuracy_horizontal>2.094</opentracks:accuracy_horizontal></extensions>
</trkpt>
<trkpt lat="-32.229201" lon="115.792962">
<ele>-9.6</ele>
<time>2026-08-23T09:06:47.172+08:00</time>
<extensions>
<gpxtpx:TrackPointExtension>
<gpxtpx:speed>1.02</gpxtpx:speed>
</gpxtpx:TrackPointExtension>
<opentracks:accuracy_horizontal>2.066</opentracks:accuracy_horizontal></extensions>
</trkpt>
<trkpt lat="-32.229177" lon="115.793067">
<ele>-9.4</ele>
<time>2026-08-23T09:06:56.171+08:00</time>
<extensions>
<gpxtpx:TrackPointExtension>
<gpxtpx:speed>1.04</gpxtpx:speed>
</gpxtpx:TrackPointExtension>
<opentracks:accuracy_horizontal>2.041</opentracks:accuracy_horizontal></extensions>
</trkpt>
<trkpt lat="-32.229158" lon="115.793174">
<ele>-9.9</ele>
<time>2026-08-23T09:07:06.188+08:00</time>
<extensions>
<gpxtpx:TrackPointExtension>
<gpxtpx:speed>1.03</gpxtpx:speed>
</gpxtpx:TrackPointExtension>
<opentracks:accuracy_horizontal>2.14</opentracks:accuracy_horizontal></extensions>
</trkpt>
<trkpt lat="-32.229118" lon="115.793275">
<ele>-10.3</ele>
<time>2026-08-23T09:07:15.167+08:00</time>
<extensions>
<gpxtpx:TrackPointExtension>
<gpxtpx:speed>1.08</gpxtpx:speed>
</gpxtpx:TrackPointExtension>
<opentracks:accuracy_horizontal>2.108</opentracks:accuracy_horizontal></extensions>
</trkpt>
<trkpt lat="-32.229095" lon="115.793391">
<ele>-10.1</ele>
<time>2026-08-23T09:07:25.178+08:00</time>
<extensions>
<gpxtpx:TrackPointExtension>
<gpxtpx:speed>1.08</gpxtpx:speed>
</gpxtpx:TrackPointExtension>
<opentracks:accuracy_horizontal>2.039</opentracks:accuracy_horizontal></extensions>
</trkpt>
<trkpt lat="-32.229157" lon="115.793466">
<ele>-9.1</ele>
<time>2026-08-23T09:07:35.187+08:00</time>
<extensions>
<gpxtpx:TrackPointExtension>
<gpxtpx:speed>1.05</gpxtpx:speed>
</gpxtpx:TrackPointExtension>
<opentracks:accuracy_horizontal>2.012</opentracks:accuracy_horizontal></extensions>
</trkpt>
<trkpt lat="-32.229222" lon="115.79354">
<ele>-8</ele>
<time>2026-08-23T09:07:46.175+08:00</time>
<extensions>
<gpxtpx:TrackPointExtension>
<gpxtpx:speed>0.94</gpxtpx:speed>
</gpxtpx:TrackPointExtension>
<opentracks:accuracy_horizontal>2.277</opentracks:accuracy_horizontal></extensions>
</trkpt>
<trkpt lat="-32.229281" lon="115.793546">
<ele>-5.5</ele>
<time>2026-08-23T09:07:56.172+08:00</time>
<extensions>
<gpxtpx:TrackPointExtension>
<gpxtpx:speed>0.76</gpxtpx:speed>
</gpxtpx:TrackPointExtension>
<opentracks:accuracy_horizontal>2.132</opentracks:accuracy_horizontal></extensions>
</trkpt>
<trkpt lat="-32.229373" lon="115.793545">
<ele>-6.6</ele>
<time>2026-08-23T09:08:12.161+08:00</time>
<extensions>
<gpxtpx:TrackPointExtension>
<gpxtpx:speed>0.42</gpxtpx:speed>
</gpxtpx:TrackPointExtension>
<opentracks:accuracy_horizontal>2.038</opentracks:accuracy_horizontal></extensions>
</trkpt>
<trkpt lat="-32.229407" lon="115.793574">
<ele>-6.9</ele>
<time>2026-08-23T09:08:22.147+08:00</time>
<extensions>
<gpxtpx:TrackPointExtension>
<gpxtpx:speed>0.22</gpxtpx:speed>
</gpxtpx:TrackPointExtension>
<opentracks:accuracy_horizontal>2.035</opentracks:accuracy_horizontal></extensions>
</trkpt>
<trkpt lat="-32.229452" lon="115.793671">
<ele>-7.1</ele>
<time>2026-08-23T09:09:07.156+08:00</time>
<extensions>
<gpxtpx:TrackPointExtension>
<gpxtpx:speed>1.01</gpxtpx:speed>
</gpxtpx:TrackPointExtension>
<opentracks:accuracy_horizontal>2.923</opentracks:accuracy_horizontal></extensions>
</trkpt>
<trkpt lat="-32.229497" lon="115.793774">
<ele>-7.8</ele>
<time>2026-08-23T09:09:16.181+08:00</time>
<extensions>
<gpxtpx:TrackPointExtension>
<gpxtpx:speed>1.1</gpxtpx:speed>
</gpxtpx:TrackPointExtension>
<opentracks:accuracy_horizontal>2.964</opentracks:accuracy_horizontal></extensions>
</trkpt>
<trkpt lat="-32.229481" lon="115.793883">
<ele>-6</ele>
<time>2026-08-23T09:09:25.174+08:00</time>
<extensions>
<gpxtpx:TrackPointExtension>
<gpxtpx:speed>1.11</gpxtpx:speed>
</gpxtpx:TrackPointExtension>
<opentracks:accuracy_horizontal>2.53</opentracks:accuracy_horizontal></extensions>
</trkpt>
<trkpt lat="-32.229485" lon="115.793989">
<ele>-5.4</ele>
<time>2026-08-23T09:09:35.16+08:00</time>
<extensions>
<gpxtpx:TrackPointExtension>
<gpxtpx:speed>1.02</gpxtpx:speed>
</gpxtpx:TrackPointExtension>
<opentracks:accuracy_horizontal>2.292</opentracks:accuracy_horizontal></extensions>
</trkpt>
<trkpt lat="-32.229471" lon="115.7941">
<ele>-6.3</ele>
<time>2026-08-23T09:09:46.159+08:00</time>
<extensions>
<gpxtpx:TrackPointExtension>
<gpxtpx:speed>0.97</gpxtpx:speed>
</gpxtpx:TrackPointExtension>
<opentracks:accuracy_horizontal>2.28</opentracks:accuracy_horizontal></extensions>
</trkpt>
<trkpt lat="-32.229437" lon="115.794211">
<ele>-5</ele>
<time>2026-08-23T09:09:56.156+08:00</time>
<extensions>
<gpxtpx:TrackPointExtension>
<gpxtpx:speed>1.04</gpxtpx:speed>
</gpxtpx:TrackPointExtension>
<opentracks:accuracy_horizontal>2.315</opentracks:accuracy_horizontal></extensions>
</trkpt>
<trkpt lat="-32.229408" lon="115.794299">
<ele>-4.3</ele>
<time>2026-08-23T09:10:05.16+08:00</time>
<extensions>
<gpxtpx:TrackPointExtension>
<gpxtpx:speed>1.02</gpxtpx:speed>
</gpxtpx:TrackPointExtension>
<opentracks:accuracy_horizontal>2.431</opentracks:accuracy_horizontal></extensions>
</trkpt>
<trkpt lat="-32.229417" lon="115.794414">
<ele>-2.9</ele>
<time>2026-08-23T09:10:21.159+08:00</time>
<extensions>
<gpxtpx:TrackPointExtension>
<gpxtpx:speed>0.59</gpxtpx:speed>
</gpxtpx:TrackPointExtension>
<opentracks:accuracy_horizontal>2.287</opentracks:accuracy_horizontal></extensions>
</trkpt>
<trkpt lat="-32.229494" lon="115.794489">
<ele>-1.5</ele>
<time>2026-08-23T09:10:31.175+08:00</time>
<extensions>
<gpxtpx:TrackPointExtension>
<gpxtpx:speed>1.05</gpxtpx:speed>
</gpxtpx:TrackPointExtension>
<opentracks:accuracy_horizontal>2.408</opentracks:accuracy_horizontal></extensions>
</trkpt>
<trkpt lat="-32.229504" lon="115.794596">
<ele>-2.8</ele>
<time>2026-08-23T09:10:41.194+08:00</time>
<extensions>
<gpxtpx:TrackPointExtension>
<gpxtpx:speed>1</gpxtpx:speed>
</gpxtpx:TrackPointExtension>
<opentracks:accuracy_horizontal>2.5</opentracks:accuracy_horizontal></extensions>
</trkpt>
<trkpt lat="-32.2295" lon="115.794694">
<ele>-3.1</ele>
<time>2026-08-23T09:10:51.179+08:00</time>
<extensions>
<gpxtpx:TrackPointExtension>
<gpxtpx:speed>0.95</gpxtpx:speed>
</gpxtpx:TrackPointExtension>
<opentracks:accuracy_horizontal>2.314</opentracks:accuracy_horizontal></extensions>
</trkpt>
<trkpt lat="-32.229471" lon="115.794798">
<ele>-1.2</ele>
<time>2026-08-23T09:11:02.178+08:00</time>
<extensions>
<gpxtpx:TrackPointExtension>
<gpxtpx:speed>0.91</gpxtpx:speed>
</gpxtpx:TrackPointExtension>
<opentracks:accuracy_horizontal>2.226</opentracks:accuracy_horizontal></extensions>
</trkpt>
<trkpt lat="-32.229425" lon="115.794889">
<ele>-0.8</ele>
<time>2026-08-23T09:11:12.175+08:00</time>
<extensions>
<gpxtpx:TrackPointExtension>
<gpxtpx:speed>0.94</gpxtpx:speed>
</gpxtpx:TrackPointExtension>
<opentracks:accuracy_horizontal>2.265</opentracks:accuracy_horizontal></extensions>
</trkpt>
<trkpt lat="-32.229379" lon="115.794975">
<ele>-1.1</ele>
<time>2026-08-23T09:11:22.177+08:00</time>
<extensions>
<gpxtpx:TrackPointExtension>
<gpxtpx:speed>0.87</gpxtpx:speed>
</gpxtpx:TrackPointExtension>
<opentracks:accuracy_horizontal>2.355</opentracks:accuracy_horizontal></extensions>
</trkpt>
<trkpt lat="-32.229459" lon="115.795039">
<ele>0.5</ele>
<time>2026-08-23T09:11:31.188+08:00</time>
<extensions>
<gpxtpx:TrackPointExtension>
<gpxtpx:speed>1.08</gpxtpx:speed>
</gpxtpx:TrackPointExtension>
<opentracks:accuracy_horizontal>2.244</opentracks:accuracy_horizontal></extensions>
</trkpt>
<trkpt lat="-32.229478" lon="115.79514">
<ele>1.5</ele>
<time>2026-08-23T09:11:40.176+08:00</time>
<extensions>
<gpxtpx:TrackPointExtension>
<gpxtpx:speed>1.04</gpxtpx:speed>
</gpxtpx:TrackPointExtension>
<opentracks:accuracy_horizontal>2.233</opentracks:accuracy_horizontal></extensions>
</trkpt>
<trkpt lat="-32.229532" lon="115.79523">
<ele>1.8</ele>
<time>2026-08-23T09:11:49.194+08:00</time>
<extensions>
<gpxtpx:TrackPointExtension>
<gpxtpx:speed>1.1</gpxtpx:speed>
</gpxtpx:TrackPointExtension>
<opentracks:accuracy_horizontal>2.248</opentracks:accuracy_horizontal></extensions>
</trkpt>
<trkpt lat="-32.229563" lon="115.795314">
<ele>1.2</ele>
<time>2026-08-23T09:11:59.171+08:00</time>
<extensions>
<gpxtpx:TrackPointExtension>
<gpxtpx:speed>0.21</gpxtpx:speed>
</gpxtpx:TrackPointExtension>
<opentracks:accuracy_horizontal>2.391</opentracks:accuracy_horizontal></extensions>
</trkpt>
<trkpt lat="-32.229635" lon="115.795383">
<ele>1.7</ele>
<time>2026-08-23T09:12:11.186+08:00</time>
<extensions>
<gpxtpx:TrackPointExtension>
<gpxtpx:speed>0.59</gpxtpx:speed>
</gpxtpx:TrackPointExtension>
<opentracks:accuracy_horizontal>2.271</opentracks:accuracy_horizontal></extensions>
</trkpt>
<trkpt lat="-32.229624" lon="115.795496">
<ele>1.4</ele>
<time>2026-08-23T09:12:21.184+08:00</time>
<extensions>
<gpxtpx:TrackPointExtension>
<gpxtpx:speed>1.17</gpxtpx:speed>
</gpxtpx:TrackPointExtension>
<opentracks:accuracy_horizontal>2.342</opentracks:accuracy_horizontal></extensions>
</trkpt>
<trkpt lat="-32.229636" lon="115.795561">
<ele>2.1</ele>
<time>2026-08-23T09:12:31.174+08:00</time>
<extensions>
<gpxtpx:TrackPointExtension>
<gpxtpx:speed>0.31</gpxtpx:speed>
</gpxtpx:TrackPointExtension>
<opentracks:accuracy_horizontal>2.62</opentracks:accuracy_horizontal></extensions>
</trkpt>
<trkpt lat="-32.229716" lon="115.795612">
<ele>2.5</ele>
<time>2026-08-23T09:12:41.186+08:00</time>
<extensions>
<gpxtpx:TrackPointExtension>
<gpxtpx:speed>1.11</gpxtpx:speed>
</gpxtpx:TrackPointExtension>
<opentracks:accuracy_horizontal>2.257</opentracks:accuracy_horizontal></extensions>
</trkpt>
<trkpt lat="-32.229768" lon="115.79564">
<ele>3.5</ele>
<time>2026-08-23T09:12:51.18+08:00</time>
<extensions>
<gpxtpx:TrackPointExtension>
<gpxtpx:speed>0.18</gpxtpx:speed>
</gpxtpx:TrackPointExtension>
<opentracks:accuracy_horizontal>3.477</opentracks:accuracy_horizontal></extensions>
</trkpt>
<trkpt lat="-32.229865" lon="115.79566">
<ele>1.4</ele>
<time>2026-08-23T09:13:14.186+08:00</time>
<extensions>
<gpxtpx:TrackPointExtension>
<gpxtpx:speed>0.36</gpxtpx:speed>
</gpxtpx:TrackPointExtension>
<opentracks:accuracy_horizontal>2.282</opentracks:accuracy_horizontal></extensions>
</trkpt>
<trkpt lat="-32.229957" lon="115.79568">
<ele>0.9</ele>
<time>2026-08-23T09:13:23.179+08:00</time>
<extensions>
<gpxtpx:TrackPointExtension>
<gpxtpx:speed>1.15</gpxtpx:speed>
</gpxtpx:TrackPointExtension>
<opentracks:accuracy_horizontal>2.643</opentracks:accuracy_horizontal></extensions>
</trkpt>
<trkpt lat="-32.230024" lon="115.795728">
<ele>-1</ele>
<time>2026-08-23T09:13:33.186+08:00</time>
<extensions>
<gpxtpx:TrackPointExtension>
<gpxtpx:speed>1.11</gpxtpx:speed>
</gpxtpx:TrackPointExtension>
<opentracks:accuracy_horizontal>2.305</opentracks:accuracy_horizontal></extensions>
</trkpt>
<trkpt lat="-32.230017" lon="115.795836">
<ele>-1.7</ele>
<time>2026-08-23T09:13:42.169+08:00</time>
<extensions>
<gpxtpx:TrackPointExtension>
<gpxtpx:speed>1.1</gpxtpx:speed>
</gpxtpx:TrackPointExtension>
<opentracks:accuracy_horizontal>2.313</opentracks:accuracy_horizontal></extensions>
</trkpt>
<trkpt lat="-32.230029" lon="115.795951">
<ele>-1.9</ele>
<time>2026-08-23T09:13:52.169+08:00</time>
<extensions>
<gpxtpx:TrackPointExtension>
<gpxtpx:speed>1.06</gpxtpx:speed>
</gpxtpx:TrackPointExtension>
<opentracks:accuracy_horizontal>2.276</opentracks:accuracy_horizontal></extensions>
</trkpt>
<trkpt lat="-32.230039" lon="115.796067">
<ele>-1.7</ele>
<time>2026-08-23T09:14:01.211+08:00</time>
<extensions>
<gpxtpx:TrackPointExtension>
<gpxtpx:speed>1.11</gpxtpx:speed>
</gpxtpx:TrackPointExtension>
<opentracks:accuracy_horizontal>2.24</opentracks:accuracy_horizontal></extensions>
</trkpt>
<trkpt lat="-32.230048" lon="115.796183">
<ele>-2.5</ele>
<time>2026-08-23T09:14:11.195+08:00</time>
<extensions>
<gpxtpx:TrackPointExtension>
<gpxtpx:speed>1.09</gpxtpx:speed>
</gpxtpx:TrackPointExtension>
<opentracks:accuracy_horizontal>2.291</opentracks:accuracy_horizontal></extensions>
</trkpt>
<trkpt lat="-32.230054" lon="115.796298">
<ele>-1</ele>
<time>2026-08-23T09:14:20.196+08:00</time>
<extensions>
<gpxtpx:TrackPointExtension>
<gpxtpx:speed>1.1</gpxtpx:speed>
</gpxtpx:TrackPointExtension>
<opentracks:accuracy_horizontal>2.283</opentracks:accuracy_horizontal></extensions>
</trkpt>
<trkpt lat="-32.23008" lon="115.796409">
<ele>-1.7</ele>
<time>2026-08-23T09:14:29.194+08:00</time>
<extensions>
<gpxtpx:TrackPointExtension>
<gpxtpx:speed>1.14</gpxtpx:speed>
</gpxtpx:TrackPointExtension>
<opentracks:accuracy_horizontal>2.276</opentracks:accuracy_horizontal></extensions>
</trkpt>
<trkpt lat="-32.230067" lon="115.796515">
<ele>-0.9</ele>
<time>2026-08-23T09:14:39.177+08:00</time>
<extensions>
<gpxtpx:TrackPointExtension>
<gpxtpx:speed>1.06</gpxtpx:speed>
</gpxtpx:TrackPointExtension>
<opentracks:accuracy_horizontal>2.262</opentracks:accuracy_horizontal></extensions>
</trkpt>
<trkpt lat="-32.230041" lon="115.79662">
<ele>0</ele>
<time>2026-08-23T09:14:48.202+08:00</time>
<extensions>
<gpxtpx:TrackPointExtension>
<gpxtpx:speed>1.08</gpxtpx:speed>
</gpxtpx:TrackPointExtension>
<opentracks:accuracy_horizontal>2.282</opentracks:accuracy_horizontal></extensions>
</trkpt>
<trkpt lat="-32.230032" lon="115.796733">
<ele>-0.3</ele>
<time>2026-08-23T09:14:58.176+08:00</time>
<extensions>
<gpxtpx:TrackPointExtension>
<gpxtpx:speed>1.08</gpxtpx:speed>
</gpxtpx:TrackPointExtension>
<opentracks:accuracy_horizontal>2.185</opentracks:accuracy_horizontal></extensions>
</trkpt>
<trkpt lat="-32.230035" lon="115.796849">
<ele>1.2</ele>
<time>2026-08-23T09:15:08.182+08:00</time>
<extensions>
<gpxtpx:TrackPointExtension>
<gpxtpx:speed>1.06</gpxtpx:speed>
</gpxtpx:TrackPointExtension>
<opentracks:accuracy_horizontal>2.314</opentracks:accuracy_horizontal></extensions>
</trkpt>
<trkpt lat="-32.230012" lon="115.796955">
<ele>1.6</ele>
<time>2026-08-23T09:15:18.182+08:00</time>
<extensions>
<gpxtpx:TrackPointExtension>
<gpxtpx:speed>0.98</gpxtpx:speed>
</gpxtpx:TrackPointExtension>
<opentracks:accuracy_horizontal>2.351</opentracks:accuracy_horizontal></extensions>
</trkpt>
<trkpt lat="-32.22994" lon="115.797034">
<ele>2.6</ele>
<time>2026-08-23T09:15:28.185+08:00</time>
<extensions>
<gpxtpx:TrackPointExtension>
<gpxtpx:speed>1.02</gpxtpx:speed>
</gpxtpx:TrackPointExtension>
<opentracks:accuracy_horizontal>2.248</opentracks:accuracy_horizontal></extensions>
</trkpt>
<trkpt lat="-32.229875" lon="115.797096">
<ele>2.7</ele>
<time>2026-08-23T09:15:38.183+08:00</time>
<extensions>
<gpxtpx:TrackPointExtension>
<gpxtpx:speed>0.95</gpxtpx:speed>
</gpxtpx:TrackPointExtension>
<opentracks:accuracy_horizontal>2.361</opentracks:accuracy_horizontal></extensions>
</trkpt>
<trkpt lat="-32.229815" lon="115.79718">
<ele>4.6</ele>
<time>2026-08-23T09:15:51.192+08:00</time>
<extensions>
<gpxtpx:TrackPointExtension>
<gpxtpx:speed>0.86</gpxtpx:speed>
</gpxtpx:TrackPointExtension>
<opentracks:accuracy_horizontal>2.322</opentracks:accuracy_horizontal></extensions>
</trkpt>
<trkpt lat="-32.229766" lon="115.797244">
<ele>5.7</ele>
<time>2026-08-23T09:16:01.197+08:00</time>
<extensions>
<gpxtpx:TrackPointExtension>
<gpxtpx:speed>0.79</gpxtpx:speed>
</gpxtpx:TrackPointExtension>
<opentracks:accuracy_horizontal>2.432</opentracks:accuracy_horizontal></extensions>
</trkpt>
<trkpt lat="-32.229689" lon="115.797307">
<ele>7.6</ele>
<time>2026-08-23T09:16:13.184+08:00</time>
<extensions>
<gpxtpx:TrackPointExtension>
<gpxtpx:speed>0.86</gpxtpx:speed>
</gpxtpx:TrackPointExtension>
<opentracks:accuracy_horizontal>2.23</opentracks:accuracy_horizontal></extensions>
</trkpt>
<trkpt lat="-32.229652" lon="115.797412">
<ele>9.1</ele>
<time>2026-08-23T09:16:22.2+08:00</time>
<extensions>
<gpxtpx:TrackPointExtension>
<gpxtpx:speed>1.02</gpxtpx:speed>
</gpxtpx:TrackPointExtension>
<opentracks:accuracy_horizontal>2.224</opentracks:accuracy_horizontal></extensions>
</trkpt>
<trkpt lat="-32.229677" lon="115.797362">
<ele>9.1</ele>
<time>2026-08-23T09:16:32.185+08:00</time>
<extensions>
<gpxtpx:TrackPointExtension>
<gpxtpx:speed>1.41</gpxtpx:speed>
</gpxtpx:TrackPointExtension>
<opentracks:accuracy_horizontal>2.358</opentracks:accuracy_horizontal></extensions>
</trkpt>
<trkpt lat="-32.229629" lon="115.797468">
<ele>9.6</ele>
<time>2026-08-23T09:16:43.2+08:00</time>
<extensions>
<gpxtpx:TrackPointExtension>
<gpxtpx:speed>1.05</gpxtpx:speed>
</gpxtpx:TrackPointExtension>
<opentracks:accuracy_horizontal>2.226</opentracks:accuracy_horizontal></extensions>
</trkpt>
<trkpt lat="-32.229596" lon="115.797566">
<ele>10.6</ele>
<time>2026-08-23T09:16:53.179+08:00</time>
<extensions>
<gpxtpx:TrackPointExtension>
<gpxtpx:speed>0.93</gpxtpx:speed>
</gpxtpx:TrackPointExtension>
<opentracks:accuracy_horizontal>2.296</opentracks:accuracy_horizontal></extensions>
</trkpt>
<trkpt lat="-32.229515" lon="115.797622">
<ele>9.3</ele>
<time>2026-08-23T09:17:03.183+08:00</time>
<extensions>
<gpxtpx:TrackPointExtension>
<gpxtpx:speed>1.01</gpxtpx:speed>
</gpxtpx:TrackPointExtension>
<opentracks:accuracy_horizontal>2.203</opentracks:accuracy_horizontal></extensions>
</trkpt>
<trkpt lat="-32.22946" lon="115.797681">
<ele>7.9</ele>
<time>2026-08-23T09:17:13.19+08:00</time>
<extensions>
<gpxtpx:TrackPointExtension>
<gpxtpx:speed>0.9</gpxtpx:speed>
</gpxtpx:TrackPointExtension>
<opentracks:accuracy_horizontal>2.155</opentracks:accuracy_horizontal></extensions>
</trkpt>
<trkpt lat="-32.229408" lon="115.797774">
<ele>6.2</ele>
<time>2026-08-23T09:17:24.187+08:00</time>
<extensions>
<gpxtpx:TrackPointExtension>
<gpxtpx:speed>0.89</gpxtpx:speed>
</gpxtpx:TrackPointExtension>
<opentracks:accuracy_horizontal>2.145</opentracks:accuracy_horizontal></extensions>
</trkpt>
<trkpt lat="-32.229435" lon="115.797836">
<ele>5.8</ele>
<time>2026-08-23T09:17:34.169+08:00</time>
<extensions>
<gpxtpx:TrackPointExtension>
<gpxtpx:speed>0.34</gpxtpx:speed>
</gpxtpx:TrackPointExtension>
<opentracks:accuracy_horizontal>2.403</opentracks:accuracy_horizontal></extensions>
</trkpt>
<trkpt lat="-32.229484" lon="115.797928">
<ele>2.2</ele>
<time>2026-08-23T09:18:04.17+08:00</time>
<extensions>
<gpxtpx:TrackPointExtension>
<gpxtpx:speed>0.38</gpxtpx:speed>
</gpxtpx:TrackPointExtension>
<opentracks:accuracy_horizontal>2.289</opentracks:accuracy_horizontal></extensions>
</trkpt>
<trkpt lat="-32.229518" lon="115.797964">
<ele>0.4</ele>
<time>2026-08-23T09:18:14.186+08:00</time>
<extensions>
<gpxtpx:TrackPointExtension>
<gpxtpx:speed>0.41</gpxtpx:speed>
</gpxtpx:TrackPointExtension>
<opentracks:accuracy_horizontal>2.538</opentracks:accuracy_horizontal></extensions>
</trkpt>
<trkpt lat="-32.229603" lon="115.79802">
<ele>-0</ele>
<time>2026-08-23T09:18:29.188+08:00</time>
<extensions>
<gpxtpx:TrackPointExtension>
<gpxtpx:speed>0.55</gpxtpx:speed>
</gpxtpx:TrackPointExtension>
<opentracks:accuracy_horizontal>2.374</opentracks:accuracy_horizontal></extensions>
</trkpt>
<trkpt lat="-32.229656" lon="115.798051">
<ele>0.6</ele>
<time>2026-08-23T09:18:39.19+08:00</time>
<extensions>
<gpxtpx:TrackPointExtension>
<gpxtpx:speed>0.41</gpxtpx:speed>
</gpxtpx:TrackPointExtension>
<opentracks:accuracy_horizontal>2.52</opentracks:accuracy_horizontal></extensions>
</trkpt>
<trkpt lat="-32.229672" lon="115.798162">
<ele>-2.1</ele>
<time>2026-08-23T09:18:55.187+08:00</time>
<extensions>
<gpxtpx:TrackPointExtension>
<gpxtpx:speed>1.1</gpxtpx:speed>
</gpxtpx:TrackPointExtension>
<opentracks:accuracy_horizontal>2.363</opentracks:accuracy_horizontal></extensions>
</trkpt>
<trkpt lat="-32.229695" lon="115.798242">
<ele>-3.1</ele>
<time>2026-08-23T09:19:05.187+08:00</time>
<extensions>
<gpxtpx:TrackPointExtension>
<gpxtpx:speed>0.84</gpxtpx:speed>
</gpxtpx:TrackPointExtension>
<opentracks:accuracy_horizontal>2.322</opentracks:accuracy_horizontal></extensions>
</trkpt>
<trkpt lat="-32.229719" lon="115.798347">
<ele>-6.3</ele>
<time>2026-08-23T09:19:18.187+08:00</time>
<extensions>
<gpxtpx:TrackPointExtension>
<gpxtpx:speed>0.82</gpxtpx:speed>
</gpxtpx:TrackPointExtension>
<opentracks:accuracy_horizontal>2.407</opentracks:accuracy_horizontal></extensions>
</trkpt>
<trkpt lat="-32.229784" lon="115.79841">
<ele>-6.8</ele>
<time>2026-08-23T09:19:28.187+08:00</time>
<extensions>
<gpxtpx:TrackPointExtension>
<gpxtpx:speed>0.91</gpxtpx:speed>
</gpxtpx:TrackPointExtension>
<opentracks:accuracy_horizontal>2.371</opentracks:accuracy_horizontal></extensions>
</trkpt>
<trkpt lat="-32.229858" lon="115.798478">
<ele>-11.5</ele>
<time>2026-08-23T09:19:41.238+08:00</time>
<extensions>
<gpxtpx:TrackPointExtension>
<gpxtpx:speed>1.11</gpxtpx:speed>
</gpxtpx:TrackPointExtension>
<opentracks:accuracy_horizontal>2.91</opentracks:accuracy_horizontal></extensions>
</trkpt>
<trkpt lat="-32.229907" lon="115.798534">
<ele>-10.6</ele>
<time>2026-08-23T09:19:51.196+08:00</time>
<extensions>
<gpxtpx:TrackPointExtension>
<gpxtpx:speed>0.83</gpxtpx:speed>
</gpxtpx:TrackPointExtension>
<opentracks:accuracy_horizontal>2.404</opentracks:accuracy_horizontal></extensions>
</trkpt>
<trkpt lat="-32.229938" lon="115.798642">
<ele>-12</ele>
<time>2026-08-23T09:20:02.186+08:00</time>
<extensions>
<gpxtpx:TrackPointExtension>
<gpxtpx:speed>0.89</gpxtpx:speed>
</gpxtpx:TrackPointExtension>
<opentracks:accuracy_horizontal>2.292</opentracks:accuracy_horizontal></extensions>
</trkpt>
<trkpt lat="-32.229978" lon="115.798724">
<ele>-14.2</ele>
<time>2026-08-23T09:20:12.189+08:00</time>
<extensions>
<gpxtpx:TrackPointExtension>
<gpxtpx:speed>0.88</gpxtpx:speed>
</gpxtpx:TrackPointExtension>
<opentracks:accuracy_horizontal>2.359</opentracks:accuracy_horizontal></extensions>
</trkpt>
<trkpt lat="-32.230031" lon="115.798823">
<ele>-14.6</ele>
<time>2026-08-23T09:20:23.182+08:00</time>
<extensions>
<gpxtpx:TrackPointExtension>
<gpxtpx:speed>0.95</gpxtpx:speed>
</gpxtpx:TrackPointExtension>
<opentracks:accuracy_horizontal>2.391</opentracks:accuracy_horizontal></extensions>
</trkpt>
<trkpt lat="-32.230062" lon="115.798914">
<ele>-15.2</ele>
<time>2026-08-23T09:20:33.175+08:00</time>
<extensions>
<gpxtpx:TrackPointExtension>
<gpxtpx:speed>0.93</gpxtpx:speed>
</gpxtpx:TrackPointExtension>
<opentracks:accuracy_horizontal>2.281</opentracks:accuracy_horizontal></extensions>
</trkpt>
<trkpt lat="-32.230111" lon="115.799009">
<ele>-16.6</ele>
<time>2026-08-23T09:20:49.193+08:00</time>
<extensions>
<gpxtpx:TrackPointExtension>
<gpxtpx:speed>1.13</gpxtpx:speed>
</gpxtpx:TrackPointExtension>
<opentracks:accuracy_horizontal>2.325</opentracks:accuracy_horizontal></extensions>
</trkpt>
<trkpt lat="-32.230089" lon="115.799015">
<ele>-16.7</ele>
<time>2026-08-23T09:20:59.184+08:00</time>
<extensions>
<gpxtpx:TrackPointExtension>
<gpxtpx:speed>0.31</gpxtpx:speed>
</gpxtpx:TrackPointExtension>
<opentracks:accuracy_horizontal>2.419</opentracks:accuracy_horizontal></extensions>
</trkpt>
<trkpt lat="-32.230052" lon="115.799119">
<ele>-17.1</ele>
<time>2026-08-23T09:21:17.248+08:00</time>
<extensions>
<gpxtpx:TrackPointExtension>
<gpxtpx:speed>0.98</gpxtpx:speed>
</gpxtpx:TrackPointExtension>
<opentracks:accuracy_horizontal>3.907</opentracks:accuracy_horizontal></extensions>
</trkpt>
<trkpt lat="-32.23009" lon="115.799128">
<ele>-18.6</ele>
<time>2026-08-23T09:21:27.251+08:00</time>
<extensions>
<gpxtpx:TrackPointExtension>
<gpxtpx:speed>0.7</gpxtpx:speed>
</gpxtpx:TrackPointExtension>
<opentracks:accuracy_horizontal>3.534</opentracks:accuracy_horizontal></extensions>
</trkpt>
<trkpt lat="-32.230181" lon="115.79913">
<ele>-19.5</ele>
<time>2026-08-23T09:21:44.246+08:00</time>
<extensions>
<gpxtpx:TrackPointExtension>
<gpxtpx:speed>0.87</gpxtpx:speed>
</gpxtpx:TrackPointExtension>
<opentracks:accuracy_horizontal>3.19</opentracks:accuracy_horizontal></extensions>
</trkpt>
<trkpt lat="-32.230267" lon="115.799165">
<ele>-20.8</ele>
<time>2026-08-23T09:21:54.228+08:00</time>
<extensions>
<gpxtpx:TrackPointExtension>
<gpxtpx:speed>0.98</gpxtpx:speed>
</gpxtpx:TrackPointExtension>
<opentracks:accuracy_horizontal>3.606</opentracks:accuracy_horizontal></extensions>
</trkpt>
<trkpt lat="-32.23031" lon="115.799259">
<ele>-20.2</ele>
<time>2026-08-23T09:22:02.223+08:00</time>
<extensions>
<gpxtpx:TrackPointExtension>
<gpxtpx:speed>1.09</gpxtpx:speed>
</gpxtpx:TrackPointExtension>
<opentracks:accuracy_horizontal>3.193</opentracks:accuracy_horizontal></extensions>
</trkpt>
<trkpt lat="-32.230349" lon="115.799326">
<ele>-20.8</ele>
<time>2026-08-23T09:22:11.248+08:00</time>
<extensions>
<gpxtpx:TrackPointExtension>
<gpxtpx:speed>0.93</gpxtpx:speed>
</gpxtpx:TrackPointExtension>
<opentracks:accuracy_horizontal>3.172</opentracks:accuracy_horizontal></extensions>
</trkpt>
<trkpt lat="-32.230415" lon="115.799412">
<ele>-20.1</ele>
<time>2026-08-23T09:22:27.237+08:00</time>
<extensions>
<gpxtpx:TrackPointExtension>
<gpxtpx:speed>0.89</gpxtpx:speed>
</gpxtpx:TrackPointExtension>
<opentracks:accuracy_horizontal>3.631</opentracks:accuracy_horizontal></extensions>
</trkpt>
<trkpt lat="-32.2305" lon="115.799457">
<ele>-19.5</ele>
<time>2026-08-23T09:22:35.235+08:00</time>
<extensions>
<gpxtpx:TrackPointExtension>
<gpxtpx:speed>1.1</gpxtpx:speed>
</gpxtpx:TrackPointExtension>
<opentracks:accuracy_horizontal>2.472</opentracks:accuracy_horizontal></extensions>
</trkpt>
<trkpt lat="-32.230563" lon="115.799499">
<ele>-17.9</ele>
<time>2026-08-23T09:22:45.188+08:00</time>
<extensions>
<gpxtpx:TrackPointExtension>
<gpxtpx:speed>0.99</gpxtpx:speed>
</gpxtpx:TrackPointExtension>
<opentracks:accuracy_horizontal>2.474</opentracks:accuracy_horizontal></extensions>
</trkpt>
<trkpt lat="-32.230651" lon="115.799534">
<ele>-17.8</ele>
<time>2026-08-23T09:22:57.19+08:00</time>
<extensions>
<gpxtpx:TrackPointExtension>
<gpxtpx:speed>0.88</gpxtpx:speed>
</gpxtpx:TrackPointExtension>
<opentracks:accuracy_horizontal>2.385</opentracks:accuracy_horizontal></extensions>
</trkpt>
<trkpt lat="-32.230735" lon="115.799584">
<ele>-17.5</ele>
<time>2026-08-23T09:23:05.185+08:00</time>
<extensions>
<gpxtpx:TrackPointExtension>
<gpxtpx:speed>1.11</gpxtpx:speed>
</gpxtpx:TrackPointExtension>
<opentracks:accuracy_horizontal>2.375</opentracks:accuracy_horizontal></extensions>
</trkpt>
<trkpt lat="-32.230823" lon="115.799611">
<ele>-17.8</ele>
<time>2026-08-23T09:23:13.187+08:00</time>
<extensions>
<gpxtpx:TrackPointExtension>
<gpxtpx:speed>1.2</gpxtpx:speed>
</gpxtpx:TrackPointExtension>
<opentracks:accuracy_horizontal>2.352</opentracks:accuracy_horizontal></extensions>
</trkpt>
<trkpt lat="-32.2309" lon="115.799615">
<ele>-17.8</ele>
<time>2026-08-23T09:23:22.172+08:00</time>
<extensions>
<gpxtpx:TrackPointExtension>
<gpxtpx:speed>1.09</gpxtpx:speed>
</gpxtpx:TrackPointExtension>
<opentracks:accuracy_horizontal>2.436</opentracks:accuracy_horizontal></extensions>
</trkpt>
<trkpt lat="-32.230993" lon="115.799632">
<ele>-19.4</ele>
<time>2026-08-23T09:24:05.246+08:00</time>
<extensions>
<gpxtpx:TrackPointExtension>
<gpxtpx:speed>1.04</gpxtpx:speed>
</gpxtpx:TrackPointExtension>
<opentracks:accuracy_horizontal>3.752</opentracks:accuracy_horizontal></extensions>
</trkpt>
<trkpt lat="-32.231083" lon="115.799634">
<ele>-20.8</ele>
<time>2026-08-23T09:24:11.246+08:00</time>
<extensions>
<gpxtpx:TrackPointExtension>
<gpxtpx:speed>1.43</gpxtpx:speed>
</gpxtpx:TrackPointExtension>
<opentracks:accuracy_horizontal>3.086</opentracks:accuracy_horizontal></extensions>
</trkpt>
<trkpt lat="-32.231176" lon="115.799582">
<ele>-20.4</ele>
<time>2026-08-23T09:24:19.176+08:00</time>
<extensions>
<gpxtpx:TrackPointExtension>
<gpxtpx:speed>1.38</gpxtpx:speed>
</gpxtpx:TrackPointExtension>
<opentracks:accuracy_horizontal>2.245</opentracks:accuracy_horizontal></extensions>
</trkpt>
<trkpt lat="-32.231244" lon="115.799511">
<ele>-21.8</ele>
<time>2026-08-23T09:24:27.2+08:00</time>
<extensions>
<gpxtpx:TrackPointExtension>
<gpxtpx:speed>1.25</gpxtpx:speed>
</gpxtpx:TrackPointExtension>
<opentracks:accuracy_horizontal>2.307</opentracks:accuracy_horizontal></extensions>
</trkpt>
<trkpt lat="-32.231318" lon="115.799439">
<ele>-22.3</ele>
<time>2026-08-23T09:24:36.174+08:00</time>
<extensions>
<gpxtpx:TrackPointExtension>
<gpxtpx:speed>1.18</gpxtpx:speed>
</gpxtpx:TrackPointExtension>
<opentracks:accuracy_horizontal>2.311</opentracks:accuracy_horizontal></extensions>
</trkpt>
<trkpt lat="-32.23142" lon="115.799423">
<ele>-24</ele>
<time>2026-08-23T09:24:45.195+08:00</time>
<extensions>
<gpxtpx:TrackPointExtension>
<gpxtpx:speed>1.27</gpxtpx:speed>
</gpxtpx:TrackPointExtension>
<opentracks:accuracy_horizontal>2.343</opentracks:accuracy_horizontal></extensions>
</trkpt>
<trkpt lat="-32.231512" lon="115.799423">
<ele>-24.5</ele>
<time>2026-08-23T09:24:52.198+08:00</time>
<extensions>
<gpxtpx:TrackPointExtension>
<gpxtpx:speed>1.3</gpxtpx:speed>
</gpxtpx:TrackPointExtension>
<opentracks:accuracy_horizontal>2.268</opentracks:accuracy_horizontal></extensions>
</trkpt>
<trkpt lat="-32.231609" lon="115.799417">
<ele>-25.2</ele>
<time>2026-08-23T09:25:00.203+08:00</time>
<extensions>
<gpxtpx:TrackPointExtension>
<gpxtpx:speed>1.31</gpxtpx:speed>
</gpxtpx:TrackPointExtension>
<opentracks:accuracy_horizontal>2.274</opentracks:accuracy_horizontal></extensions>
</trkpt>
<trkpt lat="-32.23169" lon="115.799412">
<ele>-25.5</ele>
<time>2026-08-23T09:25:10.206+08:00</time>
<extensions>
<gpxtpx:TrackPointExtension>
<gpxtpx:speed>0.26</gpxtpx:speed>
</gpxtpx:TrackPointExtension>
<opentracks:accuracy_horizontal>2.399</opentracks:accuracy_horizontal></extensions>
</trkpt>
<trkpt lat="-32.231783" lon="115.799404">
<ele>-24.7</ele>
<time>2026-08-23T09:25:35.174+08:00</time>
<extensions>
<gpxtpx:TrackPointExtension>
<gpxtpx:speed>1.18</gpxtpx:speed>
</gpxtpx:TrackPointExtension>
<opentracks:accuracy_horizontal>2.371</opentracks:accuracy_horizontal></extensions>
</trkpt>
<trkpt lat="-32.23188" lon="115.799411">
<ele>-24.1</ele>
<time>2026-08-23T09:25:43.172+08:00</time>
<extensions>
<gpxtpx:TrackPointExtension>
<gpxtpx:speed>1.29</gpxtpx:speed>
</gpxtpx:TrackPointExtension>
<opentracks:accuracy_horizontal>2.438</opentracks:accuracy_horizontal></extensions>
</trkpt>
<trkpt lat="-32.231971" lon="115.799408">
<ele>-24.9</ele>
<time>2026-08-23T09:25:50.173+08:00</time>
<extensions>
<gpxtpx:TrackPointExtension>
<gpxtpx:speed>1.36</gpxtpx:speed>
</gpxtpx:TrackPointExtension>
<opentracks:accuracy_horizontal>2.738</opentracks:accuracy_horizontal></extensions>
</trkpt>
<trkpt lat="-32.232069" lon="115.799422">
<ele>-25</ele>
<time>2026-08-23T09:25:58.192+08:00</time>
<extensions>
<gpxtpx:TrackPointExtension>
<gpxtpx:speed>1.35</gpxtpx:speed>
</gpxtpx:TrackPointExtension>
<opentracks:accuracy_horizontal>2.489</opentracks:accuracy_horizontal></extensions>
</trkpt>
<trkpt lat="-32.232139" lon="115.79949">
<ele>-24.7</ele>
<time>2026-08-23T09:26:06.185+08:00</time>
<extensions>
<gpxtpx:TrackPointExtension>
<gpxtpx:speed>1.29</gpxtpx:speed>
</gpxtpx:TrackPointExtension>
<opentracks:accuracy_horizontal>2.436</opentracks:accuracy_horizontal></extensions>
</trkpt>
<trkpt lat="-32.232202" lon="115.799568">
<ele>-26.2</ele>
<time>2026-08-23T09:26:13.175+08:00</time>
<extensions>
<gpxtpx:TrackPointExtension>
<gpxtpx:speed>1.32</gpxtpx:speed>
</gpxtpx:TrackPointExtension>
<opentracks:accuracy_horizontal>2.579</opentracks:accuracy_horizontal></extensions>
</trkpt>
<trkpt lat="-32.232252" lon="115.799561">
<ele>-25.9</ele>
<time>2026-08-23T09:26:23.193+08:00</time>
<extensions>
<gpxtpx:TrackPointExtension>
<gpxtpx:speed>1</gpxtpx:speed>
</gpxtpx:TrackPointExtension>
<opentracks:accuracy_horizontal>2.456</opentracks:accuracy_horizontal></extensions>
</trkpt>
<trkpt lat="-32.232268" lon="115.799673">
<ele>-25.5</ele>
<time>2026-08-23T09:26:43.198+08:00</time>
<extensions>
<gpxtpx:TrackPointExtension>
<gpxtpx:speed>1.14</gpxtpx:speed>
</gpxtpx:TrackPointExtension>
<opentracks:accuracy_horizontal>2.69</opentracks:accuracy_horizontal></extensions>
</trkpt>
<trkpt lat="-32.232277" lon="115.799672">
<ele>-24.1</ele>
<time>2026-08-23T09:26:53.186+08:00</time>
<extensions>
<gpxtpx:TrackPointExtension>
<gpxtpx:speed>0.05</gpxtpx:speed>
</gpxtpx:TrackPointExtension>
<opentracks:accuracy_horizontal>2.612</opentracks:accuracy_horizontal></extensions>
</trkpt>
<trkpt lat="-32.23232" lon="115.799767">
<ele>-23.7</ele>
<time>2026-08-23T09:27:24.194+08:00</time>
<extensions>
<gpxtpx:TrackPointExtension>
<gpxtpx:speed>1.12</gpxtpx:speed>
</gpxtpx:TrackPointExtension>
<opentracks:accuracy_horizontal>2.415</opentracks:accuracy_horizontal></extensions>
</trkpt>
<trkpt lat="-32.232385" lon="115.799847">
<ele>-25.3</ele>
<time>2026-08-23T09:27:31.19+08:00</time>
<extensions>
<gpxtpx:TrackPointExtension>
<gpxtpx:speed>1.36</gpxtpx:speed>
</gpxtpx:TrackPointExtension>
<opentracks:accuracy_horizontal>2.318</opentracks:accuracy_horizontal></extensions>
</trkpt>
<trkpt lat="-32.232449" lon="115.799929">
<ele>-25.7</ele>
<time>2026-08-23T09:27:39.199+08:00</time>
<extensions>
<gpxtpx:TrackPointExtension>
<gpxtpx:speed>1.31</gpxtpx:speed>
</gpxtpx:TrackPointExtension>
<opentracks:accuracy_horizontal>2.379</opentracks:accuracy_horizontal></extensions>
</trkpt>
<trkpt lat="-32.232496" lon="115.800025">
<ele>-25.3</ele>
<time>2026-08-23T09:27:48.194+08:00</time>
<extensions>
<gpxtpx:TrackPointExtension>
<gpxtpx:speed>1.21</gpxtpx:speed>
</gpxtpx:TrackPointExtension>
<opentracks:accuracy_horizontal>2.406</opentracks:accuracy_horizontal></extensions>
</trkpt>
<trkpt lat="-32.232538" lon="115.800003">
<ele>-24.6</ele>
<time>2026-08-23T09:27:58.158+08:00</time>
<extensions>
<gpxtpx:TrackPointExtension>
<gpxtpx:speed>0.8</gpxtpx:speed>
</gpxtpx:TrackPointExtension>
<opentracks:accuracy_horizontal>2.248</opentracks:accuracy_horizontal></extensions>
</trkpt>
<trkpt lat="-32.23257" lon="115.800113">
<ele>-23.6</ele>
<time>2026-08-23T09:28:08.184+08:00</time>
<extensions>
<gpxtpx:TrackPointExtension>
<gpxtpx:speed>1.39</gpxtpx:speed>
</gpxtpx:TrackPointExtension>
<opentracks:accuracy_horizontal>2.51</opentracks:accuracy_horizontal></extensions>
</trkpt>
<trkpt lat="-32.232634" lon="115.800191">
<ele>-25.1</ele>
<time>2026-08-23T09:28:15.212+08:00</time>
<extensions>
<gpxtpx:TrackPointExtension>
<gpxtpx:speed>1.4</gpxtpx:speed>
</gpxtpx:TrackPointExtension>
<opentracks:accuracy_horizontal>2.37</opentracks:accuracy_horizontal></extensions>
</trkpt>
<trkpt lat="-32.232693" lon="115.800273">
<ele>-25.4</ele>
<time>2026-08-23T09:28:23.212+08:00</time>
<extensions>
<gpxtpx:TrackPointExtension>
<gpxtpx:speed>1.28</gpxtpx:speed>
</gpxtpx:TrackPointExtension>
<opentracks:accuracy_horizontal>2.319</opentracks:accuracy_horizontal></extensions>
</trkpt>
<trkpt lat="-32.232755" lon="115.800368">
<ele>-26.7</ele>
<time>2026-08-23T09:28:30.192+08:00</time>
<extensions>
<gpxtpx:TrackPointExtension>
<gpxtpx:speed>1.4</gpxtpx:speed>
</gpxtpx:TrackPointExtension>
<opentracks:accuracy_horizontal>2.581</opentracks:accuracy_horizontal></extensions>
</trkpt>
<trkpt lat="-32.232823" lon="115.800456">
<ele>-26.1</ele>
<time>2026-08-23T09:28:37.202+08:00</time>
<extensions>
<gpxtpx:TrackPointExtension>
<gpxtpx:speed>1.48</gpxtpx:speed>
</gpxtpx:TrackPointExtension>
<opentracks:accuracy_horizontal>2.404</opentracks:accuracy_horizontal></extensions>
</trkpt>
<trkpt lat="-32.232885" lon="115.800554">
<ele>-25.6</ele>
<time>2026-08-23T09:28:45.191+08:00</time>
<extensions>
<gpxtpx:TrackPointExtension>
<gpxtpx:speed>1.44</gpxtpx:speed>
</gpxtpx:TrackPointExtension>
<opentracks:accuracy_horizontal>2.337</opentracks:accuracy_horizontal></extensions>
</trkpt>
<trkpt lat="-32.232955" lon="115.800638">
<ele>-24.9</ele>
<time>2026-08-23T09:28:53.188+08:00</time>
<extensions>
<gpxtpx:TrackPointExtension>
<gpxtpx:speed>1.4</gpxtpx:speed>
</gpxtpx:TrackPointExtension>
<opentracks:accuracy_horizontal>2.429</opentracks:accuracy_horizontal></extensions>
</trkpt>
<trkpt lat="-32.233008" lon="115.800723">
<ele>-23.2</ele>
<time>2026-08-23T09:29:02.201+08:00</time>
<extensions>
<gpxtpx:TrackPointExtension>
<gpxtpx:speed>1.04</gpxtpx:speed>
</gpxtpx:TrackPointExtension>
<opentracks:accuracy_horizontal>2.487</opentracks:accuracy_horizontal></extensions>
</trkpt>
<trkpt lat="-32.233042" lon="115.800793">
<ele>-24.3</ele>
<time>2026-08-23T09:29:12.194+08:00</time>
<extensions>
<gpxtpx:TrackPointExtension>
<gpxtpx:speed>1.02</gpxtpx:speed>
</gpxtpx:TrackPointExtension>
<opentracks:accuracy_horizontal>2.281</opentracks:accuracy_horizontal></extensions>
</trkpt>
<trkpt lat="-32.233108" lon="115.80089">
<ele>-25</ele>
<time>2026-08-23T09:29:20.188+08:00</time>
<extensions>
<gpxtpx:TrackPointExtension>
<gpxtpx:speed>1.36</gpxtpx:speed>
</gpxtpx:TrackPointExtension>
<opentracks:accuracy_horizontal>2.547</opentracks:accuracy_horizontal></extensions>
</trkpt>
<trkpt lat="-32.233171" lon="115.800972">
<ele>-25.3</ele>
<time>2026-08-23T09:29:27.214+08:00</time>
<extensions>
<gpxtpx:TrackPointExtension>
<gpxtpx:speed>1.38</gpxtpx:speed>
</gpxtpx:TrackPointExtension>
<opentracks:accuracy_horizontal>2.268</opentracks:accuracy_horizontal></extensions>
</trkpt>
<trkpt lat="-32.233228" lon="115.801059">
<ele>-25.5</ele>
<time>2026-08-23T09:29:35.198+08:00</time>
<extensions>
<gpxtpx:TrackPointExtension>
<gpxtpx:speed>1.31</gpxtpx:speed>
</gpxtpx:TrackPointExtension>
<opentracks:accuracy_horizontal>2.267</opentracks:accuracy_horizontal></extensions>
</trkpt>
<trkpt lat="-32.23329" lon="115.801154">
<ele>-24.5</ele>
<time>2026-08-23T09:29:43.197+08:00</time>
<extensions>
<gpxtpx:TrackPointExtension>
<gpxtpx:speed>1.35</gpxtpx:speed>
</gpxtpx:TrackPointExtension>
<opentracks:accuracy_horizontal>2.347</opentracks:accuracy_horizontal></extensions>
</trkpt>
<trkpt lat="-32.233352" lon="115.801237">
<ele>-23.4</ele>
<time>2026-08-23T09:29:51.175+08:00</time>
<extensions>
<gpxtpx:TrackPointExtension>
<gpxtpx:speed>1.31</gpxtpx:speed>
</gpxtpx:TrackPointExtension>
<opentracks:accuracy_horizontal>2.42</opentracks:accuracy_horizontal></extensions>
</trkpt>
<trkpt lat="-32.233407" lon="115.801327">
<ele>-24.5</ele>
<time>2026-08-23T09:29:59.158+08:00</time>
<extensions>
<gpxtpx:TrackPointExtension>
<gpxtpx:speed>1.31</gpxtpx:speed>
</gpxtpx:TrackPointExtension>
<opentracks:accuracy_horizontal>2.324</opentracks:accuracy_horizontal></extensions>
</trkpt>
<trkpt lat="-32.233467" lon="115.80141">
<ele>-27.4</ele>
<time>2026-08-23T09:30:06.174+08:00</time>
<extensions>
<gpxtpx:TrackPointExtension>
<gpxtpx:speed>1.46</gpxtpx:speed>
</gpxtpx:TrackPointExtension>
<opentracks:accuracy_horizontal>2.555</opentracks:accuracy_horizontal></extensions>
</trkpt>
<trkpt lat="-32.233528" lon="115.801491">
<ele>-26.8</ele>
<time>2026-08-23T09:30:12.194+08:00</time>
<extensions>
<gpxtpx:TrackPointExtension>
<gpxtpx:speed>1.53</gpxtpx:speed>
</gpxtpx:TrackPointExtension>
<opentracks:accuracy_horizontal>2.452</opentracks:accuracy_horizontal></extensions>
</trkpt>
<trkpt lat="-32.233576" lon="115.801584">
<ele>-23.5</ele>
<time>2026-08-23T09:30:20.199+08:00</time>
<extensions>
<gpxtpx:TrackPointExtension>
<gpxtpx:speed>1.37</gpxtpx:speed>
</gpxtpx:TrackPointExtension>
<opentracks:accuracy_horizontal>2.331</opentracks:accuracy_horizontal></extensions>
</trkpt>
<trkpt lat="-32.233647" lon="115.801667">
<ele>-22.7</ele>
<time>2026-08-23T09:30:28.177+08:00</time>
<extensions>
<gpxtpx:TrackPointExtension>
<gpxtpx:speed>1.35</gpxtpx:speed>
</gpxtpx:TrackPointExtension>
<opentracks:accuracy_horizontal>2.426</opentracks:accuracy_horizontal></extensions>
</trkpt>
<trkpt lat="-32.233707" lon="115.801766">
<ele>-22.3</ele>
<time>2026-08-23T09:30:37.197+08:00</time>
<extensions>
<gpxtpx:TrackPointExtension>
<gpxtpx:speed>1.27</gpxtpx:speed>
</gpxtpx:TrackPointExtension>
<opentracks:accuracy_horizontal>2.497</opentracks:accuracy_horizontal></extensions>
</trkpt>
<trkpt lat="-32.233781" lon="115.801849">
<ele>-22.5</ele>
<time>2026-08-23T09:30:45.198+08:00</time>
<extensions>
<gpxtpx:TrackPointExtension>
<gpxtpx:speed>1.31</gpxtpx:speed>
</gpxtpx:TrackPointExtension>
<opentracks:accuracy_horizontal>2.581</opentracks:accuracy_horizontal></extensions>
</trkpt>
<trkpt lat="-32.233841" lon="115.80193">
<ele>-21.6</ele>
<time>2026-08-23T09:30:52.186+08:00</time>
<extensions>
<gpxtpx:TrackPointExtension>
<gpxtpx:speed>1.33</gpxtpx:speed>
</gpxtpx:TrackPointExtension>
<opentracks:accuracy_horizontal>2.643</opentracks:accuracy_horizontal></extensions>
</trkpt>
<trkpt lat="-32.233867" lon="115.802043">
<ele>-23</ele>
<time>2026-08-23T09:31:01.202+08:00</time>
<extensions>
<gpxtpx:TrackPointExtension>
<gpxtpx:speed>1.26</gpxtpx:speed>
</gpxtpx:TrackPointExtension>
<opentracks:accuracy_horizontal>2.28</opentracks:accuracy_horizontal></extensions>
</trkpt>
<trkpt lat="-32.233876" lon="115.802157">
<ele>-22.9</ele>
<time>2026-08-23T09:31:09.193+08:00</time>
<extensions>
<gpxtpx:TrackPointExtension>
<gpxtpx:speed>1.25</gpxtpx:speed>
</gpxtpx:TrackPointExtension>
<opentracks:accuracy_horizontal>2.39</opentracks:accuracy_horizontal></extensions>
</trkpt>
<trkpt lat="-32.233881" lon="115.802275">
<ele>-22</ele>
<time>2026-08-23T09:31:18.193+08:00</time>
<extensions>
<gpxtpx:TrackPointExtension>
<gpxtpx:speed>1.2</gpxtpx:speed>
</gpxtpx:TrackPointExtension>
<opentracks:accuracy_horizontal>2.404</opentracks:accuracy_horizontal></extensions>
</trkpt>
<trkpt lat="-32.233871" lon="115.802382">
<ele>-22.2</ele>
<time>2026-08-23T09:31:26.253+08:00</time>
<extensions>
<gpxtpx:TrackPointExtension>
<gpxtpx:speed>1.17</gpxtpx:speed>
</gpxtpx:TrackPointExtension>
<opentracks:accuracy_horizontal>2.261</opentracks:accuracy_horizontal></extensions>
</trkpt>
<trkpt lat="-32.233869" lon="115.802499">
<ele>-22.3</ele>
<time>2026-08-23T09:31:34.186+08:00</time>
<extensions>
<gpxtpx:TrackPointExtension>
<gpxtpx:speed>1.26</gpxtpx:speed>
</gpxtpx:TrackPointExtension>
<opentracks:accuracy_horizontal>2.335</opentracks:accuracy_horizontal></extensions>
</trkpt>
<trkpt lat="-32.233864" lon="115.80261">
<ele>-22.5</ele>
<time>2026-08-23T09:31:42.187+08:00</time>
<extensions>
<gpxtpx:TrackPointExtension>
<gpxtpx:speed>1.22</gpxtpx:speed>
</gpxtpx:TrackPointExtension>
<opentracks:accuracy_horizontal>2.234</opentracks:accuracy_horizontal></extensions>
</trkpt>
<trkpt lat="-32.23388" lon="115.802724">
<ele>-20.8</ele>
<time>2026-08-23T09:31:50.19+08:00</time>
<extensions>
<gpxtpx:TrackPointExtension>
<gpxtpx:speed>1.21</gpxtpx:speed>
</gpxtpx:TrackPointExtension>
<opentracks:accuracy_horizontal>2.296</opentracks:accuracy_horizontal></extensions>
</trkpt>
<trkpt lat="-32.233865" lon="115.802831">
<ele>-20.5</ele>
<time>2026-08-23T09:31:58.197+08:00</time>
<extensions>
<gpxtpx:TrackPointExtension>
<gpxtpx:speed>1.2</gpxtpx:speed>
</gpxtpx:TrackPointExtension>
<opentracks:accuracy_horizontal>2.179</opentracks:accuracy_horizontal></extensions>
</trkpt>
<trkpt lat="-32.233881" lon="115.802951">
<ele>-19.7</ele>
<time>2026-08-23T09:32:06.192+08:00</time>
<extensions>
<gpxtpx:TrackPointExtension>
<gpxtpx:speed>1.3</gpxtpx:speed>
</gpxtpx:TrackPointExtension>
<opentracks:accuracy_horizontal>2.548</opentracks:accuracy_horizontal></extensions>
</trkpt>
<trkpt lat="-32.23387" lon="115.803062">
<ele>-18.3</ele>
<time>2026-08-23T09:32:14.197+08:00</time>
<extensions>
<gpxtpx:TrackPointExtension>
<gpxtpx:speed>1.3</gpxtpx:speed>
</gpxtpx:TrackPointExtension>
<opentracks:accuracy_horizontal>2.253</opentracks:accuracy_horizontal></extensions>
</trkpt>
<trkpt lat="-32.23379" lon="115.803115">
<ele>-18.5</ele>
<time>2026-08-23T09:32:23.178+08:00</time>
<extensions>
<gpxtpx:TrackPointExtension>
<gpxtpx:speed>1.26</gpxtpx:speed>
</gpxtpx:TrackPointExtension>
<opentracks:accuracy_horizontal>2.145</opentracks:accuracy_horizontal></extensions>
</trkpt>
<trkpt lat="-32.233691" lon="115.803111">
<ele>-18.4</ele>
<time>2026-08-23T09:32:31.19+08:00</time>
<extensions>
<gpxtpx:TrackPointExtension>
<gpxtpx:speed>1.3</gpxtpx:speed>
</gpxtpx:TrackPointExtension>
<opentracks:accuracy_horizontal>2.195</opentracks:accuracy_horizontal></extensions>
</trkpt>
<trkpt lat="-32.233591" lon="115.803109">
<ele>-19</ele>
<time>2026-08-23T09:32:39.196+08:00</time>
<extensions>
<gpxtpx:TrackPointExtension>
<gpxtpx:speed>1.32</gpxtpx:speed>
</gpxtpx:TrackPointExtension>
<opentracks:accuracy_horizontal>2.194</opentracks:accuracy_horizontal></extensions>
</trkpt>
<trkpt lat="-32.233495" lon="115.803113">
<ele>-18.2</ele>
<time>2026-08-23T09:32:47.194+08:00</time>
<extensions>
<gpxtpx:TrackPointExtension>
<gpxtpx:speed>1.31</gpxtpx:speed>
</gpxtpx:TrackPointExtension>
<opentracks:accuracy_horizontal>2.166</opentracks:accuracy_horizontal></extensions>
</trkpt>
<trkpt lat="-32.233392" lon="115.803118">
<ele>-18.7</ele>
<time>2026-08-23T09:32:55.204+08:00</time>
<extensions>
<gpxtpx:TrackPointExtension>
<gpxtpx:speed>1.34</gpxtpx:speed>
</gpxtpx:TrackPointExtension>
<opentracks:accuracy_horizontal>2.2</opentracks:accuracy_horizontal></extensions>
</trkpt>
<trkpt lat="-32.233291" lon="115.803118">
<ele>-18.1</ele>
<time>2026-08-23T09:33:04.189+08:00</time>
<extensions>
<gpxtpx:TrackPointExtension>
<gpxtpx:speed>1.32</gpxtpx:speed>
</gpxtpx:TrackPointExtension>
<opentracks:accuracy_horizontal>2.182</opentracks:accuracy_horizontal></extensions>
</trkpt>
<trkpt lat="-32.233217" lon="115.803053">
<ele>-17</ele>
<time>2026-08-23T09:33:13.201+08:00</time>
<extensions>
<gpxtpx:TrackPointExtension>
<gpxtpx:speed>1.24</gpxtpx:speed>
</gpxtpx:TrackPointExtension>
<opentracks:accuracy_horizontal>2.201</opentracks:accuracy_horizontal></extensions>
</trkpt>
<trkpt lat="-32.233192" lon="115.803022">
<ele>-17.7</ele>
<time>2026-08-23T09:33:22.19+08:00</time>
<extensions>
<gpxtpx:TrackPointExtension>
<gpxtpx:speed>0.1</gpxtpx:speed>
</gpxtpx:TrackPointExtension>
<opentracks:accuracy_horizontal>2.205</opentracks:accuracy_horizontal></extensions>
</trkpt>
<trkpt lat="-32.233207" lon="115.802908">
<ele>-18.8</ele>
<time>2026-08-23T09:33:37.194+08:00</time>
<extensions>
<gpxtpx:TrackPointExtension>
<gpxtpx:speed>0.07</gpxtpx:speed>
</gpxtpx:TrackPointExtension>
<opentracks:accuracy_horizontal>2.552</opentracks:accuracy_horizontal></extensions>
</trkpt>
<trkpt lat="-32.233217" lon="115.802848">
<ele>-18.9</ele>
<time>2026-08-23T09:33:47.191+08:00</time>
<extensions>
<gpxtpx:TrackPointExtension>
<gpxtpx:speed>0.1</gpxtpx:speed>
</gpxtpx:TrackPointExtension>
<opentracks:accuracy_horizontal>2.303</opentracks:accuracy_horizontal></extensions>
</trkpt>
<trkpt lat="-32.233308" lon="115.80286">
<ele>-20.1</ele>
<time>2026-08-23T09:34:43.217+08:00</time>
<extensions>
<gpxtpx:TrackPointExtension>
<gpxtpx:speed>0.06</gpxtpx:speed>
</gpxtpx:TrackPointExtension>
<opentracks:accuracy_horizontal>3.574</opentracks:accuracy_horizontal></extensions>
</trkpt>
<trkpt lat="-32.233324" lon="115.802858">
<ele>-19</ele>
<time>2026-08-23T09:34:49.225+08:00</time>
<extensions>
<gpxtpx:TrackPointExtension>
<gpxtpx:speed>0.32</gpxtpx:speed>
</gpxtpx:TrackPointExtension>
<opentracks:accuracy_horizontal>4.416</opentracks:accuracy_horizontal></extensions>
</trkpt>
</trkseg>
</trk>
</gpx>
