<?xml version="1.0" encoding="UTF-8"?>
<gpx
version="1.1"
creator="OpenTracks"
xmlns="http://www.topografix.com/GPX/1/1"
xmlns:topografix="http://www.topografix.com/GPX/Private/TopoGrafix/0/1"
xmlns:xsi="http://www.w3.org/2001/XMLSchema-instance"
xmlns:opentracks="http://opentracksapp.com/xmlschemas/v1"
xmlns:gpxtpx="http://www.garmin.com/xmlschemas/TrackPointExtension/v2"
xmlns:gpxtrkx="http://www.garmin.com/xmlschemas/TrackStatsExtension/v1"
xmlns:cluetrust="http://www.cluetrust.com/Schemas/"
xmlns:pwr="http://www.garmin.com/xmlschemas/PowerExtension/v1"
xsi:schemaLocation="http://www.topografix.com/GPX/1/1 http://www.topografix.com/GPX/1/1/gpx.xsd http://www.topografix.com/GPX/Private/TopoGrafix/0/1 http://www.topografix.com/GPX/Private/TopoGrafix/0/1/topografix.xsd http://www.garmin.com/xmlschemas/TrackPointExtension/v2 https://www8.garmin.com/xmlschemas/TrackPointExtensionv2.xsd http://www.garmin.com/xmlschemas/PowerExtension/v1 https://www8.garmin.com/xmlschemas/PowerExtensionv1.xsd http://www.garmin.com/xmlschemas/TrackStatsExtension/v1 https://www8.garmin.com/xmlschemas/TrackStatsExtension.xsd http://www.cluetrust.com/Schemas https://www.cluetrust.com/Schemas/gpxdata10.xsd http://opentracksapp.com/xmlschemas/v1 http://opentracksapp.com/xmlschemas/OpenTracks_v1.xsd">
<trk>
<name><![CDATA[2026-08-29T08:07+08]]></name>
<desc><![CDATA[]]></desc>
<type><![CDATA[cycling]]></type>
<extensions>
<topografix:color>c0c0c0</topografix:color>
<opentracks:trackid>cf348a01-6b18-45c2-9aa0-3798eec8031a</opentracks:trackid>
<opentracks:typeTranslated><![CDATA[cycling]]></opentracks:typeTranslated>
<gpxtrkx:TrackStatsExtension>
<gpxtrkx:Distance>5825.15283203125</gpxtrkx:Distance>
<gpxtrkx:TimerTime>6816</gpxtrkx:TimerTime>
<gpxtrkx:MovingTime>4220</gpxtrkx:MovingTime>
<gpxtrkx:StoppedTime>2596</gpxtrkx:StoppedTime>
<gpxtrkx:MaxSpeed>1.7156367301940918</gpxtrkx:MaxSpeed>
</gpxtrkx:TrackStatsExtension>
</extensions>
<trkseg>
<trkpt lat="-32.233219" lon="115.803034">
<ele>-14.2</ele>
<time>2026-08-29T08:07:21.197+08:00</time>
<extensions>
<gpxtpx:TrackPointExtension>
<gpxtpx:speed>1.06</gpxtpx:speed>
</gpxtpx:TrackPointExtension>
<opentracks:accuracy_horizontal>2.502</opentracks:accuracy_horizontal></extensions>
</trkpt>
<trkpt lat="-32.233269" lon="115.803133">
<ele>-14.7</ele>
<time>2026-08-29T08:07:30.188+08:00</time>
<extensions>
<gpxtpx:TrackPointExtension>
<gpxtpx:speed>1.18</gpxtpx:speed>
</gpxtpx:TrackPointExtension>
<opentracks:accuracy_horizontal>1.876</opentracks:accuracy_horizontal></extensions>
</trkpt>
<trkpt lat="-32.233362" lon="115.803139">
<ele>-16</ele>
<time>2026-08-29T08:07:38.19+08:00</time>
<extensions>
<gpxtpx:TrackPointExtension>
<gpxtpx:speed>1.25</gpxtpx:speed>
</gpxtpx:TrackPointExtension>
<opentracks:accuracy_horizontal>1.676</opentracks:accuracy_horizontal></extensions>
</trkpt>
<trkpt lat="-32.23346" lon="115.803127">
<ele>-16.2</ele>
<time>2026-08-29T08:07:48.157+08:00</time>
<extensions>
<gpxtpx:TrackPointExtension>
<gpxtpx:speed>1.13</gpxtpx:speed>
</gpxtpx:TrackPointExtension>
<opentracks:accuracy_horizontal>1.926</opentracks:accuracy_horizontal></extensions>
</trkpt>
<trkpt lat="-32.233553" lon="115.803119">
<ele>-16</ele>
<time>2026-08-29T08:07:58.168+08:00</time>
<extensions>
<gpxtpx:TrackPointExtension>
<gpxtpx:speed>1.06</gpxtpx:speed>
</gpxtpx:TrackPointExtension>
<opentracks:accuracy_horizontal>1.891</opentracks:accuracy_horizontal></extensions>
</trkpt>
<trkpt lat="-32.233645" lon="115.803131">
<ele>-15.7</ele>
<time>2026-08-29T08:08:07.167+08:00</time>
<extensions>
<gpxtpx:TrackPointExtension>
<gpxtpx:speed>1.08</gpxtpx:speed>
</gpxtpx:TrackPointExtension>
<opentracks:accuracy_horizontal>1.876</opentracks:accuracy_horizontal></extensions>
</trkpt>
<trkpt lat="-32.233744" lon="115.803125">
<ele>-17</ele>
<time>2026-08-29T08:08:16.169+08:00</time>
<extensions>
<gpxtpx:TrackPointExtension>
<gpxtpx:speed>1.16</gpxtpx:speed>
</gpxtpx:TrackPointExtension>
<opentracks:accuracy_horizontal>1.894</opentracks:accuracy_horizontal></extensions>
</trkpt>
<trkpt lat="-32.233836" lon="115.80311">
<ele>-16.5</ele>
<time>2026-08-29T08:08:26.183+08:00</time>
<extensions>
<gpxtpx:TrackPointExtension>
<gpxtpx:speed>1.08</gpxtpx:speed>
</gpxtpx:TrackPointExtension>
<opentracks:accuracy_horizontal>2.139</opentracks:accuracy_horizontal></extensions>
</trkpt>
<trkpt lat="-32.233901" lon="115.803022">
<ele>-17.5</ele>
<time>2026-08-29T08:08:35.186+08:00</time>
<extensions>
<gpxtpx:TrackPointExtension>
<gpxtpx:speed>1.25</gpxtpx:speed>
</gpxtpx:TrackPointExtension>
<opentracks:accuracy_horizontal>2.077</opentracks:accuracy_horizontal></extensions>
</trkpt>
<trkpt lat="-32.233892" lon="115.802911">
<ele>-17.9</ele>
<time>2026-08-29T08:08:43.169+08:00</time>
<extensions>
<gpxtpx:TrackPointExtension>
<gpxtpx:speed>1.26</gpxtpx:speed>
</gpxtpx:TrackPointExtension>
<opentracks:accuracy_horizontal>2.426</opentracks:accuracy_horizontal></extensions>
</trkpt>
<trkpt lat="-32.233894" lon="115.802801">
<ele>-18.1</ele>
<time>2026-08-29T08:08:51.157+08:00</time>
<extensions>
<gpxtpx:TrackPointExtension>
<gpxtpx:speed>1.27</gpxtpx:speed>
</gpxtpx:TrackPointExtension>
<opentracks:accuracy_horizontal>2.194</opentracks:accuracy_horizontal></extensions>
</trkpt>
<trkpt lat="-32.233894" lon="115.802693">
<ele>-19.9</ele>
<time>2026-08-29T08:09:00.16+08:00</time>
<extensions>
<gpxtpx:TrackPointExtension>
<gpxtpx:speed>1.21</gpxtpx:speed>
</gpxtpx:TrackPointExtension>
<opentracks:accuracy_horizontal>2.231</opentracks:accuracy_horizontal></extensions>
</trkpt>
<trkpt lat="-32.233891" lon="115.802585">
<ele>-20.7</ele>
<time>2026-08-29T08:09:09.181+08:00</time>
<extensions>
<gpxtpx:TrackPointExtension>
<gpxtpx:speed>1.17</gpxtpx:speed>
</gpxtpx:TrackPointExtension>
<opentracks:accuracy_horizontal>2.472</opentracks:accuracy_horizontal></extensions>
</trkpt>
<trkpt lat="-32.233896" lon="115.802467">
<ele>-19.9</ele>
<time>2026-08-29T08:09:17.17+08:00</time>
<extensions>
<gpxtpx:TrackPointExtension>
<gpxtpx:speed>1.26</gpxtpx:speed>
</gpxtpx:TrackPointExtension>
<opentracks:accuracy_horizontal>2.264</opentracks:accuracy_horizontal></extensions>
</trkpt>
<trkpt lat="-32.23387" lon="115.80245">
<ele>-19.5</ele>
<time>2026-08-29T08:09:27.153+08:00</time>
<extensions>
<gpxtpx:TrackPointExtension>
<gpxtpx:speed>0.03</gpxtpx:speed>
</gpxtpx:TrackPointExtension>
<opentracks:accuracy_horizontal>2.597</opentracks:accuracy_horizontal></extensions>
</trkpt>
<trkpt lat="-32.233892" lon="115.802559">
<ele>-21.2</ele>
<time>2026-08-29T08:09:59.177+08:00</time>
<extensions>
<gpxtpx:TrackPointExtension>
<gpxtpx:speed>0.81</gpxtpx:speed>
</gpxtpx:TrackPointExtension>
<opentracks:accuracy_horizontal>2.447</opentracks:accuracy_horizontal></extensions>
</trkpt>
<trkpt lat="-32.23389" lon="115.802589">
<ele>-20.4</ele>
<time>2026-08-29T08:10:09.176+08:00</time>
<extensions>
<gpxtpx:TrackPointExtension>
<gpxtpx:speed>0.19</gpxtpx:speed>
</gpxtpx:TrackPointExtension>
<opentracks:accuracy_horizontal>2.309</opentracks:accuracy_horizontal></extensions>
</trkpt>
<trkpt lat="-32.233902" lon="115.802477">
<ele>-21.2</ele>
<time>2026-08-29T08:10:15.155+08:00</time>
<extensions>
<gpxtpx:TrackPointExtension>
<gpxtpx:speed>1.48</gpxtpx:speed>
</gpxtpx:TrackPointExtension>
<opentracks:accuracy_horizontal>2.487</opentracks:accuracy_horizontal></extensions>
</trkpt>
<trkpt lat="-32.233897" lon="115.802369">
<ele>-20.6</ele>
<time>2026-08-29T08:10:21.16+08:00</time>
<extensions>
<gpxtpx:TrackPointExtension>
<gpxtpx:speed>1.49</gpxtpx:speed>
</gpxtpx:TrackPointExtension>
<opentracks:accuracy_horizontal>2.221</opentracks:accuracy_horizontal></extensions>
</trkpt>
<trkpt lat="-32.233891" lon="115.80225">
<ele>-21.9</ele>
<time>2026-08-29T08:10:29.17+08:00</time>
<extensions>
<gpxtpx:TrackPointExtension>
<gpxtpx:speed>1.4</gpxtpx:speed>
</gpxtpx:TrackPointExtension>
<opentracks:accuracy_horizontal>2.762</opentracks:accuracy_horizontal></extensions>
</trkpt>
<trkpt lat="-32.233887" lon="115.802128">
<ele>-21.5</ele>
<time>2026-08-29T08:10:37.174+08:00</time>
<extensions>
<gpxtpx:TrackPointExtension>
<gpxtpx:speed>1.4</gpxtpx:speed>
</gpxtpx:TrackPointExtension>
<opentracks:accuracy_horizontal>2.627</opentracks:accuracy_horizontal></extensions>
</trkpt>
<trkpt lat="-32.233892" lon="115.802021">
<ele>-22.7</ele>
<time>2026-08-29T08:10:44.161+08:00</time>
<extensions>
<gpxtpx:TrackPointExtension>
<gpxtpx:speed>1.39</gpxtpx:speed>
</gpxtpx:TrackPointExtension>
<opentracks:accuracy_horizontal>2.585</opentracks:accuracy_horizontal></extensions>
</trkpt>
<trkpt lat="-32.233841" lon="115.801924">
<ele>-23.2</ele>
<time>2026-08-29T08:10:52.171+08:00</time>
<extensions>
<gpxtpx:TrackPointExtension>
<gpxtpx:speed>1.39</gpxtpx:speed>
</gpxtpx:TrackPointExtension>
<opentracks:accuracy_horizontal>2.408</opentracks:accuracy_horizontal></extensions>
</trkpt>
<trkpt lat="-32.233785" lon="115.801837">
<ele>-23.7</ele>
<time>2026-08-29T08:11:00.174+08:00</time>
<extensions>
<gpxtpx:TrackPointExtension>
<gpxtpx:speed>1.33</gpxtpx:speed>
</gpxtpx:TrackPointExtension>
<opentracks:accuracy_horizontal>2.126</opentracks:accuracy_horizontal></extensions>
</trkpt>
<trkpt lat="-32.233772" lon="115.801723">
<ele>-23.3</ele>
<time>2026-08-29T08:11:09.182+08:00</time>
<extensions>
<gpxtpx:TrackPointExtension>
<gpxtpx:speed>1.4</gpxtpx:speed>
</gpxtpx:TrackPointExtension>
<opentracks:accuracy_horizontal>2.316</opentracks:accuracy_horizontal></extensions>
</trkpt>
<trkpt lat="-32.233785" lon="115.801734">
<ele>-23.2</ele>
<time>2026-08-29T08:11:19.189+08:00</time>
<extensions>
<gpxtpx:TrackPointExtension>
<gpxtpx:speed>0.03</gpxtpx:speed>
</gpxtpx:TrackPointExtension>
<opentracks:accuracy_horizontal>2.533</opentracks:accuracy_horizontal></extensions>
</trkpt>
<trkpt lat="-32.233788" lon="115.801616">
<ele>-23.6</ele>
<time>2026-08-29T08:11:27.209+08:00</time>
<extensions>
<gpxtpx:TrackPointExtension>
<gpxtpx:speed>1.31</gpxtpx:speed>
</gpxtpx:TrackPointExtension>
<opentracks:accuracy_horizontal>2.081</opentracks:accuracy_horizontal></extensions>
</trkpt>
<trkpt lat="-32.233793" lon="115.801493">
<ele>-26.8</ele>
<time>2026-08-29T08:11:34.179+08:00</time>
<extensions>
<gpxtpx:TrackPointExtension>
<gpxtpx:speed>1.52</gpxtpx:speed>
</gpxtpx:TrackPointExtension>
<opentracks:accuracy_horizontal>2.132</opentracks:accuracy_horizontal></extensions>
</trkpt>
<trkpt lat="-32.233815" lon="115.80139">
<ele>-25.5</ele>
<time>2026-08-29T08:11:41.167+08:00</time>
<extensions>
<gpxtpx:TrackPointExtension>
<gpxtpx:speed>1.44</gpxtpx:speed>
</gpxtpx:TrackPointExtension>
<opentracks:accuracy_horizontal>2.297</opentracks:accuracy_horizontal></extensions>
</trkpt>
<trkpt lat="-32.233841" lon="115.801288">
<ele>-25.2</ele>
<time>2026-08-29T08:11:48.174+08:00</time>
<extensions>
<gpxtpx:TrackPointExtension>
<gpxtpx:speed>1.43</gpxtpx:speed>
</gpxtpx:TrackPointExtension>
<opentracks:accuracy_horizontal>2.715</opentracks:accuracy_horizontal></extensions>
</trkpt>
<trkpt lat="-32.233852" lon="115.801167">
<ele>-25.1</ele>
<time>2026-08-29T08:11:57.174+08:00</time>
<extensions>
<gpxtpx:TrackPointExtension>
<gpxtpx:speed>1.38</gpxtpx:speed>
</gpxtpx:TrackPointExtension>
<opentracks:accuracy_horizontal>2.236</opentracks:accuracy_horizontal></extensions>
</trkpt>
<trkpt lat="-32.233871" lon="115.801054">
<ele>-25.7</ele>
<time>2026-08-29T08:12:04.17+08:00</time>
<extensions>
<gpxtpx:TrackPointExtension>
<gpxtpx:speed>1.42</gpxtpx:speed>
</gpxtpx:TrackPointExtension>
<opentracks:accuracy_horizontal>2.539</opentracks:accuracy_horizontal></extensions>
</trkpt>
<trkpt lat="-32.233886" lon="115.800942">
<ele>-24.7</ele>
<time>2026-08-29T08:12:13.17+08:00</time>
<extensions>
<gpxtpx:TrackPointExtension>
<gpxtpx:speed>1.27</gpxtpx:speed>
</gpxtpx:TrackPointExtension>
<opentracks:accuracy_horizontal>2.272</opentracks:accuracy_horizontal></extensions>
</trkpt>
<trkpt lat="-32.23388" lon="115.800829">
<ele>-25.3</ele>
<time>2026-08-29T08:12:20.173+08:00</time>
<extensions>
<gpxtpx:TrackPointExtension>
<gpxtpx:speed>1.37</gpxtpx:speed>
</gpxtpx:TrackPointExtension>
<opentracks:accuracy_horizontal>2.446</opentracks:accuracy_horizontal></extensions>
</trkpt>
<trkpt lat="-32.233892" lon="115.800722">
<ele>-24.9</ele>
<time>2026-08-29T08:12:28.178+08:00</time>
<extensions>
<gpxtpx:TrackPointExtension>
<gpxtpx:speed>1.34</gpxtpx:speed>
</gpxtpx:TrackPointExtension>
<opentracks:accuracy_horizontal>2.737</opentracks:accuracy_horizontal></extensions>
</trkpt>
<trkpt lat="-32.233896" lon="115.800605">
<ele>-23.4</ele>
<time>2026-08-29T08:12:36.194+08:00</time>
<extensions>
<gpxtpx:TrackPointExtension>
<gpxtpx:speed>1.33</gpxtpx:speed>
</gpxtpx:TrackPointExtension>
<opentracks:accuracy_horizontal>2.404</opentracks:accuracy_horizontal></extensions>
</trkpt>
<trkpt lat="-32.233898" lon="115.800504">
<ele>-23.2</ele>
<time>2026-08-29T08:12:46.17+08:00</time>
<extensions>
<gpxtpx:TrackPointExtension>
<gpxtpx:speed>1.21</gpxtpx:speed>
</gpxtpx:TrackPointExtension>
<opentracks:accuracy_horizontal>2.474</opentracks:accuracy_horizontal></extensions>
</trkpt>
<trkpt lat="-32.233901" lon="115.800396">
<ele>-24.2</ele>
<time>2026-08-29T08:12:54.182+08:00</time>
<extensions>
<gpxtpx:TrackPointExtension>
<gpxtpx:speed>1.23</gpxtpx:speed>
</gpxtpx:TrackPointExtension>
<opentracks:accuracy_horizontal>2.259</opentracks:accuracy_horizontal></extensions>
</trkpt>
<trkpt lat="-32.233869" lon="115.800294">
<ele>-22.9</ele>
<time>2026-08-29T08:13:02.17+08:00</time>
<extensions>
<gpxtpx:TrackPointExtension>
<gpxtpx:speed>1.23</gpxtpx:speed>
</gpxtpx:TrackPointExtension>
<opentracks:accuracy_horizontal>2.289</opentracks:accuracy_horizontal></extensions>
</trkpt>
<trkpt lat="-32.233861" lon="115.800299">
<ele>-20.3</ele>
<time>2026-08-29T08:13:12.174+08:00</time>
<extensions>
<gpxtpx:TrackPointExtension>
<gpxtpx:speed>0.01</gpxtpx:speed>
</gpxtpx:TrackPointExtension>
<opentracks:accuracy_horizontal>2.267</opentracks:accuracy_horizontal></extensions>
</trkpt>
<trkpt lat="-32.233897" lon="115.800403">
<ele>-24.8</ele>
<time>2026-08-29T08:13:49.171+08:00</time>
<extensions>
<gpxtpx:TrackPointExtension>
<gpxtpx:speed>0.44</gpxtpx:speed>
</gpxtpx:TrackPointExtension>
<opentracks:accuracy_horizontal>2.274</opentracks:accuracy_horizontal></extensions>
</trkpt>
<trkpt lat="-32.233894" lon="115.800401">
<ele>-22.3</ele>
<time>2026-08-29T08:13:59.174+08:00</time>
<extensions>
<gpxtpx:TrackPointExtension>
<gpxtpx:speed>0.01</gpxtpx:speed>
</gpxtpx:TrackPointExtension>
<opentracks:accuracy_horizontal>2.392</opentracks:accuracy_horizontal></extensions>
</trkpt>
<trkpt lat="-32.233884" lon="115.80029">
<ele>-24.3</ele>
<time>2026-08-29T08:14:10.17+08:00</time>
<extensions>
<gpxtpx:TrackPointExtension>
<gpxtpx:speed>1.41</gpxtpx:speed>
</gpxtpx:TrackPointExtension>
<opentracks:accuracy_horizontal>2.311</opentracks:accuracy_horizontal></extensions>
</trkpt>
<trkpt lat="-32.233851" lon="115.800183">
<ele>-23.8</ele>
<time>2026-08-29T08:14:18.177+08:00</time>
<extensions>
<gpxtpx:TrackPointExtension>
<gpxtpx:speed>1.34</gpxtpx:speed>
</gpxtpx:TrackPointExtension>
<opentracks:accuracy_horizontal>2.121</opentracks:accuracy_horizontal></extensions>
</trkpt>
<trkpt lat="-32.233817" lon="115.800077">
<ele>-22.9</ele>
<time>2026-08-29T08:14:27.177+08:00</time>
<extensions>
<gpxtpx:TrackPointExtension>
<gpxtpx:speed>1.23</gpxtpx:speed>
</gpxtpx:TrackPointExtension>
<opentracks:accuracy_horizontal>2.114</opentracks:accuracy_horizontal></extensions>
</trkpt>
<trkpt lat="-32.233773" lon="115.799974">
<ele>-24</ele>
<time>2026-08-29T08:14:35.178+08:00</time>
<extensions>
<gpxtpx:TrackPointExtension>
<gpxtpx:speed>1.28</gpxtpx:speed>
</gpxtpx:TrackPointExtension>
<opentracks:accuracy_horizontal>2.269</opentracks:accuracy_horizontal></extensions>
</trkpt>
<trkpt lat="-32.233731" lon="115.799865">
<ele>-23.3</ele>
<time>2026-08-29T08:14:43.182+08:00</time>
<extensions>
<gpxtpx:TrackPointExtension>
<gpxtpx:speed>1.33</gpxtpx:speed>
</gpxtpx:TrackPointExtension>
<opentracks:accuracy_horizontal>2.129</opentracks:accuracy_horizontal></extensions>
</trkpt>
<trkpt lat="-32.233698" lon="115.799761">
<ele>-23.4</ele>
<time>2026-08-29T08:14:51.174+08:00</time>
<extensions>
<gpxtpx:TrackPointExtension>
<gpxtpx:speed>1.31</gpxtpx:speed>
</gpxtpx:TrackPointExtension>
<opentracks:accuracy_horizontal>2.022</opentracks:accuracy_horizontal></extensions>
</trkpt>
<trkpt lat="-32.233665" lon="115.799653">
<ele>-24.1</ele>
<time>2026-08-29T08:14:59.19+08:00</time>
<extensions>
<gpxtpx:TrackPointExtension>
<gpxtpx:speed>1.29</gpxtpx:speed>
</gpxtpx:TrackPointExtension>
<opentracks:accuracy_horizontal>2.23</opentracks:accuracy_horizontal></extensions>
</trkpt>
<trkpt lat="-32.233676" lon="115.799622">
<ele>-23.3</ele>
<time>2026-08-29T08:15:09.179+08:00</time>
<extensions>
<gpxtpx:TrackPointExtension>
<gpxtpx:speed>0.05</gpxtpx:speed>
</gpxtpx:TrackPointExtension>
<opentracks:accuracy_horizontal>2.378</opentracks:accuracy_horizontal></extensions>
</trkpt>
<trkpt lat="-32.233685" lon="115.799742">
<ele>-23.2</ele>
<time>2026-08-29T08:16:20.173+08:00</time>
<extensions>
<gpxtpx:TrackPointExtension>
<gpxtpx:speed>1.1</gpxtpx:speed>
</gpxtpx:TrackPointExtension>
<opentracks:accuracy_horizontal>2.238</opentracks:accuracy_horizontal></extensions>
</trkpt>
<trkpt lat="-32.233696" lon="115.799781">
<ele>-23.2</ele>
<time>2026-08-29T08:16:30.166+08:00</time>
<extensions>
<gpxtpx:TrackPointExtension>
<gpxtpx:speed>0.04</gpxtpx:speed>
</gpxtpx:TrackPointExtension>
<opentracks:accuracy_horizontal>2.177</opentracks:accuracy_horizontal></extensions>
</trkpt>
<trkpt lat="-32.233667" lon="115.799669">
<ele>-23.1</ele>
<time>2026-08-29T08:17:12.177+08:00</time>
<extensions>
<gpxtpx:TrackPointExtension>
<gpxtpx:speed>1.31</gpxtpx:speed>
</gpxtpx:TrackPointExtension>
<opentracks:accuracy_horizontal>2.614</opentracks:accuracy_horizontal></extensions>
</trkpt>
<trkpt lat="-32.233697" lon="115.799649">
<ele>-23.7</ele>
<time>2026-08-29T08:17:22.18+08:00</time>
<extensions>
<gpxtpx:TrackPointExtension>
<gpxtpx:speed>0.11</gpxtpx:speed>
</gpxtpx:TrackPointExtension>
<opentracks:accuracy_horizontal>2.39</opentracks:accuracy_horizontal></extensions>
</trkpt>
<trkpt lat="-32.233753" lon="115.799564">
<ele>-23.2</ele>
<time>2026-08-29T08:17:28.186+08:00</time>
<extensions>
<gpxtpx:TrackPointExtension>
<gpxtpx:speed>1.23</gpxtpx:speed>
</gpxtpx:TrackPointExtension>
<opentracks:accuracy_horizontal>2.125</opentracks:accuracy_horizontal></extensions>
</trkpt>
<trkpt lat="-32.233737" lon="115.799455">
<ele>-22.6</ele>
<time>2026-08-29T08:17:36.188+08:00</time>
<extensions>
<gpxtpx:TrackPointExtension>
<gpxtpx:speed>1.28</gpxtpx:speed>
</gpxtpx:TrackPointExtension>
<opentracks:accuracy_horizontal>2.133</opentracks:accuracy_horizontal></extensions>
</trkpt>
<trkpt lat="-32.2337" lon="115.799348">
<ele>-22.7</ele>
<time>2026-08-29T08:17:44.164+08:00</time>
<extensions>
<gpxtpx:TrackPointExtension>
<gpxtpx:speed>1.3</gpxtpx:speed>
</gpxtpx:TrackPointExtension>
<opentracks:accuracy_horizontal>2.201</opentracks:accuracy_horizontal></extensions>
</trkpt>
<trkpt lat="-32.233779" lon="115.79928">
<ele>-22.8</ele>
<time>2026-08-29T08:17:54.182+08:00</time>
<extensions>
<gpxtpx:TrackPointExtension>
<gpxtpx:speed>1.28</gpxtpx:speed>
</gpxtpx:TrackPointExtension>
<opentracks:accuracy_horizontal>2.11</opentracks:accuracy_horizontal></extensions>
</trkpt>
<trkpt lat="-32.233864" lon="115.799229">
<ele>-23.2</ele>
<time>2026-08-29T08:18:02.169+08:00</time>
<extensions>
<gpxtpx:TrackPointExtension>
<gpxtpx:speed>1.26</gpxtpx:speed>
</gpxtpx:TrackPointExtension>
<opentracks:accuracy_horizontal>2.102</opentracks:accuracy_horizontal></extensions>
</trkpt>
<trkpt lat="-32.233948" lon="115.799176">
<ele>-22.6</ele>
<time>2026-08-29T08:18:10.184+08:00</time>
<extensions>
<gpxtpx:TrackPointExtension>
<gpxtpx:speed>1.28</gpxtpx:speed>
</gpxtpx:TrackPointExtension>
<opentracks:accuracy_horizontal>2.276</opentracks:accuracy_horizontal></extensions>
</trkpt>
<trkpt lat="-32.23403" lon="115.799132">
<ele>-22.6</ele>
<time>2026-08-29T08:18:18.189+08:00</time>
<extensions>
<gpxtpx:TrackPointExtension>
<gpxtpx:speed>1.27</gpxtpx:speed>
</gpxtpx:TrackPointExtension>
<opentracks:accuracy_horizontal>2.242</opentracks:accuracy_horizontal></extensions>
</trkpt>
<trkpt lat="-32.234097" lon="115.799094">
<ele>-22.6</ele>
<time>2026-08-29T08:18:28.171+08:00</time>
<extensions>
<gpxtpx:TrackPointExtension>
<gpxtpx:speed>0.83</gpxtpx:speed>
</gpxtpx:TrackPointExtension>
<opentracks:accuracy_horizontal>2.546</opentracks:accuracy_horizontal></extensions>
</trkpt>
<trkpt lat="-32.234183" lon="115.799058">
<ele>-24.1</ele>
<time>2026-08-29T08:18:35.177+08:00</time>
<extensions>
<gpxtpx:TrackPointExtension>
<gpxtpx:speed>1.42</gpxtpx:speed>
</gpxtpx:TrackPointExtension>
<opentracks:accuracy_horizontal>2.07</opentracks:accuracy_horizontal></extensions>
</trkpt>
<trkpt lat="-32.234174" lon="115.798991">
<ele>-24.3</ele>
<time>2026-08-29T08:18:45.176+08:00</time>
<extensions>
<gpxtpx:TrackPointExtension>
<gpxtpx:speed>0.17</gpxtpx:speed>
</gpxtpx:TrackPointExtension>
<opentracks:accuracy_horizontal>2.18</opentracks:accuracy_horizontal></extensions>
</trkpt>
<trkpt lat="-32.234195" lon="115.798877">
<ele>-24.4</ele>
<time>2026-08-29T08:19:15.188+08:00</time>
<extensions>
<gpxtpx:TrackPointExtension>
<gpxtpx:speed>1.62</gpxtpx:speed>
</gpxtpx:TrackPointExtension>
<opentracks:accuracy_horizontal>2.318</opentracks:accuracy_horizontal></extensions>
</trkpt>
<trkpt lat="-32.234235" lon="115.798775">
<ele>-24</ele>
<time>2026-08-29T08:19:23.181+08:00</time>
<extensions>
<gpxtpx:TrackPointExtension>
<gpxtpx:speed>1.43</gpxtpx:speed>
</gpxtpx:TrackPointExtension>
<opentracks:accuracy_horizontal>2.141</opentracks:accuracy_horizontal></extensions>
</trkpt>
<trkpt lat="-32.234332" lon="115.798738">
<ele>-24.1</ele>
<time>2026-08-29T08:19:31.187+08:00</time>
<extensions>
<gpxtpx:TrackPointExtension>
<gpxtpx:speed>1.41</gpxtpx:speed>
</gpxtpx:TrackPointExtension>
<opentracks:accuracy_horizontal>2.2</opentracks:accuracy_horizontal></extensions>
</trkpt>
<trkpt lat="-32.234429" lon="115.798693">
<ele>-24.4</ele>
<time>2026-08-29T08:19:39.16+08:00</time>
<extensions>
<gpxtpx:TrackPointExtension>
<gpxtpx:speed>1.41</gpxtpx:speed>
</gpxtpx:TrackPointExtension>
<opentracks:accuracy_horizontal>2.124</opentracks:accuracy_horizontal></extensions>
</trkpt>
<trkpt lat="-32.234523" lon="115.798665">
<ele>-23.6</ele>
<time>2026-08-29T08:19:47.175+08:00</time>
<extensions>
<gpxtpx:TrackPointExtension>
<gpxtpx:speed>1.34</gpxtpx:speed>
</gpxtpx:TrackPointExtension>
<opentracks:accuracy_horizontal>2.107</opentracks:accuracy_horizontal></extensions>
</trkpt>
<trkpt lat="-32.234604" lon="115.798612">
<ele>-23.3</ele>
<time>2026-08-29T08:19:55.175+08:00</time>
<extensions>
<gpxtpx:TrackPointExtension>
<gpxtpx:speed>1.27</gpxtpx:speed>
</gpxtpx:TrackPointExtension>
<opentracks:accuracy_horizontal>2.393</opentracks:accuracy_horizontal></extensions>
</trkpt>
<trkpt lat="-32.234641" lon="115.798581">
<ele>-21.7</ele>
<time>2026-08-29T08:20:05.184+08:00</time>
<extensions>
<gpxtpx:TrackPointExtension>
<gpxtpx:speed>0.05</gpxtpx:speed>
</gpxtpx:TrackPointExtension>
<opentracks:accuracy_horizontal>2.312</opentracks:accuracy_horizontal></extensions>
</trkpt>
<trkpt lat="-32.234737" lon="115.798544">
<ele>-22.7</ele>
<time>2026-08-29T08:20:17.177+08:00</time>
<extensions>
<gpxtpx:TrackPointExtension>
<gpxtpx:speed>1.44</gpxtpx:speed>
</gpxtpx:TrackPointExtension>
<opentracks:accuracy_horizontal>2.217</opentracks:accuracy_horizontal></extensions>
</trkpt>
<trkpt lat="-32.234817" lon="115.798483">
<ele>-23</ele>
<time>2026-08-29T08:20:25.189+08:00</time>
<extensions>
<gpxtpx:TrackPointExtension>
<gpxtpx:speed>1.3</gpxtpx:speed>
</gpxtpx:TrackPointExtension>
<opentracks:accuracy_horizontal>2.368</opentracks:accuracy_horizontal></extensions>
</trkpt>
<trkpt lat="-32.234908" lon="115.798452">
<ele>-23.3</ele>
<time>2026-08-29T08:20:33.174+08:00</time>
<extensions>
<gpxtpx:TrackPointExtension>
<gpxtpx:speed>1.27</gpxtpx:speed>
</gpxtpx:TrackPointExtension>
<opentracks:accuracy_horizontal>2.368</opentracks:accuracy_horizontal></extensions>
</trkpt>
<trkpt lat="-32.234934" lon="115.798413">
<ele>-22.9</ele>
<time>2026-08-29T08:20:43.162+08:00</time>
<extensions>
<gpxtpx:TrackPointExtension>
<gpxtpx:speed>0.24</gpxtpx:speed>
</gpxtpx:TrackPointExtension>
<opentracks:accuracy_horizontal>2.522</opentracks:accuracy_horizontal></extensions>
</trkpt>
<trkpt lat="-32.234979" lon="115.798301">
<ele>-23.7</ele>
<time>2026-08-29T08:21:09.184+08:00</time>
<extensions>
<gpxtpx:TrackPointExtension>
<gpxtpx:speed>1.22</gpxtpx:speed>
</gpxtpx:TrackPointExtension>
<opentracks:accuracy_horizontal>2.352</opentracks:accuracy_horizontal></extensions>
</trkpt>
<trkpt lat="-32.234975" lon="115.798259">
<ele>-21.6</ele>
<time>2026-08-29T08:21:19.187+08:00</time>
<extensions>
<gpxtpx:TrackPointExtension>
<gpxtpx:speed>0.09</gpxtpx:speed>
</gpxtpx:TrackPointExtension>
<opentracks:accuracy_horizontal>2.571</opentracks:accuracy_horizontal></extensions>
</trkpt>
<trkpt lat="-32.235013" lon="115.798163">
<ele>-19.2</ele>
<time>2026-08-29T08:21:27.191+08:00</time>
<extensions>
<gpxtpx:TrackPointExtension>
<gpxtpx:speed>1.01</gpxtpx:speed>
</gpxtpx:TrackPointExtension>
<opentracks:accuracy_horizontal>2.198</opentracks:accuracy_horizontal></extensions>
</trkpt>
<trkpt lat="-32.235062" lon="115.798146">
<ele>-18.7</ele>
<time>2026-08-29T08:21:37.177+08:00</time>
<extensions>
<gpxtpx:TrackPointExtension>
<gpxtpx:speed>0.84</gpxtpx:speed>
</gpxtpx:TrackPointExtension>
<opentracks:accuracy_horizontal>2.187</opentracks:accuracy_horizontal></extensions>
</trkpt>
<trkpt lat="-32.235068" lon="115.798034">
<ele>-19.8</ele>
<time>2026-08-29T08:21:51.18+08:00</time>
<extensions>
<gpxtpx:TrackPointExtension>
<gpxtpx:speed>0.86</gpxtpx:speed>
</gpxtpx:TrackPointExtension>
<opentracks:accuracy_horizontal>2.495</opentracks:accuracy_horizontal></extensions>
</trkpt>
<trkpt lat="-32.235065" lon="115.797926">
<ele>-20.6</ele>
<time>2026-08-29T08:22:00.188+08:00</time>
<extensions>
<gpxtpx:TrackPointExtension>
<gpxtpx:speed>1.11</gpxtpx:speed>
</gpxtpx:TrackPointExtension>
<opentracks:accuracy_horizontal>2.559</opentracks:accuracy_horizontal></extensions>
</trkpt>
<trkpt lat="-32.235068" lon="115.79788">
<ele>-20.9</ele>
<time>2026-08-29T08:22:10.198+08:00</time>
<extensions>
<gpxtpx:TrackPointExtension>
<gpxtpx:speed>0.07</gpxtpx:speed>
</gpxtpx:TrackPointExtension>
<opentracks:accuracy_horizontal>2.489</opentracks:accuracy_horizontal></extensions>
</trkpt>
<trkpt lat="-32.235091" lon="115.797764">
<ele>-20.4</ele>
<time>2026-08-29T08:23:13.199+08:00</time>
<extensions>
<gpxtpx:TrackPointExtension>
<gpxtpx:speed>1.29</gpxtpx:speed>
</gpxtpx:TrackPointExtension>
<opentracks:accuracy_horizontal>2.496</opentracks:accuracy_horizontal></extensions>
</trkpt>
<trkpt lat="-32.235154" lon="115.797678">
<ele>-20.3</ele>
<time>2026-08-29T08:23:21.189+08:00</time>
<extensions>
<gpxtpx:TrackPointExtension>
<gpxtpx:speed>1.36</gpxtpx:speed>
</gpxtpx:TrackPointExtension>
<opentracks:accuracy_horizontal>2.282</opentracks:accuracy_horizontal></extensions>
</trkpt>
<trkpt lat="-32.235209" lon="115.797583">
<ele>-21.1</ele>
<time>2026-08-29T08:23:31.181+08:00</time>
<extensions>
<gpxtpx:TrackPointExtension>
<gpxtpx:speed>1.16</gpxtpx:speed>
</gpxtpx:TrackPointExtension>
<opentracks:accuracy_horizontal>2.272</opentracks:accuracy_horizontal></extensions>
</trkpt>
<trkpt lat="-32.235267" lon="115.797491">
<ele>-21.3</ele>
<time>2026-08-29T08:23:39.184+08:00</time>
<extensions>
<gpxtpx:TrackPointExtension>
<gpxtpx:speed>1.17</gpxtpx:speed>
</gpxtpx:TrackPointExtension>
<opentracks:accuracy_horizontal>2.402</opentracks:accuracy_horizontal></extensions>
</trkpt>
<trkpt lat="-32.235331" lon="115.797449">
<ele>-20</ele>
<time>2026-08-29T08:23:49.184+08:00</time>
<extensions>
<gpxtpx:TrackPointExtension>
<gpxtpx:speed>0.97</gpxtpx:speed>
</gpxtpx:TrackPointExtension>
<opentracks:accuracy_horizontal>2.408</opentracks:accuracy_horizontal></extensions>
</trkpt>
<trkpt lat="-32.235419" lon="115.797413">
<ele>-20.9</ele>
<time>2026-08-29T08:23:58.189+08:00</time>
<extensions>
<gpxtpx:TrackPointExtension>
<gpxtpx:speed>1.07</gpxtpx:speed>
</gpxtpx:TrackPointExtension>
<opentracks:accuracy_horizontal>2.161</opentracks:accuracy_horizontal></extensions>
</trkpt>
<trkpt lat="-32.235442" lon="115.797296">
<ele>-21.6</ele>
<time>2026-08-29T08:24:07.179+08:00</time>
<extensions>
<gpxtpx:TrackPointExtension>
<gpxtpx:speed>1.16</gpxtpx:speed>
</gpxtpx:TrackPointExtension>
<opentracks:accuracy_horizontal>2.269</opentracks:accuracy_horizontal></extensions>
</trkpt>
<trkpt lat="-32.235455" lon="115.797207">
<ele>-19.9</ele>
<time>2026-08-29T08:24:17.172+08:00</time>
<extensions>
<gpxtpx:TrackPointExtension>
<gpxtpx:speed>1.08</gpxtpx:speed>
</gpxtpx:TrackPointExtension>
<opentracks:accuracy_horizontal>2.348</opentracks:accuracy_horizontal></extensions>
</trkpt>
<trkpt lat="-32.235417" lon="115.79711">
<ele>-19.9</ele>
<time>2026-08-29T08:24:25.179+08:00</time>
<extensions>
<gpxtpx:TrackPointExtension>
<gpxtpx:speed>1.19</gpxtpx:speed>
</gpxtpx:TrackPointExtension>
<opentracks:accuracy_horizontal>2.165</opentracks:accuracy_horizontal></extensions>
</trkpt>
<trkpt lat="-32.235384" lon="115.797002">
<ele>-18.6</ele>
<time>2026-08-29T08:24:34.184+08:00</time>
<extensions>
<gpxtpx:TrackPointExtension>
<gpxtpx:speed>1.19</gpxtpx:speed>
</gpxtpx:TrackPointExtension>
<opentracks:accuracy_horizontal>2.556</opentracks:accuracy_horizontal></extensions>
</trkpt>
<trkpt lat="-32.235352" lon="115.796892">
<ele>-19.3</ele>
<time>2026-08-29T08:24:44.184+08:00</time>
<extensions>
<gpxtpx:TrackPointExtension>
<gpxtpx:speed>1.15</gpxtpx:speed>
</gpxtpx:TrackPointExtension>
<opentracks:accuracy_horizontal>2.272</opentracks:accuracy_horizontal></extensions>
</trkpt>
<trkpt lat="-32.235322" lon="115.796795">
<ele>-20.5</ele>
<time>2026-08-29T08:24:54.193+08:00</time>
<extensions>
<gpxtpx:TrackPointExtension>
<gpxtpx:speed>0.98</gpxtpx:speed>
</gpxtpx:TrackPointExtension>
<opentracks:accuracy_horizontal>2.176</opentracks:accuracy_horizontal></extensions>
</trkpt>
<trkpt lat="-32.235309" lon="115.796685">
<ele>-20.9</ele>
<time>2026-08-29T08:25:03.183+08:00</time>
<extensions>
<gpxtpx:TrackPointExtension>
<gpxtpx:speed>1.08</gpxtpx:speed>
</gpxtpx:TrackPointExtension>
<opentracks:accuracy_horizontal>2.191</opentracks:accuracy_horizontal></extensions>
</trkpt>
<trkpt lat="-32.235318" lon="115.796572">
<ele>-22.3</ele>
<time>2026-08-29T08:25:12.184+08:00</time>
<extensions>
<gpxtpx:TrackPointExtension>
<gpxtpx:speed>1.14</gpxtpx:speed>
</gpxtpx:TrackPointExtension>
<opentracks:accuracy_horizontal>2.235</opentracks:accuracy_horizontal></extensions>
</trkpt>
<trkpt lat="-32.235298" lon="115.79645">
<ele>-20.4</ele>
<time>2026-08-29T08:25:21.183+08:00</time>
<extensions>
<gpxtpx:TrackPointExtension>
<gpxtpx:speed>1.23</gpxtpx:speed>
</gpxtpx:TrackPointExtension>
<opentracks:accuracy_horizontal>2.227</opentracks:accuracy_horizontal></extensions>
</trkpt>
<trkpt lat="-32.235308" lon="115.796386">
<ele>-20.9</ele>
<time>2026-08-29T08:25:31.163+08:00</time>
<extensions>
<gpxtpx:TrackPointExtension>
<gpxtpx:speed>0.22</gpxtpx:speed>
</gpxtpx:TrackPointExtension>
<opentracks:accuracy_horizontal>2.146</opentracks:accuracy_horizontal></extensions>
</trkpt>
<trkpt lat="-32.235296" lon="115.796271">
<ele>-20.5</ele>
<time>2026-08-29T08:25:38.194+08:00</time>
<extensions>
<gpxtpx:TrackPointExtension>
<gpxtpx:speed>1.26</gpxtpx:speed>
</gpxtpx:TrackPointExtension>
<opentracks:accuracy_horizontal>2.194</opentracks:accuracy_horizontal></extensions>
</trkpt>
<trkpt lat="-32.235331" lon="115.796161">
<ele>-21.4</ele>
<time>2026-08-29T08:25:48.191+08:00</time>
<extensions>
<gpxtpx:TrackPointExtension>
<gpxtpx:speed>1.16</gpxtpx:speed>
</gpxtpx:TrackPointExtension>
<opentracks:accuracy_horizontal>2.244</opentracks:accuracy_horizontal></extensions>
</trkpt>
<trkpt lat="-32.235343" lon="115.796123">
<ele>-21.9</ele>
<time>2026-08-29T08:25:58.183+08:00</time>
<extensions>
<gpxtpx:TrackPointExtension>
<gpxtpx:speed>0.07</gpxtpx:speed>
</gpxtpx:TrackPointExtension>
<opentracks:accuracy_horizontal>2.268</opentracks:accuracy_horizontal></extensions>
</trkpt>
<trkpt lat="-32.235361" lon="115.796015">
<ele>-21.9</ele>
<time>2026-08-29T08:26:08.184+08:00</time>
<extensions>
<gpxtpx:TrackPointExtension>
<gpxtpx:speed>1.01</gpxtpx:speed>
</gpxtpx:TrackPointExtension>
<opentracks:accuracy_horizontal>2.214</opentracks:accuracy_horizontal></extensions>
</trkpt>
<trkpt lat="-32.23537" lon="115.796012">
<ele>-21.2</ele>
<time>2026-08-29T08:26:18.17+08:00</time>
<extensions>
<gpxtpx:TrackPointExtension>
<gpxtpx:speed>0.23</gpxtpx:speed>
</gpxtpx:TrackPointExtension>
<opentracks:accuracy_horizontal>2.451</opentracks:accuracy_horizontal></extensions>
</trkpt>
<trkpt lat="-32.23546" lon="115.795979">
<ele>-20.8</ele>
<time>2026-08-29T08:26:43.194+08:00</time>
<extensions>
<gpxtpx:TrackPointExtension>
<gpxtpx:speed>1.06</gpxtpx:speed>
</gpxtpx:TrackPointExtension>
<opentracks:accuracy_horizontal>2.245</opentracks:accuracy_horizontal></extensions>
</trkpt>
<trkpt lat="-32.235474" lon="115.79593">
<ele>-19.2</ele>
<time>2026-08-29T08:26:53.204+08:00</time>
<extensions>
<gpxtpx:TrackPointExtension>
<gpxtpx:speed>0.08</gpxtpx:speed>
</gpxtpx:TrackPointExtension>
<opentracks:accuracy_horizontal>2.469</opentracks:accuracy_horizontal></extensions>
</trkpt>
<trkpt lat="-32.235571" lon="115.795909">
<ele>-20.4</ele>
<time>2026-08-29T08:27:20.176+08:00</time>
<extensions>
<gpxtpx:TrackPointExtension>
<gpxtpx:speed>0.93</gpxtpx:speed>
</gpxtpx:TrackPointExtension>
<opentracks:accuracy_horizontal>2.528</opentracks:accuracy_horizontal></extensions>
</trkpt>
<trkpt lat="-32.235652" lon="115.795891">
<ele>-18.7</ele>
<time>2026-08-29T08:27:30.175+08:00</time>
<extensions>
<gpxtpx:TrackPointExtension>
<gpxtpx:speed>0.89</gpxtpx:speed>
</gpxtpx:TrackPointExtension>
<opentracks:accuracy_horizontal>2.235</opentracks:accuracy_horizontal></extensions>
</trkpt>
<trkpt lat="-32.235741" lon="115.795859">
<ele>-17.9</ele>
<time>2026-08-29T08:27:39.201+08:00</time>
<extensions>
<gpxtpx:TrackPointExtension>
<gpxtpx:speed>1</gpxtpx:speed>
</gpxtpx:TrackPointExtension>
<opentracks:accuracy_horizontal>2.166</opentracks:accuracy_horizontal></extensions>
</trkpt>
<trkpt lat="-32.235797" lon="115.795819">
<ele>-16.2</ele>
<time>2026-08-29T08:27:49.19+08:00</time>
<extensions>
<gpxtpx:TrackPointExtension>
<gpxtpx:speed>0.79</gpxtpx:speed>
</gpxtpx:TrackPointExtension>
<opentracks:accuracy_horizontal>2.199</opentracks:accuracy_horizontal></extensions>
</trkpt>
<trkpt lat="-32.235886" lon="115.795796">
<ele>-16.4</ele>
<time>2026-08-29T08:27:58.195+08:00</time>
<extensions>
<gpxtpx:TrackPointExtension>
<gpxtpx:speed>0.91</gpxtpx:speed>
</gpxtpx:TrackPointExtension>
<opentracks:accuracy_horizontal>2.363</opentracks:accuracy_horizontal></extensions>
</trkpt>
<trkpt lat="-32.235959" lon="115.795762">
<ele>-12.8</ele>
<time>2026-08-29T08:28:08.171+08:00</time>
<extensions>
<gpxtpx:TrackPointExtension>
<gpxtpx:speed>0.86</gpxtpx:speed>
</gpxtpx:TrackPointExtension>
<opentracks:accuracy_horizontal>2.246</opentracks:accuracy_horizontal></extensions>
</trkpt>
<trkpt lat="-32.236049" lon="115.795731">
<ele>-12</ele>
<time>2026-08-29T08:28:18.205+08:00</time>
<extensions>
<gpxtpx:TrackPointExtension>
<gpxtpx:speed>0.89</gpxtpx:speed>
</gpxtpx:TrackPointExtension>
<opentracks:accuracy_horizontal>2.196</opentracks:accuracy_horizontal></extensions>
</trkpt>
<trkpt lat="-32.236052" lon="115.795714">
<ele>-11.5</ele>
<time>2026-08-29T08:28:28.192+08:00</time>
<extensions>
<gpxtpx:TrackPointExtension>
<gpxtpx:speed>0.1</gpxtpx:speed>
</gpxtpx:TrackPointExtension>
<opentracks:accuracy_horizontal>2.26</opentracks:accuracy_horizontal></extensions>
</trkpt>
<trkpt lat="-32.236142" lon="115.795681">
<ele>-10.8</ele>
<time>2026-08-29T08:28:38.193+08:00</time>
<extensions>
<gpxtpx:TrackPointExtension>
<gpxtpx:speed>0.85</gpxtpx:speed>
</gpxtpx:TrackPointExtension>
<opentracks:accuracy_horizontal>2.171</opentracks:accuracy_horizontal></extensions>
</trkpt>
<trkpt lat="-32.236217" lon="115.795656">
<ele>-9.9</ele>
<time>2026-08-29T08:28:48.194+08:00</time>
<extensions>
<gpxtpx:TrackPointExtension>
<gpxtpx:speed>0.82</gpxtpx:speed>
</gpxtpx:TrackPointExtension>
<opentracks:accuracy_horizontal>2.209</opentracks:accuracy_horizontal></extensions>
</trkpt>
<trkpt lat="-32.236319" lon="115.795633">
<ele>-7.2</ele>
<time>2026-08-29T08:29:04.187+08:00</time>
<extensions>
<gpxtpx:TrackPointExtension>
<gpxtpx:speed>0.33</gpxtpx:speed>
</gpxtpx:TrackPointExtension>
<opentracks:accuracy_horizontal>2.237</opentracks:accuracy_horizontal></extensions>
</trkpt>
<trkpt lat="-32.236403" lon="115.795607">
<ele>-5.8</ele>
<time>2026-08-29T08:29:14.205+08:00</time>
<extensions>
<gpxtpx:TrackPointExtension>
<gpxtpx:speed>0.81</gpxtpx:speed>
</gpxtpx:TrackPointExtension>
<opentracks:accuracy_horizontal>2.181</opentracks:accuracy_horizontal></extensions>
</trkpt>
<trkpt lat="-32.236493" lon="115.795577">
<ele>-3.1</ele>
<time>2026-08-29T08:29:25.185+08:00</time>
<extensions>
<gpxtpx:TrackPointExtension>
<gpxtpx:speed>0.85</gpxtpx:speed>
</gpxtpx:TrackPointExtension>
<opentracks:accuracy_horizontal>2.129</opentracks:accuracy_horizontal></extensions>
</trkpt>
<trkpt lat="-32.236583" lon="115.79554">
<ele>-1.4</ele>
<time>2026-08-29T08:29:35.186+08:00</time>
<extensions>
<gpxtpx:TrackPointExtension>
<gpxtpx:speed>0.95</gpxtpx:speed>
</gpxtpx:TrackPointExtension>
<opentracks:accuracy_horizontal>2.161</opentracks:accuracy_horizontal></extensions>
</trkpt>
<trkpt lat="-32.236658" lon="115.795495">
<ele>-0.8</ele>
<time>2026-08-29T08:29:45.192+08:00</time>
<extensions>
<gpxtpx:TrackPointExtension>
<gpxtpx:speed>0.93</gpxtpx:speed>
</gpxtpx:TrackPointExtension>
<opentracks:accuracy_horizontal>2.142</opentracks:accuracy_horizontal></extensions>
</trkpt>
<trkpt lat="-32.236744" lon="115.795461">
<ele>0.5</ele>
<time>2026-08-29T08:29:59.188+08:00</time>
<extensions>
<gpxtpx:TrackPointExtension>
<gpxtpx:speed>0.75</gpxtpx:speed>
</gpxtpx:TrackPointExtension>
<opentracks:accuracy_horizontal>2.143</opentracks:accuracy_horizontal></extensions>
</trkpt>
<trkpt lat="-32.236778" lon="115.795448">
<ele>1.6</ele>
<time>2026-08-29T08:30:09.18+08:00</time>
<extensions>
<gpxtpx:TrackPointExtension>
<gpxtpx:speed>0.09</gpxtpx:speed>
</gpxtpx:TrackPointExtension>
<opentracks:accuracy_horizontal>2.864</opentracks:accuracy_horizontal></extensions>
</trkpt>
<trkpt lat="-32.236869" lon="115.795464">
<ele>5</ele>
<time>2026-08-29T08:30:34.19+08:00</time>
<extensions>
<gpxtpx:TrackPointExtension>
<gpxtpx:speed>0.36</gpxtpx:speed>
</gpxtpx:TrackPointExtension>
<opentracks:accuracy_horizontal>2.37</opentracks:accuracy_horizontal></extensions>
</trkpt>
<trkpt lat="-32.236929" lon="115.795453">
<ele>6.9</ele>
<time>2026-08-29T08:30:44.207+08:00</time>
<extensions>
<gpxtpx:TrackPointExtension>
<gpxtpx:speed>0.43</gpxtpx:speed>
</gpxtpx:TrackPointExtension>
<opentracks:accuracy_horizontal>2.331</opentracks:accuracy_horizontal></extensions>
</trkpt>
<trkpt lat="-32.237019" lon="115.795427">
<ele>9</ele>
<time>2026-08-29T08:31:04.183+08:00</time>
<extensions>
<gpxtpx:TrackPointExtension>
<gpxtpx:speed>0.16</gpxtpx:speed>
</gpxtpx:TrackPointExtension>
<opentracks:accuracy_horizontal>2.304</opentracks:accuracy_horizontal></extensions>
</trkpt>
<trkpt lat="-32.23708" lon="115.795349">
<ele>9.9</ele>
<time>2026-08-29T08:31:14.201+08:00</time>
<extensions>
<gpxtpx:TrackPointExtension>
<gpxtpx:speed>0.76</gpxtpx:speed>
</gpxtpx:TrackPointExtension>
<opentracks:accuracy_horizontal>2.188</opentracks:accuracy_horizontal></extensions>
</trkpt>
<trkpt lat="-32.237138" lon="115.795261">
<ele>11.6</ele>
<time>2026-08-29T08:31:26.212+08:00</time>
<extensions>
<gpxtpx:TrackPointExtension>
<gpxtpx:speed>0.96</gpxtpx:speed>
</gpxtpx:TrackPointExtension>
<opentracks:accuracy_horizontal>2.177</opentracks:accuracy_horizontal></extensions>
</trkpt>
<trkpt lat="-32.23719" lon="115.795175">
<ele>13.3</ele>
<time>2026-08-29T08:31:36.191+08:00</time>
<extensions>
<gpxtpx:TrackPointExtension>
<gpxtpx:speed>0.99</gpxtpx:speed>
</gpxtpx:TrackPointExtension>
<opentracks:accuracy_horizontal>2.141</opentracks:accuracy_horizontal></extensions>
</trkpt>
<trkpt lat="-32.237181" lon="115.795067">
<ele>13</ele>
<time>2026-08-29T08:32:59.197+08:00</time>
<extensions>
<gpxtpx:TrackPointExtension>
<gpxtpx:speed>0.79</gpxtpx:speed>
</gpxtpx:TrackPointExtension>
<opentracks:accuracy_horizontal>2.178</opentracks:accuracy_horizontal></extensions>
</trkpt>
<trkpt lat="-32.237211" lon="115.794958">
<ele>12.3</ele>
<time>2026-08-29T08:33:07.184+08:00</time>
<extensions>
<gpxtpx:TrackPointExtension>
<gpxtpx:speed>1.26</gpxtpx:speed>
</gpxtpx:TrackPointExtension>
<opentracks:accuracy_horizontal>2.075</opentracks:accuracy_horizontal></extensions>
</trkpt>
<trkpt lat="-32.237244" lon="115.794854">
<ele>11.8</ele>
<time>2026-08-29T08:33:16.199+08:00</time>
<extensions>
<gpxtpx:TrackPointExtension>
<gpxtpx:speed>1.19</gpxtpx:speed>
</gpxtpx:TrackPointExtension>
<opentracks:accuracy_horizontal>2.285</opentracks:accuracy_horizontal></extensions>
</trkpt>
<trkpt lat="-32.237267" lon="115.794761">
<ele>11.8</ele>
<time>2026-08-29T08:33:26.185+08:00</time>
<extensions>
<gpxtpx:TrackPointExtension>
<gpxtpx:speed>1.05</gpxtpx:speed>
</gpxtpx:TrackPointExtension>
<opentracks:accuracy_horizontal>2.265</opentracks:accuracy_horizontal></extensions>
</trkpt>
<trkpt lat="-32.237323" lon="115.794673">
<ele>10.7</ele>
<time>2026-08-29T08:33:36.202+08:00</time>
<extensions>
<gpxtpx:TrackPointExtension>
<gpxtpx:speed>1.04</gpxtpx:speed>
</gpxtpx:TrackPointExtension>
<opentracks:accuracy_horizontal>2.205</opentracks:accuracy_horizontal></extensions>
</trkpt>
<trkpt lat="-32.237359" lon="115.794575">
<ele>9.9</ele>
<time>2026-08-29T08:33:44.181+08:00</time>
<extensions>
<gpxtpx:TrackPointExtension>
<gpxtpx:speed>1.14</gpxtpx:speed>
</gpxtpx:TrackPointExtension>
<opentracks:accuracy_horizontal>2.133</opentracks:accuracy_horizontal></extensions>
</trkpt>
<trkpt lat="-32.237348" lon="115.794593">
<ele>11.8</ele>
<time>2026-08-29T08:33:54.185+08:00</time>
<extensions>
<gpxtpx:TrackPointExtension>
<gpxtpx:speed>0.02</gpxtpx:speed>
</gpxtpx:TrackPointExtension>
<opentracks:accuracy_horizontal>2.616</opentracks:accuracy_horizontal></extensions>
</trkpt>
<trkpt lat="-32.237381" lon="115.79448">
<ele>9.4</ele>
<time>2026-08-29T08:34:23.208+08:00</time>
<extensions>
<gpxtpx:TrackPointExtension>
<gpxtpx:speed>1.1</gpxtpx:speed>
</gpxtpx:TrackPointExtension>
<opentracks:accuracy_horizontal>2.373</opentracks:accuracy_horizontal></extensions>
</trkpt>
<trkpt lat="-32.237418" lon="115.794382">
<ele>8.4</ele>
<time>2026-08-29T08:34:32.191+08:00</time>
<extensions>
<gpxtpx:TrackPointExtension>
<gpxtpx:speed>1.06</gpxtpx:speed>
</gpxtpx:TrackPointExtension>
<opentracks:accuracy_horizontal>2.382</opentracks:accuracy_horizontal></extensions>
</trkpt>
<trkpt lat="-32.237454" lon="115.79428">
<ele>8.7</ele>
<time>2026-08-29T08:34:42.201+08:00</time>
<extensions>
<gpxtpx:TrackPointExtension>
<gpxtpx:speed>1.03</gpxtpx:speed>
</gpxtpx:TrackPointExtension>
<opentracks:accuracy_horizontal>2.285</opentracks:accuracy_horizontal></extensions>
</trkpt>
<trkpt lat="-32.237477" lon="115.794195">
<ele>8.1</ele>
<time>2026-08-29T08:34:52.197+08:00</time>
<extensions>
<gpxtpx:TrackPointExtension>
<gpxtpx:speed>0.98</gpxtpx:speed>
</gpxtpx:TrackPointExtension>
<opentracks:accuracy_horizontal>2.244</opentracks:accuracy_horizontal></extensions>
</trkpt>
<trkpt lat="-32.237505" lon="115.794092">
<ele>5.3</ele>
<time>2026-08-29T08:35:03.166+08:00</time>
<extensions>
<gpxtpx:TrackPointExtension>
<gpxtpx:speed>0.89</gpxtpx:speed>
</gpxtpx:TrackPointExtension>
<opentracks:accuracy_horizontal>2.062</opentracks:accuracy_horizontal></extensions>
</trkpt>
<trkpt lat="-32.237535" lon="115.794024">
<ele>4.9</ele>
<time>2026-08-29T08:35:13.164+08:00</time>
<extensions>
<gpxtpx:TrackPointExtension>
<gpxtpx:speed>0.93</gpxtpx:speed>
</gpxtpx:TrackPointExtension>
<opentracks:accuracy_horizontal>1.976</opentracks:accuracy_horizontal></extensions>
</trkpt>
<trkpt lat="-32.237561" lon="115.79392">
<ele>3.3</ele>
<time>2026-08-29T08:35:23.165+08:00</time>
<extensions>
<gpxtpx:TrackPointExtension>
<gpxtpx:speed>1.02</gpxtpx:speed>
</gpxtpx:TrackPointExtension>
<opentracks:accuracy_horizontal>1.945</opentracks:accuracy_horizontal></extensions>
</trkpt>
<trkpt lat="-32.237581" lon="115.793811">
<ele>2.2</ele>
<time>2026-08-29T08:35:32.159+08:00</time>
<extensions>
<gpxtpx:TrackPointExtension>
<gpxtpx:speed>1.12</gpxtpx:speed>
</gpxtpx:TrackPointExtension>
<opentracks:accuracy_horizontal>2.016</opentracks:accuracy_horizontal></extensions>
</trkpt>
<trkpt lat="-32.237601" lon="115.793699">
<ele>1.2</ele>
<time>2026-08-29T08:35:42.167+08:00</time>
<extensions>
<gpxtpx:TrackPointExtension>
<gpxtpx:speed>1.12</gpxtpx:speed>
</gpxtpx:TrackPointExtension>
<opentracks:accuracy_horizontal>1.944</opentracks:accuracy_horizontal></extensions>
</trkpt>
<trkpt lat="-32.237648" lon="115.793607">
<ele>0.3</ele>
<time>2026-08-29T08:35:52.164+08:00</time>
<extensions>
<gpxtpx:TrackPointExtension>
<gpxtpx:speed>1.06</gpxtpx:speed>
</gpxtpx:TrackPointExtension>
<opentracks:accuracy_horizontal>2.014</opentracks:accuracy_horizontal></extensions>
</trkpt>
<trkpt lat="-32.237718" lon="115.793537">
<ele>-0.5</ele>
<time>2026-08-29T08:36:01.171+08:00</time>
<extensions>
<gpxtpx:TrackPointExtension>
<gpxtpx:speed>1.08</gpxtpx:speed>
</gpxtpx:TrackPointExtension>
<opentracks:accuracy_horizontal>2.089</opentracks:accuracy_horizontal></extensions>
</trkpt>
<trkpt lat="-32.237764" lon="115.79344">
<ele>-0.2</ele>
<time>2026-08-29T08:36:09.192+08:00</time>
<extensions>
<gpxtpx:TrackPointExtension>
<gpxtpx:speed>1.15</gpxtpx:speed>
</gpxtpx:TrackPointExtension>
<opentracks:accuracy_horizontal>2.386</opentracks:accuracy_horizontal></extensions>
</trkpt>
<trkpt lat="-32.237704" lon="115.79335">
<ele>0.5</ele>
<time>2026-08-29T08:36:17.193+08:00</time>
<extensions>
<gpxtpx:TrackPointExtension>
<gpxtpx:speed>1.31</gpxtpx:speed>
</gpxtpx:TrackPointExtension>
<opentracks:accuracy_horizontal>2.255</opentracks:accuracy_horizontal></extensions>
</trkpt>
<trkpt lat="-32.237605" lon="115.793361">
<ele>-0.8</ele>
<time>2026-08-29T08:36:26.19+08:00</time>
<extensions>
<gpxtpx:TrackPointExtension>
<gpxtpx:speed>1.24</gpxtpx:speed>
</gpxtpx:TrackPointExtension>
<opentracks:accuracy_horizontal>2.308</opentracks:accuracy_horizontal></extensions>
</trkpt>
<trkpt lat="-32.23752" lon="115.793311">
<ele>-0.4</ele>
<time>2026-08-29T08:36:34.194+08:00</time>
<extensions>
<gpxtpx:TrackPointExtension>
<gpxtpx:speed>1.26</gpxtpx:speed>
</gpxtpx:TrackPointExtension>
<opentracks:accuracy_horizontal>2.296</opentracks:accuracy_horizontal></extensions>
</trkpt>
<trkpt lat="-32.237474" lon="115.793255">
<ele>-1.1</ele>
<time>2026-08-29T08:36:44.208+08:00</time>
<extensions>
<gpxtpx:TrackPointExtension>
<gpxtpx:speed>0.43</gpxtpx:speed>
</gpxtpx:TrackPointExtension>
<opentracks:accuracy_horizontal>2.324</opentracks:accuracy_horizontal></extensions>
</trkpt>
<trkpt lat="-32.237485" lon="115.79314">
<ele>-2.2</ele>
<time>2026-08-29T08:36:53.191+08:00</time>
<extensions>
<gpxtpx:TrackPointExtension>
<gpxtpx:speed>1.09</gpxtpx:speed>
</gpxtpx:TrackPointExtension>
<opentracks:accuracy_horizontal>2.145</opentracks:accuracy_horizontal></extensions>
</trkpt>
<trkpt lat="-32.237492" lon="115.793031">
<ele>-2.8</ele>
<time>2026-08-29T08:37:02.201+08:00</time>
<extensions>
<gpxtpx:TrackPointExtension>
<gpxtpx:speed>1.08</gpxtpx:speed>
</gpxtpx:TrackPointExtension>
<opentracks:accuracy_horizontal>2.201</opentracks:accuracy_horizontal></extensions>
</trkpt>
<trkpt lat="-32.237502" lon="115.792924">
<ele>-3.7</ele>
<time>2026-08-29T08:37:10.181+08:00</time>
<extensions>
<gpxtpx:TrackPointExtension>
<gpxtpx:speed>1.13</gpxtpx:speed>
</gpxtpx:TrackPointExtension>
<opentracks:accuracy_horizontal>2.273</opentracks:accuracy_horizontal></extensions>
</trkpt>
<trkpt lat="-32.237506" lon="115.792808">
<ele>-3.9</ele>
<time>2026-08-29T08:37:18.195+08:00</time>
<extensions>
<gpxtpx:TrackPointExtension>
<gpxtpx:speed>1.21</gpxtpx:speed>
</gpxtpx:TrackPointExtension>
<opentracks:accuracy_horizontal>2.346</opentracks:accuracy_horizontal></extensions>
</trkpt>
<trkpt lat="-32.23744" lon="115.792723">
<ele>-5</ele>
<time>2026-08-29T08:37:26.195+08:00</time>
<extensions>
<gpxtpx:TrackPointExtension>
<gpxtpx:speed>1.26</gpxtpx:speed>
</gpxtpx:TrackPointExtension>
<opentracks:accuracy_horizontal>2.205</opentracks:accuracy_horizontal></extensions>
</trkpt>
<trkpt lat="-32.237408" lon="115.792619">
<ele>-6.8</ele>
<time>2026-08-29T08:37:36.203+08:00</time>
<extensions>
<gpxtpx:TrackPointExtension>
<gpxtpx:speed>1.08</gpxtpx:speed>
</gpxtpx:TrackPointExtension>
<opentracks:accuracy_horizontal>2.238</opentracks:accuracy_horizontal></extensions>
</trkpt>
<trkpt lat="-32.23736" lon="115.792529">
<ele>-6.3</ele>
<time>2026-08-29T08:37:43.197+08:00</time>
<extensions>
<gpxtpx:TrackPointExtension>
<gpxtpx:speed>1.31</gpxtpx:speed>
</gpxtpx:TrackPointExtension>
<opentracks:accuracy_horizontal>2.45</opentracks:accuracy_horizontal></extensions>
</trkpt>
<trkpt lat="-32.237326" lon="115.792429">
<ele>-7</ele>
<time>2026-08-29T08:37:52.19+08:00</time>
<extensions>
<gpxtpx:TrackPointExtension>
<gpxtpx:speed>1.22</gpxtpx:speed>
</gpxtpx:TrackPointExtension>
<opentracks:accuracy_horizontal>2.294</opentracks:accuracy_horizontal></extensions>
</trkpt>
<trkpt lat="-32.237348" lon="115.792321">
<ele>-8.1</ele>
<time>2026-08-29T08:38:02.197+08:00</time>
<extensions>
<gpxtpx:TrackPointExtension>
<gpxtpx:speed>1.1</gpxtpx:speed>
</gpxtpx:TrackPointExtension>
<opentracks:accuracy_horizontal>2.269</opentracks:accuracy_horizontal></extensions>
</trkpt>
<trkpt lat="-32.237362" lon="115.792206">
<ele>-8.9</ele>
<time>2026-08-29T08:38:11.191+08:00</time>
<extensions>
<gpxtpx:TrackPointExtension>
<gpxtpx:speed>1.14</gpxtpx:speed>
</gpxtpx:TrackPointExtension>
<opentracks:accuracy_horizontal>2.199</opentracks:accuracy_horizontal></extensions>
</trkpt>
<trkpt lat="-32.237362" lon="115.792093">
<ele>-9.2</ele>
<time>2026-08-29T08:38:19.176+08:00</time>
<extensions>
<gpxtpx:TrackPointExtension>
<gpxtpx:speed>1.22</gpxtpx:speed>
</gpxtpx:TrackPointExtension>
<opentracks:accuracy_horizontal>2.262</opentracks:accuracy_horizontal></extensions>
</trkpt>
<trkpt lat="-32.237372" lon="115.79197">
<ele>-9.6</ele>
<time>2026-08-29T08:38:28.202+08:00</time>
<extensions>
<gpxtpx:TrackPointExtension>
<gpxtpx:speed>1.27</gpxtpx:speed>
</gpxtpx:TrackPointExtension>
<opentracks:accuracy_horizontal>2.456</opentracks:accuracy_horizontal></extensions>
</trkpt>
<trkpt lat="-32.237393" lon="115.79186">
<ele>-11.3</ele>
<time>2026-08-29T08:38:37.171+08:00</time>
<extensions>
<gpxtpx:TrackPointExtension>
<gpxtpx:speed>1.18</gpxtpx:speed>
</gpxtpx:TrackPointExtension>
<opentracks:accuracy_horizontal>2.348</opentracks:accuracy_horizontal></extensions>
</trkpt>
<trkpt lat="-32.237407" lon="115.791878">
<ele>-11.9</ele>
<time>2026-08-29T08:38:46.19+08:00</time>
<extensions>
<gpxtpx:TrackPointExtension>
<gpxtpx:speed>0.03</gpxtpx:speed>
</gpxtpx:TrackPointExtension>
<opentracks:accuracy_horizontal>2.729</opentracks:accuracy_horizontal></extensions>
</trkpt>
<trkpt lat="-32.237398" lon="115.791771">
<ele>-13.1</ele>
<time>2026-08-29T08:39:02.202+08:00</time>
<extensions>
<gpxtpx:TrackPointExtension>
<gpxtpx:speed>1.12</gpxtpx:speed>
</gpxtpx:TrackPointExtension>
<opentracks:accuracy_horizontal>2.375</opentracks:accuracy_horizontal></extensions>
</trkpt>
<trkpt lat="-32.237382" lon="115.791663">
<ele>-12.5</ele>
<time>2026-08-29T08:39:09.207+08:00</time>
<extensions>
<gpxtpx:TrackPointExtension>
<gpxtpx:speed>1.34</gpxtpx:speed>
</gpxtpx:TrackPointExtension>
<opentracks:accuracy_horizontal>2.259</opentracks:accuracy_horizontal></extensions>
</trkpt>
<trkpt lat="-32.237328" lon="115.791574">
<ele>-13.1</ele>
<time>2026-08-29T08:39:18.201+08:00</time>
<extensions>
<gpxtpx:TrackPointExtension>
<gpxtpx:speed>1.22</gpxtpx:speed>
</gpxtpx:TrackPointExtension>
<opentracks:accuracy_horizontal>2.334</opentracks:accuracy_horizontal></extensions>
</trkpt>
<trkpt lat="-32.237277" lon="115.791474">
<ele>-13.1</ele>
<time>2026-08-29T08:39:28.193+08:00</time>
<extensions>
<gpxtpx:TrackPointExtension>
<gpxtpx:speed>1.14</gpxtpx:speed>
</gpxtpx:TrackPointExtension>
<opentracks:accuracy_horizontal>2.278</opentracks:accuracy_horizontal></extensions>
</trkpt>
<trkpt lat="-32.237206" lon="115.791404">
<ele>-14.2</ele>
<time>2026-08-29T08:39:37.205+08:00</time>
<extensions>
<gpxtpx:TrackPointExtension>
<gpxtpx:speed>1.13</gpxtpx:speed>
</gpxtpx:TrackPointExtension>
<opentracks:accuracy_horizontal>2.159</opentracks:accuracy_horizontal></extensions>
</trkpt>
<trkpt lat="-32.237133" lon="115.791357">
<ele>-13.5</ele>
<time>2026-08-29T08:39:47.197+08:00</time>
<extensions>
<gpxtpx:TrackPointExtension>
<gpxtpx:speed>0.9</gpxtpx:speed>
</gpxtpx:TrackPointExtension>
<opentracks:accuracy_horizontal>2.266</opentracks:accuracy_horizontal></extensions>
</trkpt>
<trkpt lat="-32.237122" lon="115.79125">
<ele>-12.9</ele>
<time>2026-08-29T08:40:00.196+08:00</time>
<extensions>
<gpxtpx:TrackPointExtension>
<gpxtpx:speed>0.96</gpxtpx:speed>
</gpxtpx:TrackPointExtension>
<opentracks:accuracy_horizontal>2.162</opentracks:accuracy_horizontal></extensions>
</trkpt>
<trkpt lat="-32.237097" lon="115.791155">
<ele>-14.3</ele>
<time>2026-08-29T08:40:10.19+08:00</time>
<extensions>
<gpxtpx:TrackPointExtension>
<gpxtpx:speed>0.52</gpxtpx:speed>
</gpxtpx:TrackPointExtension>
<opentracks:accuracy_horizontal>2.197</opentracks:accuracy_horizontal></extensions>
</trkpt>
<trkpt lat="-32.237051" lon="115.791061">
<ele>-14.7</ele>
<time>2026-08-29T08:40:23.173+08:00</time>
<extensions>
<gpxtpx:TrackPointExtension>
<gpxtpx:speed>0.24</gpxtpx:speed>
</gpxtpx:TrackPointExtension>
<opentracks:accuracy_horizontal>2.349</opentracks:accuracy_horizontal></extensions>
</trkpt>
<trkpt lat="-32.236966" lon="115.791014">
<ele>-14.7</ele>
<time>2026-08-29T08:40:32.209+08:00</time>
<extensions>
<gpxtpx:TrackPointExtension>
<gpxtpx:speed>0.82</gpxtpx:speed>
</gpxtpx:TrackPointExtension>
<opentracks:accuracy_horizontal>2.351</opentracks:accuracy_horizontal></extensions>
</trkpt>
<trkpt lat="-32.236874" lon="115.79099">
<ele>-14.5</ele>
<time>2026-08-29T08:40:42.199+08:00</time>
<extensions>
<gpxtpx:TrackPointExtension>
<gpxtpx:speed>1.08</gpxtpx:speed>
</gpxtpx:TrackPointExtension>
<opentracks:accuracy_horizontal>2.318</opentracks:accuracy_horizontal></extensions>
</trkpt>
<trkpt lat="-32.23678" lon="115.790997">
<ele>-14.6</ele>
<time>2026-08-29T08:40:51.207+08:00</time>
<extensions>
<gpxtpx:TrackPointExtension>
<gpxtpx:speed>1.12</gpxtpx:speed>
</gpxtpx:TrackPointExtension>
<opentracks:accuracy_horizontal>2.326</opentracks:accuracy_horizontal></extensions>
</trkpt>
<trkpt lat="-32.236713" lon="115.790959">
<ele>-13.1</ele>
<time>2026-08-29T08:41:01.201+08:00</time>
<extensions>
<gpxtpx:TrackPointExtension>
<gpxtpx:speed>0.19</gpxtpx:speed>
</gpxtpx:TrackPointExtension>
<opentracks:accuracy_horizontal>2.657</opentracks:accuracy_horizontal></extensions>
</trkpt>
<trkpt lat="-32.23662" lon="115.790923">
<ele>-13.8</ele>
<time>2026-08-29T08:41:29.198+08:00</time>
<extensions>
<gpxtpx:TrackPointExtension>
<gpxtpx:speed>1.16</gpxtpx:speed>
</gpxtpx:TrackPointExtension>
<opentracks:accuracy_horizontal>2.299</opentracks:accuracy_horizontal></extensions>
</trkpt>
<trkpt lat="-32.236525" lon="115.790887">
<ele>-16.2</ele>
<time>2026-08-29T08:41:38.198+08:00</time>
<extensions>
<gpxtpx:TrackPointExtension>
<gpxtpx:speed>1.21</gpxtpx:speed>
</gpxtpx:TrackPointExtension>
<opentracks:accuracy_horizontal>2.371</opentracks:accuracy_horizontal></extensions>
</trkpt>
<trkpt lat="-32.236433" lon="115.790856">
<ele>-16.6</ele>
<time>2026-08-29T08:41:47.199+08:00</time>
<extensions>
<gpxtpx:TrackPointExtension>
<gpxtpx:speed>1.19</gpxtpx:speed>
</gpxtpx:TrackPointExtension>
<opentracks:accuracy_horizontal>2.308</opentracks:accuracy_horizontal></extensions>
</trkpt>
<trkpt lat="-32.236428" lon="115.790866">
<ele>-14.2</ele>
<time>2026-08-29T08:41:57.192+08:00</time>
<extensions>
<gpxtpx:TrackPointExtension>
<gpxtpx:speed>0.02</gpxtpx:speed>
</gpxtpx:TrackPointExtension>
<opentracks:accuracy_horizontal>2.406</opentracks:accuracy_horizontal></extensions>
</trkpt>
<trkpt lat="-32.236334" lon="115.790854">
<ele>-14.1</ele>
<time>2026-08-29T08:42:10.199+08:00</time>
<extensions>
<gpxtpx:TrackPointExtension>
<gpxtpx:speed>1.14</gpxtpx:speed>
</gpxtpx:TrackPointExtension>
<opentracks:accuracy_horizontal>2.241</opentracks:accuracy_horizontal></extensions>
</trkpt>
<trkpt lat="-32.236258" lon="115.790831">
<ele>-14.2</ele>
<time>2026-08-29T08:42:20.202+08:00</time>
<extensions>
<gpxtpx:TrackPointExtension>
<gpxtpx:speed>0.86</gpxtpx:speed>
</gpxtpx:TrackPointExtension>
<opentracks:accuracy_horizontal>2.305</opentracks:accuracy_horizontal></extensions>
</trkpt>
<trkpt lat="-32.236169" lon="115.790782">
<ele>-14.5</ele>
<time>2026-08-29T08:42:30.193+08:00</time>
<extensions>
<gpxtpx:TrackPointExtension>
<gpxtpx:speed>1.06</gpxtpx:speed>
</gpxtpx:TrackPointExtension>
<opentracks:accuracy_horizontal>2.326</opentracks:accuracy_horizontal></extensions>
</trkpt>
<trkpt lat="-32.23607" lon="115.790763">
<ele>-16.7</ele>
<time>2026-08-29T08:42:40.2+08:00</time>
<extensions>
<gpxtpx:TrackPointExtension>
<gpxtpx:speed>1.1</gpxtpx:speed>
</gpxtpx:TrackPointExtension>
<opentracks:accuracy_horizontal>2.373</opentracks:accuracy_horizontal></extensions>
</trkpt>
<trkpt lat="-32.23597" lon="115.790781">
<ele>-16.9</ele>
<time>2026-08-29T08:42:49.208+08:00</time>
<extensions>
<gpxtpx:TrackPointExtension>
<gpxtpx:speed>1.19</gpxtpx:speed>
</gpxtpx:TrackPointExtension>
<opentracks:accuracy_horizontal>2.435</opentracks:accuracy_horizontal></extensions>
</trkpt>
<trkpt lat="-32.235872" lon="115.790778">
<ele>-17.1</ele>
<time>2026-08-29T08:42:58.193+08:00</time>
<extensions>
<gpxtpx:TrackPointExtension>
<gpxtpx:speed>1.19</gpxtpx:speed>
</gpxtpx:TrackPointExtension>
<opentracks:accuracy_horizontal>2.244</opentracks:accuracy_horizontal></extensions>
</trkpt>
<trkpt lat="-32.235775" lon="115.790762">
<ele>-16.2</ele>
<time>2026-08-29T08:43:07.212+08:00</time>
<extensions>
<gpxtpx:TrackPointExtension>
<gpxtpx:speed>1.17</gpxtpx:speed>
</gpxtpx:TrackPointExtension>
<opentracks:accuracy_horizontal>2.386</opentracks:accuracy_horizontal></extensions>
</trkpt>
<trkpt lat="-32.235703" lon="115.790703">
<ele>-15.5</ele>
<time>2026-08-29T08:43:17.202+08:00</time>
<extensions>
<gpxtpx:TrackPointExtension>
<gpxtpx:speed>1.1</gpxtpx:speed>
</gpxtpx:TrackPointExtension>
<opentracks:accuracy_horizontal>2.333</opentracks:accuracy_horizontal></extensions>
</trkpt>
<trkpt lat="-32.235671" lon="115.7906">
<ele>-16.5</ele>
<time>2026-08-29T08:43:27.205+08:00</time>
<extensions>
<gpxtpx:TrackPointExtension>
<gpxtpx:speed>1.06</gpxtpx:speed>
</gpxtpx:TrackPointExtension>
<opentracks:accuracy_horizontal>2.207</opentracks:accuracy_horizontal></extensions>
</trkpt>
<trkpt lat="-32.235594" lon="115.79054">
<ele>-16.6</ele>
<time>2026-08-29T08:43:36.202+08:00</time>
<extensions>
<gpxtpx:TrackPointExtension>
<gpxtpx:speed>1.08</gpxtpx:speed>
</gpxtpx:TrackPointExtension>
<opentracks:accuracy_horizontal>2.144</opentracks:accuracy_horizontal></extensions>
</trkpt>
<trkpt lat="-32.235503" lon="115.790492">
<ele>-17</ele>
<time>2026-08-29T08:43:46.199+08:00</time>
<extensions>
<gpxtpx:TrackPointExtension>
<gpxtpx:speed>1.09</gpxtpx:speed>
</gpxtpx:TrackPointExtension>
<opentracks:accuracy_horizontal>2.157</opentracks:accuracy_horizontal></extensions>
</trkpt>
<trkpt lat="-32.235402" lon="115.790491">
<ele>-17.3</ele>
<time>2026-08-29T08:43:56.195+08:00</time>
<extensions>
<gpxtpx:TrackPointExtension>
<gpxtpx:speed>1.08</gpxtpx:speed>
</gpxtpx:TrackPointExtension>
<opentracks:accuracy_horizontal>2.23</opentracks:accuracy_horizontal></extensions>
</trkpt>
<trkpt lat="-32.235309" lon="115.790527">
<ele>-17.6</ele>
<time>2026-08-29T08:44:06.2+08:00</time>
<extensions>
<gpxtpx:TrackPointExtension>
<gpxtpx:speed>1.06</gpxtpx:speed>
</gpxtpx:TrackPointExtension>
<opentracks:accuracy_horizontal>2.357</opentracks:accuracy_horizontal></extensions>
</trkpt>
<trkpt lat="-32.235249" lon="115.790452">
<ele>-16.4</ele>
<time>2026-08-29T08:44:16.197+08:00</time>
<extensions>
<gpxtpx:TrackPointExtension>
<gpxtpx:speed>1.09</gpxtpx:speed>
</gpxtpx:TrackPointExtension>
<opentracks:accuracy_horizontal>2.114</opentracks:accuracy_horizontal></extensions>
</trkpt>
<trkpt lat="-32.235165" lon="115.790407">
<ele>-16.6</ele>
<time>2026-08-29T08:44:24.192+08:00</time>
<extensions>
<gpxtpx:TrackPointExtension>
<gpxtpx:speed>1.16</gpxtpx:speed>
</gpxtpx:TrackPointExtension>
<opentracks:accuracy_horizontal>2.27</opentracks:accuracy_horizontal></extensions>
</trkpt>
<trkpt lat="-32.23508" lon="115.790379">
<ele>-16.6</ele>
<time>2026-08-29T08:44:33.198+08:00</time>
<extensions>
<gpxtpx:TrackPointExtension>
<gpxtpx:speed>1.14</gpxtpx:speed>
</gpxtpx:TrackPointExtension>
<opentracks:accuracy_horizontal>2.141</opentracks:accuracy_horizontal></extensions>
</trkpt>
<trkpt lat="-32.234988" lon="115.790358">
<ele>-17</ele>
<time>2026-08-29T08:44:41.206+08:00</time>
<extensions>
<gpxtpx:TrackPointExtension>
<gpxtpx:speed>1.19</gpxtpx:speed>
</gpxtpx:TrackPointExtension>
<opentracks:accuracy_horizontal>2.318</opentracks:accuracy_horizontal></extensions>
</trkpt>
<trkpt lat="-32.234916" lon="115.790344">
<ele>-17.6</ele>
<time>2026-08-29T08:44:51.201+08:00</time>
<extensions>
<gpxtpx:TrackPointExtension>
<gpxtpx:speed>0.96</gpxtpx:speed>
</gpxtpx:TrackPointExtension>
<opentracks:accuracy_horizontal>2.262</opentracks:accuracy_horizontal></extensions>
</trkpt>
<trkpt lat="-32.234844" lon="115.790267">
<ele>-17.3</ele>
<time>2026-08-29T08:44:59.208+08:00</time>
<extensions>
<gpxtpx:TrackPointExtension>
<gpxtpx:speed>1.15</gpxtpx:speed>
</gpxtpx:TrackPointExtension>
<opentracks:accuracy_horizontal>2.24</opentracks:accuracy_horizontal></extensions>
</trkpt>
<trkpt lat="-32.234759" lon="115.790241">
<ele>-17.6</ele>
<time>2026-08-29T08:45:09.192+08:00</time>
<extensions>
<gpxtpx:TrackPointExtension>
<gpxtpx:speed>1.11</gpxtpx:speed>
</gpxtpx:TrackPointExtension>
<opentracks:accuracy_horizontal>2.257</opentracks:accuracy_horizontal></extensions>
</trkpt>
<trkpt lat="-32.234667" lon="115.790225">
<ele>-17.3</ele>
<time>2026-08-29T08:45:18.203+08:00</time>
<extensions>
<gpxtpx:TrackPointExtension>
<gpxtpx:speed>1.11</gpxtpx:speed>
</gpxtpx:TrackPointExtension>
<opentracks:accuracy_horizontal>2.232</opentracks:accuracy_horizontal></extensions>
</trkpt>
<trkpt lat="-32.234599" lon="115.790145">
<ele>-17.1</ele>
<time>2026-08-29T08:45:28.194+08:00</time>
<extensions>
<gpxtpx:TrackPointExtension>
<gpxtpx:speed>1.07</gpxtpx:speed>
</gpxtpx:TrackPointExtension>
<opentracks:accuracy_horizontal>2.249</opentracks:accuracy_horizontal></extensions>
</trkpt>
<trkpt lat="-32.234578" lon="115.790168">
<ele>-16.2</ele>
<time>2026-08-29T08:45:37.246+08:00</time>
<extensions>
<gpxtpx:TrackPointExtension>
<gpxtpx:speed>0.04</gpxtpx:speed>
</gpxtpx:TrackPointExtension>
<opentracks:accuracy_horizontal>2.926</opentracks:accuracy_horizontal></extensions>
</trkpt>
<trkpt lat="-32.234492" lon="115.790213">
<ele>-17.5</ele>
<time>2026-08-29T08:45:56.208+08:00</time>
<extensions>
<gpxtpx:TrackPointExtension>
<gpxtpx:speed>0.92</gpxtpx:speed>
</gpxtpx:TrackPointExtension>
<opentracks:accuracy_horizontal>2.22</opentracks:accuracy_horizontal></extensions>
</trkpt>
<trkpt lat="-32.234417" lon="115.790142">
<ele>-17.9</ele>
<time>2026-08-29T08:46:06.215+08:00</time>
<extensions>
<gpxtpx:TrackPointExtension>
<gpxtpx:speed>1.09</gpxtpx:speed>
</gpxtpx:TrackPointExtension>
<opentracks:accuracy_horizontal>2.326</opentracks:accuracy_horizontal></extensions>
</trkpt>
<trkpt lat="-32.234362" lon="115.790056">
<ele>-17.9</ele>
<time>2026-08-29T08:46:15.197+08:00</time>
<extensions>
<gpxtpx:TrackPointExtension>
<gpxtpx:speed>1.11</gpxtpx:speed>
</gpxtpx:TrackPointExtension>
<opentracks:accuracy_horizontal>2.221</opentracks:accuracy_horizontal></extensions>
</trkpt>
<trkpt lat="-32.234278" lon="115.79009">
<ele>-18.9</ele>
<time>2026-08-29T08:46:25.204+08:00</time>
<extensions>
<gpxtpx:TrackPointExtension>
<gpxtpx:speed>1.08</gpxtpx:speed>
</gpxtpx:TrackPointExtension>
<opentracks:accuracy_horizontal>2.233</opentracks:accuracy_horizontal></extensions>
</trkpt>
<trkpt lat="-32.234183" lon="115.790062">
<ele>-16.2</ele>
<time>2026-08-29T08:46:39.196+08:00</time>
<extensions>
<gpxtpx:TrackPointExtension>
<gpxtpx:speed>1.05</gpxtpx:speed>
</gpxtpx:TrackPointExtension>
<opentracks:accuracy_horizontal>2.296</opentracks:accuracy_horizontal></extensions>
</trkpt>
<trkpt lat="-32.234122" lon="115.789982">
<ele>-16.9</ele>
<time>2026-08-29T08:46:49.197+08:00</time>
<extensions>
<gpxtpx:TrackPointExtension>
<gpxtpx:speed>1</gpxtpx:speed>
</gpxtpx:TrackPointExtension>
<opentracks:accuracy_horizontal>2.397</opentracks:accuracy_horizontal></extensions>
</trkpt>
<trkpt lat="-32.234047" lon="115.789923">
<ele>-18</ele>
<time>2026-08-29T08:46:59.208+08:00</time>
<extensions>
<gpxtpx:TrackPointExtension>
<gpxtpx:speed>1.07</gpxtpx:speed>
</gpxtpx:TrackPointExtension>
<opentracks:accuracy_horizontal>2.022</opentracks:accuracy_horizontal></extensions>
</trkpt>
<trkpt lat="-32.233971" lon="115.789989">
<ele>-18</ele>
<time>2026-08-29T08:47:09.174+08:00</time>
<extensions>
<gpxtpx:TrackPointExtension>
<gpxtpx:speed>1.14</gpxtpx:speed>
</gpxtpx:TrackPointExtension>
<opentracks:accuracy_horizontal>2.103</opentracks:accuracy_horizontal></extensions>
</trkpt>
<trkpt lat="-32.233911" lon="115.79005">
<ele>-20</ele>
<time>2026-08-29T08:47:19.174+08:00</time>
<extensions>
<gpxtpx:TrackPointExtension>
<gpxtpx:speed>1.07</gpxtpx:speed>
</gpxtpx:TrackPointExtension>
<opentracks:accuracy_horizontal>2.084</opentracks:accuracy_horizontal></extensions>
</trkpt>
<trkpt lat="-32.233816" lon="115.79006">
<ele>-19.3</ele>
<time>2026-08-29T08:47:29.171+08:00</time>
<extensions>
<gpxtpx:TrackPointExtension>
<gpxtpx:speed>1.05</gpxtpx:speed>
</gpxtpx:TrackPointExtension>
<opentracks:accuracy_horizontal>2.043</opentracks:accuracy_horizontal></extensions>
</trkpt>
<trkpt lat="-32.23373" lon="115.790014">
<ele>-18.9</ele>
<time>2026-08-29T08:47:39.176+08:00</time>
<extensions>
<gpxtpx:TrackPointExtension>
<gpxtpx:speed>1.06</gpxtpx:speed>
</gpxtpx:TrackPointExtension>
<opentracks:accuracy_horizontal>2.091</opentracks:accuracy_horizontal></extensions>
</trkpt>
<trkpt lat="-32.233655" lon="115.789968">
<ele>-19.5</ele>
<time>2026-08-29T08:47:48.185+08:00</time>
<extensions>
<gpxtpx:TrackPointExtension>
<gpxtpx:speed>1.05</gpxtpx:speed>
</gpxtpx:TrackPointExtension>
<opentracks:accuracy_horizontal>1.999</opentracks:accuracy_horizontal></extensions>
</trkpt>
<trkpt lat="-32.23362" lon="115.789867">
<ele>-20.6</ele>
<time>2026-08-29T08:48:00.188+08:00</time>
<extensions>
<gpxtpx:TrackPointExtension>
<gpxtpx:speed>0.93</gpxtpx:speed>
</gpxtpx:TrackPointExtension>
<opentracks:accuracy_horizontal>1.976</opentracks:accuracy_horizontal></extensions>
</trkpt>
<trkpt lat="-32.233612" lon="115.789765">
<ele>-21.2</ele>
<time>2026-08-29T08:48:10.171+08:00</time>
<extensions>
<gpxtpx:TrackPointExtension>
<gpxtpx:speed>0.96</gpxtpx:speed>
</gpxtpx:TrackPointExtension>
<opentracks:accuracy_horizontal>2.008</opentracks:accuracy_horizontal></extensions>
</trkpt>
<trkpt lat="-32.233558" lon="115.789664">
<ele>-20.4</ele>
<time>2026-08-29T08:48:19.199+08:00</time>
<extensions>
<gpxtpx:TrackPointExtension>
<gpxtpx:speed>1.13</gpxtpx:speed>
</gpxtpx:TrackPointExtension>
<opentracks:accuracy_horizontal>2.306</opentracks:accuracy_horizontal></extensions>
</trkpt>
<trkpt lat="-32.23351" lon="115.789564">
<ele>-21.3</ele>
<time>2026-08-29T08:48:28.205+08:00</time>
<extensions>
<gpxtpx:TrackPointExtension>
<gpxtpx:speed>1.15</gpxtpx:speed>
</gpxtpx:TrackPointExtension>
<opentracks:accuracy_horizontal>2.327</opentracks:accuracy_horizontal></extensions>
</trkpt>
<trkpt lat="-32.233452" lon="115.789476">
<ele>-20.3</ele>
<time>2026-08-29T08:48:35.213+08:00</time>
<extensions>
<gpxtpx:TrackPointExtension>
<gpxtpx:speed>1.31</gpxtpx:speed>
</gpxtpx:TrackPointExtension>
<opentracks:accuracy_horizontal>2.161</opentracks:accuracy_horizontal></extensions>
</trkpt>
<trkpt lat="-32.233376" lon="115.789409">
<ele>-20.5</ele>
<time>2026-08-29T08:48:45.202+08:00</time>
<extensions>
<gpxtpx:TrackPointExtension>
<gpxtpx:speed>1.2</gpxtpx:speed>
</gpxtpx:TrackPointExtension>
<opentracks:accuracy_horizontal>2.2</opentracks:accuracy_horizontal></extensions>
</trkpt>
<trkpt lat="-32.23338" lon="115.789364">
<ele>-21.3</ele>
<time>2026-08-29T08:48:55.21+08:00</time>
<extensions>
<gpxtpx:TrackPointExtension>
<gpxtpx:speed>0.18</gpxtpx:speed>
</gpxtpx:TrackPointExtension>
<opentracks:accuracy_horizontal>2.653</opentracks:accuracy_horizontal></extensions>
</trkpt>
<trkpt lat="-32.233428" lon="115.789265">
<ele>-22.2</ele>
<time>2026-08-29T08:49:13.205+08:00</time>
<extensions>
<gpxtpx:TrackPointExtension>
<gpxtpx:speed>0.21</gpxtpx:speed>
</gpxtpx:TrackPointExtension>
<opentracks:accuracy_horizontal>2.291</opentracks:accuracy_horizontal></extensions>
</trkpt>
<trkpt lat="-32.233485" lon="115.789179">
<ele>-22.6</ele>
<time>2026-08-29T08:49:23.204+08:00</time>
<extensions>
<gpxtpx:TrackPointExtension>
<gpxtpx:speed>0.8</gpxtpx:speed>
</gpxtpx:TrackPointExtension>
<opentracks:accuracy_horizontal>2.517</opentracks:accuracy_horizontal></extensions>
</trkpt>
<trkpt lat="-32.233521" lon="115.789084">
<ele>-23.7</ele>
<time>2026-08-29T08:49:33.203+08:00</time>
<extensions>
<gpxtpx:TrackPointExtension>
<gpxtpx:speed>1.02</gpxtpx:speed>
</gpxtpx:TrackPointExtension>
<opentracks:accuracy_horizontal>2.575</opentracks:accuracy_horizontal></extensions>
</trkpt>
<trkpt lat="-32.233571" lon="115.788992">
<ele>-24.3</ele>
<time>2026-08-29T08:49:43.215+08:00</time>
<extensions>
<gpxtpx:TrackPointExtension>
<gpxtpx:speed>0.99</gpxtpx:speed>
</gpxtpx:TrackPointExtension>
<opentracks:accuracy_horizontal>2.46</opentracks:accuracy_horizontal></extensions>
</trkpt>
<trkpt lat="-32.233563" lon="115.788892">
<ele>-24.1</ele>
<time>2026-08-29T08:49:53.214+08:00</time>
<extensions>
<gpxtpx:TrackPointExtension>
<gpxtpx:speed>1.01</gpxtpx:speed>
</gpxtpx:TrackPointExtension>
<opentracks:accuracy_horizontal>2.422</opentracks:accuracy_horizontal></extensions>
</trkpt>
<trkpt lat="-32.23359" lon="115.78879">
<ele>-23.5</ele>
<time>2026-08-29T08:50:02.188+08:00</time>
<extensions>
<gpxtpx:TrackPointExtension>
<gpxtpx:speed>1.07</gpxtpx:speed>
</gpxtpx:TrackPointExtension>
<opentracks:accuracy_horizontal>2.282</opentracks:accuracy_horizontal></extensions>
</trkpt>
<trkpt lat="-32.233603" lon="115.788692">
<ele>-25.4</ele>
<time>2026-08-29T08:50:11.195+08:00</time>
<extensions>
<gpxtpx:TrackPointExtension>
<gpxtpx:speed>1.05</gpxtpx:speed>
</gpxtpx:TrackPointExtension>
<opentracks:accuracy_horizontal>2.457</opentracks:accuracy_horizontal></extensions>
</trkpt>
<trkpt lat="-32.233644" lon="115.788586">
<ele>-25.2</ele>
<time>2026-08-29T08:50:23.178+08:00</time>
<extensions>
<gpxtpx:TrackPointExtension>
<gpxtpx:speed>0.9</gpxtpx:speed>
</gpxtpx:TrackPointExtension>
<opentracks:accuracy_horizontal>2.496</opentracks:accuracy_horizontal></extensions>
</trkpt>
<trkpt lat="-32.233676" lon="115.788528">
<ele>-24.2</ele>
<time>2026-08-29T08:50:32.22+08:00</time>
<extensions>
<gpxtpx:TrackPointExtension>
<gpxtpx:speed>0.35</gpxtpx:speed>
</gpxtpx:TrackPointExtension>
<opentracks:accuracy_horizontal>2.356</opentracks:accuracy_horizontal></extensions>
</trkpt>
<trkpt lat="-32.233719" lon="115.78842">
<ele>-25.6</ele>
<time>2026-08-29T08:50:57.197+08:00</time>
<extensions>
<gpxtpx:TrackPointExtension>
<gpxtpx:speed>1.16</gpxtpx:speed>
</gpxtpx:TrackPointExtension>
<opentracks:accuracy_horizontal>2.383</opentracks:accuracy_horizontal></extensions>
</trkpt>
<trkpt lat="-32.233738" lon="115.788314">
<ele>-25.2</ele>
<time>2026-08-29T08:51:06.191+08:00</time>
<extensions>
<gpxtpx:TrackPointExtension>
<gpxtpx:speed>1.13</gpxtpx:speed>
</gpxtpx:TrackPointExtension>
<opentracks:accuracy_horizontal>2.445</opentracks:accuracy_horizontal></extensions>
</trkpt>
<trkpt lat="-32.233703" lon="115.788215">
<ele>-23.1</ele>
<time>2026-08-29T08:51:16.208+08:00</time>
<extensions>
<gpxtpx:TrackPointExtension>
<gpxtpx:speed>1.15</gpxtpx:speed>
</gpxtpx:TrackPointExtension>
<opentracks:accuracy_horizontal>2.413</opentracks:accuracy_horizontal></extensions>
</trkpt>
<trkpt lat="-32.233637" lon="115.788133">
<ele>-22.5</ele>
<time>2026-08-29T08:51:25.202+08:00</time>
<extensions>
<gpxtpx:TrackPointExtension>
<gpxtpx:speed>1.13</gpxtpx:speed>
</gpxtpx:TrackPointExtension>
<opentracks:accuracy_horizontal>2.336</opentracks:accuracy_horizontal></extensions>
</trkpt>
<trkpt lat="-32.233637" lon="115.788036">
<ele>-23.2</ele>
<time>2026-08-29T08:51:35.185+08:00</time>
<extensions>
<gpxtpx:TrackPointExtension>
<gpxtpx:speed>0.99</gpxtpx:speed>
</gpxtpx:TrackPointExtension>
<opentracks:accuracy_horizontal>2.354</opentracks:accuracy_horizontal></extensions>
</trkpt>
<trkpt lat="-32.233654" lon="115.787931">
<ele>-23.9</ele>
<time>2026-08-29T08:51:47.192+08:00</time>
<extensions>
<gpxtpx:TrackPointExtension>
<gpxtpx:speed>0.96</gpxtpx:speed>
</gpxtpx:TrackPointExtension>
<opentracks:accuracy_horizontal>2.532</opentracks:accuracy_horizontal></extensions>
</trkpt>
<trkpt lat="-32.233698" lon="115.787835">
<ele>-23.9</ele>
<time>2026-08-29T08:51:56.209+08:00</time>
<extensions>
<gpxtpx:TrackPointExtension>
<gpxtpx:speed>1.02</gpxtpx:speed>
</gpxtpx:TrackPointExtension>
<opentracks:accuracy_horizontal>2.551</opentracks:accuracy_horizontal></extensions>
</trkpt>
<trkpt lat="-32.233742" lon="115.787734">
<ele>-25.1</ele>
<time>2026-08-29T08:52:05.207+08:00</time>
<extensions>
<gpxtpx:TrackPointExtension>
<gpxtpx:speed>1.1</gpxtpx:speed>
</gpxtpx:TrackPointExtension>
<opentracks:accuracy_horizontal>2.375</opentracks:accuracy_horizontal></extensions>
</trkpt>
<trkpt lat="-32.233722" lon="115.787623">
<ele>-25.5</ele>
<time>2026-08-29T08:52:15.204+08:00</time>
<extensions>
<gpxtpx:TrackPointExtension>
<gpxtpx:speed>0.89</gpxtpx:speed>
</gpxtpx:TrackPointExtension>
<opentracks:accuracy_horizontal>2.452</opentracks:accuracy_horizontal></extensions>
</trkpt>
<trkpt lat="-32.233688" lon="115.78752">
<ele>-24.7</ele>
<time>2026-08-29T08:52:24.211+08:00</time>
<extensions>
<gpxtpx:TrackPointExtension>
<gpxtpx:speed>1.13</gpxtpx:speed>
</gpxtpx:TrackPointExtension>
<opentracks:accuracy_horizontal>2.429</opentracks:accuracy_horizontal></extensions>
</trkpt>
<trkpt lat="-32.233653" lon="115.787423">
<ele>-25.8</ele>
<time>2026-08-29T08:52:33.205+08:00</time>
<extensions>
<gpxtpx:TrackPointExtension>
<gpxtpx:speed>1.1</gpxtpx:speed>
</gpxtpx:TrackPointExtension>
<opentracks:accuracy_horizontal>2.443</opentracks:accuracy_horizontal></extensions>
</trkpt>
<trkpt lat="-32.233663" lon="115.787316">
<ele>-25.8</ele>
<time>2026-08-29T08:52:44.193+08:00</time>
<extensions>
<gpxtpx:TrackPointExtension>
<gpxtpx:speed>0.97</gpxtpx:speed>
</gpxtpx:TrackPointExtension>
<opentracks:accuracy_horizontal>2.336</opentracks:accuracy_horizontal></extensions>
</trkpt>
<trkpt lat="-32.233692" lon="115.787282">
<ele>-27.2</ele>
<time>2026-08-29T08:52:53.213+08:00</time>
<extensions>
<gpxtpx:TrackPointExtension>
<gpxtpx:speed>0.61</gpxtpx:speed>
</gpxtpx:TrackPointExtension>
<opentracks:accuracy_horizontal>3.19</opentracks:accuracy_horizontal></extensions>
</trkpt>
<trkpt lat="-32.233674" lon="115.787174">
<ele>-26.8</ele>
<time>2026-08-29T08:53:01.213+08:00</time>
<extensions>
<gpxtpx:TrackPointExtension>
<gpxtpx:speed>1.12</gpxtpx:speed>
</gpxtpx:TrackPointExtension>
<opentracks:accuracy_horizontal>2.406</opentracks:accuracy_horizontal></extensions>
</trkpt>
<trkpt lat="-32.233632" lon="115.787078">
<ele>-26.7</ele>
<time>2026-08-29T08:53:10.208+08:00</time>
<extensions>
<gpxtpx:TrackPointExtension>
<gpxtpx:speed>1.1</gpxtpx:speed>
</gpxtpx:TrackPointExtension>
<opentracks:accuracy_horizontal>2.249</opentracks:accuracy_horizontal></extensions>
</trkpt>
<trkpt lat="-32.23361" lon="115.786969">
<ele>-27.3</ele>
<time>2026-08-29T08:53:20.212+08:00</time>
<extensions>
<gpxtpx:TrackPointExtension>
<gpxtpx:speed>1.05</gpxtpx:speed>
</gpxtpx:TrackPointExtension>
<opentracks:accuracy_horizontal>2.216</opentracks:accuracy_horizontal></extensions>
</trkpt>
<trkpt lat="-32.233608" lon="115.786862">
<ele>-27.5</ele>
<time>2026-08-29T08:53:29.209+08:00</time>
<extensions>
<gpxtpx:TrackPointExtension>
<gpxtpx:speed>1.06</gpxtpx:speed>
</gpxtpx:TrackPointExtension>
<opentracks:accuracy_horizontal>2.326</opentracks:accuracy_horizontal></extensions>
</trkpt>
<trkpt lat="-32.233616" lon="115.786758">
<ele>-26.9</ele>
<time>2026-08-29T08:53:39.212+08:00</time>
<extensions>
<gpxtpx:TrackPointExtension>
<gpxtpx:speed>1.04</gpxtpx:speed>
</gpxtpx:TrackPointExtension>
<opentracks:accuracy_horizontal>2.216</opentracks:accuracy_horizontal></extensions>
</trkpt>
<trkpt lat="-32.233599" lon="115.786653">
<ele>-26.7</ele>
<time>2026-08-29T08:53:51.217+08:00</time>
<extensions>
<gpxtpx:TrackPointExtension>
<gpxtpx:speed>0.92</gpxtpx:speed>
</gpxtpx:TrackPointExtension>
<opentracks:accuracy_horizontal>2.306</opentracks:accuracy_horizontal></extensions>
</trkpt>
<trkpt lat="-32.233582" lon="115.786633">
<ele>-25.7</ele>
<time>2026-08-29T08:54:01.208+08:00</time>
<extensions>
<gpxtpx:TrackPointExtension>
<gpxtpx:speed>0.05</gpxtpx:speed>
</gpxtpx:TrackPointExtension>
<opentracks:accuracy_horizontal>2.543</opentracks:accuracy_horizontal></extensions>
</trkpt>
<trkpt lat="-32.233515" lon="115.786541">
<ele>-25.9</ele>
<time>2026-08-29T08:54:25.226+08:00</time>
<extensions>
<gpxtpx:TrackPointExtension>
<gpxtpx:speed>0.1</gpxtpx:speed>
</gpxtpx:TrackPointExtension>
<opentracks:accuracy_horizontal>2.482</opentracks:accuracy_horizontal></extensions>
</trkpt>
<trkpt lat="-32.233462" lon="115.786472">
<ele>-25.6</ele>
<time>2026-08-29T08:54:35.206+08:00</time>
<extensions>
<gpxtpx:TrackPointExtension>
<gpxtpx:speed>0.1</gpxtpx:speed>
</gpxtpx:TrackPointExtension>
<opentracks:accuracy_horizontal>2.569</opentracks:accuracy_horizontal></extensions>
</trkpt>
<trkpt lat="-32.233415" lon="115.786372">
<ele>-25.7</ele>
<time>2026-08-29T08:54:42.214+08:00</time>
<extensions>
<gpxtpx:TrackPointExtension>
<gpxtpx:speed>0.97</gpxtpx:speed>
</gpxtpx:TrackPointExtension>
<opentracks:accuracy_horizontal>2.481</opentracks:accuracy_horizontal></extensions>
</trkpt>
<trkpt lat="-32.233314" lon="115.786351">
<ele>-22.7</ele>
<time>2026-08-29T08:54:51.205+08:00</time>
<extensions>
<gpxtpx:TrackPointExtension>
<gpxtpx:speed>1.29</gpxtpx:speed>
</gpxtpx:TrackPointExtension>
<opentracks:accuracy_horizontal>2.377</opentracks:accuracy_horizontal></extensions>
</trkpt>
<trkpt lat="-32.233223" lon="115.786346">
<ele>-22.9</ele>
<time>2026-08-29T08:54:59.22+08:00</time>
<extensions>
<gpxtpx:TrackPointExtension>
<gpxtpx:speed>1.26</gpxtpx:speed>
</gpxtpx:TrackPointExtension>
<opentracks:accuracy_horizontal>2.421</opentracks:accuracy_horizontal></extensions>
</trkpt>
<trkpt lat="-32.23313" lon="115.786351">
<ele>-22.4</ele>
<time>2026-08-29T08:55:08.22+08:00</time>
<extensions>
<gpxtpx:TrackPointExtension>
<gpxtpx:speed>1.22</gpxtpx:speed>
</gpxtpx:TrackPointExtension>
<opentracks:accuracy_horizontal>2.516</opentracks:accuracy_horizontal></extensions>
</trkpt>
<trkpt lat="-32.23304" lon="115.786376">
<ele>-23</ele>
<time>2026-08-29T08:55:16.207+08:00</time>
<extensions>
<gpxtpx:TrackPointExtension>
<gpxtpx:speed>1.26</gpxtpx:speed>
</gpxtpx:TrackPointExtension>
<opentracks:accuracy_horizontal>2.429</opentracks:accuracy_horizontal></extensions>
</trkpt>
<trkpt lat="-32.232945" lon="115.786353">
<ele>-23.5</ele>
<time>2026-08-29T08:55:24.212+08:00</time>
<extensions>
<gpxtpx:TrackPointExtension>
<gpxtpx:speed>1.32</gpxtpx:speed>
</gpxtpx:TrackPointExtension>
<opentracks:accuracy_horizontal>2.332</opentracks:accuracy_horizontal></extensions>
</trkpt>
<trkpt lat="-32.232857" lon="115.786318">
<ele>-22</ele>
<time>2026-08-29T08:55:32.205+08:00</time>
<extensions>
<gpxtpx:TrackPointExtension>
<gpxtpx:speed>1.27</gpxtpx:speed>
</gpxtpx:TrackPointExtension>
<opentracks:accuracy_horizontal>2.484</opentracks:accuracy_horizontal></extensions>
</trkpt>
<trkpt lat="-32.232764" lon="115.786337">
<ele>-20.5</ele>
<time>2026-08-29T08:55:41.21+08:00</time>
<extensions>
<gpxtpx:TrackPointExtension>
<gpxtpx:speed>1.21</gpxtpx:speed>
</gpxtpx:TrackPointExtension>
<opentracks:accuracy_horizontal>2.404</opentracks:accuracy_horizontal></extensions>
</trkpt>
<trkpt lat="-32.232667" lon="115.786317">
<ele>-20.8</ele>
<time>2026-08-29T08:55:51.22+08:00</time>
<extensions>
<gpxtpx:TrackPointExtension>
<gpxtpx:speed>1.15</gpxtpx:speed>
</gpxtpx:TrackPointExtension>
<opentracks:accuracy_horizontal>2.542</opentracks:accuracy_horizontal></extensions>
</trkpt>
<trkpt lat="-32.232672" lon="115.786333">
<ele>-20.5</ele>
<time>2026-08-29T08:56:00.251+08:00</time>
<extensions>
<gpxtpx:TrackPointExtension>
<gpxtpx:speed>0.03</gpxtpx:speed>
</gpxtpx:TrackPointExtension>
<opentracks:accuracy_horizontal>3.193</opentracks:accuracy_horizontal></extensions>
</trkpt>
<trkpt lat="-32.232583" lon="115.786317">
<ele>-21.5</ele>
<time>2026-08-29T08:56:41.254+08:00</time>
<extensions>
<gpxtpx:TrackPointExtension>
<gpxtpx:speed>1.21</gpxtpx:speed>
</gpxtpx:TrackPointExtension>
<opentracks:accuracy_horizontal>2.814</opentracks:accuracy_horizontal></extensions>
</trkpt>
<trkpt lat="-32.232498" lon="115.786266">
<ele>-22.8</ele>
<time>2026-08-29T08:56:50.279+08:00</time>
<extensions>
<gpxtpx:TrackPointExtension>
<gpxtpx:speed>1.19</gpxtpx:speed>
</gpxtpx:TrackPointExtension>
<opentracks:accuracy_horizontal>3.176</opentracks:accuracy_horizontal></extensions>
</trkpt>
<trkpt lat="-32.232406" lon="115.78628">
<ele>-23.9</ele>
<time>2026-08-29T08:56:58.269+08:00</time>
<extensions>
<gpxtpx:TrackPointExtension>
<gpxtpx:speed>1.23</gpxtpx:speed>
</gpxtpx:TrackPointExtension>
<opentracks:accuracy_horizontal>3.398</opentracks:accuracy_horizontal></extensions>
</trkpt>
<trkpt lat="-32.232357" lon="115.786306">
<ele>-25.2</ele>
<time>2026-08-29T08:57:08.265+08:00</time>
<extensions>
<gpxtpx:TrackPointExtension>
<gpxtpx:speed>0.13</gpxtpx:speed>
</gpxtpx:TrackPointExtension>
<opentracks:accuracy_horizontal>2.659</opentracks:accuracy_horizontal></extensions>
</trkpt>
<trkpt lat="-32.232257" lon="115.786275">
<ele>-26</ele>
<time>2026-08-29T08:57:26.272+08:00</time>
<extensions>
<gpxtpx:TrackPointExtension>
<gpxtpx:speed>1.33</gpxtpx:speed>
</gpxtpx:TrackPointExtension>
<opentracks:accuracy_horizontal>3.557</opentracks:accuracy_horizontal></extensions>
</trkpt>
<trkpt lat="-32.232156" lon="115.786291">
<ele>-25.6</ele>
<time>2026-08-29T08:57:34.271+08:00</time>
<extensions>
<gpxtpx:TrackPointExtension>
<gpxtpx:speed>1.34</gpxtpx:speed>
</gpxtpx:TrackPointExtension>
<opentracks:accuracy_horizontal>3.51</opentracks:accuracy_horizontal></extensions>
</trkpt>
<trkpt lat="-32.232062" lon="115.786307">
<ele>-24.5</ele>
<time>2026-08-29T08:57:43.27+08:00</time>
<extensions>
<gpxtpx:TrackPointExtension>
<gpxtpx:speed>1.2</gpxtpx:speed>
</gpxtpx:TrackPointExtension>
<opentracks:accuracy_horizontal>3.12</opentracks:accuracy_horizontal></extensions>
</trkpt>
<trkpt lat="-32.231968" lon="115.78631">
<ele>-24.7</ele>
<time>2026-08-29T08:57:51.282+08:00</time>
<extensions>
<gpxtpx:TrackPointExtension>
<gpxtpx:speed>1.2</gpxtpx:speed>
</gpxtpx:TrackPointExtension>
<opentracks:accuracy_horizontal>3.391</opentracks:accuracy_horizontal></extensions>
</trkpt>
<trkpt lat="-32.231872" lon="115.786294">
<ele>-25.5</ele>
<time>2026-08-29T08:58:00.275+08:00</time>
<extensions>
<gpxtpx:TrackPointExtension>
<gpxtpx:speed>1.19</gpxtpx:speed>
</gpxtpx:TrackPointExtension>
<opentracks:accuracy_horizontal>3.532</opentracks:accuracy_horizontal></extensions>
</trkpt>
<trkpt lat="-32.231787" lon="115.786276">
<ele>-24.5</ele>
<time>2026-08-29T08:58:10.265+08:00</time>
<extensions>
<gpxtpx:TrackPointExtension>
<gpxtpx:speed>0.23</gpxtpx:speed>
</gpxtpx:TrackPointExtension>
<opentracks:accuracy_horizontal>2.907</opentracks:accuracy_horizontal></extensions>
</trkpt>
<trkpt lat="-32.231687" lon="115.786267">
<ele>-21.5</ele>
<time>2026-08-29T08:58:28.266+08:00</time>
<extensions>
<gpxtpx:TrackPointExtension>
<gpxtpx:speed>1.25</gpxtpx:speed>
</gpxtpx:TrackPointExtension>
<opentracks:accuracy_horizontal>2.474</opentracks:accuracy_horizontal></extensions>
</trkpt>
<trkpt lat="-32.23167" lon="115.786274">
<ele>-22.4</ele>
<time>2026-08-29T08:58:38.21+08:00</time>
<extensions>
<gpxtpx:TrackPointExtension>
<gpxtpx:speed>0.02</gpxtpx:speed>
</gpxtpx:TrackPointExtension>
<opentracks:accuracy_horizontal>2.682</opentracks:accuracy_horizontal></extensions>
</trkpt>
<trkpt lat="-32.231575" lon="115.786256">
<ele>-22.2</ele>
<time>2026-08-29T08:59:06.206+08:00</time>
<extensions>
<gpxtpx:TrackPointExtension>
<gpxtpx:speed>1.12</gpxtpx:speed>
</gpxtpx:TrackPointExtension>
<opentracks:accuracy_horizontal>2.298</opentracks:accuracy_horizontal></extensions>
</trkpt>
<trkpt lat="-32.231482" lon="115.786226">
<ele>-20.3</ele>
<time>2026-08-29T08:59:14.213+08:00</time>
<extensions>
<gpxtpx:TrackPointExtension>
<gpxtpx:speed>1.23</gpxtpx:speed>
</gpxtpx:TrackPointExtension>
<opentracks:accuracy_horizontal>2.514</opentracks:accuracy_horizontal></extensions>
</trkpt>
<trkpt lat="-32.231397" lon="115.786273">
<ele>-20.6</ele>
<time>2026-08-29T08:59:23.222+08:00</time>
<extensions>
<gpxtpx:TrackPointExtension>
<gpxtpx:speed>1.17</gpxtpx:speed>
</gpxtpx:TrackPointExtension>
<opentracks:accuracy_horizontal>2.456</opentracks:accuracy_horizontal></extensions>
</trkpt>
<trkpt lat="-32.23132" lon="115.786345">
<ele>-21.6</ele>
<time>2026-08-29T08:59:31.215+08:00</time>
<extensions>
<gpxtpx:TrackPointExtension>
<gpxtpx:speed>1.22</gpxtpx:speed>
</gpxtpx:TrackPointExtension>
<opentracks:accuracy_horizontal>2.562</opentracks:accuracy_horizontal></extensions>
</trkpt>
<trkpt lat="-32.231231" lon="115.786373">
<ele>-22.9</ele>
<time>2026-08-29T08:59:40.205+08:00</time>
<extensions>
<gpxtpx:TrackPointExtension>
<gpxtpx:speed>1.19</gpxtpx:speed>
</gpxtpx:TrackPointExtension>
<opentracks:accuracy_horizontal>2.311</opentracks:accuracy_horizontal></extensions>
</trkpt>
<trkpt lat="-32.231132" lon="115.786369">
<ele>-22.3</ele>
<time>2026-08-29T08:59:49.216+08:00</time>
<extensions>
<gpxtpx:TrackPointExtension>
<gpxtpx:speed>1.23</gpxtpx:speed>
</gpxtpx:TrackPointExtension>
<opentracks:accuracy_horizontal>2.482</opentracks:accuracy_horizontal></extensions>
</trkpt>
<trkpt lat="-32.231034" lon="115.786367">
<ele>-21.8</ele>
<time>2026-08-29T08:59:59.226+08:00</time>
<extensions>
<gpxtpx:TrackPointExtension>
<gpxtpx:speed>1.17</gpxtpx:speed>
</gpxtpx:TrackPointExtension>
<opentracks:accuracy_horizontal>2.301</opentracks:accuracy_horizontal></extensions>
</trkpt>
<trkpt lat="-32.230957" lon="115.786424">
<ele>-23.1</ele>
<time>2026-08-29T09:00:05.206+08:00</time>
<extensions>
<gpxtpx:TrackPointExtension>
<gpxtpx:speed>1.34</gpxtpx:speed>
</gpxtpx:TrackPointExtension>
<opentracks:accuracy_horizontal>2.392</opentracks:accuracy_horizontal></extensions>
</trkpt>
<trkpt lat="-32.230865" lon="115.786443">
<ele>-21.4</ele>
<time>2026-08-29T09:00:14.199+08:00</time>
<extensions>
<gpxtpx:TrackPointExtension>
<gpxtpx:speed>1.23</gpxtpx:speed>
</gpxtpx:TrackPointExtension>
<opentracks:accuracy_horizontal>2.294</opentracks:accuracy_horizontal></extensions>
</trkpt>
<trkpt lat="-32.230779" lon="115.786488">
<ele>-24.3</ele>
<time>2026-08-29T09:00:23.205+08:00</time>
<extensions>
<gpxtpx:TrackPointExtension>
<gpxtpx:speed>1.2</gpxtpx:speed>
</gpxtpx:TrackPointExtension>
<opentracks:accuracy_horizontal>2.411</opentracks:accuracy_horizontal></extensions>
</trkpt>
<trkpt lat="-32.230685" lon="115.786515">
<ele>-23.7</ele>
<time>2026-08-29T09:00:31.213+08:00</time>
<extensions>
<gpxtpx:TrackPointExtension>
<gpxtpx:speed>1.27</gpxtpx:speed>
</gpxtpx:TrackPointExtension>
<opentracks:accuracy_horizontal>2.28</opentracks:accuracy_horizontal></extensions>
</trkpt>
<trkpt lat="-32.230589" lon="115.786513">
<ele>-24.7</ele>
<time>2026-08-29T09:00:39.22+08:00</time>
<extensions>
<gpxtpx:TrackPointExtension>
<gpxtpx:speed>1.3</gpxtpx:speed>
</gpxtpx:TrackPointExtension>
<opentracks:accuracy_horizontal>2.363</opentracks:accuracy_horizontal></extensions>
</trkpt>
<trkpt lat="-32.230492" lon="115.786525">
<ele>-24.8</ele>
<time>2026-08-29T09:00:47.218+08:00</time>
<extensions>
<gpxtpx:TrackPointExtension>
<gpxtpx:speed>1.31</gpxtpx:speed>
</gpxtpx:TrackPointExtension>
<opentracks:accuracy_horizontal>2.334</opentracks:accuracy_horizontal></extensions>
</trkpt>
<trkpt lat="-32.230392" lon="115.786517">
<ele>-23.8</ele>
<time>2026-08-29T09:00:56.224+08:00</time>
<extensions>
<gpxtpx:TrackPointExtension>
<gpxtpx:speed>1.3</gpxtpx:speed>
</gpxtpx:TrackPointExtension>
<opentracks:accuracy_horizontal>2.421</opentracks:accuracy_horizontal></extensions>
</trkpt>
<trkpt lat="-32.230298" lon="115.786535">
<ele>-23.3</ele>
<time>2026-08-29T09:01:03.209+08:00</time>
<extensions>
<gpxtpx:TrackPointExtension>
<gpxtpx:speed>1.37</gpxtpx:speed>
</gpxtpx:TrackPointExtension>
<opentracks:accuracy_horizontal>2.432</opentracks:accuracy_horizontal></extensions>
</trkpt>
<trkpt lat="-32.230214" lon="115.786579">
<ele>-22.9</ele>
<time>2026-08-29T09:01:12.218+08:00</time>
<extensions>
<gpxtpx:TrackPointExtension>
<gpxtpx:speed>1.23</gpxtpx:speed>
</gpxtpx:TrackPointExtension>
<opentracks:accuracy_horizontal>2.376</opentracks:accuracy_horizontal></extensions>
</trkpt>
<trkpt lat="-32.23013" lon="115.786639">
<ele>-22.9</ele>
<time>2026-08-29T09:01:20.2+08:00</time>
<extensions>
<gpxtpx:TrackPointExtension>
<gpxtpx:speed>1.29</gpxtpx:speed>
</gpxtpx:TrackPointExtension>
<opentracks:accuracy_horizontal>2.323</opentracks:accuracy_horizontal></extensions>
</trkpt>
<trkpt lat="-32.230052" lon="115.786638">
<ele>-22.6</ele>
<time>2026-08-29T09:01:29.217+08:00</time>
<extensions>
<gpxtpx:TrackPointExtension>
<gpxtpx:speed>1.06</gpxtpx:speed>
</gpxtpx:TrackPointExtension>
<opentracks:accuracy_horizontal>2.424</opentracks:accuracy_horizontal></extensions>
</trkpt>
<trkpt lat="-32.229958" lon="115.786659">
<ele>-22.8</ele>
<time>2026-08-29T09:01:40.208+08:00</time>
<extensions>
<gpxtpx:TrackPointExtension>
<gpxtpx:speed>1.21</gpxtpx:speed>
</gpxtpx:TrackPointExtension>
<opentracks:accuracy_horizontal>2.329</opentracks:accuracy_horizontal></extensions>
</trkpt>
<trkpt lat="-32.229865" lon="115.786683">
<ele>-23.6</ele>
<time>2026-08-29T09:01:49.217+08:00</time>
<extensions>
<gpxtpx:TrackPointExtension>
<gpxtpx:speed>1.22</gpxtpx:speed>
</gpxtpx:TrackPointExtension>
<opentracks:accuracy_horizontal>2.42</opentracks:accuracy_horizontal></extensions>
</trkpt>
<trkpt lat="-32.229773" lon="115.786689">
<ele>-23.5</ele>
<time>2026-08-29T09:01:58.199+08:00</time>
<extensions>
<gpxtpx:TrackPointExtension>
<gpxtpx:speed>1.24</gpxtpx:speed>
</gpxtpx:TrackPointExtension>
<opentracks:accuracy_horizontal>2.509</opentracks:accuracy_horizontal></extensions>
</trkpt>
<trkpt lat="-32.229675" lon="115.786691">
<ele>-23.2</ele>
<time>2026-08-29T09:02:07.222+08:00</time>
<extensions>
<gpxtpx:TrackPointExtension>
<gpxtpx:speed>1.21</gpxtpx:speed>
</gpxtpx:TrackPointExtension>
<opentracks:accuracy_horizontal>2.23</opentracks:accuracy_horizontal></extensions>
</trkpt>
<trkpt lat="-32.229579" lon="115.786702">
<ele>-22.6</ele>
<time>2026-08-29T09:02:15.222+08:00</time>
<extensions>
<gpxtpx:TrackPointExtension>
<gpxtpx:speed>1.27</gpxtpx:speed>
</gpxtpx:TrackPointExtension>
<opentracks:accuracy_horizontal>2.263</opentracks:accuracy_horizontal></extensions>
</trkpt>
<trkpt lat="-32.229482" lon="115.786713">
<ele>-22.1</ele>
<time>2026-08-29T09:02:24.211+08:00</time>
<extensions>
<gpxtpx:TrackPointExtension>
<gpxtpx:speed>1.22</gpxtpx:speed>
</gpxtpx:TrackPointExtension>
<opentracks:accuracy_horizontal>2.356</opentracks:accuracy_horizontal></extensions>
</trkpt>
<trkpt lat="-32.229388" lon="115.786743">
<ele>-21.2</ele>
<time>2026-08-29T09:02:32.214+08:00</time>
<extensions>
<gpxtpx:TrackPointExtension>
<gpxtpx:speed>1.24</gpxtpx:speed>
</gpxtpx:TrackPointExtension>
<opentracks:accuracy_horizontal>2.247</opentracks:accuracy_horizontal></extensions>
</trkpt>
<trkpt lat="-32.229298" lon="115.786766">
<ele>-21.8</ele>
<time>2026-08-29T09:02:40.211+08:00</time>
<extensions>
<gpxtpx:TrackPointExtension>
<gpxtpx:speed>1.24</gpxtpx:speed>
</gpxtpx:TrackPointExtension>
<opentracks:accuracy_horizontal>2.385</opentracks:accuracy_horizontal></extensions>
</trkpt>
<trkpt lat="-32.229214" lon="115.786798">
<ele>-21.3</ele>
<time>2026-08-29T09:02:49.212+08:00</time>
<extensions>
<gpxtpx:TrackPointExtension>
<gpxtpx:speed>1.12</gpxtpx:speed>
</gpxtpx:TrackPointExtension>
<opentracks:accuracy_horizontal>2.465</opentracks:accuracy_horizontal></extensions>
</trkpt>
<trkpt lat="-32.22912" lon="115.786809">
<ele>-19.7</ele>
<time>2026-08-29T09:03:35.212+08:00</time>
<extensions>
<gpxtpx:TrackPointExtension>
<gpxtpx:speed>0.66</gpxtpx:speed>
</gpxtpx:TrackPointExtension>
<opentracks:accuracy_horizontal>2.37</opentracks:accuracy_horizontal></extensions>
</trkpt>
<trkpt lat="-32.229023" lon="115.78684">
<ele>-22.4</ele>
<time>2026-08-29T09:03:44.236+08:00</time>
<extensions>
<gpxtpx:TrackPointExtension>
<gpxtpx:speed>1.15</gpxtpx:speed>
</gpxtpx:TrackPointExtension>
<opentracks:accuracy_horizontal>2.399</opentracks:accuracy_horizontal></extensions>
</trkpt>
<trkpt lat="-32.228934" lon="115.786865">
<ele>-21.3</ele>
<time>2026-08-29T09:03:53.22+08:00</time>
<extensions>
<gpxtpx:TrackPointExtension>
<gpxtpx:speed>1.14</gpxtpx:speed>
</gpxtpx:TrackPointExtension>
<opentracks:accuracy_horizontal>2.378</opentracks:accuracy_horizontal></extensions>
</trkpt>
<trkpt lat="-32.228841" lon="115.786866">
<ele>-22.3</ele>
<time>2026-08-29T09:04:01.219+08:00</time>
<extensions>
<gpxtpx:TrackPointExtension>
<gpxtpx:speed>1.19</gpxtpx:speed>
</gpxtpx:TrackPointExtension>
<opentracks:accuracy_horizontal>2.309</opentracks:accuracy_horizontal></extensions>
</trkpt>
<trkpt lat="-32.228749" lon="115.786846">
<ele>-21.7</ele>
<time>2026-08-29T09:04:09.208+08:00</time>
<extensions>
<gpxtpx:TrackPointExtension>
<gpxtpx:speed>1.25</gpxtpx:speed>
</gpxtpx:TrackPointExtension>
<opentracks:accuracy_horizontal>2.35</opentracks:accuracy_horizontal></extensions>
</trkpt>
<trkpt lat="-32.228655" lon="115.786879">
<ele>-20.2</ele>
<time>2026-08-29T09:04:18.23+08:00</time>
<extensions>
<gpxtpx:TrackPointExtension>
<gpxtpx:speed>1.23</gpxtpx:speed>
</gpxtpx:TrackPointExtension>
<opentracks:accuracy_horizontal>2.231</opentracks:accuracy_horizontal></extensions>
</trkpt>
<trkpt lat="-32.228606" lon="115.786902">
<ele>-20.7</ele>
<time>2026-08-29T09:04:28.205+08:00</time>
<extensions>
<gpxtpx:TrackPointExtension>
<gpxtpx:speed>0.28</gpxtpx:speed>
</gpxtpx:TrackPointExtension>
<opentracks:accuracy_horizontal>2.375</opentracks:accuracy_horizontal></extensions>
</trkpt>
<trkpt lat="-32.228529" lon="115.786964">
<ele>-19.6</ele>
<time>2026-08-29T09:04:47.213+08:00</time>
<extensions>
<gpxtpx:TrackPointExtension>
<gpxtpx:speed>1.17</gpxtpx:speed>
</gpxtpx:TrackPointExtension>
<opentracks:accuracy_horizontal>2.205</opentracks:accuracy_horizontal></extensions>
</trkpt>
<trkpt lat="-32.228442" lon="115.787013">
<ele>-19.4</ele>
<time>2026-08-29T09:04:56.214+08:00</time>
<extensions>
<gpxtpx:TrackPointExtension>
<gpxtpx:speed>1.17</gpxtpx:speed>
</gpxtpx:TrackPointExtension>
<opentracks:accuracy_horizontal>2.409</opentracks:accuracy_horizontal></extensions>
</trkpt>
<trkpt lat="-32.228347" lon="115.787037">
<ele>-18.4</ele>
<time>2026-08-29T09:05:05.217+08:00</time>
<extensions>
<gpxtpx:TrackPointExtension>
<gpxtpx:speed>1.22</gpxtpx:speed>
</gpxtpx:TrackPointExtension>
<opentracks:accuracy_horizontal>2.329</opentracks:accuracy_horizontal></extensions>
</trkpt>
<trkpt lat="-32.228252" lon="115.786999">
<ele>-17.1</ele>
<time>2026-08-29T09:05:14.209+08:00</time>
<extensions>
<gpxtpx:TrackPointExtension>
<gpxtpx:speed>1.23</gpxtpx:speed>
</gpxtpx:TrackPointExtension>
<opentracks:accuracy_horizontal>2.393</opentracks:accuracy_horizontal></extensions>
</trkpt>
<trkpt lat="-32.22817" lon="115.786952">
<ele>-17.9</ele>
<time>2026-08-29T09:05:22.21+08:00</time>
<extensions>
<gpxtpx:TrackPointExtension>
<gpxtpx:speed>1.25</gpxtpx:speed>
</gpxtpx:TrackPointExtension>
<opentracks:accuracy_horizontal>2.275</opentracks:accuracy_horizontal></extensions>
</trkpt>
<trkpt lat="-32.228073" lon="115.786958">
<ele>-19.4</ele>
<time>2026-08-29T09:05:31.213+08:00</time>
<extensions>
<gpxtpx:TrackPointExtension>
<gpxtpx:speed>1.2</gpxtpx:speed>
</gpxtpx:TrackPointExtension>
<opentracks:accuracy_horizontal>2.302</opentracks:accuracy_horizontal></extensions>
</trkpt>
<trkpt lat="-32.227984" lon="115.78698">
<ele>-20.1</ele>
<time>2026-08-29T09:05:39.214+08:00</time>
<extensions>
<gpxtpx:TrackPointExtension>
<gpxtpx:speed>1.23</gpxtpx:speed>
</gpxtpx:TrackPointExtension>
<opentracks:accuracy_horizontal>2.184</opentracks:accuracy_horizontal></extensions>
</trkpt>
<trkpt lat="-32.227898" lon="115.787012">
<ele>-20.3</ele>
<time>2026-08-29T09:05:49.211+08:00</time>
<extensions>
<gpxtpx:TrackPointExtension>
<gpxtpx:speed>1.08</gpxtpx:speed>
</gpxtpx:TrackPointExtension>
<opentracks:accuracy_horizontal>2.252</opentracks:accuracy_horizontal></extensions>
</trkpt>
<trkpt lat="-32.227803" lon="115.787019">
<ele>-19.7</ele>
<time>2026-08-29T09:05:57.21+08:00</time>
<extensions>
<gpxtpx:TrackPointExtension>
<gpxtpx:speed>1.18</gpxtpx:speed>
</gpxtpx:TrackPointExtension>
<opentracks:accuracy_horizontal>2.311</opentracks:accuracy_horizontal></extensions>
</trkpt>
<trkpt lat="-32.22771" lon="115.787051">
<ele>-19.6</ele>
<time>2026-08-29T09:06:05.203+08:00</time>
<extensions>
<gpxtpx:TrackPointExtension>
<gpxtpx:speed>1.27</gpxtpx:speed>
</gpxtpx:TrackPointExtension>
<opentracks:accuracy_horizontal>2.192</opentracks:accuracy_horizontal></extensions>
</trkpt>
<trkpt lat="-32.227617" lon="115.787086">
<ele>-18.1</ele>
<time>2026-08-29T09:06:14.224+08:00</time>
<extensions>
<gpxtpx:TrackPointExtension>
<gpxtpx:speed>1.22</gpxtpx:speed>
</gpxtpx:TrackPointExtension>
<opentracks:accuracy_horizontal>2.263</opentracks:accuracy_horizontal></extensions>
</trkpt>
<trkpt lat="-32.227525" lon="115.787122">
<ele>-19.3</ele>
<time>2026-08-29T09:06:22.204+08:00</time>
<extensions>
<gpxtpx:TrackPointExtension>
<gpxtpx:speed>1.28</gpxtpx:speed>
</gpxtpx:TrackPointExtension>
<opentracks:accuracy_horizontal>2.149</opentracks:accuracy_horizontal></extensions>
</trkpt>
<trkpt lat="-32.227437" lon="115.787165">
<ele>-19.8</ele>
<time>2026-08-29T09:06:31.222+08:00</time>
<extensions>
<gpxtpx:TrackPointExtension>
<gpxtpx:speed>1.23</gpxtpx:speed>
</gpxtpx:TrackPointExtension>
<opentracks:accuracy_horizontal>2.178</opentracks:accuracy_horizontal></extensions>
</trkpt>
<trkpt lat="-32.22737" lon="115.787241">
<ele>-18.8</ele>
<time>2026-08-29T09:06:40.216+08:00</time>
<extensions>
<gpxtpx:TrackPointExtension>
<gpxtpx:speed>1.18</gpxtpx:speed>
</gpxtpx:TrackPointExtension>
<opentracks:accuracy_horizontal>2.539</opentracks:accuracy_horizontal></extensions>
</trkpt>
<trkpt lat="-32.227304" lon="115.787318">
<ele>-18.2</ele>
<time>2026-08-29T09:06:49.215+08:00</time>
<extensions>
<gpxtpx:TrackPointExtension>
<gpxtpx:speed>1.16</gpxtpx:speed>
</gpxtpx:TrackPointExtension>
<opentracks:accuracy_horizontal>2.23</opentracks:accuracy_horizontal></extensions>
</trkpt>
<trkpt lat="-32.227228" lon="115.787379">
<ele>-17.8</ele>
<time>2026-08-29T09:06:57.222+08:00</time>
<extensions>
<gpxtpx:TrackPointExtension>
<gpxtpx:speed>1.2</gpxtpx:speed>
</gpxtpx:TrackPointExtension>
<opentracks:accuracy_horizontal>2.299</opentracks:accuracy_horizontal></extensions>
</trkpt>
<trkpt lat="-32.227133" lon="115.787396">
<ele>-17.6</ele>
<time>2026-08-29T09:07:06.214+08:00</time>
<extensions>
<gpxtpx:TrackPointExtension>
<gpxtpx:speed>1.19</gpxtpx:speed>
</gpxtpx:TrackPointExtension>
<opentracks:accuracy_horizontal>2.174</opentracks:accuracy_horizontal></extensions>
</trkpt>
<trkpt lat="-32.227066" lon="115.787476">
<ele>-17.5</ele>
<time>2026-08-29T09:07:15.209+08:00</time>
<extensions>
<gpxtpx:TrackPointExtension>
<gpxtpx:speed>1.16</gpxtpx:speed>
</gpxtpx:TrackPointExtension>
<opentracks:accuracy_horizontal>2.295</opentracks:accuracy_horizontal></extensions>
</trkpt>
<trkpt lat="-32.226962" lon="115.787471">
<ele>-17.1</ele>
<time>2026-08-29T09:07:25.204+08:00</time>
<extensions>
<gpxtpx:TrackPointExtension>
<gpxtpx:speed>1.16</gpxtpx:speed>
</gpxtpx:TrackPointExtension>
<opentracks:accuracy_horizontal>2.155</opentracks:accuracy_horizontal></extensions>
</trkpt>
<trkpt lat="-32.226871" lon="115.787501">
<ele>-16.2</ele>
<time>2026-08-29T09:07:33.199+08:00</time>
<extensions>
<gpxtpx:TrackPointExtension>
<gpxtpx:speed>1.24</gpxtpx:speed>
</gpxtpx:TrackPointExtension>
<opentracks:accuracy_horizontal>2.166</opentracks:accuracy_horizontal></extensions>
</trkpt>
<trkpt lat="-32.22678" lon="115.787534">
<ele>-16.1</ele>
<time>2026-08-29T09:07:41.218+08:00</time>
<extensions>
<gpxtpx:TrackPointExtension>
<gpxtpx:speed>1.29</gpxtpx:speed>
</gpxtpx:TrackPointExtension>
<opentracks:accuracy_horizontal>2.209</opentracks:accuracy_horizontal></extensions>
</trkpt>
<trkpt lat="-32.22671" lon="115.787616">
<ele>-15.7</ele>
<time>2026-08-29T09:07:49.217+08:00</time>
<extensions>
<gpxtpx:TrackPointExtension>
<gpxtpx:speed>1.35</gpxtpx:speed>
</gpxtpx:TrackPointExtension>
<opentracks:accuracy_horizontal>2.34</opentracks:accuracy_horizontal></extensions>
</trkpt>
<trkpt lat="-32.226659" lon="115.787698">
<ele>-16</ele>
<time>2026-08-29T09:07:59.223+08:00</time>
<extensions>
<gpxtpx:TrackPointExtension>
<gpxtpx:speed>1</gpxtpx:speed>
</gpxtpx:TrackPointExtension>
<opentracks:accuracy_horizontal>2.443</opentracks:accuracy_horizontal></extensions>
</trkpt>
<trkpt lat="-32.226714" lon="115.787604">
<ele>-16.2</ele>
<time>2026-08-29T09:08:12.226+08:00</time>
<extensions>
<gpxtpx:TrackPointExtension>
<gpxtpx:speed>0.95</gpxtpx:speed>
</gpxtpx:TrackPointExtension>
<opentracks:accuracy_horizontal>2.508</opentracks:accuracy_horizontal></extensions>
</trkpt>
<trkpt lat="-32.226657" lon="115.787662">
<ele>-15.1</ele>
<time>2026-08-29T09:08:22.214+08:00</time>
<extensions>
<gpxtpx:TrackPointExtension>
<gpxtpx:speed>1.32</gpxtpx:speed>
</gpxtpx:TrackPointExtension>
<opentracks:accuracy_horizontal>2.311</opentracks:accuracy_horizontal></extensions>
</trkpt>
<trkpt lat="-32.226611" lon="115.787762">
<ele>-17.4</ele>
<time>2026-08-29T09:08:30.204+08:00</time>
<extensions>
<gpxtpx:TrackPointExtension>
<gpxtpx:speed>1.28</gpxtpx:speed>
</gpxtpx:TrackPointExtension>
<opentracks:accuracy_horizontal>2.285</opentracks:accuracy_horizontal></extensions>
</trkpt>
<trkpt lat="-32.226554" lon="115.787855">
<ele>-17.5</ele>
<time>2026-08-29T09:08:38.217+08:00</time>
<extensions>
<gpxtpx:TrackPointExtension>
<gpxtpx:speed>1.3</gpxtpx:speed>
</gpxtpx:TrackPointExtension>
<opentracks:accuracy_horizontal>2.211</opentracks:accuracy_horizontal></extensions>
</trkpt>
<trkpt lat="-32.226495" lon="115.787941">
<ele>-17</ele>
<time>2026-08-29T09:08:47.224+08:00</time>
<extensions>
<gpxtpx:TrackPointExtension>
<gpxtpx:speed>1.21</gpxtpx:speed>
</gpxtpx:TrackPointExtension>
<opentracks:accuracy_horizontal>2.47</opentracks:accuracy_horizontal></extensions>
</trkpt>
<trkpt lat="-32.226441" lon="115.788036">
<ele>-16.4</ele>
<time>2026-08-29T09:08:55.235+08:00</time>
<extensions>
<gpxtpx:TrackPointExtension>
<gpxtpx:speed>1.28</gpxtpx:speed>
</gpxtpx:TrackPointExtension>
<opentracks:accuracy_horizontal>2.493</opentracks:accuracy_horizontal></extensions>
</trkpt>
<trkpt lat="-32.226419" lon="115.788126">
<ele>-15.9</ele>
<time>2026-08-29T09:09:05.228+08:00</time>
<extensions>
<gpxtpx:TrackPointExtension>
<gpxtpx:speed>0.88</gpxtpx:speed>
</gpxtpx:TrackPointExtension>
<opentracks:accuracy_horizontal>2.554</opentracks:accuracy_horizontal></extensions>
</trkpt>
<trkpt lat="-32.226373" lon="115.788221">
<ele>-15.4</ele>
<time>2026-08-29T09:09:15.222+08:00</time>
<extensions>
<gpxtpx:TrackPointExtension>
<gpxtpx:speed>1.19</gpxtpx:speed>
</gpxtpx:TrackPointExtension>
<opentracks:accuracy_horizontal>2.257</opentracks:accuracy_horizontal></extensions>
</trkpt>
<trkpt lat="-32.226344" lon="115.788333">
<ele>-15.3</ele>
<time>2026-08-29T09:09:24.235+08:00</time>
<extensions>
<gpxtpx:TrackPointExtension>
<gpxtpx:speed>1.15</gpxtpx:speed>
</gpxtpx:TrackPointExtension>
<opentracks:accuracy_horizontal>2.291</opentracks:accuracy_horizontal></extensions>
</trkpt>
<trkpt lat="-32.226304" lon="115.788431">
<ele>-14</ele>
<time>2026-08-29T09:09:33.216+08:00</time>
<extensions>
<gpxtpx:TrackPointExtension>
<gpxtpx:speed>1.14</gpxtpx:speed>
</gpxtpx:TrackPointExtension>
<opentracks:accuracy_horizontal>2.36</opentracks:accuracy_horizontal></extensions>
</trkpt>
<trkpt lat="-32.226244" lon="115.788511">
<ele>-14</ele>
<time>2026-08-29T09:09:41.231+08:00</time>
<extensions>
<gpxtpx:TrackPointExtension>
<gpxtpx:speed>1.2</gpxtpx:speed>
</gpxtpx:TrackPointExtension>
<opentracks:accuracy_horizontal>2.27</opentracks:accuracy_horizontal></extensions>
</trkpt>
<trkpt lat="-32.226253" lon="115.78852">
<ele>-12.2</ele>
<time>2026-08-29T09:09:51.22+08:00</time>
<extensions>
<gpxtpx:TrackPointExtension>
<gpxtpx:speed>0.05</gpxtpx:speed>
</gpxtpx:TrackPointExtension>
<opentracks:accuracy_horizontal>2.69</opentracks:accuracy_horizontal></extensions>
</trkpt>
<trkpt lat="-32.226189" lon="115.788612">
<ele>-12</ele>
<time>2026-08-29T09:10:33.19+08:00</time>
<extensions>
<gpxtpx:TrackPointExtension>
<gpxtpx:speed>1.48</gpxtpx:speed>
</gpxtpx:TrackPointExtension>
<opentracks:accuracy_horizontal>2.269</opentracks:accuracy_horizontal></extensions>
</trkpt>
<trkpt lat="-32.226175" lon="115.788718">
<ele>-13.4</ele>
<time>2026-08-29T09:10:40.197+08:00</time>
<extensions>
<gpxtpx:TrackPointExtension>
<gpxtpx:speed>1.46</gpxtpx:speed>
</gpxtpx:TrackPointExtension>
<opentracks:accuracy_horizontal>2.088</opentracks:accuracy_horizontal></extensions>
</trkpt>
<trkpt lat="-32.226154" lon="115.78881">
<ele>-13.8</ele>
<time>2026-08-29T09:10:49.229+08:00</time>
<extensions>
<gpxtpx:TrackPointExtension>
<gpxtpx:speed>1.18</gpxtpx:speed>
</gpxtpx:TrackPointExtension>
<opentracks:accuracy_horizontal>2.526</opentracks:accuracy_horizontal></extensions>
</trkpt>
<trkpt lat="-32.226117" lon="115.788911">
<ele>-13.3</ele>
<time>2026-08-29T09:11:09.199+08:00</time>
<extensions>
<gpxtpx:TrackPointExtension>
<gpxtpx:speed>1.18</gpxtpx:speed>
</gpxtpx:TrackPointExtension>
<opentracks:accuracy_horizontal>2.277</opentracks:accuracy_horizontal></extensions>
</trkpt>
<trkpt lat="-32.22608" lon="115.789015">
<ele>-12.5</ele>
<time>2026-08-29T09:11:18.227+08:00</time>
<extensions>
<gpxtpx:TrackPointExtension>
<gpxtpx:speed>1.15</gpxtpx:speed>
</gpxtpx:TrackPointExtension>
<opentracks:accuracy_horizontal>2.202</opentracks:accuracy_horizontal></extensions>
</trkpt>
<trkpt lat="-32.226038" lon="115.789124">
<ele>-12.7</ele>
<time>2026-08-29T09:11:27.214+08:00</time>
<extensions>
<gpxtpx:TrackPointExtension>
<gpxtpx:speed>1.19</gpxtpx:speed>
</gpxtpx:TrackPointExtension>
<opentracks:accuracy_horizontal>2.253</opentracks:accuracy_horizontal></extensions>
</trkpt>
<trkpt lat="-32.226007" lon="115.789231">
<ele>-11.8</ele>
<time>2026-08-29T09:11:35.236+08:00</time>
<extensions>
<gpxtpx:TrackPointExtension>
<gpxtpx:speed>1.25</gpxtpx:speed>
</gpxtpx:TrackPointExtension>
<opentracks:accuracy_horizontal>2.485</opentracks:accuracy_horizontal></extensions>
</trkpt>
<trkpt lat="-32.225974" lon="115.789335">
<ele>-10.8</ele>
<time>2026-08-29T09:11:43.218+08:00</time>
<extensions>
<gpxtpx:TrackPointExtension>
<gpxtpx:speed>1.25</gpxtpx:speed>
</gpxtpx:TrackPointExtension>
<opentracks:accuracy_horizontal>2.448</opentracks:accuracy_horizontal></extensions>
</trkpt>
<trkpt lat="-32.225933" lon="115.789443">
<ele>-10.7</ele>
<time>2026-08-29T09:11:52.22+08:00</time>
<extensions>
<gpxtpx:TrackPointExtension>
<gpxtpx:speed>1.19</gpxtpx:speed>
</gpxtpx:TrackPointExtension>
<opentracks:accuracy_horizontal>2.423</opentracks:accuracy_horizontal></extensions>
</trkpt>
<trkpt lat="-32.225903" lon="115.789557">
<ele>-10.1</ele>
<time>2026-08-29T09:12:01.231+08:00</time>
<extensions>
<gpxtpx:TrackPointExtension>
<gpxtpx:speed>1.19</gpxtpx:speed>
</gpxtpx:TrackPointExtension>
<opentracks:accuracy_horizontal>2.467</opentracks:accuracy_horizontal></extensions>
</trkpt>
<trkpt lat="-32.225888" lon="115.78963">
<ele>-9.8</ele>
<time>2026-08-29T09:12:11.22+08:00</time>
<extensions>
<gpxtpx:TrackPointExtension>
<gpxtpx:speed>0.19</gpxtpx:speed>
</gpxtpx:TrackPointExtension>
<opentracks:accuracy_horizontal>2.561</opentracks:accuracy_horizontal></extensions>
</trkpt>
<trkpt lat="-32.22585" lon="115.789737">
<ele>-9</ele>
<time>2026-08-29T09:12:31.216+08:00</time>
<extensions>
<gpxtpx:TrackPointExtension>
<gpxtpx:speed>1</gpxtpx:speed>
</gpxtpx:TrackPointExtension>
<opentracks:accuracy_horizontal>2.308</opentracks:accuracy_horizontal></extensions>
</trkpt>
<trkpt lat="-32.225826" lon="115.789845">
<ele>-8.8</ele>
<time>2026-08-29T09:12:39.215+08:00</time>
<extensions>
<gpxtpx:TrackPointExtension>
<gpxtpx:speed>1.2</gpxtpx:speed>
</gpxtpx:TrackPointExtension>
<opentracks:accuracy_horizontal>2.274</opentracks:accuracy_horizontal></extensions>
</trkpt>
<trkpt lat="-32.225804" lon="115.789958">
<ele>-8.2</ele>
<time>2026-08-29T09:12:47.219+08:00</time>
<extensions>
<gpxtpx:TrackPointExtension>
<gpxtpx:speed>1.32</gpxtpx:speed>
</gpxtpx:TrackPointExtension>
<opentracks:accuracy_horizontal>2.355</opentracks:accuracy_horizontal></extensions>
</trkpt>
<trkpt lat="-32.225786" lon="115.790073">
<ele>-7.5</ele>
<time>2026-08-29T09:12:56.202+08:00</time>
<extensions>
<gpxtpx:TrackPointExtension>
<gpxtpx:speed>1.27</gpxtpx:speed>
</gpxtpx:TrackPointExtension>
<opentracks:accuracy_horizontal>2.25</opentracks:accuracy_horizontal></extensions>
</trkpt>
<trkpt lat="-32.225773" lon="115.790181">
<ele>-7.9</ele>
<time>2026-08-29T09:13:05.196+08:00</time>
<extensions>
<gpxtpx:TrackPointExtension>
<gpxtpx:speed>1.22</gpxtpx:speed>
</gpxtpx:TrackPointExtension>
<opentracks:accuracy_horizontal>3.006</opentracks:accuracy_horizontal></extensions>
</trkpt>
<trkpt lat="-32.22575" lon="115.790288">
<ele>-8.9</ele>
<time>2026-08-29T09:13:13.207+08:00</time>
<extensions>
<gpxtpx:TrackPointExtension>
<gpxtpx:speed>1.23</gpxtpx:speed>
</gpxtpx:TrackPointExtension>
<opentracks:accuracy_horizontal>3.268</opentracks:accuracy_horizontal></extensions>
</trkpt>
<trkpt lat="-32.225742" lon="115.790395">
<ele>-8.6</ele>
<time>2026-08-29T09:13:21.227+08:00</time>
<extensions>
<gpxtpx:TrackPointExtension>
<gpxtpx:speed>1.22</gpxtpx:speed>
</gpxtpx:TrackPointExtension>
<opentracks:accuracy_horizontal>2.239</opentracks:accuracy_horizontal></extensions>
</trkpt>
<trkpt lat="-32.225738" lon="115.790503">
<ele>-7.6</ele>
<time>2026-08-29T09:13:29.206+08:00</time>
<extensions>
<gpxtpx:TrackPointExtension>
<gpxtpx:speed>1.26</gpxtpx:speed>
</gpxtpx:TrackPointExtension>
<opentracks:accuracy_horizontal>2.388</opentracks:accuracy_horizontal></extensions>
</trkpt>
<trkpt lat="-32.225719" lon="115.790611">
<ele>-7.3</ele>
<time>2026-08-29T09:13:37.211+08:00</time>
<extensions>
<gpxtpx:TrackPointExtension>
<gpxtpx:speed>1.26</gpxtpx:speed>
</gpxtpx:TrackPointExtension>
<opentracks:accuracy_horizontal>3.265</opentracks:accuracy_horizontal></extensions>
</trkpt>
<trkpt lat="-32.225709" lon="115.790719">
<ele>-7.9</ele>
<time>2026-08-29T09:13:45.218+08:00</time>
<extensions>
<gpxtpx:TrackPointExtension>
<gpxtpx:speed>1.26</gpxtpx:speed>
</gpxtpx:TrackPointExtension>
<opentracks:accuracy_horizontal>2.486</opentracks:accuracy_horizontal></extensions>
</trkpt>
<trkpt lat="-32.225715" lon="115.790827">
<ele>-6.7</ele>
<time>2026-08-29T09:13:54.224+08:00</time>
<extensions>
<gpxtpx:TrackPointExtension>
<gpxtpx:speed>1.16</gpxtpx:speed>
</gpxtpx:TrackPointExtension>
<opentracks:accuracy_horizontal>2.323</opentracks:accuracy_horizontal></extensions>
</trkpt>
<trkpt lat="-32.225718" lon="115.790946">
<ele>-4.9</ele>
<time>2026-08-29T09:14:03.223+08:00</time>
<extensions>
<gpxtpx:TrackPointExtension>
<gpxtpx:speed>1.21</gpxtpx:speed>
</gpxtpx:TrackPointExtension>
<opentracks:accuracy_horizontal>2.279</opentracks:accuracy_horizontal></extensions>
</trkpt>
<trkpt lat="-32.22575" lon="115.790975">
<ele>-5</ele>
<time>2026-08-29T09:14:13.195+08:00</time>
<extensions>
<gpxtpx:TrackPointExtension>
<gpxtpx:speed>0.88</gpxtpx:speed>
</gpxtpx:TrackPointExtension>
<opentracks:accuracy_horizontal>2.624</opentracks:accuracy_horizontal></extensions>
</trkpt>
<trkpt lat="-32.225708" lon="115.791091">
<ele>-4.7</ele>
<time>2026-08-29T09:14:33.193+08:00</time>
<extensions>
<gpxtpx:TrackPointExtension>
<gpxtpx:speed>1.41</gpxtpx:speed>
</gpxtpx:TrackPointExtension>
<opentracks:accuracy_horizontal>2.391</opentracks:accuracy_horizontal></extensions>
</trkpt>
<trkpt lat="-32.22574" lon="115.791199">
<ele>-5.9</ele>
<time>2026-08-29T09:14:42.197+08:00</time>
<extensions>
<gpxtpx:TrackPointExtension>
<gpxtpx:speed>1.24</gpxtpx:speed>
</gpxtpx:TrackPointExtension>
<opentracks:accuracy_horizontal>2.338</opentracks:accuracy_horizontal></extensions>
</trkpt>
<trkpt lat="-32.225745" lon="115.791305">
<ele>-4.1</ele>
<time>2026-08-29T09:14:51.219+08:00</time>
<extensions>
<gpxtpx:TrackPointExtension>
<gpxtpx:speed>1.18</gpxtpx:speed>
</gpxtpx:TrackPointExtension>
<opentracks:accuracy_horizontal>2.386</opentracks:accuracy_horizontal></extensions>
</trkpt>
<trkpt lat="-32.225796" lon="115.791402">
<ele>-5.1</ele>
<time>2026-08-29T09:15:15.229+08:00</time>
<extensions>
<gpxtpx:TrackPointExtension>
<gpxtpx:speed>1.1</gpxtpx:speed>
</gpxtpx:TrackPointExtension>
<opentracks:accuracy_horizontal>2.329</opentracks:accuracy_horizontal></extensions>
</trkpt>
<trkpt lat="-32.225832" lon="115.791503">
<ele>-3.8</ele>
<time>2026-08-29T09:15:24.225+08:00</time>
<extensions>
<gpxtpx:TrackPointExtension>
<gpxtpx:speed>1.07</gpxtpx:speed>
</gpxtpx:TrackPointExtension>
<opentracks:accuracy_horizontal>2.316</opentracks:accuracy_horizontal></extensions>
</trkpt>
<trkpt lat="-32.225855" lon="115.791567">
<ele>-3.7</ele>
<time>2026-08-29T09:15:34.204+08:00</time>
<extensions>
<gpxtpx:TrackPointExtension>
<gpxtpx:speed>0.41</gpxtpx:speed>
</gpxtpx:TrackPointExtension>
<opentracks:accuracy_horizontal>2.118</opentracks:accuracy_horizontal></extensions>
</trkpt>
<trkpt lat="-32.225837" lon="115.791677">
<ele>-4.2</ele>
<time>2026-08-29T09:16:14.193+08:00</time>
<extensions>
<gpxtpx:TrackPointExtension>
<gpxtpx:speed>1.37</gpxtpx:speed>
</gpxtpx:TrackPointExtension>
<opentracks:accuracy_horizontal>2.181</opentracks:accuracy_horizontal></extensions>
</trkpt>
<trkpt lat="-32.225868" lon="115.791791">
<ele>-3.3</ele>
<time>2026-08-29T09:16:23.231+08:00</time>
<extensions>
<gpxtpx:TrackPointExtension>
<gpxtpx:speed>1.28</gpxtpx:speed>
</gpxtpx:TrackPointExtension>
<opentracks:accuracy_horizontal>2.276</opentracks:accuracy_horizontal></extensions>
</trkpt>
<trkpt lat="-32.225906" lon="115.791892">
<ele>-2.8</ele>
<time>2026-08-29T09:16:32.207+08:00</time>
<extensions>
<gpxtpx:TrackPointExtension>
<gpxtpx:speed>1.19</gpxtpx:speed>
</gpxtpx:TrackPointExtension>
<opentracks:accuracy_horizontal>2.412</opentracks:accuracy_horizontal></extensions>
</trkpt>
<trkpt lat="-32.225967" lon="115.791979">
<ele>-2.3</ele>
<time>2026-08-29T09:16:41.23+08:00</time>
<extensions>
<gpxtpx:TrackPointExtension>
<gpxtpx:speed>1.17</gpxtpx:speed>
</gpxtpx:TrackPointExtension>
<opentracks:accuracy_horizontal>2.424</opentracks:accuracy_horizontal></extensions>
</trkpt>
<trkpt lat="-32.226007" lon="115.792077">
<ele>-2.2</ele>
<time>2026-08-29T09:16:50.228+08:00</time>
<extensions>
<gpxtpx:TrackPointExtension>
<gpxtpx:speed>1.14</gpxtpx:speed>
</gpxtpx:TrackPointExtension>
<opentracks:accuracy_horizontal>2.352</opentracks:accuracy_horizontal></extensions>
</trkpt>
<trkpt lat="-32.226055" lon="115.792172">
<ele>-1.5</ele>
<time>2026-08-29T09:16:58.216+08:00</time>
<extensions>
<gpxtpx:TrackPointExtension>
<gpxtpx:speed>1.21</gpxtpx:speed>
</gpxtpx:TrackPointExtension>
<opentracks:accuracy_horizontal>2.375</opentracks:accuracy_horizontal></extensions>
</trkpt>
<trkpt lat="-32.226104" lon="115.792265">
<ele>-1.1</ele>
<time>2026-08-29T09:17:06.226+08:00</time>
<extensions>
<gpxtpx:TrackPointExtension>
<gpxtpx:speed>1.24</gpxtpx:speed>
</gpxtpx:TrackPointExtension>
<opentracks:accuracy_horizontal>2.259</opentracks:accuracy_horizontal></extensions>
</trkpt>
<trkpt lat="-32.226157" lon="115.792363">
<ele>-0.9</ele>
<time>2026-08-29T09:17:15.224+08:00</time>
<extensions>
<gpxtpx:TrackPointExtension>
<gpxtpx:speed>1.23</gpxtpx:speed>
</gpxtpx:TrackPointExtension>
<opentracks:accuracy_horizontal>2.203</opentracks:accuracy_horizontal></extensions>
</trkpt>
<trkpt lat="-32.226161" lon="115.792352">
<ele>-0.1</ele>
<time>2026-08-29T09:17:25.195+08:00</time>
<extensions>
<gpxtpx:TrackPointExtension>
<gpxtpx:speed>0.08</gpxtpx:speed>
</gpxtpx:TrackPointExtension>
<opentracks:accuracy_horizontal>2.086</opentracks:accuracy_horizontal></extensions>
</trkpt>
<trkpt lat="-32.226204" lon="115.792458">
<ele>-0.7</ele>
<time>2026-08-29T09:17:46.214+08:00</time>
<extensions>
<gpxtpx:TrackPointExtension>
<gpxtpx:speed>1.55</gpxtpx:speed>
</gpxtpx:TrackPointExtension>
<opentracks:accuracy_horizontal>2.269</opentracks:accuracy_horizontal></extensions>
</trkpt>
<trkpt lat="-32.22624" lon="115.792563">
<ele>-0.3</ele>
<time>2026-08-29T09:17:55.225+08:00</time>
<extensions>
<gpxtpx:TrackPointExtension>
<gpxtpx:speed>1.25</gpxtpx:speed>
</gpxtpx:TrackPointExtension>
<opentracks:accuracy_horizontal>2.598</opentracks:accuracy_horizontal></extensions>
</trkpt>
<trkpt lat="-32.226279" lon="115.792663">
<ele>-4.7</ele>
<time>2026-08-29T09:18:04.226+08:00</time>
<extensions>
<gpxtpx:TrackPointExtension>
<gpxtpx:speed>1.15</gpxtpx:speed>
</gpxtpx:TrackPointExtension>
<opentracks:accuracy_horizontal>2.566</opentracks:accuracy_horizontal></extensions>
</trkpt>
<trkpt lat="-32.226324" lon="115.79276">
<ele>-6.1</ele>
<time>2026-08-29T09:18:11.2+08:00</time>
<extensions>
<gpxtpx:TrackPointExtension>
<gpxtpx:speed>1.24</gpxtpx:speed>
</gpxtpx:TrackPointExtension>
<opentracks:accuracy_horizontal>2.604</opentracks:accuracy_horizontal></extensions>
</trkpt>
<trkpt lat="-32.226388" lon="115.792848">
<ele>-6.4</ele>
<time>2026-08-29T09:18:20.244+08:00</time>
<extensions>
<gpxtpx:TrackPointExtension>
<gpxtpx:speed>1.24</gpxtpx:speed>
</gpxtpx:TrackPointExtension>
<opentracks:accuracy_horizontal>2.613</opentracks:accuracy_horizontal></extensions>
</trkpt>
<trkpt lat="-32.226406" lon="115.792878">
<ele>-4</ele>
<time>2026-08-29T09:18:30.23+08:00</time>
<extensions>
<gpxtpx:TrackPointExtension>
<gpxtpx:speed>0.06</gpxtpx:speed>
</gpxtpx:TrackPointExtension>
<opentracks:accuracy_horizontal>2.195</opentracks:accuracy_horizontal></extensions>
</trkpt>
<trkpt lat="-32.22647" lon="115.79296">
<ele>-3.7</ele>
<time>2026-08-29T09:18:45.231+08:00</time>
<extensions>
<gpxtpx:TrackPointExtension>
<gpxtpx:speed>1.55</gpxtpx:speed>
</gpxtpx:TrackPointExtension>
<opentracks:accuracy_horizontal>2.281</opentracks:accuracy_horizontal></extensions>
</trkpt>
<trkpt lat="-32.226532" lon="115.793048">
<ele>-3.3</ele>
<time>2026-08-29T09:18:53.229+08:00</time>
<extensions>
<gpxtpx:TrackPointExtension>
<gpxtpx:speed>1.38</gpxtpx:speed>
</gpxtpx:TrackPointExtension>
<opentracks:accuracy_horizontal>2.291</opentracks:accuracy_horizontal></extensions>
</trkpt>
<trkpt lat="-32.226604" lon="115.793123">
<ele>-2.6</ele>
<time>2026-08-29T09:19:01.218+08:00</time>
<extensions>
<gpxtpx:TrackPointExtension>
<gpxtpx:speed>1.37</gpxtpx:speed>
</gpxtpx:TrackPointExtension>
<opentracks:accuracy_horizontal>2.246</opentracks:accuracy_horizontal></extensions>
</trkpt>
<trkpt lat="-32.226626" lon="115.793145">
<ele>-2.8</ele>
<time>2026-08-29T09:19:11.234+08:00</time>
<extensions>
<gpxtpx:TrackPointExtension>
<gpxtpx:speed>1.12</gpxtpx:speed>
</gpxtpx:TrackPointExtension>
<opentracks:accuracy_horizontal>2.292</opentracks:accuracy_horizontal></extensions>
</trkpt>
<trkpt lat="-32.226531" lon="115.793119">
<ele>-3.1</ele>
<time>2026-08-29T09:19:18.227+08:00</time>
<extensions>
<gpxtpx:TrackPointExtension>
<gpxtpx:speed>1.34</gpxtpx:speed>
</gpxtpx:TrackPointExtension>
<opentracks:accuracy_horizontal>2.291</opentracks:accuracy_horizontal></extensions>
</trkpt>
<trkpt lat="-32.22663" lon="115.793147">
<ele>-3.8</ele>
<time>2026-08-29T09:19:28.228+08:00</time>
<extensions>
<gpxtpx:TrackPointExtension>
<gpxtpx:speed>1.72</gpxtpx:speed>
</gpxtpx:TrackPointExtension>
<opentracks:accuracy_horizontal>2.225</opentracks:accuracy_horizontal></extensions>
</trkpt>
<trkpt lat="-32.226679" lon="115.793218">
<ele>-3</ele>
<time>2026-08-29T09:19:38.239+08:00</time>
<extensions>
<gpxtpx:TrackPointExtension>
<gpxtpx:speed>1.23</gpxtpx:speed>
</gpxtpx:TrackPointExtension>
<opentracks:accuracy_horizontal>2.327</opentracks:accuracy_horizontal></extensions>
</trkpt>
<trkpt lat="-32.226743" lon="115.793295">
<ele>-3.1</ele>
<time>2026-08-29T09:19:48.246+08:00</time>
<extensions>
<gpxtpx:TrackPointExtension>
<gpxtpx:speed>0.97</gpxtpx:speed>
</gpxtpx:TrackPointExtension>
<opentracks:accuracy_horizontal>2.277</opentracks:accuracy_horizontal></extensions>
</trkpt>
<trkpt lat="-32.226802" lon="115.793381">
<ele>-2.8</ele>
<time>2026-08-29T09:19:56.224+08:00</time>
<extensions>
<gpxtpx:TrackPointExtension>
<gpxtpx:speed>1.22</gpxtpx:speed>
</gpxtpx:TrackPointExtension>
<opentracks:accuracy_horizontal>2.231</opentracks:accuracy_horizontal></extensions>
</trkpt>
<trkpt lat="-32.226861" lon="115.793461">
<ele>-2.6</ele>
<time>2026-08-29T09:20:03.231+08:00</time>
<extensions>
<gpxtpx:TrackPointExtension>
<gpxtpx:speed>1.31</gpxtpx:speed>
</gpxtpx:TrackPointExtension>
<opentracks:accuracy_horizontal>2.242</opentracks:accuracy_horizontal></extensions>
</trkpt>
<trkpt lat="-32.226926" lon="115.79355">
<ele>-3.4</ele>
<time>2026-08-29T09:20:11.231+08:00</time>
<extensions>
<gpxtpx:TrackPointExtension>
<gpxtpx:speed>1.34</gpxtpx:speed>
</gpxtpx:TrackPointExtension>
<opentracks:accuracy_horizontal>2.341</opentracks:accuracy_horizontal></extensions>
</trkpt>
<trkpt lat="-32.226991" lon="115.79364">
<ele>-2.6</ele>
<time>2026-08-29T09:20:19.227+08:00</time>
<extensions>
<gpxtpx:TrackPointExtension>
<gpxtpx:speed>1.35</gpxtpx:speed>
</gpxtpx:TrackPointExtension>
<opentracks:accuracy_horizontal>2.3</opentracks:accuracy_horizontal></extensions>
</trkpt>
<trkpt lat="-32.227052" lon="115.79371">
<ele>-3.3</ele>
<time>2026-08-29T09:20:29.212+08:00</time>
<extensions>
<gpxtpx:TrackPointExtension>
<gpxtpx:speed>1.04</gpxtpx:speed>
</gpxtpx:TrackPointExtension>
<opentracks:accuracy_horizontal>2.359</opentracks:accuracy_horizontal></extensions>
</trkpt>
<trkpt lat="-32.227133" lon="115.793777">
<ele>-2.2</ele>
<time>2026-08-29T09:20:37.219+08:00</time>
<extensions>
<gpxtpx:TrackPointExtension>
<gpxtpx:speed>1.25</gpxtpx:speed>
</gpxtpx:TrackPointExtension>
<opentracks:accuracy_horizontal>2.464</opentracks:accuracy_horizontal></extensions>
</trkpt>
<trkpt lat="-32.227208" lon="115.793854">
<ele>-0.8</ele>
<time>2026-08-29T09:20:45.221+08:00</time>
<extensions>
<gpxtpx:TrackPointExtension>
<gpxtpx:speed>1.28</gpxtpx:speed>
</gpxtpx:TrackPointExtension>
<opentracks:accuracy_horizontal>2.276</opentracks:accuracy_horizontal></extensions>
</trkpt>
<trkpt lat="-32.227267" lon="115.79395">
<ele>-0.6</ele>
<time>2026-08-29T09:20:53.232+08:00</time>
<extensions>
<gpxtpx:TrackPointExtension>
<gpxtpx:speed>1.34</gpxtpx:speed>
</gpxtpx:TrackPointExtension>
<opentracks:accuracy_horizontal>2.294</opentracks:accuracy_horizontal></extensions>
</trkpt>
<trkpt lat="-32.22733" lon="115.794042">
<ele>-0.4</ele>
<time>2026-08-29T09:21:02.22+08:00</time>
<extensions>
<gpxtpx:TrackPointExtension>
<gpxtpx:speed>1.28</gpxtpx:speed>
</gpxtpx:TrackPointExtension>
<opentracks:accuracy_horizontal>2.37</opentracks:accuracy_horizontal></extensions>
</trkpt>
<trkpt lat="-32.227371" lon="115.794121">
<ele>-1.4</ele>
<time>2026-08-29T09:21:12.237+08:00</time>
<extensions>
<gpxtpx:TrackPointExtension>
<gpxtpx:speed>0.98</gpxtpx:speed>
</gpxtpx:TrackPointExtension>
<opentracks:accuracy_horizontal>2.371</opentracks:accuracy_horizontal></extensions>
</trkpt>
<trkpt lat="-32.227424" lon="115.794215">
<ele>-0.4</ele>
<time>2026-08-29T09:21:19.234+08:00</time>
<extensions>
<gpxtpx:TrackPointExtension>
<gpxtpx:speed>1.27</gpxtpx:speed>
</gpxtpx:TrackPointExtension>
<opentracks:accuracy_horizontal>2.231</opentracks:accuracy_horizontal></extensions>
</trkpt>
<trkpt lat="-32.227487" lon="115.794308">
<ele>-0.3</ele>
<time>2026-08-29T09:21:27.236+08:00</time>
<extensions>
<gpxtpx:TrackPointExtension>
<gpxtpx:speed>1.31</gpxtpx:speed>
</gpxtpx:TrackPointExtension>
<opentracks:accuracy_horizontal>2.432</opentracks:accuracy_horizontal></extensions>
</trkpt>
<trkpt lat="-32.227551" lon="115.794389">
<ele>-1.9</ele>
<time>2026-08-29T09:21:36.237+08:00</time>
<extensions>
<gpxtpx:TrackPointExtension>
<gpxtpx:speed>1.19</gpxtpx:speed>
</gpxtpx:TrackPointExtension>
<opentracks:accuracy_horizontal>2.326</opentracks:accuracy_horizontal></extensions>
</trkpt>
<trkpt lat="-32.227598" lon="115.794491">
<ele>-2.6</ele>
<time>2026-08-29T09:21:44.243+08:00</time>
<extensions>
<gpxtpx:TrackPointExtension>
<gpxtpx:speed>1.27</gpxtpx:speed>
</gpxtpx:TrackPointExtension>
<opentracks:accuracy_horizontal>2.33</opentracks:accuracy_horizontal></extensions>
</trkpt>
<trkpt lat="-32.227646" lon="115.794585">
<ele>-2.7</ele>
<time>2026-08-29T09:21:52.245+08:00</time>
<extensions>
<gpxtpx:TrackPointExtension>
<gpxtpx:speed>1.27</gpxtpx:speed>
</gpxtpx:TrackPointExtension>
<opentracks:accuracy_horizontal>2.334</opentracks:accuracy_horizontal></extensions>
</trkpt>
<trkpt lat="-32.227696" lon="115.794679">
<ele>-3.6</ele>
<time>2026-08-29T09:22:01.243+08:00</time>
<extensions>
<gpxtpx:TrackPointExtension>
<gpxtpx:speed>1.21</gpxtpx:speed>
</gpxtpx:TrackPointExtension>
<opentracks:accuracy_horizontal>2.439</opentracks:accuracy_horizontal></extensions>
</trkpt>
<trkpt lat="-32.227746" lon="115.794775">
<ele>-4.4</ele>
<time>2026-08-29T09:22:10.241+08:00</time>
<extensions>
<gpxtpx:TrackPointExtension>
<gpxtpx:speed>1.19</gpxtpx:speed>
</gpxtpx:TrackPointExtension>
<opentracks:accuracy_horizontal>2.328</opentracks:accuracy_horizontal></extensions>
</trkpt>
<trkpt lat="-32.227787" lon="115.794871">
<ele>-5.2</ele>
<time>2026-08-29T09:22:17.2+08:00</time>
<extensions>
<gpxtpx:TrackPointExtension>
<gpxtpx:speed>1.29</gpxtpx:speed>
</gpxtpx:TrackPointExtension>
<opentracks:accuracy_horizontal>2.396</opentracks:accuracy_horizontal></extensions>
</trkpt>
<trkpt lat="-32.227834" lon="115.794972">
<ele>-5.6</ele>
<time>2026-08-29T09:22:26.199+08:00</time>
<extensions>
<gpxtpx:TrackPointExtension>
<gpxtpx:speed>1.29</gpxtpx:speed>
</gpxtpx:TrackPointExtension>
<opentracks:accuracy_horizontal>2.199</opentracks:accuracy_horizontal></extensions>
</trkpt>
<trkpt lat="-32.227882" lon="115.795067">
<ele>-6.8</ele>
<time>2026-08-29T09:22:35.199+08:00</time>
<extensions>
<gpxtpx:TrackPointExtension>
<gpxtpx:speed>1.29</gpxtpx:speed>
</gpxtpx:TrackPointExtension>
<opentracks:accuracy_horizontal>2.229</opentracks:accuracy_horizontal></extensions>
</trkpt>
<trkpt lat="-32.227918" lon="115.795172">
<ele>-7.8</ele>
<time>2026-08-29T09:22:44.201+08:00</time>
<extensions>
<gpxtpx:TrackPointExtension>
<gpxtpx:speed>1.25</gpxtpx:speed>
</gpxtpx:TrackPointExtension>
<opentracks:accuracy_horizontal>2.202</opentracks:accuracy_horizontal></extensions>
</trkpt>
<trkpt lat="-32.227939" lon="115.79528">
<ele>-7.4</ele>
<time>2026-08-29T09:22:52.226+08:00</time>
<extensions>
<gpxtpx:TrackPointExtension>
<gpxtpx:speed>1.3</gpxtpx:speed>
</gpxtpx:TrackPointExtension>
<opentracks:accuracy_horizontal>2.145</opentracks:accuracy_horizontal></extensions>
</trkpt>
<trkpt lat="-32.227954" lon="115.795396">
<ele>-8.4</ele>
<time>2026-08-29T09:23:01.231+08:00</time>
<extensions>
<gpxtpx:TrackPointExtension>
<gpxtpx:speed>1.24</gpxtpx:speed>
</gpxtpx:TrackPointExtension>
<opentracks:accuracy_horizontal>2.16</opentracks:accuracy_horizontal></extensions>
</trkpt>
<trkpt lat="-32.227971" lon="115.795503">
<ele>-9.1</ele>
<time>2026-08-29T09:23:09.229+08:00</time>
<extensions>
<gpxtpx:TrackPointExtension>
<gpxtpx:speed>1.24</gpxtpx:speed>
</gpxtpx:TrackPointExtension>
<opentracks:accuracy_horizontal>2.139</opentracks:accuracy_horizontal></extensions>
</trkpt>
<trkpt lat="-32.227998" lon="115.795606">
<ele>-9.4</ele>
<time>2026-08-29T09:23:17.202+08:00</time>
<extensions>
<gpxtpx:TrackPointExtension>
<gpxtpx:speed>1.25</gpxtpx:speed>
</gpxtpx:TrackPointExtension>
<opentracks:accuracy_horizontal>2.155</opentracks:accuracy_horizontal></extensions>
</trkpt>
<trkpt lat="-32.228015" lon="115.795691">
<ele>-10.5</ele>
<time>2026-08-29T09:23:26.229+08:00</time>
<extensions>
<gpxtpx:TrackPointExtension>
<gpxtpx:speed>0.99</gpxtpx:speed>
</gpxtpx:TrackPointExtension>
<opentracks:accuracy_horizontal>2.195</opentracks:accuracy_horizontal></extensions>
</trkpt>
<trkpt lat="-32.228025" lon="115.795798">
<ele>-10.4</ele>
<time>2026-08-29T09:23:39.213+08:00</time>
<extensions>
<gpxtpx:TrackPointExtension>
<gpxtpx:speed>1.34</gpxtpx:speed>
</gpxtpx:TrackPointExtension>
<opentracks:accuracy_horizontal>2.395</opentracks:accuracy_horizontal></extensions>
</trkpt>
<trkpt lat="-32.228046" lon="115.795905">
<ele>-10</ele>
<time>2026-08-29T09:23:47.24+08:00</time>
<extensions>
<gpxtpx:TrackPointExtension>
<gpxtpx:speed>1.32</gpxtpx:speed>
</gpxtpx:TrackPointExtension>
<opentracks:accuracy_horizontal>2.34</opentracks:accuracy_horizontal></extensions>
</trkpt>
<trkpt lat="-32.228063" lon="115.796018">
<ele>-10.1</ele>
<time>2026-08-29T09:23:55.224+08:00</time>
<extensions>
<gpxtpx:TrackPointExtension>
<gpxtpx:speed>1.34</gpxtpx:speed>
</gpxtpx:TrackPointExtension>
<opentracks:accuracy_horizontal>2.274</opentracks:accuracy_horizontal></extensions>
</trkpt>
<trkpt lat="-32.228073" lon="115.796132">
<ele>-10.1</ele>
<time>2026-08-29T09:24:04.22+08:00</time>
<extensions>
<gpxtpx:TrackPointExtension>
<gpxtpx:speed>1.23</gpxtpx:speed>
</gpxtpx:TrackPointExtension>
<opentracks:accuracy_horizontal>2.382</opentracks:accuracy_horizontal></extensions>
</trkpt>
<trkpt lat="-32.228068" lon="115.796243">
<ele>-10.3</ele>
<time>2026-08-29T09:24:11.199+08:00</time>
<extensions>
<gpxtpx:TrackPointExtension>
<gpxtpx:speed>1.35</gpxtpx:speed>
</gpxtpx:TrackPointExtension>
<opentracks:accuracy_horizontal>2.151</opentracks:accuracy_horizontal></extensions>
</trkpt>
<trkpt lat="-32.228063" lon="115.79636">
<ele>-10.9</ele>
<time>2026-08-29T09:24:20.197+08:00</time>
<extensions>
<gpxtpx:TrackPointExtension>
<gpxtpx:speed>1.29</gpxtpx:speed>
</gpxtpx:TrackPointExtension>
<opentracks:accuracy_horizontal>2.188</opentracks:accuracy_horizontal></extensions>
</trkpt>
<trkpt lat="-32.228071" lon="115.796472">
<ele>-10.8</ele>
<time>2026-08-29T09:24:29.201+08:00</time>
<extensions>
<gpxtpx:TrackPointExtension>
<gpxtpx:speed>1.23</gpxtpx:speed>
</gpxtpx:TrackPointExtension>
<opentracks:accuracy_horizontal>2.224</opentracks:accuracy_horizontal></extensions>
</trkpt>
<trkpt lat="-32.22807" lon="115.796589">
<ele>-10.6</ele>
<time>2026-08-29T09:24:37.229+08:00</time>
<extensions>
<gpxtpx:TrackPointExtension>
<gpxtpx:speed>1.31</gpxtpx:speed>
</gpxtpx:TrackPointExtension>
<opentracks:accuracy_horizontal>2.354</opentracks:accuracy_horizontal></extensions>
</trkpt>
<trkpt lat="-32.228073" lon="115.796704">
<ele>-12.1</ele>
<time>2026-08-29T09:24:46.221+08:00</time>
<extensions>
<gpxtpx:TrackPointExtension>
<gpxtpx:speed>1.21</gpxtpx:speed>
</gpxtpx:TrackPointExtension>
<opentracks:accuracy_horizontal>2.164</opentracks:accuracy_horizontal></extensions>
</trkpt>
<trkpt lat="-32.228076" lon="115.796766">
<ele>-12.8</ele>
<time>2026-08-29T09:24:56.226+08:00</time>
<extensions>
<gpxtpx:TrackPointExtension>
<gpxtpx:speed>0.29</gpxtpx:speed>
</gpxtpx:TrackPointExtension>
<opentracks:accuracy_horizontal>2.163</opentracks:accuracy_horizontal></extensions>
</trkpt>
<trkpt lat="-32.228085" lon="115.796878">
<ele>-13.5</ele>
<time>2026-08-29T09:25:04.215+08:00</time>
<extensions>
<gpxtpx:TrackPointExtension>
<gpxtpx:speed>1.31</gpxtpx:speed>
</gpxtpx:TrackPointExtension>
<opentracks:accuracy_horizontal>2.206</opentracks:accuracy_horizontal></extensions>
</trkpt>
<trkpt lat="-32.228094" lon="115.796997">
<ele>-13.5</ele>
<time>2026-08-29T09:25:12.223+08:00</time>
<extensions>
<gpxtpx:TrackPointExtension>
<gpxtpx:speed>1.38</gpxtpx:speed>
</gpxtpx:TrackPointExtension>
<opentracks:accuracy_horizontal>2.148</opentracks:accuracy_horizontal></extensions>
</trkpt>
<trkpt lat="-32.228108" lon="115.797102">
<ele>-13.5</ele>
<time>2026-08-29T09:25:21.215+08:00</time>
<extensions>
<gpxtpx:TrackPointExtension>
<gpxtpx:speed>1.21</gpxtpx:speed>
</gpxtpx:TrackPointExtension>
<opentracks:accuracy_horizontal>2.208</opentracks:accuracy_horizontal></extensions>
</trkpt>
<trkpt lat="-32.228096" lon="115.796993">
<ele>-12.7</ele>
<time>2026-08-29T09:25:31.226+08:00</time>
<extensions>
<gpxtpx:TrackPointExtension>
<gpxtpx:speed>1.03</gpxtpx:speed>
</gpxtpx:TrackPointExtension>
<opentracks:accuracy_horizontal>2.16</opentracks:accuracy_horizontal></extensions>
</trkpt>
<trkpt lat="-32.228103" lon="115.797098">
<ele>-13.2</ele>
<time>2026-08-29T09:25:41.227+08:00</time>
<extensions>
<gpxtpx:TrackPointExtension>
<gpxtpx:speed>1.26</gpxtpx:speed>
</gpxtpx:TrackPointExtension>
<opentracks:accuracy_horizontal>2.149</opentracks:accuracy_horizontal></extensions>
</trkpt>
<trkpt lat="-32.22811" lon="115.797211">
<ele>-12.5</ele>
<time>2026-08-29T09:25:49.229+08:00</time>
<extensions>
<gpxtpx:TrackPointExtension>
<gpxtpx:speed>1.3</gpxtpx:speed>
</gpxtpx:TrackPointExtension>
<opentracks:accuracy_horizontal>2.188</opentracks:accuracy_horizontal></extensions>
</trkpt>
<trkpt lat="-32.22811" lon="115.797318">
<ele>-12.4</ele>
<time>2026-08-29T09:25:57.209+08:00</time>
<extensions>
<gpxtpx:TrackPointExtension>
<gpxtpx:speed>1.28</gpxtpx:speed>
</gpxtpx:TrackPointExtension>
<opentracks:accuracy_horizontal>2.189</opentracks:accuracy_horizontal></extensions>
</trkpt>
<trkpt lat="-32.228106" lon="115.797435">
<ele>-12.5</ele>
<time>2026-08-29T09:26:06.242+08:00</time>
<extensions>
<gpxtpx:TrackPointExtension>
<gpxtpx:speed>1.26</gpxtpx:speed>
</gpxtpx:TrackPointExtension>
<opentracks:accuracy_horizontal>2.222</opentracks:accuracy_horizontal></extensions>
</trkpt>
<trkpt lat="-32.228107" lon="115.797551">
<ele>-12.7</ele>
<time>2026-08-29T09:26:14.222+08:00</time>
<extensions>
<gpxtpx:TrackPointExtension>
<gpxtpx:speed>1.3</gpxtpx:speed>
</gpxtpx:TrackPointExtension>
<opentracks:accuracy_horizontal>2.321</opentracks:accuracy_horizontal></extensions>
</trkpt>
<trkpt lat="-32.228117" lon="115.797641">
<ele>-14.6</ele>
<time>2026-08-29T09:26:24.223+08:00</time>
<extensions>
<gpxtpx:TrackPointExtension>
<gpxtpx:speed>0.95</gpxtpx:speed>
</gpxtpx:TrackPointExtension>
<opentracks:accuracy_horizontal>2.382</opentracks:accuracy_horizontal></extensions>
</trkpt>
<trkpt lat="-32.228084" lon="115.797742">
<ele>-14.9</ele>
<time>2026-08-29T09:26:39.201+08:00</time>
<extensions>
<gpxtpx:TrackPointExtension>
<gpxtpx:speed>1.28</gpxtpx:speed>
</gpxtpx:TrackPointExtension>
<opentracks:accuracy_horizontal>2.228</opentracks:accuracy_horizontal></extensions>
</trkpt>
<trkpt lat="-32.22807" lon="115.797849">
<ele>-15.1</ele>
<time>2026-08-29T09:26:46.211+08:00</time>
<extensions>
<gpxtpx:TrackPointExtension>
<gpxtpx:speed>1.36</gpxtpx:speed>
</gpxtpx:TrackPointExtension>
<opentracks:accuracy_horizontal>2.418</opentracks:accuracy_horizontal></extensions>
</trkpt>
<trkpt lat="-32.228087" lon="115.797956">
<ele>-14.7</ele>
<time>2026-08-29T09:26:54.197+08:00</time>
<extensions>
<gpxtpx:TrackPointExtension>
<gpxtpx:speed>1.31</gpxtpx:speed>
</gpxtpx:TrackPointExtension>
<opentracks:accuracy_horizontal>2.222</opentracks:accuracy_horizontal></extensions>
</trkpt>
<trkpt lat="-32.228123" lon="115.798057">
<ele>-13.7</ele>
<time>2026-08-29T09:27:02.238+08:00</time>
<extensions>
<gpxtpx:TrackPointExtension>
<gpxtpx:speed>1.3</gpxtpx:speed>
</gpxtpx:TrackPointExtension>
<opentracks:accuracy_horizontal>2.226</opentracks:accuracy_horizontal></extensions>
</trkpt>
<trkpt lat="-32.22811" lon="115.798176">
<ele>-14.7</ele>
<time>2026-08-29T09:27:11.232+08:00</time>
<extensions>
<gpxtpx:TrackPointExtension>
<gpxtpx:speed>1.25</gpxtpx:speed>
</gpxtpx:TrackPointExtension>
<opentracks:accuracy_horizontal>2.205</opentracks:accuracy_horizontal></extensions>
</trkpt>
<trkpt lat="-32.228095" lon="115.798289">
<ele>-16.2</ele>
<time>2026-08-29T09:27:19.203+08:00</time>
<extensions>
<gpxtpx:TrackPointExtension>
<gpxtpx:speed>1.29</gpxtpx:speed>
</gpxtpx:TrackPointExtension>
<opentracks:accuracy_horizontal>2.212</opentracks:accuracy_horizontal></extensions>
</trkpt>
<trkpt lat="-32.228093" lon="115.79841">
<ele>-15.4</ele>
<time>2026-08-29T09:27:28.232+08:00</time>
<extensions>
<gpxtpx:TrackPointExtension>
<gpxtpx:speed>1.26</gpxtpx:speed>
</gpxtpx:TrackPointExtension>
<opentracks:accuracy_horizontal>2.169</opentracks:accuracy_horizontal></extensions>
</trkpt>
<trkpt lat="-32.228085" lon="115.798522">
<ele>-16.1</ele>
<time>2026-08-29T09:27:37.208+08:00</time>
<extensions>
<gpxtpx:TrackPointExtension>
<gpxtpx:speed>1.23</gpxtpx:speed>
</gpxtpx:TrackPointExtension>
<opentracks:accuracy_horizontal>2.173</opentracks:accuracy_horizontal></extensions>
</trkpt>
<trkpt lat="-32.228092" lon="115.798631">
<ele>-16.3</ele>
<time>2026-08-29T09:27:45.23+08:00</time>
<extensions>
<gpxtpx:TrackPointExtension>
<gpxtpx:speed>1.26</gpxtpx:speed>
</gpxtpx:TrackPointExtension>
<opentracks:accuracy_horizontal>2.322</opentracks:accuracy_horizontal></extensions>
</trkpt>
<trkpt lat="-32.228119" lon="115.798741">
<ele>-16.5</ele>
<time>2026-08-29T09:27:53.226+08:00</time>
<extensions>
<gpxtpx:TrackPointExtension>
<gpxtpx:speed>1.32</gpxtpx:speed>
</gpxtpx:TrackPointExtension>
<opentracks:accuracy_horizontal>2.157</opentracks:accuracy_horizontal></extensions>
</trkpt>
<trkpt lat="-32.228135" lon="115.79886">
<ele>-15.7</ele>
<time>2026-08-29T09:28:01.228+08:00</time>
<extensions>
<gpxtpx:TrackPointExtension>
<gpxtpx:speed>1.36</gpxtpx:speed>
</gpxtpx:TrackPointExtension>
<opentracks:accuracy_horizontal>2.235</opentracks:accuracy_horizontal></extensions>
</trkpt>
<trkpt lat="-32.228127" lon="115.798973">
<ele>-14.7</ele>
<time>2026-08-29T09:28:10.204+08:00</time>
<extensions>
<gpxtpx:TrackPointExtension>
<gpxtpx:speed>1.29</gpxtpx:speed>
</gpxtpx:TrackPointExtension>
<opentracks:accuracy_horizontal>2.102</opentracks:accuracy_horizontal></extensions>
</trkpt>
<trkpt lat="-32.228116" lon="115.799092">
<ele>-14.7</ele>
<time>2026-08-29T09:28:18.208+08:00</time>
<extensions>
<gpxtpx:TrackPointExtension>
<gpxtpx:speed>1.36</gpxtpx:speed>
</gpxtpx:TrackPointExtension>
<opentracks:accuracy_horizontal>2.146</opentracks:accuracy_horizontal></extensions>
</trkpt>
<trkpt lat="-32.228139" lon="115.799197">
<ele>-14.5</ele>
<time>2026-08-29T09:28:27.233+08:00</time>
<extensions>
<gpxtpx:TrackPointExtension>
<gpxtpx:speed>1.24</gpxtpx:speed>
</gpxtpx:TrackPointExtension>
<opentracks:accuracy_horizontal>2.065</opentracks:accuracy_horizontal></extensions>
</trkpt>
<trkpt lat="-32.228132" lon="115.799316">
<ele>-14.1</ele>
<time>2026-08-29T09:28:35.216+08:00</time>
<extensions>
<gpxtpx:TrackPointExtension>
<gpxtpx:speed>1.3</gpxtpx:speed>
</gpxtpx:TrackPointExtension>
<opentracks:accuracy_horizontal>2.064</opentracks:accuracy_horizontal></extensions>
</trkpt>
<trkpt lat="-32.228119" lon="115.799433">
<ele>-13.3</ele>
<time>2026-08-29T09:28:43.222+08:00</time>
<extensions>
<gpxtpx:TrackPointExtension>
<gpxtpx:speed>1.34</gpxtpx:speed>
</gpxtpx:TrackPointExtension>
<opentracks:accuracy_horizontal>2.077</opentracks:accuracy_horizontal></extensions>
</trkpt>
<trkpt lat="-32.22811" lon="115.79955">
<ele>-13.4</ele>
<time>2026-08-29T09:28:52.21+08:00</time>
<extensions>
<gpxtpx:TrackPointExtension>
<gpxtpx:speed>1.29</gpxtpx:speed>
</gpxtpx:TrackPointExtension>
<opentracks:accuracy_horizontal>2.058</opentracks:accuracy_horizontal></extensions>
</trkpt>
<trkpt lat="-32.228125" lon="115.799661">
<ele>-12.9</ele>
<time>2026-08-29T09:29:00.239+08:00</time>
<extensions>
<gpxtpx:TrackPointExtension>
<gpxtpx:speed>1.3</gpxtpx:speed>
</gpxtpx:TrackPointExtension>
<opentracks:accuracy_horizontal>2.104</opentracks:accuracy_horizontal></extensions>
</trkpt>
<trkpt lat="-32.22814" lon="115.799767">
<ele>-12</ele>
<time>2026-08-29T09:29:08.212+08:00</time>
<extensions>
<gpxtpx:TrackPointExtension>
<gpxtpx:speed>1.27</gpxtpx:speed>
</gpxtpx:TrackPointExtension>
<opentracks:accuracy_horizontal>2.063</opentracks:accuracy_horizontal></extensions>
</trkpt>
<trkpt lat="-32.228136" lon="115.799874">
<ele>-11.6</ele>
<time>2026-08-29T09:29:16.212+08:00</time>
<extensions>
<gpxtpx:TrackPointExtension>
<gpxtpx:speed>1.3</gpxtpx:speed>
</gpxtpx:TrackPointExtension>
<opentracks:accuracy_horizontal>2.052</opentracks:accuracy_horizontal></extensions>
</trkpt>
<trkpt lat="-32.22811" lon="115.799985">
<ele>-12.6</ele>
<time>2026-08-29T09:29:25.21+08:00</time>
<extensions>
<gpxtpx:TrackPointExtension>
<gpxtpx:speed>1.28</gpxtpx:speed>
</gpxtpx:TrackPointExtension>
<opentracks:accuracy_horizontal>2.096</opentracks:accuracy_horizontal></extensions>
</trkpt>
<trkpt lat="-32.228105" lon="115.800105">
<ele>-13.4</ele>
<time>2026-08-29T09:29:33.207+08:00</time>
<extensions>
<gpxtpx:TrackPointExtension>
<gpxtpx:speed>1.36</gpxtpx:speed>
</gpxtpx:TrackPointExtension>
<opentracks:accuracy_horizontal>2.124</opentracks:accuracy_horizontal></extensions>
</trkpt>
<trkpt lat="-32.228103" lon="115.800218">
<ele>-12.5</ele>
<time>2026-08-29T09:29:42.226+08:00</time>
<extensions>
<gpxtpx:TrackPointExtension>
<gpxtpx:speed>1.28</gpxtpx:speed>
</gpxtpx:TrackPointExtension>
<opentracks:accuracy_horizontal>2.088</opentracks:accuracy_horizontal></extensions>
</trkpt>
<trkpt lat="-32.228105" lon="115.800261">
<ele>-13.7</ele>
<time>2026-08-29T09:29:52.24+08:00</time>
<extensions>
<gpxtpx:TrackPointExtension>
<gpxtpx:speed>1.1</gpxtpx:speed>
</gpxtpx:TrackPointExtension>
<opentracks:accuracy_horizontal>2.112</opentracks:accuracy_horizontal></extensions>
</trkpt>
<trkpt lat="-32.228077" lon="115.800364">
<ele>-13.9</ele>
<time>2026-08-29T09:30:03.235+08:00</time>
<extensions>
<gpxtpx:TrackPointExtension>
<gpxtpx:speed>1.29</gpxtpx:speed>
</gpxtpx:TrackPointExtension>
<opentracks:accuracy_horizontal>2.097</opentracks:accuracy_horizontal></extensions>
</trkpt>
<trkpt lat="-32.228064" lon="115.800478">
<ele>-14.9</ele>
<time>2026-08-29T09:30:13.22+08:00</time>
<extensions>
<gpxtpx:TrackPointExtension>
<gpxtpx:speed>1.22</gpxtpx:speed>
</gpxtpx:TrackPointExtension>
<opentracks:accuracy_horizontal>2.119</opentracks:accuracy_horizontal></extensions>
</trkpt>
<trkpt lat="-32.228045" lon="115.800592">
<ele>-15.2</ele>
<time>2026-08-29T09:30:22.242+08:00</time>
<extensions>
<gpxtpx:TrackPointExtension>
<gpxtpx:speed>1.22</gpxtpx:speed>
</gpxtpx:TrackPointExtension>
<opentracks:accuracy_horizontal>2.104</opentracks:accuracy_horizontal></extensions>
</trkpt>
<trkpt lat="-32.228023" lon="115.800711">
<ele>-15.2</ele>
<time>2026-08-29T09:30:31.239+08:00</time>
<extensions>
<gpxtpx:TrackPointExtension>
<gpxtpx:speed>1.25</gpxtpx:speed>
</gpxtpx:TrackPointExtension>
<opentracks:accuracy_horizontal>2.123</opentracks:accuracy_horizontal></extensions>
</trkpt>
<trkpt lat="-32.228007" lon="115.800823">
<ele>-15</ele>
<time>2026-08-29T09:30:40.228+08:00</time>
<extensions>
<gpxtpx:TrackPointExtension>
<gpxtpx:speed>1.22</gpxtpx:speed>
</gpxtpx:TrackPointExtension>
<opentracks:accuracy_horizontal>2.138</opentracks:accuracy_horizontal></extensions>
</trkpt>
<trkpt lat="-32.227979" lon="115.800933">
<ele>-14.8</ele>
<time>2026-08-29T09:30:49.218+08:00</time>
<extensions>
<gpxtpx:TrackPointExtension>
<gpxtpx:speed>1.23</gpxtpx:speed>
</gpxtpx:TrackPointExtension>
<opentracks:accuracy_horizontal>2.219</opentracks:accuracy_horizontal></extensions>
</trkpt>
<trkpt lat="-32.227934" lon="115.801031">
<ele>-15.7</ele>
<time>2026-08-29T09:30:57.211+08:00</time>
<extensions>
<gpxtpx:TrackPointExtension>
<gpxtpx:speed>1.29</gpxtpx:speed>
</gpxtpx:TrackPointExtension>
<opentracks:accuracy_horizontal>2.21</opentracks:accuracy_horizontal></extensions>
</trkpt>
<trkpt lat="-32.227884" lon="115.801133">
<ele>-14.7</ele>
<time>2026-08-29T09:31:05.2+08:00</time>
<extensions>
<gpxtpx:TrackPointExtension>
<gpxtpx:speed>1.33</gpxtpx:speed>
</gpxtpx:TrackPointExtension>
<opentracks:accuracy_horizontal>2.551</opentracks:accuracy_horizontal></extensions>
</trkpt>
<trkpt lat="-32.227882" lon="115.801189">
<ele>-14.8</ele>
<time>2026-08-29T09:31:14.251+08:00</time>
<extensions>
<gpxtpx:TrackPointExtension>
<gpxtpx:speed>0.8</gpxtpx:speed>
</gpxtpx:TrackPointExtension>
<opentracks:accuracy_horizontal>2.169</opentracks:accuracy_horizontal></extensions>
</trkpt>
<trkpt lat="-32.227881" lon="115.801296">
<ele>-15.7</ele>
<time>2026-08-29T09:31:22.248+08:00</time>
<extensions>
<gpxtpx:TrackPointExtension>
<gpxtpx:speed>1.15</gpxtpx:speed>
</gpxtpx:TrackPointExtension>
<opentracks:accuracy_horizontal>2.344</opentracks:accuracy_horizontal></extensions>
</trkpt>
<trkpt lat="-32.227887" lon="115.801373">
<ele>-16.7</ele>
<time>2026-08-29T09:31:32.216+08:00</time>
<extensions>
<gpxtpx:TrackPointExtension>
<gpxtpx:speed>0.27</gpxtpx:speed>
</gpxtpx:TrackPointExtension>
<opentracks:accuracy_horizontal>2.264</opentracks:accuracy_horizontal></extensions>
</trkpt>
<trkpt lat="-32.227904" lon="115.801486">
<ele>-16.9</ele>
<time>2026-08-29T09:31:41.213+08:00</time>
<extensions>
<gpxtpx:TrackPointExtension>
<gpxtpx:speed>1.16</gpxtpx:speed>
</gpxtpx:TrackPointExtension>
<opentracks:accuracy_horizontal>2.362</opentracks:accuracy_horizontal></extensions>
</trkpt>
<trkpt lat="-32.227941" lon="115.801513">
<ele>-16.7</ele>
<time>2026-08-29T09:31:51.209+08:00</time>
<extensions>
<gpxtpx:TrackPointExtension>
<gpxtpx:speed>0.14</gpxtpx:speed>
</gpxtpx:TrackPointExtension>
<opentracks:accuracy_horizontal>2.46</opentracks:accuracy_horizontal></extensions>
</trkpt>
<trkpt lat="-32.228032" lon="115.801549">
<ele>-16.8</ele>
<time>2026-08-29T09:32:11.295+08:00</time>
<extensions>
<gpxtpx:TrackPointExtension>
<gpxtpx:speed>1.02</gpxtpx:speed>
</gpxtpx:TrackPointExtension>
<opentracks:accuracy_horizontal>3.509</opentracks:accuracy_horizontal></extensions>
</trkpt>
<trkpt lat="-32.228096" lon="115.801629">
<ele>-17.9</ele>
<time>2026-08-29T09:32:19.313+08:00</time>
<extensions>
<gpxtpx:TrackPointExtension>
<gpxtpx:speed>1.18</gpxtpx:speed>
</gpxtpx:TrackPointExtension>
<opentracks:accuracy_horizontal>3.216</opentracks:accuracy_horizontal></extensions>
</trkpt>
<trkpt lat="-32.228177" lon="115.801702">
<ele>-16.4</ele>
<time>2026-08-29T09:32:29.298+08:00</time>
<extensions>
<gpxtpx:TrackPointExtension>
<gpxtpx:speed>1.17</gpxtpx:speed>
</gpxtpx:TrackPointExtension>
<opentracks:accuracy_horizontal>2.763</opentracks:accuracy_horizontal></extensions>
</trkpt>
<trkpt lat="-32.22824" lon="115.801786">
<ele>-15.6</ele>
<time>2026-08-29T09:32:36.246+08:00</time>
<extensions>
<gpxtpx:TrackPointExtension>
<gpxtpx:speed>1.31</gpxtpx:speed>
</gpxtpx:TrackPointExtension>
<opentracks:accuracy_horizontal>2.39</opentracks:accuracy_horizontal></extensions>
</trkpt>
<trkpt lat="-32.228318" lon="115.801866">
<ele>-14.1</ele>
<time>2026-08-29T09:32:45.25+08:00</time>
<extensions>
<gpxtpx:TrackPointExtension>
<gpxtpx:speed>1.32</gpxtpx:speed>
</gpxtpx:TrackPointExtension>
<opentracks:accuracy_horizontal>2.227</opentracks:accuracy_horizontal></extensions>
</trkpt>
<trkpt lat="-32.228387" lon="115.801938">
<ele>-14</ele>
<time>2026-08-29T09:32:55.233+08:00</time>
<extensions>
<gpxtpx:TrackPointExtension>
<gpxtpx:speed>1.19</gpxtpx:speed>
</gpxtpx:TrackPointExtension>
<opentracks:accuracy_horizontal>2.377</opentracks:accuracy_horizontal></extensions>
</trkpt>
<trkpt lat="-32.228481" lon="115.801972">
<ele>-14</ele>
<time>2026-08-29T09:33:03.242+08:00</time>
<extensions>
<gpxtpx:TrackPointExtension>
<gpxtpx:speed>1.29</gpxtpx:speed>
</gpxtpx:TrackPointExtension>
<opentracks:accuracy_horizontal>2.425</opentracks:accuracy_horizontal></extensions>
</trkpt>
<trkpt lat="-32.228503" lon="115.801998">
<ele>-11.9</ele>
<time>2026-08-29T09:33:13.231+08:00</time>
<extensions>
<gpxtpx:TrackPointExtension>
<gpxtpx:speed>0.05</gpxtpx:speed>
</gpxtpx:TrackPointExtension>
<opentracks:accuracy_horizontal>2.559</opentracks:accuracy_horizontal></extensions>
</trkpt>
<trkpt lat="-32.228587" lon="115.802055">
<ele>-10.6</ele>
<time>2026-08-29T09:33:40.234+08:00</time>
<extensions>
<gpxtpx:TrackPointExtension>
<gpxtpx:speed>1.51</gpxtpx:speed>
</gpxtpx:TrackPointExtension>
<opentracks:accuracy_horizontal>2.495</opentracks:accuracy_horizontal></extensions>
</trkpt>
<trkpt lat="-32.228642" lon="115.80203">
<ele>-11</ele>
<time>2026-08-29T09:33:50.245+08:00</time>
<extensions>
<gpxtpx:TrackPointExtension>
<gpxtpx:speed>0.75</gpxtpx:speed>
</gpxtpx:TrackPointExtension>
<opentracks:accuracy_horizontal>2.542</opentracks:accuracy_horizontal></extensions>
</trkpt>
<trkpt lat="-32.228729" lon="115.801966">
<ele>-9.1</ele>
<time>2026-08-29T09:33:57.241+08:00</time>
<extensions>
<gpxtpx:TrackPointExtension>
<gpxtpx:speed>1.38</gpxtpx:speed>
</gpxtpx:TrackPointExtension>
<opentracks:accuracy_horizontal>2.429</opentracks:accuracy_horizontal></extensions>
</trkpt>
<trkpt lat="-32.228796" lon="115.801892">
<ele>-11.2</ele>
<time>2026-08-29T09:34:05.255+08:00</time>
<extensions>
<gpxtpx:TrackPointExtension>
<gpxtpx:speed>1.32</gpxtpx:speed>
</gpxtpx:TrackPointExtension>
<opentracks:accuracy_horizontal>2.351</opentracks:accuracy_horizontal></extensions>
</trkpt>
<trkpt lat="-32.228871" lon="115.801821">
<ele>-11.7</ele>
<time>2026-08-29T09:34:13.245+08:00</time>
<extensions>
<gpxtpx:TrackPointExtension>
<gpxtpx:speed>1.28</gpxtpx:speed>
</gpxtpx:TrackPointExtension>
<opentracks:accuracy_horizontal>2.263</opentracks:accuracy_horizontal></extensions>
</trkpt>
<trkpt lat="-32.228943" lon="115.801738">
<ele>-13.1</ele>
<time>2026-08-29T09:34:21.239+08:00</time>
<extensions>
<gpxtpx:TrackPointExtension>
<gpxtpx:speed>1.3</gpxtpx:speed>
</gpxtpx:TrackPointExtension>
<opentracks:accuracy_horizontal>2.433</opentracks:accuracy_horizontal></extensions>
</trkpt>
<trkpt lat="-32.22902" lon="115.801678">
<ele>-12.8</ele>
<time>2026-08-29T09:34:28.233+08:00</time>
<extensions>
<gpxtpx:TrackPointExtension>
<gpxtpx:speed>1.32</gpxtpx:speed>
</gpxtpx:TrackPointExtension>
<opentracks:accuracy_horizontal>2.303</opentracks:accuracy_horizontal></extensions>
</trkpt>
<trkpt lat="-32.229088" lon="115.801607">
<ele>-11.9</ele>
<time>2026-08-29T09:34:35.228+08:00</time>
<extensions>
<gpxtpx:TrackPointExtension>
<gpxtpx:speed>1.35</gpxtpx:speed>
</gpxtpx:TrackPointExtension>
<opentracks:accuracy_horizontal>2.404</opentracks:accuracy_horizontal></extensions>
</trkpt>
<trkpt lat="-32.229162" lon="115.801542">
<ele>-12.3</ele>
<time>2026-08-29T09:34:43.23+08:00</time>
<extensions>
<gpxtpx:TrackPointExtension>
<gpxtpx:speed>1.29</gpxtpx:speed>
</gpxtpx:TrackPointExtension>
<opentracks:accuracy_horizontal>2.353</opentracks:accuracy_horizontal></extensions>
</trkpt>
<trkpt lat="-32.229243" lon="115.801462">
<ele>-12.7</ele>
<time>2026-08-29T09:34:51.244+08:00</time>
<extensions>
<gpxtpx:TrackPointExtension>
<gpxtpx:speed>1.37</gpxtpx:speed>
</gpxtpx:TrackPointExtension>
<opentracks:accuracy_horizontal>2.246</opentracks:accuracy_horizontal></extensions>
</trkpt>
<trkpt lat="-32.229315" lon="115.801398">
<ele>-12.9</ele>
<time>2026-08-29T09:34:59.238+08:00</time>
<extensions>
<gpxtpx:TrackPointExtension>
<gpxtpx:speed>1.29</gpxtpx:speed>
</gpxtpx:TrackPointExtension>
<opentracks:accuracy_horizontal>2.294</opentracks:accuracy_horizontal></extensions>
</trkpt>
<trkpt lat="-32.229388" lon="115.801322">
<ele>-12.3</ele>
<time>2026-08-29T09:35:07.251+08:00</time>
<extensions>
<gpxtpx:TrackPointExtension>
<gpxtpx:speed>1.29</gpxtpx:speed>
</gpxtpx:TrackPointExtension>
<opentracks:accuracy_horizontal>2.455</opentracks:accuracy_horizontal></extensions>
</trkpt>
<trkpt lat="-32.229459" lon="115.801256">
<ele>-12</ele>
<time>2026-08-29T09:35:14.238+08:00</time>
<extensions>
<gpxtpx:TrackPointExtension>
<gpxtpx:speed>1.3</gpxtpx:speed>
</gpxtpx:TrackPointExtension>
<opentracks:accuracy_horizontal>2.319</opentracks:accuracy_horizontal></extensions>
</trkpt>
<trkpt lat="-32.229534" lon="115.801184">
<ele>-13.4</ele>
<time>2026-08-29T09:35:22.245+08:00</time>
<extensions>
<gpxtpx:TrackPointExtension>
<gpxtpx:speed>1.3</gpxtpx:speed>
</gpxtpx:TrackPointExtension>
<opentracks:accuracy_horizontal>2.234</opentracks:accuracy_horizontal></extensions>
</trkpt>
<trkpt lat="-32.229607" lon="115.801099">
<ele>-14.4</ele>
<time>2026-08-29T09:35:32.241+08:00</time>
<extensions>
<gpxtpx:TrackPointExtension>
<gpxtpx:speed>1.17</gpxtpx:speed>
</gpxtpx:TrackPointExtension>
<opentracks:accuracy_horizontal>2.47</opentracks:accuracy_horizontal></extensions>
</trkpt>
<trkpt lat="-32.22968" lon="115.801027">
<ele>-14.9</ele>
<time>2026-08-29T09:35:40.241+08:00</time>
<extensions>
<gpxtpx:TrackPointExtension>
<gpxtpx:speed>1.22</gpxtpx:speed>
</gpxtpx:TrackPointExtension>
<opentracks:accuracy_horizontal>2.309</opentracks:accuracy_horizontal></extensions>
</trkpt>
<trkpt lat="-32.229707" lon="115.801008">
<ele>-14</ele>
<time>2026-08-29T09:35:50.238+08:00</time>
<extensions>
<gpxtpx:TrackPointExtension>
<gpxtpx:speed>0.33</gpxtpx:speed>
</gpxtpx:TrackPointExtension>
<opentracks:accuracy_horizontal>2.335</opentracks:accuracy_horizontal></extensions>
</trkpt>
<trkpt lat="-32.229781" lon="115.800929">
<ele>-14.5</ele>
<time>2026-08-29T09:35:59.244+08:00</time>
<extensions>
<gpxtpx:TrackPointExtension>
<gpxtpx:speed>1.21</gpxtpx:speed>
</gpxtpx:TrackPointExtension>
<opentracks:accuracy_horizontal>2.419</opentracks:accuracy_horizontal></extensions>
</trkpt>
<trkpt lat="-32.229858" lon="115.800872">
<ele>-13.5</ele>
<time>2026-08-29T09:36:06.237+08:00</time>
<extensions>
<gpxtpx:TrackPointExtension>
<gpxtpx:speed>1.28</gpxtpx:speed>
</gpxtpx:TrackPointExtension>
<opentracks:accuracy_horizontal>2.348</opentracks:accuracy_horizontal></extensions>
</trkpt>
<trkpt lat="-32.229933" lon="115.800796">
<ele>-13.3</ele>
<time>2026-08-29T09:36:14.24+08:00</time>
<extensions>
<gpxtpx:TrackPointExtension>
<gpxtpx:speed>1.28</gpxtpx:speed>
</gpxtpx:TrackPointExtension>
<opentracks:accuracy_horizontal>2.249</opentracks:accuracy_horizontal></extensions>
</trkpt>
<trkpt lat="-32.230007" lon="115.800716">
<ele>-13.4</ele>
<time>2026-08-29T09:36:23.245+08:00</time>
<extensions>
<gpxtpx:TrackPointExtension>
<gpxtpx:speed>1.22</gpxtpx:speed>
</gpxtpx:TrackPointExtension>
<opentracks:accuracy_horizontal>2.354</opentracks:accuracy_horizontal></extensions>
</trkpt>
<trkpt lat="-32.230058" lon="115.800671">
<ele>-13.6</ele>
<time>2026-08-29T09:36:33.248+08:00</time>
<extensions>
<gpxtpx:TrackPointExtension>
<gpxtpx:speed>0.14</gpxtpx:speed>
</gpxtpx:TrackPointExtension>
<opentracks:accuracy_horizontal>2.251</opentracks:accuracy_horizontal></extensions>
</trkpt>
<trkpt lat="-32.230128" lon="115.800598">
<ele>-13.8</ele>
<time>2026-08-29T09:36:41.251+08:00</time>
<extensions>
<gpxtpx:TrackPointExtension>
<gpxtpx:speed>1.3</gpxtpx:speed>
</gpxtpx:TrackPointExtension>
<opentracks:accuracy_horizontal>2.453</opentracks:accuracy_horizontal></extensions>
</trkpt>
<trkpt lat="-32.230211" lon="115.800532">
<ele>-14.6</ele>
<time>2026-08-29T09:36:49.237+08:00</time>
<extensions>
<gpxtpx:TrackPointExtension>
<gpxtpx:speed>1.33</gpxtpx:speed>
</gpxtpx:TrackPointExtension>
<opentracks:accuracy_horizontal>2.44</opentracks:accuracy_horizontal></extensions>
</trkpt>
<trkpt lat="-32.230285" lon="115.800444">
<ele>-15.1</ele>
<time>2026-08-29T09:36:58.238+08:00</time>
<extensions>
<gpxtpx:TrackPointExtension>
<gpxtpx:speed>1.26</gpxtpx:speed>
</gpxtpx:TrackPointExtension>
<opentracks:accuracy_horizontal>2.386</opentracks:accuracy_horizontal></extensions>
</trkpt>
<trkpt lat="-32.230362" lon="115.800389">
<ele>-14.3</ele>
<time>2026-08-29T09:37:05.258+08:00</time>
<extensions>
<gpxtpx:TrackPointExtension>
<gpxtpx:speed>1.29</gpxtpx:speed>
</gpxtpx:TrackPointExtension>
<opentracks:accuracy_horizontal>2.218</opentracks:accuracy_horizontal></extensions>
</trkpt>
<trkpt lat="-32.230436" lon="115.800314">
<ele>-13.7</ele>
<time>2026-08-29T09:37:13.25+08:00</time>
<extensions>
<gpxtpx:TrackPointExtension>
<gpxtpx:speed>1.27</gpxtpx:speed>
</gpxtpx:TrackPointExtension>
<opentracks:accuracy_horizontal>2.357</opentracks:accuracy_horizontal></extensions>
</trkpt>
<trkpt lat="-32.230513" lon="115.800234">
<ele>-14.4</ele>
<time>2026-08-29T09:37:21.245+08:00</time>
<extensions>
<gpxtpx:TrackPointExtension>
<gpxtpx:speed>1.3</gpxtpx:speed>
</gpxtpx:TrackPointExtension>
<opentracks:accuracy_horizontal>2.45</opentracks:accuracy_horizontal></extensions>
</trkpt>
<trkpt lat="-32.230588" lon="115.800159">
<ele>-13.1</ele>
<time>2026-08-29T09:37:30.231+08:00</time>
<extensions>
<gpxtpx:TrackPointExtension>
<gpxtpx:speed>1.2</gpxtpx:speed>
</gpxtpx:TrackPointExtension>
<opentracks:accuracy_horizontal>2.533</opentracks:accuracy_horizontal></extensions>
</trkpt>
<trkpt lat="-32.230667" lon="115.800093">
<ele>-13.8</ele>
<time>2026-08-29T09:37:38.243+08:00</time>
<extensions>
<gpxtpx:TrackPointExtension>
<gpxtpx:speed>1.19</gpxtpx:speed>
</gpxtpx:TrackPointExtension>
<opentracks:accuracy_horizontal>2.305</opentracks:accuracy_horizontal></extensions>
</trkpt>
<trkpt lat="-32.230746" lon="115.80002">
<ele>-13.1</ele>
<time>2026-08-29T09:37:46.262+08:00</time>
<extensions>
<gpxtpx:TrackPointExtension>
<gpxtpx:speed>1.25</gpxtpx:speed>
</gpxtpx:TrackPointExtension>
<opentracks:accuracy_horizontal>2.281</opentracks:accuracy_horizontal></extensions>
</trkpt>
<trkpt lat="-32.230815" lon="115.799946">
<ele>-15</ele>
<time>2026-08-29T09:37:54.234+08:00</time>
<extensions>
<gpxtpx:TrackPointExtension>
<gpxtpx:speed>1.24</gpxtpx:speed>
</gpxtpx:TrackPointExtension>
<opentracks:accuracy_horizontal>2.303</opentracks:accuracy_horizontal></extensions>
</trkpt>
<trkpt lat="-32.230888" lon="115.799879">
<ele>-16.6</ele>
<time>2026-08-29T09:38:03.241+08:00</time>
<extensions>
<gpxtpx:TrackPointExtension>
<gpxtpx:speed>1.17</gpxtpx:speed>
</gpxtpx:TrackPointExtension>
<opentracks:accuracy_horizontal>2.309</opentracks:accuracy_horizontal></extensions>
</trkpt>
<trkpt lat="-32.230957" lon="115.799806">
<ele>-15.8</ele>
<time>2026-08-29T09:38:11.243+08:00</time>
<extensions>
<gpxtpx:TrackPointExtension>
<gpxtpx:speed>1.19</gpxtpx:speed>
</gpxtpx:TrackPointExtension>
<opentracks:accuracy_horizontal>2.528</opentracks:accuracy_horizontal></extensions>
</trkpt>
<trkpt lat="-32.231034" lon="115.799734">
<ele>-16.3</ele>
<time>2026-08-29T09:38:19.253+08:00</time>
<extensions>
<gpxtpx:TrackPointExtension>
<gpxtpx:speed>1.24</gpxtpx:speed>
</gpxtpx:TrackPointExtension>
<opentracks:accuracy_horizontal>2.411</opentracks:accuracy_horizontal></extensions>
</trkpt>
<trkpt lat="-32.231112" lon="115.799666">
<ele>-17.8</ele>
<time>2026-08-29T09:38:28.253+08:00</time>
<extensions>
<gpxtpx:TrackPointExtension>
<gpxtpx:speed>1.2</gpxtpx:speed>
</gpxtpx:TrackPointExtension>
<opentracks:accuracy_horizontal>2.371</opentracks:accuracy_horizontal></extensions>
</trkpt>
<trkpt lat="-32.231179" lon="115.799591">
<ele>-19</ele>
<time>2026-08-29T09:38:37.252+08:00</time>
<extensions>
<gpxtpx:TrackPointExtension>
<gpxtpx:speed>1.15</gpxtpx:speed>
</gpxtpx:TrackPointExtension>
<opentracks:accuracy_horizontal>2.291</opentracks:accuracy_horizontal></extensions>
</trkpt>
<trkpt lat="-32.231256" lon="115.799515">
<ele>-20.3</ele>
<time>2026-08-29T09:38:46.246+08:00</time>
<extensions>
<gpxtpx:TrackPointExtension>
<gpxtpx:speed>1.16</gpxtpx:speed>
</gpxtpx:TrackPointExtension>
<opentracks:accuracy_horizontal>2.373</opentracks:accuracy_horizontal></extensions>
</trkpt>
<trkpt lat="-32.231329" lon="115.799443">
<ele>-22.1</ele>
<time>2026-08-29T09:38:55.236+08:00</time>
<extensions>
<gpxtpx:TrackPointExtension>
<gpxtpx:speed>1.16</gpxtpx:speed>
</gpxtpx:TrackPointExtension>
<opentracks:accuracy_horizontal>2.536</opentracks:accuracy_horizontal></extensions>
</trkpt>
<trkpt lat="-32.231416" lon="115.799413">
<ele>-22.8</ele>
<time>2026-08-29T09:39:03.237+08:00</time>
<extensions>
<gpxtpx:TrackPointExtension>
<gpxtpx:speed>1.19</gpxtpx:speed>
</gpxtpx:TrackPointExtension>
<opentracks:accuracy_horizontal>2.399</opentracks:accuracy_horizontal></extensions>
</trkpt>
<trkpt lat="-32.231507" lon="115.799417">
<ele>-22.6</ele>
<time>2026-08-29T09:39:11.233+08:00</time>
<extensions>
<gpxtpx:TrackPointExtension>
<gpxtpx:speed>1.18</gpxtpx:speed>
</gpxtpx:TrackPointExtension>
<opentracks:accuracy_horizontal>2.202</opentracks:accuracy_horizontal></extensions>
</trkpt>
<trkpt lat="-32.231604" lon="115.799411">
<ele>-22.7</ele>
<time>2026-08-29T09:39:20.252+08:00</time>
<extensions>
<gpxtpx:TrackPointExtension>
<gpxtpx:speed>1.18</gpxtpx:speed>
</gpxtpx:TrackPointExtension>
<opentracks:accuracy_horizontal>2.305</opentracks:accuracy_horizontal></extensions>
</trkpt>
<trkpt lat="-32.231697" lon="115.799408">
<ele>-22.5</ele>
<time>2026-08-29T09:39:28.243+08:00</time>
<extensions>
<gpxtpx:TrackPointExtension>
<gpxtpx:speed>1.19</gpxtpx:speed>
</gpxtpx:TrackPointExtension>
<opentracks:accuracy_horizontal>2.325</opentracks:accuracy_horizontal></extensions>
</trkpt>
<trkpt lat="-32.231789" lon="115.799407">
<ele>-22.6</ele>
<time>2026-08-29T09:39:36.28+08:00</time>
<extensions>
<gpxtpx:TrackPointExtension>
<gpxtpx:speed>1.21</gpxtpx:speed>
</gpxtpx:TrackPointExtension>
<opentracks:accuracy_horizontal>2.405</opentracks:accuracy_horizontal></extensions>
</trkpt>
<trkpt lat="-32.231887" lon="115.799407">
<ele>-23.9</ele>
<time>2026-08-29T09:39:43.244+08:00</time>
<extensions>
<gpxtpx:TrackPointExtension>
<gpxtpx:speed>1.34</gpxtpx:speed>
</gpxtpx:TrackPointExtension>
<opentracks:accuracy_horizontal>2.448</opentracks:accuracy_horizontal></extensions>
</trkpt>
<trkpt lat="-32.23198" lon="115.799412">
<ele>-23.5</ele>
<time>2026-08-29T09:39:52.265+08:00</time>
<extensions>
<gpxtpx:TrackPointExtension>
<gpxtpx:speed>1.09</gpxtpx:speed>
</gpxtpx:TrackPointExtension>
<opentracks:accuracy_horizontal>2.347</opentracks:accuracy_horizontal></extensions>
</trkpt>
<trkpt lat="-32.23207" lon="115.799414">
<ele>-24.4</ele>
<time>2026-08-29T09:40:00.254+08:00</time>
<extensions>
<gpxtpx:TrackPointExtension>
<gpxtpx:speed>1.24</gpxtpx:speed>
</gpxtpx:TrackPointExtension>
<opentracks:accuracy_horizontal>2.399</opentracks:accuracy_horizontal></extensions>
</trkpt>
<trkpt lat="-32.232153" lon="115.799478">
<ele>-23.1</ele>
<time>2026-08-29T09:40:08.253+08:00</time>
<extensions>
<gpxtpx:TrackPointExtension>
<gpxtpx:speed>1.31</gpxtpx:speed>
</gpxtpx:TrackPointExtension>
<opentracks:accuracy_horizontal>2.368</opentracks:accuracy_horizontal></extensions>
</trkpt>
<trkpt lat="-32.232204" lon="115.799579">
<ele>-23.4</ele>
<time>2026-08-29T09:40:16.24+08:00</time>
<extensions>
<gpxtpx:TrackPointExtension>
<gpxtpx:speed>1.32</gpxtpx:speed>
</gpxtpx:TrackPointExtension>
<opentracks:accuracy_horizontal>2.513</opentracks:accuracy_horizontal></extensions>
</trkpt>
<trkpt lat="-32.232269" lon="115.799657">
<ele>-22.7</ele>
<time>2026-08-29T09:40:23.249+08:00</time>
<extensions>
<gpxtpx:TrackPointExtension>
<gpxtpx:speed>1.4</gpxtpx:speed>
</gpxtpx:TrackPointExtension>
<opentracks:accuracy_horizontal>2.736</opentracks:accuracy_horizontal></extensions>
</trkpt>
<trkpt lat="-32.232304" lon="115.799694">
<ele>-22.5</ele>
<time>2026-08-29T09:40:33.234+08:00</time>
<extensions>
<gpxtpx:TrackPointExtension>
<gpxtpx:speed>0.33</gpxtpx:speed>
</gpxtpx:TrackPointExtension>
<opentracks:accuracy_horizontal>2.588</opentracks:accuracy_horizontal></extensions>
</trkpt>
<trkpt lat="-32.232356" lon="115.799785">
<ele>-23.4</ele>
<time>2026-08-29T09:41:23.233+08:00</time>
<extensions>
<gpxtpx:TrackPointExtension>
<gpxtpx:speed>1.05</gpxtpx:speed>
</gpxtpx:TrackPointExtension>
<opentracks:accuracy_horizontal>2.32</opentracks:accuracy_horizontal></extensions>
</trkpt>
<trkpt lat="-32.232419" lon="115.799876">
<ele>-23.2</ele>
<time>2026-08-29T09:41:30.25+08:00</time>
<extensions>
<gpxtpx:TrackPointExtension>
<gpxtpx:speed>1.42</gpxtpx:speed>
</gpxtpx:TrackPointExtension>
<opentracks:accuracy_horizontal>2.36</opentracks:accuracy_horizontal></extensions>
</trkpt>
<trkpt lat="-32.23248" lon="115.799959">
<ele>-23</ele>
<time>2026-08-29T09:41:37.26+08:00</time>
<extensions>
<gpxtpx:TrackPointExtension>
<gpxtpx:speed>1.44</gpxtpx:speed>
</gpxtpx:TrackPointExtension>
<opentracks:accuracy_horizontal>2.293</opentracks:accuracy_horizontal></extensions>
</trkpt>
<trkpt lat="-32.232515" lon="115.80003">
<ele>-21.4</ele>
<time>2026-08-29T09:41:47.238+08:00</time>
<extensions>
<gpxtpx:TrackPointExtension>
<gpxtpx:speed>1.23</gpxtpx:speed>
</gpxtpx:TrackPointExtension>
<opentracks:accuracy_horizontal>2.493</opentracks:accuracy_horizontal></extensions>
</trkpt>
<trkpt lat="-32.232581" lon="115.800115">
<ele>-20.7</ele>
<time>2026-08-29T09:41:55.239+08:00</time>
<extensions>
<gpxtpx:TrackPointExtension>
<gpxtpx:speed>1.38</gpxtpx:speed>
</gpxtpx:TrackPointExtension>
<opentracks:accuracy_horizontal>2.663</opentracks:accuracy_horizontal></extensions>
</trkpt>
<trkpt lat="-32.232651" lon="115.800202">
<ele>-21.3</ele>
<time>2026-08-29T09:42:03.242+08:00</time>
<extensions>
<gpxtpx:TrackPointExtension>
<gpxtpx:speed>1.39</gpxtpx:speed>
</gpxtpx:TrackPointExtension>
<opentracks:accuracy_horizontal>2.262</opentracks:accuracy_horizontal></extensions>
</trkpt>
<trkpt lat="-32.232706" lon="115.800297">
<ele>-21.5</ele>
<time>2026-08-29T09:42:10.255+08:00</time>
<extensions>
<gpxtpx:TrackPointExtension>
<gpxtpx:speed>1.44</gpxtpx:speed>
</gpxtpx:TrackPointExtension>
<opentracks:accuracy_horizontal>2.251</opentracks:accuracy_horizontal></extensions>
</trkpt>
<trkpt lat="-32.232764" lon="115.800382">
<ele>-21.7</ele>
<time>2026-08-29T09:42:18.246+08:00</time>
<extensions>
<gpxtpx:TrackPointExtension>
<gpxtpx:speed>1.34</gpxtpx:speed>
</gpxtpx:TrackPointExtension>
<opentracks:accuracy_horizontal>2.331</opentracks:accuracy_horizontal></extensions>
</trkpt>
<trkpt lat="-32.232826" lon="115.800462">
<ele>-23.4</ele>
<time>2026-08-29T09:42:23.249+08:00</time>
<extensions>
<gpxtpx:TrackPointExtension>
<gpxtpx:speed>1.6</gpxtpx:speed>
</gpxtpx:TrackPointExtension>
<opentracks:accuracy_horizontal>2.326</opentracks:accuracy_horizontal></extensions>
</trkpt>
<trkpt lat="-32.232884" lon="115.800535">
<ele>-23.6</ele>
<time>2026-08-29T09:42:33.245+08:00</time>
<extensions>
<gpxtpx:TrackPointExtension>
<gpxtpx:speed>0.91</gpxtpx:speed>
</gpxtpx:TrackPointExtension>
<opentracks:accuracy_horizontal>2.389</opentracks:accuracy_horizontal></extensions>
</trkpt>
<trkpt lat="-32.232936" lon="115.800625">
<ele>-23</ele>
<time>2026-08-29T09:42:56.252+08:00</time>
<extensions>
<gpxtpx:TrackPointExtension>
<gpxtpx:speed>1.59</gpxtpx:speed>
</gpxtpx:TrackPointExtension>
<opentracks:accuracy_horizontal>2.297</opentracks:accuracy_horizontal></extensions>
</trkpt>
<trkpt lat="-32.233005" lon="115.800703">
<ele>-21.9</ele>
<time>2026-08-29T09:43:04.242+08:00</time>
<extensions>
<gpxtpx:TrackPointExtension>
<gpxtpx:speed>1.32</gpxtpx:speed>
</gpxtpx:TrackPointExtension>
<opentracks:accuracy_horizontal>2.42</opentracks:accuracy_horizontal></extensions>
</trkpt>
<trkpt lat="-32.233057" lon="115.800791">
<ele>-22.5</ele>
<time>2026-08-29T09:43:11.248+08:00</time>
<extensions>
<gpxtpx:TrackPointExtension>
<gpxtpx:speed>1.34</gpxtpx:speed>
</gpxtpx:TrackPointExtension>
<opentracks:accuracy_horizontal>2.384</opentracks:accuracy_horizontal></extensions>
</trkpt>
<trkpt lat="-32.233119" lon="115.800886">
<ele>-24</ele>
<time>2026-08-29T09:43:19.231+08:00</time>
<extensions>
<gpxtpx:TrackPointExtension>
<gpxtpx:speed>1.36</gpxtpx:speed>
</gpxtpx:TrackPointExtension>
<opentracks:accuracy_horizontal>2.472</opentracks:accuracy_horizontal></extensions>
</trkpt>
<trkpt lat="-32.233171" lon="115.800978">
<ele>-23.6</ele>
<time>2026-08-29T09:43:26.259+08:00</time>
<extensions>
<gpxtpx:TrackPointExtension>
<gpxtpx:speed>1.38</gpxtpx:speed>
</gpxtpx:TrackPointExtension>
<opentracks:accuracy_horizontal>2.294</opentracks:accuracy_horizontal></extensions>
</trkpt>
<trkpt lat="-32.233234" lon="115.801061">
<ele>-23.4</ele>
<time>2026-08-29T09:43:33.244+08:00</time>
<extensions>
<gpxtpx:TrackPointExtension>
<gpxtpx:speed>1.42</gpxtpx:speed>
</gpxtpx:TrackPointExtension>
<opentracks:accuracy_horizontal>2.502</opentracks:accuracy_horizontal></extensions>
</trkpt>
<trkpt lat="-32.233296" lon="115.801151">
<ele>-22</ele>
<time>2026-08-29T09:43:41.25+08:00</time>
<extensions>
<gpxtpx:TrackPointExtension>
<gpxtpx:speed>1.38</gpxtpx:speed>
</gpxtpx:TrackPointExtension>
<opentracks:accuracy_horizontal>2.276</opentracks:accuracy_horizontal></extensions>
</trkpt>
<trkpt lat="-32.233359" lon="115.801234">
<ele>-21.1</ele>
<time>2026-08-29T09:43:47.246+08:00</time>
<extensions>
<gpxtpx:TrackPointExtension>
<gpxtpx:speed>1.49</gpxtpx:speed>
</gpxtpx:TrackPointExtension>
<opentracks:accuracy_horizontal>2.295</opentracks:accuracy_horizontal></extensions>
</trkpt>
<trkpt lat="-32.233421" lon="115.80133">
<ele>-21.1</ele>
<time>2026-08-29T09:43:53.249+08:00</time>
<extensions>
<gpxtpx:TrackPointExtension>
<gpxtpx:speed>1.63</gpxtpx:speed>
</gpxtpx:TrackPointExtension>
<opentracks:accuracy_horizontal>2.424</opentracks:accuracy_horizontal></extensions>
</trkpt>
<trkpt lat="-32.233484" lon="115.801414">
<ele>-21.5</ele>
<time>2026-08-29T09:43:59.236+08:00</time>
<extensions>
<gpxtpx:TrackPointExtension>
<gpxtpx:speed>1.62</gpxtpx:speed>
</gpxtpx:TrackPointExtension>
<opentracks:accuracy_horizontal>2.367</opentracks:accuracy_horizontal></extensions>
</trkpt>
<trkpt lat="-32.233514" lon="115.801443">
<ele>-21.8</ele>
<time>2026-08-29T09:44:09.238+08:00</time>
<extensions>
<gpxtpx:TrackPointExtension>
<gpxtpx:speed>0.05</gpxtpx:speed>
</gpxtpx:TrackPointExtension>
<opentracks:accuracy_horizontal>2.928</opentracks:accuracy_horizontal></extensions>
</trkpt>
<trkpt lat="-32.233566" lon="115.80153">
<ele>-23.5</ele>
<time>2026-08-29T09:44:19.265+08:00</time>
<extensions>
<gpxtpx:TrackPointExtension>
<gpxtpx:speed>1.61</gpxtpx:speed>
</gpxtpx:TrackPointExtension>
<opentracks:accuracy_horizontal>2.597</opentracks:accuracy_horizontal></extensions>
</trkpt>
<trkpt lat="-32.233624" lon="115.801626">
<ele>-23.1</ele>
<time>2026-08-29T09:44:26.243+08:00</time>
<extensions>
<gpxtpx:TrackPointExtension>
<gpxtpx:speed>1.6</gpxtpx:speed>
</gpxtpx:TrackPointExtension>
<opentracks:accuracy_horizontal>2.497</opentracks:accuracy_horizontal></extensions>
</trkpt>
<trkpt lat="-32.233696" lon="115.80171">
<ele>-21.7</ele>
<time>2026-08-29T09:44:33.242+08:00</time>
<extensions>
<gpxtpx:TrackPointExtension>
<gpxtpx:speed>1.61</gpxtpx:speed>
</gpxtpx:TrackPointExtension>
<opentracks:accuracy_horizontal>2.331</opentracks:accuracy_horizontal></extensions>
</trkpt>
<trkpt lat="-32.233748" lon="115.801806">
<ele>-20.8</ele>
<time>2026-08-29T09:44:40.234+08:00</time>
<extensions>
<gpxtpx:TrackPointExtension>
<gpxtpx:speed>1.57</gpxtpx:speed>
</gpxtpx:TrackPointExtension>
<opentracks:accuracy_horizontal>2.557</opentracks:accuracy_horizontal></extensions>
</trkpt>
<trkpt lat="-32.233817" lon="115.801882">
<ele>-22.5</ele>
<time>2026-08-29T09:44:48.249+08:00</time>
<extensions>
<gpxtpx:TrackPointExtension>
<gpxtpx:speed>1.43</gpxtpx:speed>
</gpxtpx:TrackPointExtension>
<opentracks:accuracy_horizontal>2.426</opentracks:accuracy_horizontal></extensions>
</trkpt>
<trkpt lat="-32.233877" lon="115.801976">
<ele>-21.4</ele>
<time>2026-08-29T09:44:55.241+08:00</time>
<extensions>
<gpxtpx:TrackPointExtension>
<gpxtpx:speed>1.46</gpxtpx:speed>
</gpxtpx:TrackPointExtension>
<opentracks:accuracy_horizontal>2.27</opentracks:accuracy_horizontal></extensions>
</trkpt>
<trkpt lat="-32.233886" lon="115.802095">
<ele>-22.2</ele>
<time>2026-08-29T09:45:03.251+08:00</time>
<extensions>
<gpxtpx:TrackPointExtension>
<gpxtpx:speed>1.41</gpxtpx:speed>
</gpxtpx:TrackPointExtension>
<opentracks:accuracy_horizontal>2.354</opentracks:accuracy_horizontal></extensions>
</trkpt>
<trkpt lat="-32.233886" lon="115.802201">
<ele>-20.5</ele>
<time>2026-08-29T09:45:10.237+08:00</time>
<extensions>
<gpxtpx:TrackPointExtension>
<gpxtpx:speed>1.35</gpxtpx:speed>
</gpxtpx:TrackPointExtension>
<opentracks:accuracy_horizontal>2.327</opentracks:accuracy_horizontal></extensions>
</trkpt>
<trkpt lat="-32.233891" lon="115.802308">
<ele>-19.7</ele>
<time>2026-08-29T09:45:17.232+08:00</time>
<extensions>
<gpxtpx:TrackPointExtension>
<gpxtpx:speed>1.35</gpxtpx:speed>
</gpxtpx:TrackPointExtension>
<opentracks:accuracy_horizontal>2.399</opentracks:accuracy_horizontal></extensions>
</trkpt>
<trkpt lat="-32.233882" lon="115.80242">
<ele>-19.7</ele>
<time>2026-08-29T09:45:24.252+08:00</time>
<extensions>
<gpxtpx:TrackPointExtension>
<gpxtpx:speed>1.37</gpxtpx:speed>
</gpxtpx:TrackPointExtension>
<opentracks:accuracy_horizontal>2.371</opentracks:accuracy_horizontal></extensions>
</trkpt>
<trkpt lat="-32.233892" lon="115.802527">
<ele>-19.7</ele>
<time>2026-08-29T09:45:32.245+08:00</time>
<extensions>
<gpxtpx:TrackPointExtension>
<gpxtpx:speed>1.26</gpxtpx:speed>
</gpxtpx:TrackPointExtension>
<opentracks:accuracy_horizontal>2.432</opentracks:accuracy_horizontal></extensions>
</trkpt>
<trkpt lat="-32.233889" lon="115.802645">
<ele>-18.5</ele>
<time>2026-08-29T09:45:40.247+08:00</time>
<extensions>
<gpxtpx:TrackPointExtension>
<gpxtpx:speed>1.28</gpxtpx:speed>
</gpxtpx:TrackPointExtension>
<opentracks:accuracy_horizontal>2.347</opentracks:accuracy_horizontal></extensions>
</trkpt>
<trkpt lat="-32.233897" lon="115.802761">
<ele>-19.3</ele>
<time>2026-08-29T09:45:48.248+08:00</time>
<extensions>
<gpxtpx:TrackPointExtension>
<gpxtpx:speed>1.31</gpxtpx:speed>
</gpxtpx:TrackPointExtension>
<opentracks:accuracy_horizontal>2.284</opentracks:accuracy_horizontal></extensions>
</trkpt>
<trkpt lat="-32.233894" lon="115.802874">
<ele>-19</ele>
<time>2026-08-29T09:45:56.251+08:00</time>
<extensions>
<gpxtpx:TrackPointExtension>
<gpxtpx:speed>1.26</gpxtpx:speed>
</gpxtpx:TrackPointExtension>
<opentracks:accuracy_horizontal>2.338</opentracks:accuracy_horizontal></extensions>
</trkpt>
<trkpt lat="-32.233886" lon="115.802993">
<ele>-17.4</ele>
<time>2026-08-29T09:46:05.24+08:00</time>
<extensions>
<gpxtpx:TrackPointExtension>
<gpxtpx:speed>1.23</gpxtpx:speed>
</gpxtpx:TrackPointExtension>
<opentracks:accuracy_horizontal>2.524</opentracks:accuracy_horizontal></extensions>
</trkpt>
<trkpt lat="-32.233839" lon="115.803078">
<ele>-15.7</ele>
<time>2026-08-29T09:46:15.255+08:00</time>
<extensions>
<gpxtpx:TrackPointExtension>
<gpxtpx:speed>1.2</gpxtpx:speed>
</gpxtpx:TrackPointExtension>
<opentracks:accuracy_horizontal>2.268</opentracks:accuracy_horizontal></extensions>
</trkpt>
<trkpt lat="-32.233742" lon="115.803076">
<ele>-16</ele>
<time>2026-08-29T09:46:22.245+08:00</time>
<extensions>
<gpxtpx:TrackPointExtension>
<gpxtpx:speed>1.31</gpxtpx:speed>
</gpxtpx:TrackPointExtension>
<opentracks:accuracy_horizontal>2.274</opentracks:accuracy_horizontal></extensions>
</trkpt>
<trkpt lat="-32.233647" lon="115.803109">
<ele>-15.7</ele>
<time>2026-08-29T09:46:30.255+08:00</time>
<extensions>
<gpxtpx:TrackPointExtension>
<gpxtpx:speed>1.28</gpxtpx:speed>
</gpxtpx:TrackPointExtension>
<opentracks:accuracy_horizontal>2.387</opentracks:accuracy_horizontal></extensions>
</trkpt>
<trkpt lat="-32.233544" lon="115.803107">
<ele>-15.3</ele>
<time>2026-08-29T09:46:39.25+08:00</time>
<extensions>
<gpxtpx:TrackPointExtension>
<gpxtpx:speed>1.26</gpxtpx:speed>
</gpxtpx:TrackPointExtension>
<opentracks:accuracy_horizontal>2.31</opentracks:accuracy_horizontal></extensions>
</trkpt>
<trkpt lat="-32.233451" lon="115.803115">
<ele>-16</ele>
<time>2026-08-29T09:46:47.249+08:00</time>
<extensions>
<gpxtpx:TrackPointExtension>
<gpxtpx:speed>1.27</gpxtpx:speed>
</gpxtpx:TrackPointExtension>
<opentracks:accuracy_horizontal>2.29</opentracks:accuracy_horizontal></extensions>
</trkpt>
<trkpt lat="-32.23335" lon="115.803113">
<ele>-14.8</ele>
<time>2026-08-29T09:46:55.243+08:00</time>
<extensions>
<gpxtpx:TrackPointExtension>
<gpxtpx:speed>1.3</gpxtpx:speed>
</gpxtpx:TrackPointExtension>
<opentracks:accuracy_horizontal>2.366</opentracks:accuracy_horizontal></extensions>
</trkpt>
<trkpt lat="-32.233264" lon="115.803072">
<ele>-14.3</ele>
<time>2026-08-29T09:47:03.243+08:00</time>
<extensions>
<gpxtpx:TrackPointExtension>
<gpxtpx:speed>1.26</gpxtpx:speed>
</gpxtpx:TrackPointExtension>
<opentracks:accuracy_horizontal>2.293</opentracks:accuracy_horizontal></extensions>
</trkpt>
<trkpt lat="-32.233215" lon="115.803015">
<ele>-14.6</ele>
<time>2026-08-29T09:47:12.227+08:00</time>
<extensions>
<gpxtpx:TrackPointExtension>
<gpxtpx:speed>0.19</gpxtpx:speed>
</gpxtpx:TrackPointExtension>
<opentracks:accuracy_horizontal>2.328</opentracks:accuracy_horizontal></extensions>
</trkpt>
<trkpt lat="-32.233228" lon="115.802901">
<ele>-13.7</ele>
<time>2026-08-29T09:47:23.278+08:00</time>
<extensions>
<gpxtpx:TrackPointExtension>
<gpxtpx:speed>0.93</gpxtpx:speed>
</gpxtpx:TrackPointExtension>
<opentracks:accuracy_horizontal>2.449</opentracks:accuracy_horizontal></extensions>
</trkpt>
<trkpt lat="-32.233237" lon="115.802835">
<ele>-14.8</ele>
<time>2026-08-29T09:47:33.259+08:00</time>
<extensions>
<gpxtpx:TrackPointExtension>
<gpxtpx:speed>0.31</gpxtpx:speed>
</gpxtpx:TrackPointExtension>
<opentracks:accuracy_horizontal>2.462</opentracks:accuracy_horizontal></extensions>
</trkpt>
<trkpt lat="-32.23333" lon="115.802877">
<ele>-20.7</ele>
<time>2026-08-29T09:51:17.282+08:00</time>
<extensions>
<gpxtpx:TrackPointExtension>
<gpxtpx:speed>0.7</gpxtpx:speed>
</gpxtpx:TrackPointExtension>
<opentracks:accuracy_horizontal>6.215</opentracks:accuracy_horizontal></extensions>
</trkpt>
<trkpt lat="-32.233336" lon="115.802905">
<ele>-15.4</ele>
<time>2026-08-29T09:51:27.286+08:00</time>
<extensions>
<gpxtpx:TrackPointExtension>
<gpxtpx:speed>0.8</gpxtpx:speed>
</gpxtpx:TrackPointExtension>
<opentracks:accuracy_horizontal>4.937</opentracks:accuracy_horizontal></extensions>
</trkpt>
<trkpt lat="-32.233303" lon="115.802857">
<ele>-17.4</ele>
<time>2026-08-29T10:00:57.291+08:00</time>
<extensions>
<gpxtpx:TrackPointExtension>
<gpxtpx:speed>0.06</gpxtpx:speed>
</gpxtpx:TrackPointExtension>
<opentracks:accuracy_horizontal>2.859</opentracks:accuracy_horizontal></extensions>
</trkpt>
</trkseg>
</trk>
</gpx>
