<?xml version="1.0" encoding="UTF-8"?>
<gpx
version="1.1"
creator="OpenTracks"
xmlns="http://www.topografix.com/GPX/1/1"
xmlns:topografix="http://www.topografix.com/GPX/Private/TopoGrafix/0/1"
xmlns:xsi="http://www.w3.org/2001/XMLSchema-instance"
xmlns:opentracks="http://opentracksapp.com/xmlschemas/v1"
xmlns:gpxtpx="http://www.garmin.com/xmlschemas/TrackPointExtension/v2"
xmlns:gpxtrkx="http://www.garmin.com/xmlschemas/TrackStatsExtension/v1"
xmlns:cluetrust="http://www.cluetrust.com/Schemas/"
xmlns:pwr="http://www.garmin.com/xmlschemas/PowerExtension/v1"
xsi:schemaLocation="http://www.topografix.com/GPX/1/1 http://www.topografix.com/GPX/1/1/gpx.xsd http://www.topografix.com/GPX/Private/TopoGrafix/0/1 http://www.topografix.com/GPX/Private/TopoGrafix/0/1/topografix.xsd http://www.garmin.com/xmlschemas/TrackPointExtension/v2 https://www8.garmin.com/xmlschemas/TrackPointExtensionv2.xsd http://www.garmin.com/xmlschemas/PowerExtension/v1 https://www8.garmin.com/xmlschemas/PowerExtensionv1.xsd http://www.garmin.com/xmlschemas/TrackStatsExtension/v1 https://www8.garmin.com/xmlschemas/TrackStatsExtension.xsd http://www.cluetrust.com/Schemas https://www.cluetrust.com/Schemas/gpxdata10.xsd http://opentracksapp.com/xmlschemas/v1 http://opentracksapp.com/xmlschemas/OpenTracks_v1.xsd">
<trk>
<name><![CDATA[2026-09-04T07:54+08]]></name>
<desc><![CDATA[]]></desc>
<type><![CDATA[cycling]]></type>
<extensions>
<topografix:color>c0c0c0</topografix:color>
<opentracks:trackid>20c7c5f2-69ca-4c98-9bc4-9859db07b451</opentracks:trackid>
<opentracks:typeTranslated><![CDATA[cycling]]></opentracks:typeTranslated>
<gpxtrkx:TrackStatsExtension>
<gpxtrkx:Distance>7458.7314453125</gpxtrkx:Distance>
<gpxtrkx:TimerTime>8094</gpxtrkx:TimerTime>
<gpxtrkx:MovingTime>5339</gpxtrkx:MovingTime>
<gpxtrkx:StoppedTime>2755</gpxtrkx:StoppedTime>
<gpxtrkx:MaxSpeed>1.936462640762329</gpxtrkx:MaxSpeed>
</gpxtrkx:TrackStatsExtension>
</extensions>
<trkseg>
<trkpt lat="-32.233169" lon="115.803043">
<ele>-4.5</ele>
<time>2026-09-04T07:54:34.227+08:00</time>
<extensions>
<gpxtpx:TrackPointExtension>
<gpxtpx:speed>0</gpxtpx:speed>
</gpxtpx:TrackPointExtension>
<opentracks:accuracy_horizontal>11.748</opentracks:accuracy_horizontal></extensions>
</trkpt>
<trkpt lat="-32.233233" lon="115.803081">
<ele>-16.9</ele>
<time>2026-09-04T07:54:44.046+08:00</time>
<extensions>
<gpxtpx:TrackPointExtension>
<gpxtpx:speed>0.61</gpxtpx:speed>
</gpxtpx:TrackPointExtension>
<opentracks:accuracy_horizontal>2.712</opentracks:accuracy_horizontal></extensions>
</trkpt>
<trkpt lat="-32.233323" lon="115.80313">
<ele>-14.9</ele>
<time>2026-09-04T07:54:53.06+08:00</time>
<extensions>
<gpxtpx:TrackPointExtension>
<gpxtpx:speed>1.26</gpxtpx:speed>
</gpxtpx:TrackPointExtension>
<opentracks:accuracy_horizontal>2.22</opentracks:accuracy_horizontal></extensions>
</trkpt>
<trkpt lat="-32.23342" lon="115.80313">
<ele>-15.9</ele>
<time>2026-09-04T07:55:03.059+08:00</time>
<extensions>
<gpxtpx:TrackPointExtension>
<gpxtpx:speed>1.04</gpxtpx:speed>
</gpxtpx:TrackPointExtension>
<opentracks:accuracy_horizontal>3.776</opentracks:accuracy_horizontal></extensions>
</trkpt>
<trkpt lat="-32.233512" lon="115.80313">
<ele>-16.9</ele>
<time>2026-09-04T07:55:10.057+08:00</time>
<extensions>
<gpxtpx:TrackPointExtension>
<gpxtpx:speed>1.33</gpxtpx:speed>
</gpxtpx:TrackPointExtension>
<opentracks:accuracy_horizontal>4.197</opentracks:accuracy_horizontal></extensions>
</trkpt>
<trkpt lat="-32.233608" lon="115.803134">
<ele>-18.4</ele>
<time>2026-09-04T07:55:19.062+08:00</time>
<extensions>
<gpxtpx:TrackPointExtension>
<gpxtpx:speed>1.24</gpxtpx:speed>
</gpxtpx:TrackPointExtension>
<opentracks:accuracy_horizontal>4.439</opentracks:accuracy_horizontal></extensions>
</trkpt>
<trkpt lat="-32.2337" lon="115.803128">
<ele>-18.8</ele>
<time>2026-09-04T07:55:28.056+08:00</time>
<extensions>
<gpxtpx:TrackPointExtension>
<gpxtpx:speed>1.16</gpxtpx:speed>
</gpxtpx:TrackPointExtension>
<opentracks:accuracy_horizontal>5.014</opentracks:accuracy_horizontal></extensions>
</trkpt>
<trkpt lat="-32.233798" lon="115.803126">
<ele>-17.5</ele>
<time>2026-09-04T07:55:37.063+08:00</time>
<extensions>
<gpxtpx:TrackPointExtension>
<gpxtpx:speed>1.31</gpxtpx:speed>
</gpxtpx:TrackPointExtension>
<opentracks:accuracy_horizontal>3.748</opentracks:accuracy_horizontal></extensions>
</trkpt>
<trkpt lat="-32.233888" lon="115.803094">
<ele>-17.6</ele>
<time>2026-09-04T07:55:45.042+08:00</time>
<extensions>
<gpxtpx:TrackPointExtension>
<gpxtpx:speed>1.35</gpxtpx:speed>
</gpxtpx:TrackPointExtension>
<opentracks:accuracy_horizontal>3.435</opentracks:accuracy_horizontal></extensions>
</trkpt>
<trkpt lat="-32.233892" lon="115.802981">
<ele>-18.6</ele>
<time>2026-09-04T07:55:54.058+08:00</time>
<extensions>
<gpxtpx:TrackPointExtension>
<gpxtpx:speed>1.23</gpxtpx:speed>
</gpxtpx:TrackPointExtension>
<opentracks:accuracy_horizontal>3.2</opentracks:accuracy_horizontal></extensions>
</trkpt>
<trkpt lat="-32.233891" lon="115.802908">
<ele>-17.8</ele>
<time>2026-09-04T07:56:04.066+08:00</time>
<extensions>
<gpxtpx:TrackPointExtension>
<gpxtpx:speed>0.14</gpxtpx:speed>
</gpxtpx:TrackPointExtension>
<opentracks:accuracy_horizontal>3.231</opentracks:accuracy_horizontal></extensions>
</trkpt>
<trkpt lat="-32.233894" lon="115.802786">
<ele>-18.9</ele>
<time>2026-09-04T07:56:15.06+08:00</time>
<extensions>
<gpxtpx:TrackPointExtension>
<gpxtpx:speed>1.63</gpxtpx:speed>
</gpxtpx:TrackPointExtension>
<opentracks:accuracy_horizontal>3.109</opentracks:accuracy_horizontal></extensions>
</trkpt>
<trkpt lat="-32.233887" lon="115.802672">
<ele>-20.3</ele>
<time>2026-09-04T07:56:22.064+08:00</time>
<extensions>
<gpxtpx:TrackPointExtension>
<gpxtpx:speed>1.53</gpxtpx:speed>
</gpxtpx:TrackPointExtension>
<opentracks:accuracy_horizontal>3.131</opentracks:accuracy_horizontal></extensions>
</trkpt>
<trkpt lat="-32.233885" lon="115.802557">
<ele>-20.7</ele>
<time>2026-09-04T07:56:30.054+08:00</time>
<extensions>
<gpxtpx:TrackPointExtension>
<gpxtpx:speed>1.4</gpxtpx:speed>
</gpxtpx:TrackPointExtension>
<opentracks:accuracy_horizontal>3.367</opentracks:accuracy_horizontal></extensions>
</trkpt>
<trkpt lat="-32.233885" lon="115.802435">
<ele>-21.5</ele>
<time>2026-09-04T07:56:38.061+08:00</time>
<extensions>
<gpxtpx:TrackPointExtension>
<gpxtpx:speed>1.4</gpxtpx:speed>
</gpxtpx:TrackPointExtension>
<opentracks:accuracy_horizontal>3.585</opentracks:accuracy_horizontal></extensions>
</trkpt>
<trkpt lat="-32.233883" lon="115.802317">
<ele>-21.1</ele>
<time>2026-09-04T07:56:46.056+08:00</time>
<extensions>
<gpxtpx:TrackPointExtension>
<gpxtpx:speed>1.38</gpxtpx:speed>
</gpxtpx:TrackPointExtension>
<opentracks:accuracy_horizontal>3.375</opentracks:accuracy_horizontal></extensions>
</trkpt>
<trkpt lat="-32.233884" lon="115.8022">
<ele>-22.1</ele>
<time>2026-09-04T07:56:54.06+08:00</time>
<extensions>
<gpxtpx:TrackPointExtension>
<gpxtpx:speed>1.37</gpxtpx:speed>
</gpxtpx:TrackPointExtension>
<opentracks:accuracy_horizontal>3.279</opentracks:accuracy_horizontal></extensions>
</trkpt>
<trkpt lat="-32.23388" lon="115.802085">
<ele>-22.8</ele>
<time>2026-09-04T07:57:02.051+08:00</time>
<extensions>
<gpxtpx:TrackPointExtension>
<gpxtpx:speed>1.33</gpxtpx:speed>
</gpxtpx:TrackPointExtension>
<opentracks:accuracy_horizontal>3.455</opentracks:accuracy_horizontal></extensions>
</trkpt>
<trkpt lat="-32.233864" lon="115.801972">
<ele>-23.3</ele>
<time>2026-09-04T07:57:11.057+08:00</time>
<extensions>
<gpxtpx:TrackPointExtension>
<gpxtpx:speed>1.24</gpxtpx:speed>
</gpxtpx:TrackPointExtension>
<opentracks:accuracy_horizontal>3.283</opentracks:accuracy_horizontal></extensions>
</trkpt>
<trkpt lat="-32.233808" lon="115.80188">
<ele>-24</ele>
<time>2026-09-04T07:57:19.08+08:00</time>
<extensions>
<gpxtpx:TrackPointExtension>
<gpxtpx:speed>1.28</gpxtpx:speed>
</gpxtpx:TrackPointExtension>
<opentracks:accuracy_horizontal>3.316</opentracks:accuracy_horizontal></extensions>
</trkpt>
<trkpt lat="-32.233747" lon="115.801793">
<ele>-25.5</ele>
<time>2026-09-04T07:57:28.069+08:00</time>
<extensions>
<gpxtpx:TrackPointExtension>
<gpxtpx:speed>1.2</gpxtpx:speed>
</gpxtpx:TrackPointExtension>
<opentracks:accuracy_horizontal>3.485</opentracks:accuracy_horizontal></extensions>
</trkpt>
<trkpt lat="-32.233752" lon="115.801753">
<ele>-24.2</ele>
<time>2026-09-04T07:57:38.069+08:00</time>
<extensions>
<gpxtpx:TrackPointExtension>
<gpxtpx:speed>0.04</gpxtpx:speed>
</gpxtpx:TrackPointExtension>
<opentracks:accuracy_horizontal>2.807</opentracks:accuracy_horizontal></extensions>
</trkpt>
<trkpt lat="-32.233793" lon="115.801649">
<ele>-25.3</ele>
<time>2026-09-04T07:58:09.075+08:00</time>
<extensions>
<gpxtpx:TrackPointExtension>
<gpxtpx:speed>1.32</gpxtpx:speed>
</gpxtpx:TrackPointExtension>
<opentracks:accuracy_horizontal>3.858</opentracks:accuracy_horizontal></extensions>
</trkpt>
<trkpt lat="-32.23383" lon="115.801544">
<ele>-26.1</ele>
<time>2026-09-04T07:58:18.064+08:00</time>
<extensions>
<gpxtpx:TrackPointExtension>
<gpxtpx:speed>1.2</gpxtpx:speed>
</gpxtpx:TrackPointExtension>
<opentracks:accuracy_horizontal>4.203</opentracks:accuracy_horizontal></extensions>
</trkpt>
<trkpt lat="-32.233861" lon="115.801432">
<ele>-26.9</ele>
<time>2026-09-04T07:58:26.06+08:00</time>
<extensions>
<gpxtpx:TrackPointExtension>
<gpxtpx:speed>1.28</gpxtpx:speed>
</gpxtpx:TrackPointExtension>
<opentracks:accuracy_horizontal>3.634</opentracks:accuracy_horizontal></extensions>
</trkpt>
<trkpt lat="-32.233866" lon="115.801322">
<ele>-25.6</ele>
<time>2026-09-04T07:58:33.075+08:00</time>
<extensions>
<gpxtpx:TrackPointExtension>
<gpxtpx:speed>1.34</gpxtpx:speed>
</gpxtpx:TrackPointExtension>
<opentracks:accuracy_horizontal>3.743</opentracks:accuracy_horizontal></extensions>
</trkpt>
<trkpt lat="-32.233867" lon="115.80121">
<ele>-26.5</ele>
<time>2026-09-04T07:58:41.063+08:00</time>
<extensions>
<gpxtpx:TrackPointExtension>
<gpxtpx:speed>1.33</gpxtpx:speed>
</gpxtpx:TrackPointExtension>
<opentracks:accuracy_horizontal>3.087</opentracks:accuracy_horizontal></extensions>
</trkpt>
<trkpt lat="-32.233853" lon="115.801091">
<ele>-27.5</ele>
<time>2026-09-04T07:58:51.068+08:00</time>
<extensions>
<gpxtpx:TrackPointExtension>
<gpxtpx:speed>1.23</gpxtpx:speed>
</gpxtpx:TrackPointExtension>
<opentracks:accuracy_horizontal>3.388</opentracks:accuracy_horizontal></extensions>
</trkpt>
<trkpt lat="-32.233869" lon="115.80099">
<ele>-28.3</ele>
<time>2026-09-04T07:59:01.08+08:00</time>
<extensions>
<gpxtpx:TrackPointExtension>
<gpxtpx:speed>1.11</gpxtpx:speed>
</gpxtpx:TrackPointExtension>
<opentracks:accuracy_horizontal>3.854</opentracks:accuracy_horizontal></extensions>
</trkpt>
<trkpt lat="-32.233886" lon="115.800882">
<ele>-28.2</ele>
<time>2026-09-04T07:59:09.073+08:00</time>
<extensions>
<gpxtpx:TrackPointExtension>
<gpxtpx:speed>1.19</gpxtpx:speed>
</gpxtpx:TrackPointExtension>
<opentracks:accuracy_horizontal>3.628</opentracks:accuracy_horizontal></extensions>
</trkpt>
<trkpt lat="-32.233896" lon="115.800779">
<ele>-27.4</ele>
<time>2026-09-04T07:59:19.083+08:00</time>
<extensions>
<gpxtpx:TrackPointExtension>
<gpxtpx:speed>0.95</gpxtpx:speed>
</gpxtpx:TrackPointExtension>
<opentracks:accuracy_horizontal>3.542</opentracks:accuracy_horizontal></extensions>
</trkpt>
<trkpt lat="-32.233886" lon="115.800664">
<ele>-26.8</ele>
<time>2026-09-04T07:59:27.071+08:00</time>
<extensions>
<gpxtpx:TrackPointExtension>
<gpxtpx:speed>1.28</gpxtpx:speed>
</gpxtpx:TrackPointExtension>
<opentracks:accuracy_horizontal>3.807</opentracks:accuracy_horizontal></extensions>
</trkpt>
<trkpt lat="-32.233901" lon="115.800571">
<ele>-26.4</ele>
<time>2026-09-04T07:59:37.068+08:00</time>
<extensions>
<gpxtpx:TrackPointExtension>
<gpxtpx:speed>1.01</gpxtpx:speed>
</gpxtpx:TrackPointExtension>
<opentracks:accuracy_horizontal>3.472</opentracks:accuracy_horizontal></extensions>
</trkpt>
<trkpt lat="-32.2339" lon="115.80046">
<ele>-26.7</ele>
<time>2026-09-04T07:59:44.06+08:00</time>
<extensions>
<gpxtpx:TrackPointExtension>
<gpxtpx:speed>1.23</gpxtpx:speed>
</gpxtpx:TrackPointExtension>
<opentracks:accuracy_horizontal>3.23</opentracks:accuracy_horizontal></extensions>
</trkpt>
<trkpt lat="-32.233876" lon="115.800357">
<ele>-26.6</ele>
<time>2026-09-04T07:59:52.065+08:00</time>
<extensions>
<gpxtpx:TrackPointExtension>
<gpxtpx:speed>1.21</gpxtpx:speed>
</gpxtpx:TrackPointExtension>
<opentracks:accuracy_horizontal>3.229</opentracks:accuracy_horizontal></extensions>
</trkpt>
<trkpt lat="-32.233856" lon="115.80025">
<ele>-26.8</ele>
<time>2026-09-04T08:00:02.065+08:00</time>
<extensions>
<gpxtpx:TrackPointExtension>
<gpxtpx:speed>1.35</gpxtpx:speed>
</gpxtpx:TrackPointExtension>
<opentracks:accuracy_horizontal>3.358</opentracks:accuracy_horizontal></extensions>
</trkpt>
<trkpt lat="-32.233826" lon="115.800145">
<ele>-26.4</ele>
<time>2026-09-04T08:00:09.072+08:00</time>
<extensions>
<gpxtpx:TrackPointExtension>
<gpxtpx:speed>1.4</gpxtpx:speed>
</gpxtpx:TrackPointExtension>
<opentracks:accuracy_horizontal>2.977</opentracks:accuracy_horizontal></extensions>
</trkpt>
<trkpt lat="-32.233792" lon="115.800046">
<ele>-26.8</ele>
<time>2026-09-04T08:00:17.072+08:00</time>
<extensions>
<gpxtpx:TrackPointExtension>
<gpxtpx:speed>1.32</gpxtpx:speed>
</gpxtpx:TrackPointExtension>
<opentracks:accuracy_horizontal>2.995</opentracks:accuracy_horizontal></extensions>
</trkpt>
<trkpt lat="-32.233763" lon="115.799962">
<ele>-26.4</ele>
<time>2026-09-04T08:00:27.078+08:00</time>
<extensions>
<gpxtpx:TrackPointExtension>
<gpxtpx:speed>0.97</gpxtpx:speed>
</gpxtpx:TrackPointExtension>
<opentracks:accuracy_horizontal>3.06</opentracks:accuracy_horizontal></extensions>
</trkpt>
<trkpt lat="-32.233725" lon="115.799863">
<ele>-26.8</ele>
<time>2026-09-04T08:00:34.067+08:00</time>
<extensions>
<gpxtpx:TrackPointExtension>
<gpxtpx:speed>1.23</gpxtpx:speed>
</gpxtpx:TrackPointExtension>
<opentracks:accuracy_horizontal>2.981</opentracks:accuracy_horizontal></extensions>
</trkpt>
<trkpt lat="-32.233691" lon="115.799757">
<ele>-26.9</ele>
<time>2026-09-04T08:00:41.08+08:00</time>
<extensions>
<gpxtpx:TrackPointExtension>
<gpxtpx:speed>1.36</gpxtpx:speed>
</gpxtpx:TrackPointExtension>
<opentracks:accuracy_horizontal>2.923</opentracks:accuracy_horizontal></extensions>
</trkpt>
<trkpt lat="-32.233652" lon="115.799651">
<ele>-26.8</ele>
<time>2026-09-04T08:00:49.059+08:00</time>
<extensions>
<gpxtpx:TrackPointExtension>
<gpxtpx:speed>1.34</gpxtpx:speed>
</gpxtpx:TrackPointExtension>
<opentracks:accuracy_horizontal>3.04</opentracks:accuracy_horizontal></extensions>
</trkpt>
<trkpt lat="-32.233633" lon="115.799548">
<ele>-24.3</ele>
<time>2026-09-04T08:00:59.065+08:00</time>
<extensions>
<gpxtpx:TrackPointExtension>
<gpxtpx:speed>0.9</gpxtpx:speed>
</gpxtpx:TrackPointExtension>
<opentracks:accuracy_horizontal>2.265</opentracks:accuracy_horizontal></extensions>
</trkpt>
<trkpt lat="-32.233678" lon="115.799442">
<ele>-26</ele>
<time>2026-09-04T08:01:36.065+08:00</time>
<extensions>
<gpxtpx:TrackPointExtension>
<gpxtpx:speed>1.31</gpxtpx:speed>
</gpxtpx:TrackPointExtension>
<opentracks:accuracy_horizontal>4.034</opentracks:accuracy_horizontal></extensions>
</trkpt>
<trkpt lat="-32.233687" lon="115.799332">
<ele>-26.5</ele>
<time>2026-09-04T08:01:44.08+08:00</time>
<extensions>
<gpxtpx:TrackPointExtension>
<gpxtpx:speed>1.3</gpxtpx:speed>
</gpxtpx:TrackPointExtension>
<opentracks:accuracy_horizontal>3.763</opentracks:accuracy_horizontal></extensions>
</trkpt>
<trkpt lat="-32.233765" lon="115.799271">
<ele>-26.9</ele>
<time>2026-09-04T08:01:53.068+08:00</time>
<extensions>
<gpxtpx:TrackPointExtension>
<gpxtpx:speed>1.19</gpxtpx:speed>
</gpxtpx:TrackPointExtension>
<opentracks:accuracy_horizontal>4.168</opentracks:accuracy_horizontal></extensions>
</trkpt>
<trkpt lat="-32.233859" lon="115.799228">
<ele>-26.7</ele>
<time>2026-09-04T08:02:00.055+08:00</time>
<extensions>
<gpxtpx:TrackPointExtension>
<gpxtpx:speed>1.34</gpxtpx:speed>
</gpxtpx:TrackPointExtension>
<opentracks:accuracy_horizontal>4.152</opentracks:accuracy_horizontal></extensions>
</trkpt>
<trkpt lat="-32.233944" lon="115.799185">
<ele>-26.4</ele>
<time>2026-09-04T08:02:07.07+08:00</time>
<extensions>
<gpxtpx:TrackPointExtension>
<gpxtpx:speed>1.37</gpxtpx:speed>
</gpxtpx:TrackPointExtension>
<opentracks:accuracy_horizontal>3.712</opentracks:accuracy_horizontal></extensions>
</trkpt>
<trkpt lat="-32.234028" lon="115.799146">
<ele>-26.6</ele>
<time>2026-09-04T08:02:15.072+08:00</time>
<extensions>
<gpxtpx:TrackPointExtension>
<gpxtpx:speed>1.29</gpxtpx:speed>
</gpxtpx:TrackPointExtension>
<opentracks:accuracy_horizontal>3.37</opentracks:accuracy_horizontal></extensions>
</trkpt>
<trkpt lat="-32.234115" lon="115.799095">
<ele>-26.7</ele>
<time>2026-09-04T08:02:24.081+08:00</time>
<extensions>
<gpxtpx:TrackPointExtension>
<gpxtpx:speed>1.22</gpxtpx:speed>
</gpxtpx:TrackPointExtension>
<opentracks:accuracy_horizontal>3.626</opentracks:accuracy_horizontal></extensions>
</trkpt>
<trkpt lat="-32.234204" lon="115.799049">
<ele>-26.7</ele>
<time>2026-09-04T08:02:32.078+08:00</time>
<extensions>
<gpxtpx:TrackPointExtension>
<gpxtpx:speed>1.24</gpxtpx:speed>
</gpxtpx:TrackPointExtension>
<opentracks:accuracy_horizontal>3.533</opentracks:accuracy_horizontal></extensions>
</trkpt>
<trkpt lat="-32.234222" lon="115.799034">
<ele>-27.1</ele>
<time>2026-09-04T08:02:42.066+08:00</time>
<extensions>
<gpxtpx:TrackPointExtension>
<gpxtpx:speed>0.03</gpxtpx:speed>
</gpxtpx:TrackPointExtension>
<opentracks:accuracy_horizontal>2.672</opentracks:accuracy_horizontal></extensions>
</trkpt>
<trkpt lat="-32.23421" lon="115.798926">
<ele>-25.9</ele>
<time>2026-09-04T08:03:22.087+08:00</time>
<extensions>
<gpxtpx:TrackPointExtension>
<gpxtpx:speed>1.24</gpxtpx:speed>
</gpxtpx:TrackPointExtension>
<opentracks:accuracy_horizontal>2.699</opentracks:accuracy_horizontal></extensions>
</trkpt>
<trkpt lat="-32.23418" lon="115.798816">
<ele>-26.2</ele>
<time>2026-09-04T08:03:29.072+08:00</time>
<extensions>
<gpxtpx:TrackPointExtension>
<gpxtpx:speed>1.46</gpxtpx:speed>
</gpxtpx:TrackPointExtension>
<opentracks:accuracy_horizontal>2.845</opentracks:accuracy_horizontal></extensions>
</trkpt>
<trkpt lat="-32.234226" lon="115.798756">
<ele>-25.6</ele>
<time>2026-09-04T08:03:39.078+08:00</time>
<extensions>
<gpxtpx:TrackPointExtension>
<gpxtpx:speed>1.07</gpxtpx:speed>
</gpxtpx:TrackPointExtension>
<opentracks:accuracy_horizontal>3.263</opentracks:accuracy_horizontal></extensions>
</trkpt>
<trkpt lat="-32.234314" lon="115.798718">
<ele>-25.8</ele>
<time>2026-09-04T08:03:53.074+08:00</time>
<extensions>
<gpxtpx:TrackPointExtension>
<gpxtpx:speed>1.05</gpxtpx:speed>
</gpxtpx:TrackPointExtension>
<opentracks:accuracy_horizontal>3.694</opentracks:accuracy_horizontal></extensions>
</trkpt>
<trkpt lat="-32.234402" lon="115.798677">
<ele>-26.4</ele>
<time>2026-09-04T08:04:01.069+08:00</time>
<extensions>
<gpxtpx:TrackPointExtension>
<gpxtpx:speed>1.18</gpxtpx:speed>
</gpxtpx:TrackPointExtension>
<opentracks:accuracy_horizontal>4.395</opentracks:accuracy_horizontal></extensions>
</trkpt>
<trkpt lat="-32.234481" lon="115.798622">
<ele>-26.7</ele>
<time>2026-09-04T08:04:08.065+08:00</time>
<extensions>
<gpxtpx:TrackPointExtension>
<gpxtpx:speed>1.28</gpxtpx:speed>
</gpxtpx:TrackPointExtension>
<opentracks:accuracy_horizontal>4.054</opentracks:accuracy_horizontal></extensions>
</trkpt>
<trkpt lat="-32.234568" lon="115.798589">
<ele>-27.1</ele>
<time>2026-09-04T08:04:17.067+08:00</time>
<extensions>
<gpxtpx:TrackPointExtension>
<gpxtpx:speed>1.16</gpxtpx:speed>
</gpxtpx:TrackPointExtension>
<opentracks:accuracy_horizontal>4.279</opentracks:accuracy_horizontal></extensions>
</trkpt>
<trkpt lat="-32.234641" lon="115.798559">
<ele>-27.6</ele>
<time>2026-09-04T08:04:27.06+08:00</time>
<extensions>
<gpxtpx:TrackPointExtension>
<gpxtpx:speed>0.98</gpxtpx:speed>
</gpxtpx:TrackPointExtension>
<opentracks:accuracy_horizontal>5.053</opentracks:accuracy_horizontal></extensions>
</trkpt>
<trkpt lat="-32.234725" lon="115.798515">
<ele>-28.2</ele>
<time>2026-09-04T08:04:35.066+08:00</time>
<extensions>
<gpxtpx:TrackPointExtension>
<gpxtpx:speed>1.11</gpxtpx:speed>
</gpxtpx:TrackPointExtension>
<opentracks:accuracy_horizontal>5.45</opentracks:accuracy_horizontal></extensions>
</trkpt>
<trkpt lat="-32.234806" lon="115.79848">
<ele>-28.5</ele>
<time>2026-09-04T08:04:45.063+08:00</time>
<extensions>
<gpxtpx:TrackPointExtension>
<gpxtpx:speed>0.99</gpxtpx:speed>
</gpxtpx:TrackPointExtension>
<opentracks:accuracy_horizontal>5.648</opentracks:accuracy_horizontal></extensions>
</trkpt>
<trkpt lat="-32.234888" lon="115.79842">
<ele>-27.8</ele>
<time>2026-09-04T08:04:55.06+08:00</time>
<extensions>
<gpxtpx:TrackPointExtension>
<gpxtpx:speed>1.04</gpxtpx:speed>
</gpxtpx:TrackPointExtension>
<opentracks:accuracy_horizontal>6.568</opentracks:accuracy_horizontal></extensions>
</trkpt>
<trkpt lat="-32.234935" lon="115.798341">
<ele>-28.4</ele>
<time>2026-09-04T08:05:05.064+08:00</time>
<extensions>
<gpxtpx:TrackPointExtension>
<gpxtpx:speed>1.01</gpxtpx:speed>
</gpxtpx:TrackPointExtension>
<opentracks:accuracy_horizontal>5.366</opentracks:accuracy_horizontal></extensions>
</trkpt>
<trkpt lat="-32.234968" lon="115.798233">
<ele>-27.4</ele>
<time>2026-09-04T08:05:12.072+08:00</time>
<extensions>
<gpxtpx:TrackPointExtension>
<gpxtpx:speed>1.2</gpxtpx:speed>
</gpxtpx:TrackPointExtension>
<opentracks:accuracy_horizontal>4.306</opentracks:accuracy_horizontal></extensions>
</trkpt>
<trkpt lat="-32.235017" lon="115.798158">
<ele>-27.4</ele>
<time>2026-09-04T08:05:22.067+08:00</time>
<extensions>
<gpxtpx:TrackPointExtension>
<gpxtpx:speed>0.26</gpxtpx:speed>
</gpxtpx:TrackPointExtension>
<opentracks:accuracy_horizontal>3.475</opentracks:accuracy_horizontal></extensions>
</trkpt>
<trkpt lat="-32.235047" lon="115.798053">
<ele>-27</ele>
<time>2026-09-04T08:05:43.081+08:00</time>
<extensions>
<gpxtpx:TrackPointExtension>
<gpxtpx:speed>1.06</gpxtpx:speed>
</gpxtpx:TrackPointExtension>
<opentracks:accuracy_horizontal>4.171</opentracks:accuracy_horizontal></extensions>
</trkpt>
<trkpt lat="-32.235065" lon="115.797944">
<ele>-26.7</ele>
<time>2026-09-04T08:05:51.074+08:00</time>
<extensions>
<gpxtpx:TrackPointExtension>
<gpxtpx:speed>1.2</gpxtpx:speed>
</gpxtpx:TrackPointExtension>
<opentracks:accuracy_horizontal>3.964</opentracks:accuracy_horizontal></extensions>
</trkpt>
<trkpt lat="-32.23509" lon="115.79783">
<ele>-25.8</ele>
<time>2026-09-04T08:06:00.069+08:00</time>
<extensions>
<gpxtpx:TrackPointExtension>
<gpxtpx:speed>1.17</gpxtpx:speed>
</gpxtpx:TrackPointExtension>
<opentracks:accuracy_horizontal>3.633</opentracks:accuracy_horizontal></extensions>
</trkpt>
<trkpt lat="-32.235094" lon="115.797727">
<ele>-25.5</ele>
<time>2026-09-04T08:06:10.068+08:00</time>
<extensions>
<gpxtpx:TrackPointExtension>
<gpxtpx:speed>1.05</gpxtpx:speed>
</gpxtpx:TrackPointExtension>
<opentracks:accuracy_horizontal>3.875</opentracks:accuracy_horizontal></extensions>
</trkpt>
<trkpt lat="-32.235156" lon="115.797643">
<ele>-26.4</ele>
<time>2026-09-04T08:06:20.072+08:00</time>
<extensions>
<gpxtpx:TrackPointExtension>
<gpxtpx:speed>1.03</gpxtpx:speed>
</gpxtpx:TrackPointExtension>
<opentracks:accuracy_horizontal>3.903</opentracks:accuracy_horizontal></extensions>
</trkpt>
<trkpt lat="-32.235214" lon="115.797552">
<ele>-25.1</ele>
<time>2026-09-04T08:06:29.072+08:00</time>
<extensions>
<gpxtpx:TrackPointExtension>
<gpxtpx:speed>1.09</gpxtpx:speed>
</gpxtpx:TrackPointExtension>
<opentracks:accuracy_horizontal>4.165</opentracks:accuracy_horizontal></extensions>
</trkpt>
<trkpt lat="-32.235275" lon="115.797482">
<ele>-25.7</ele>
<time>2026-09-04T08:06:39.088+08:00</time>
<extensions>
<gpxtpx:TrackPointExtension>
<gpxtpx:speed>0.99</gpxtpx:speed>
</gpxtpx:TrackPointExtension>
<opentracks:accuracy_horizontal>4.32</opentracks:accuracy_horizontal></extensions>
</trkpt>
<trkpt lat="-32.235362" lon="115.79744">
<ele>-24.3</ele>
<time>2026-09-04T08:06:53.066+08:00</time>
<extensions>
<gpxtpx:TrackPointExtension>
<gpxtpx:speed>0.85</gpxtpx:speed>
</gpxtpx:TrackPointExtension>
<opentracks:accuracy_horizontal>4.855</opentracks:accuracy_horizontal></extensions>
</trkpt>
<trkpt lat="-32.235391" lon="115.797433">
<ele>-25</ele>
<time>2026-09-04T08:07:03.07+08:00</time>
<extensions>
<gpxtpx:TrackPointExtension>
<gpxtpx:speed>0.38</gpxtpx:speed>
</gpxtpx:TrackPointExtension>
<opentracks:accuracy_horizontal>3.264</opentracks:accuracy_horizontal></extensions>
</trkpt>
<trkpt lat="-32.235429" lon="115.797326">
<ele>-25</ele>
<time>2026-09-04T08:07:35.067+08:00</time>
<extensions>
<gpxtpx:TrackPointExtension>
<gpxtpx:speed>1.26</gpxtpx:speed>
</gpxtpx:TrackPointExtension>
<opentracks:accuracy_horizontal>3.645</opentracks:accuracy_horizontal></extensions>
</trkpt>
<trkpt lat="-32.235465" lon="115.797225">
<ele>-24</ele>
<time>2026-09-04T08:07:44.083+08:00</time>
<extensions>
<gpxtpx:TrackPointExtension>
<gpxtpx:speed>1.14</gpxtpx:speed>
</gpxtpx:TrackPointExtension>
<opentracks:accuracy_horizontal>3.541</opentracks:accuracy_horizontal></extensions>
</trkpt>
<trkpt lat="-32.235534" lon="115.797222">
<ele>-23.5</ele>
<time>2026-09-04T08:07:54.073+08:00</time>
<extensions>
<gpxtpx:TrackPointExtension>
<gpxtpx:speed>0.97</gpxtpx:speed>
</gpxtpx:TrackPointExtension>
<opentracks:accuracy_horizontal>4.446</opentracks:accuracy_horizontal></extensions>
</trkpt>
<trkpt lat="-32.235622" lon="115.797182">
<ele>-24.2</ele>
<time>2026-09-04T08:08:04.068+08:00</time>
<extensions>
<gpxtpx:TrackPointExtension>
<gpxtpx:speed>0.92</gpxtpx:speed>
</gpxtpx:TrackPointExtension>
<opentracks:accuracy_horizontal>4.461</opentracks:accuracy_horizontal></extensions>
</trkpt>
<trkpt lat="-32.235672" lon="115.797149">
<ele>-24.6</ele>
<time>2026-09-04T08:08:14.038+08:00</time>
<extensions>
<gpxtpx:TrackPointExtension>
<gpxtpx:speed>0.17</gpxtpx:speed>
</gpxtpx:TrackPointExtension>
<opentracks:accuracy_horizontal>4.446</opentracks:accuracy_horizontal></extensions>
</trkpt>
<trkpt lat="-32.235766" lon="115.797124">
<ele>-28.6</ele>
<time>2026-09-04T08:08:34.077+08:00</time>
<extensions>
<gpxtpx:TrackPointExtension>
<gpxtpx:speed>0.78</gpxtpx:speed>
</gpxtpx:TrackPointExtension>
<opentracks:accuracy_horizontal>7.633</opentracks:accuracy_horizontal></extensions>
</trkpt>
<trkpt lat="-32.235858" lon="115.79717">
<ele>-30.5</ele>
<time>2026-09-04T08:08:36.065+08:00</time>
<extensions>
<gpxtpx:TrackPointExtension>
<gpxtpx:speed>1.15</gpxtpx:speed>
</gpxtpx:TrackPointExtension>
<opentracks:accuracy_horizontal>7.589</opentracks:accuracy_horizontal></extensions>
</trkpt>
<trkpt lat="-32.235858" lon="115.797191">
<ele>-26.1</ele>
<time>2026-09-04T08:08:46.073+08:00</time>
<extensions>
<gpxtpx:TrackPointExtension>
<gpxtpx:speed>0.8</gpxtpx:speed>
</gpxtpx:TrackPointExtension>
<opentracks:accuracy_horizontal>7.337</opentracks:accuracy_horizontal></extensions>
</trkpt>
<trkpt lat="-32.235848" lon="115.797075">
<ele>-25.2</ele>
<time>2026-09-04T08:09:08.064+08:00</time>
<extensions>
<gpxtpx:TrackPointExtension>
<gpxtpx:speed>1.01</gpxtpx:speed>
</gpxtpx:TrackPointExtension>
<opentracks:accuracy_horizontal>4.881</opentracks:accuracy_horizontal></extensions>
</trkpt>
<trkpt lat="-32.235913" lon="115.796998">
<ele>-24.9</ele>
<time>2026-09-04T08:09:18.074+08:00</time>
<extensions>
<gpxtpx:TrackPointExtension>
<gpxtpx:speed>1</gpxtpx:speed>
</gpxtpx:TrackPointExtension>
<opentracks:accuracy_horizontal>4.319</opentracks:accuracy_horizontal></extensions>
</trkpt>
<trkpt lat="-32.235952" lon="115.796896">
<ele>-24.8</ele>
<time>2026-09-04T08:09:27.085+08:00</time>
<extensions>
<gpxtpx:TrackPointExtension>
<gpxtpx:speed>1.09</gpxtpx:speed>
</gpxtpx:TrackPointExtension>
<opentracks:accuracy_horizontal>3.729</opentracks:accuracy_horizontal></extensions>
</trkpt>
<trkpt lat="-32.235982" lon="115.796823">
<ele>-24.7</ele>
<time>2026-09-04T08:09:37.07+08:00</time>
<extensions>
<gpxtpx:TrackPointExtension>
<gpxtpx:speed>0.9</gpxtpx:speed>
</gpxtpx:TrackPointExtension>
<opentracks:accuracy_horizontal>4.296</opentracks:accuracy_horizontal></extensions>
</trkpt>
<trkpt lat="-32.236035" lon="115.796736">
<ele>-23.5</ele>
<time>2026-09-04T08:10:00.073+08:00</time>
<extensions>
<gpxtpx:TrackPointExtension>
<gpxtpx:speed>0.42</gpxtpx:speed>
</gpxtpx:TrackPointExtension>
<opentracks:accuracy_horizontal>4.525</opentracks:accuracy_horizontal></extensions>
</trkpt>
<trkpt lat="-32.236056" lon="115.796726">
<ele>-22.6</ele>
<time>2026-09-04T08:10:10.075+08:00</time>
<extensions>
<gpxtpx:TrackPointExtension>
<gpxtpx:speed>0.04</gpxtpx:speed>
</gpxtpx:TrackPointExtension>
<opentracks:accuracy_horizontal>4.741</opentracks:accuracy_horizontal></extensions>
</trkpt>
<trkpt lat="-32.236154" lon="115.796702">
<ele>-22.9</ele>
<time>2026-09-04T08:10:21.067+08:00</time>
<extensions>
<gpxtpx:TrackPointExtension>
<gpxtpx:speed>1.28</gpxtpx:speed>
</gpxtpx:TrackPointExtension>
<opentracks:accuracy_horizontal>5.58</opentracks:accuracy_horizontal></extensions>
</trkpt>
<trkpt lat="-32.23623" lon="115.79666">
<ele>-23.5</ele>
<time>2026-09-04T08:10:31.067+08:00</time>
<extensions>
<gpxtpx:TrackPointExtension>
<gpxtpx:speed>0.97</gpxtpx:speed>
</gpxtpx:TrackPointExtension>
<opentracks:accuracy_horizontal>5.987</opentracks:accuracy_horizontal></extensions>
</trkpt>
<trkpt lat="-32.236327" lon="115.796652">
<ele>-20</ele>
<time>2026-09-04T08:10:53.052+08:00</time>
<extensions>
<gpxtpx:TrackPointExtension>
<gpxtpx:speed>0.71</gpxtpx:speed>
</gpxtpx:TrackPointExtension>
<opentracks:accuracy_horizontal>5</opentracks:accuracy_horizontal></extensions>
</trkpt>
<trkpt lat="-32.236377" lon="115.796593">
<ele>-20.3</ele>
<time>2026-09-04T08:11:02.074+08:00</time>
<extensions>
<gpxtpx:TrackPointExtension>
<gpxtpx:speed>0.87</gpxtpx:speed>
</gpxtpx:TrackPointExtension>
<opentracks:accuracy_horizontal>4.281</opentracks:accuracy_horizontal></extensions>
</trkpt>
<trkpt lat="-32.236359" lon="115.796482">
<ele>-19.4</ele>
<time>2026-09-04T08:11:15.07+08:00</time>
<extensions>
<gpxtpx:TrackPointExtension>
<gpxtpx:speed>0.81</gpxtpx:speed>
</gpxtpx:TrackPointExtension>
<opentracks:accuracy_horizontal>3.271</opentracks:accuracy_horizontal></extensions>
</trkpt>
<trkpt lat="-32.236329" lon="115.796382">
<ele>-18.8</ele>
<time>2026-09-04T08:11:25.076+08:00</time>
<extensions>
<gpxtpx:TrackPointExtension>
<gpxtpx:speed>0.92</gpxtpx:speed>
</gpxtpx:TrackPointExtension>
<opentracks:accuracy_horizontal>3.326</opentracks:accuracy_horizontal></extensions>
</trkpt>
<trkpt lat="-32.236317" lon="115.796303">
<ele>-17.9</ele>
<time>2026-09-04T08:11:35.074+08:00</time>
<extensions>
<gpxtpx:TrackPointExtension>
<gpxtpx:speed>0.92</gpxtpx:speed>
</gpxtpx:TrackPointExtension>
<opentracks:accuracy_horizontal>3.297</opentracks:accuracy_horizontal></extensions>
</trkpt>
<trkpt lat="-32.236316" lon="115.796189">
<ele>-16.5</ele>
<time>2026-09-04T08:11:46.069+08:00</time>
<extensions>
<gpxtpx:TrackPointExtension>
<gpxtpx:speed>0.96</gpxtpx:speed>
</gpxtpx:TrackPointExtension>
<opentracks:accuracy_horizontal>3.547</opentracks:accuracy_horizontal></extensions>
</trkpt>
<trkpt lat="-32.236319" lon="115.796075">
<ele>-16.6</ele>
<time>2026-09-04T08:11:56.074+08:00</time>
<extensions>
<gpxtpx:TrackPointExtension>
<gpxtpx:speed>1.03</gpxtpx:speed>
</gpxtpx:TrackPointExtension>
<opentracks:accuracy_horizontal>3.695</opentracks:accuracy_horizontal></extensions>
</trkpt>
<trkpt lat="-32.236328" lon="115.795971">
<ele>-17.4</ele>
<time>2026-09-04T08:12:06.079+08:00</time>
<extensions>
<gpxtpx:TrackPointExtension>
<gpxtpx:speed>1</gpxtpx:speed>
</gpxtpx:TrackPointExtension>
<opentracks:accuracy_horizontal>3.827</opentracks:accuracy_horizontal></extensions>
</trkpt>
<trkpt lat="-32.236297" lon="115.795864">
<ele>-16.1</ele>
<time>2026-09-04T08:12:16.087+08:00</time>
<extensions>
<gpxtpx:TrackPointExtension>
<gpxtpx:speed>1.03</gpxtpx:speed>
</gpxtpx:TrackPointExtension>
<opentracks:accuracy_horizontal>3.929</opentracks:accuracy_horizontal></extensions>
</trkpt>
<trkpt lat="-32.236262" lon="115.795777">
<ele>-14.3</ele>
<time>2026-09-04T08:12:26.079+08:00</time>
<extensions>
<gpxtpx:TrackPointExtension>
<gpxtpx:speed>1.05</gpxtpx:speed>
</gpxtpx:TrackPointExtension>
<opentracks:accuracy_horizontal>3.181</opentracks:accuracy_horizontal></extensions>
</trkpt>
<trkpt lat="-32.236224" lon="115.795679">
<ele>-13.1</ele>
<time>2026-09-04T08:12:42.074+08:00</time>
<extensions>
<gpxtpx:TrackPointExtension>
<gpxtpx:speed>0.58</gpxtpx:speed>
</gpxtpx:TrackPointExtension>
<opentracks:accuracy_horizontal>3.467</opentracks:accuracy_horizontal></extensions>
</trkpt>
<trkpt lat="-32.236224" lon="115.795681">
<ele>-12.2</ele>
<time>2026-09-04T08:12:52.087+08:00</time>
<extensions>
<gpxtpx:TrackPointExtension>
<gpxtpx:speed>0.03</gpxtpx:speed>
</gpxtpx:TrackPointExtension>
<opentracks:accuracy_horizontal>2.936</opentracks:accuracy_horizontal></extensions>
</trkpt>
<trkpt lat="-32.236313" lon="115.795649">
<ele>-11.9</ele>
<time>2026-09-04T08:13:27.097+08:00</time>
<extensions>
<gpxtpx:TrackPointExtension>
<gpxtpx:speed>0.87</gpxtpx:speed>
</gpxtpx:TrackPointExtension>
<opentracks:accuracy_horizontal>4.445</opentracks:accuracy_horizontal></extensions>
</trkpt>
<trkpt lat="-32.236373" lon="115.795628">
<ele>-11.4</ele>
<time>2026-09-04T08:13:37.078+08:00</time>
<extensions>
<gpxtpx:TrackPointExtension>
<gpxtpx:speed>0.14</gpxtpx:speed>
</gpxtpx:TrackPointExtension>
<opentracks:accuracy_horizontal>4.21</opentracks:accuracy_horizontal></extensions>
</trkpt>
<trkpt lat="-32.236463" lon="115.79561">
<ele>-11.2</ele>
<time>2026-09-04T08:14:09.068+08:00</time>
<extensions>
<gpxtpx:TrackPointExtension>
<gpxtpx:speed>0.98</gpxtpx:speed>
</gpxtpx:TrackPointExtension>
<opentracks:accuracy_horizontal>4.468</opentracks:accuracy_horizontal></extensions>
</trkpt>
<trkpt lat="-32.236555" lon="115.795576">
<ele>-10.3</ele>
<time>2026-09-04T08:14:19.071+08:00</time>
<extensions>
<gpxtpx:TrackPointExtension>
<gpxtpx:speed>1.01</gpxtpx:speed>
</gpxtpx:TrackPointExtension>
<opentracks:accuracy_horizontal>3.986</opentracks:accuracy_horizontal></extensions>
</trkpt>
<trkpt lat="-32.236641" lon="115.795529">
<ele>-10.2</ele>
<time>2026-09-04T08:14:28.053+08:00</time>
<extensions>
<gpxtpx:TrackPointExtension>
<gpxtpx:speed>1.08</gpxtpx:speed>
</gpxtpx:TrackPointExtension>
<opentracks:accuracy_horizontal>3.717</opentracks:accuracy_horizontal></extensions>
</trkpt>
<trkpt lat="-32.236716" lon="115.795473">
<ele>-8.4</ele>
<time>2026-09-04T08:14:37.076+08:00</time>
<extensions>
<gpxtpx:TrackPointExtension>
<gpxtpx:speed>1.06</gpxtpx:speed>
</gpxtpx:TrackPointExtension>
<opentracks:accuracy_horizontal>3.757</opentracks:accuracy_horizontal></extensions>
</trkpt>
<trkpt lat="-32.236807" lon="115.79546">
<ele>2.2</ele>
<time>2026-09-04T08:15:26.07+08:00</time>
<extensions>
<gpxtpx:TrackPointExtension>
<gpxtpx:speed>0.3</gpxtpx:speed>
</gpxtpx:TrackPointExtension>
<opentracks:accuracy_horizontal>2.309</opentracks:accuracy_horizontal></extensions>
</trkpt>
<trkpt lat="-32.236883" lon="115.795452">
<ele>3.2</ele>
<time>2026-09-04T08:15:36.075+08:00</time>
<extensions>
<gpxtpx:TrackPointExtension>
<gpxtpx:speed>0.5</gpxtpx:speed>
</gpxtpx:TrackPointExtension>
<opentracks:accuracy_horizontal>2.179</opentracks:accuracy_horizontal></extensions>
</trkpt>
<trkpt lat="-32.236976" lon="115.795418">
<ele>6.8</ele>
<time>2026-09-04T08:15:51.061+08:00</time>
<extensions>
<gpxtpx:TrackPointExtension>
<gpxtpx:speed>0.49</gpxtpx:speed>
</gpxtpx:TrackPointExtension>
<opentracks:accuracy_horizontal>2.185</opentracks:accuracy_horizontal></extensions>
</trkpt>
<trkpt lat="-32.23705" lon="115.795406">
<ele>8.8</ele>
<time>2026-09-04T08:16:01.042+08:00</time>
<extensions>
<gpxtpx:TrackPointExtension>
<gpxtpx:speed>0.85</gpxtpx:speed>
</gpxtpx:TrackPointExtension>
<opentracks:accuracy_horizontal>2.114</opentracks:accuracy_horizontal></extensions>
</trkpt>
<trkpt lat="-32.237108" lon="115.795322">
<ele>10.7</ele>
<time>2026-09-04T08:16:15.087+08:00</time>
<extensions>
<gpxtpx:TrackPointExtension>
<gpxtpx:speed>0.8</gpxtpx:speed>
</gpxtpx:TrackPointExtension>
<opentracks:accuracy_horizontal>2.285</opentracks:accuracy_horizontal></extensions>
</trkpt>
<trkpt lat="-32.23716" lon="115.795227">
<ele>12.5</ele>
<time>2026-09-04T08:16:25.08+08:00</time>
<extensions>
<gpxtpx:TrackPointExtension>
<gpxtpx:speed>0.97</gpxtpx:speed>
</gpxtpx:TrackPointExtension>
<opentracks:accuracy_horizontal>2.185</opentracks:accuracy_horizontal></extensions>
</trkpt>
<trkpt lat="-32.237154" lon="115.795131">
<ele>12.1</ele>
<time>2026-09-04T08:16:35.081+08:00</time>
<extensions>
<gpxtpx:TrackPointExtension>
<gpxtpx:speed>1.06</gpxtpx:speed>
</gpxtpx:TrackPointExtension>
<opentracks:accuracy_horizontal>2.16</opentracks:accuracy_horizontal></extensions>
</trkpt>
<trkpt lat="-32.237175" lon="115.795023">
<ele>12.3</ele>
<time>2026-09-04T08:18:18.078+08:00</time>
<extensions>
<gpxtpx:TrackPointExtension>
<gpxtpx:speed>1.37</gpxtpx:speed>
</gpxtpx:TrackPointExtension>
<opentracks:accuracy_horizontal>2.122</opentracks:accuracy_horizontal></extensions>
</trkpt>
<trkpt lat="-32.237199" lon="115.794918">
<ele>12.3</ele>
<time>2026-09-04T08:18:26.078+08:00</time>
<extensions>
<gpxtpx:TrackPointExtension>
<gpxtpx:speed>1.33</gpxtpx:speed>
</gpxtpx:TrackPointExtension>
<opentracks:accuracy_horizontal>2.239</opentracks:accuracy_horizontal></extensions>
</trkpt>
<trkpt lat="-32.237231" lon="115.794818">
<ele>12</ele>
<time>2026-09-04T08:18:34.073+08:00</time>
<extensions>
<gpxtpx:TrackPointExtension>
<gpxtpx:speed>1.3</gpxtpx:speed>
</gpxtpx:TrackPointExtension>
<opentracks:accuracy_horizontal>2.149</opentracks:accuracy_horizontal></extensions>
</trkpt>
<trkpt lat="-32.237271" lon="115.794733">
<ele>11.5</ele>
<time>2026-09-04T08:18:44.076+08:00</time>
<extensions>
<gpxtpx:TrackPointExtension>
<gpxtpx:speed>0.98</gpxtpx:speed>
</gpxtpx:TrackPointExtension>
<opentracks:accuracy_horizontal>2.138</opentracks:accuracy_horizontal></extensions>
</trkpt>
<trkpt lat="-32.237321" lon="115.794642">
<ele>11.1</ele>
<time>2026-09-04T08:18:55.092+08:00</time>
<extensions>
<gpxtpx:TrackPointExtension>
<gpxtpx:speed>0.95</gpxtpx:speed>
</gpxtpx:TrackPointExtension>
<opentracks:accuracy_horizontal>1.578</opentracks:accuracy_horizontal></extensions>
</trkpt>
<trkpt lat="-32.237342" lon="115.794592">
<ele>10.5</ele>
<time>2026-09-04T08:19:05.085+08:00</time>
<extensions>
<gpxtpx:TrackPointExtension>
<gpxtpx:speed>0.16</gpxtpx:speed>
</gpxtpx:TrackPointExtension>
<opentracks:accuracy_horizontal>1.509</opentracks:accuracy_horizontal></extensions>
</trkpt>
<trkpt lat="-32.237374" lon="115.79449">
<ele>7.4</ele>
<time>2026-09-04T08:19:46.084+08:00</time>
<extensions>
<gpxtpx:TrackPointExtension>
<gpxtpx:speed>0.91</gpxtpx:speed>
</gpxtpx:TrackPointExtension>
<opentracks:accuracy_horizontal>2.485</opentracks:accuracy_horizontal></extensions>
</trkpt>
<trkpt lat="-32.237395" lon="115.794392">
<ele>6.8</ele>
<time>2026-09-04T08:19:56.085+08:00</time>
<extensions>
<gpxtpx:TrackPointExtension>
<gpxtpx:speed>0.92</gpxtpx:speed>
</gpxtpx:TrackPointExtension>
<opentracks:accuracy_horizontal>2.713</opentracks:accuracy_horizontal></extensions>
</trkpt>
<trkpt lat="-32.237436" lon="115.794291">
<ele>5.6</ele>
<time>2026-09-04T08:20:05.094+08:00</time>
<extensions>
<gpxtpx:TrackPointExtension>
<gpxtpx:speed>1.04</gpxtpx:speed>
</gpxtpx:TrackPointExtension>
<opentracks:accuracy_horizontal>2.448</opentracks:accuracy_horizontal></extensions>
</trkpt>
<trkpt lat="-32.237473" lon="115.794193">
<ele>4.4</ele>
<time>2026-09-04T08:20:15.083+08:00</time>
<extensions>
<gpxtpx:TrackPointExtension>
<gpxtpx:speed>1</gpxtpx:speed>
</gpxtpx:TrackPointExtension>
<opentracks:accuracy_horizontal>2.537</opentracks:accuracy_horizontal></extensions>
</trkpt>
<trkpt lat="-32.237505" lon="115.794097">
<ele>4.1</ele>
<time>2026-09-04T08:20:25.071+08:00</time>
<extensions>
<gpxtpx:TrackPointExtension>
<gpxtpx:speed>0.88</gpxtpx:speed>
</gpxtpx:TrackPointExtension>
<opentracks:accuracy_horizontal>2.041</opentracks:accuracy_horizontal></extensions>
</trkpt>
<trkpt lat="-32.237599" lon="115.794087">
<ele>4.2</ele>
<time>2026-09-04T08:20:34.078+08:00</time>
<extensions>
<gpxtpx:TrackPointExtension>
<gpxtpx:speed>1.27</gpxtpx:speed>
</gpxtpx:TrackPointExtension>
<opentracks:accuracy_horizontal>2.564</opentracks:accuracy_horizontal></extensions>
</trkpt>
<trkpt lat="-32.237688" lon="115.794098">
<ele>4.3</ele>
<time>2026-09-04T08:20:43.082+08:00</time>
<extensions>
<gpxtpx:TrackPointExtension>
<gpxtpx:speed>1.15</gpxtpx:speed>
</gpxtpx:TrackPointExtension>
<opentracks:accuracy_horizontal>2.366</opentracks:accuracy_horizontal></extensions>
</trkpt>
<trkpt lat="-32.237779" lon="115.794109">
<ele>3.5</ele>
<time>2026-09-04T08:20:51.081+08:00</time>
<extensions>
<gpxtpx:TrackPointExtension>
<gpxtpx:speed>1.21</gpxtpx:speed>
</gpxtpx:TrackPointExtension>
<opentracks:accuracy_horizontal>2.32</opentracks:accuracy_horizontal></extensions>
</trkpt>
<trkpt lat="-32.237868" lon="115.794107">
<ele>4.2</ele>
<time>2026-09-04T08:21:01.072+08:00</time>
<extensions>
<gpxtpx:TrackPointExtension>
<gpxtpx:speed>1.11</gpxtpx:speed>
</gpxtpx:TrackPointExtension>
<opentracks:accuracy_horizontal>2.463</opentracks:accuracy_horizontal></extensions>
</trkpt>
<trkpt lat="-32.23796" lon="115.794083">
<ele>3.9</ele>
<time>2026-09-04T08:21:09.086+08:00</time>
<extensions>
<gpxtpx:TrackPointExtension>
<gpxtpx:speed>1.19</gpxtpx:speed>
</gpxtpx:TrackPointExtension>
<opentracks:accuracy_horizontal>2.417</opentracks:accuracy_horizontal></extensions>
</trkpt>
<trkpt lat="-32.238026" lon="115.794045">
<ele>3.9</ele>
<time>2026-09-04T08:21:19.082+08:00</time>
<extensions>
<gpxtpx:TrackPointExtension>
<gpxtpx:speed>0.91</gpxtpx:speed>
</gpxtpx:TrackPointExtension>
<opentracks:accuracy_horizontal>2.182</opentracks:accuracy_horizontal></extensions>
</trkpt>
<trkpt lat="-32.238113" lon="115.794013">
<ele>5.2</ele>
<time>2026-09-04T08:21:48.092+08:00</time>
<extensions>
<gpxtpx:TrackPointExtension>
<gpxtpx:speed>0.08</gpxtpx:speed>
</gpxtpx:TrackPointExtension>
<opentracks:accuracy_horizontal>2.385</opentracks:accuracy_horizontal></extensions>
</trkpt>
<trkpt lat="-32.238196" lon="115.793954">
<ele>5.2</ele>
<time>2026-09-04T08:21:56.094+08:00</time>
<extensions>
<gpxtpx:TrackPointExtension>
<gpxtpx:speed>1.33</gpxtpx:speed>
</gpxtpx:TrackPointExtension>
<opentracks:accuracy_horizontal>2.47</opentracks:accuracy_horizontal></extensions>
</trkpt>
<trkpt lat="-32.238204" lon="115.793906">
<ele>6</ele>
<time>2026-09-04T08:22:06.069+08:00</time>
<extensions>
<gpxtpx:TrackPointExtension>
<gpxtpx:speed>0.88</gpxtpx:speed>
</gpxtpx:TrackPointExtension>
<opentracks:accuracy_horizontal>2.094</opentracks:accuracy_horizontal></extensions>
</trkpt>
<trkpt lat="-32.238297" lon="115.79388">
<ele>6.2</ele>
<time>2026-09-04T08:22:19.088+08:00</time>
<extensions>
<gpxtpx:TrackPointExtension>
<gpxtpx:speed>1.3</gpxtpx:speed>
</gpxtpx:TrackPointExtension>
<opentracks:accuracy_horizontal>2.361</opentracks:accuracy_horizontal></extensions>
</trkpt>
<trkpt lat="-32.238373" lon="115.793817">
<ele>6.4</ele>
<time>2026-09-04T08:22:29.082+08:00</time>
<extensions>
<gpxtpx:TrackPointExtension>
<gpxtpx:speed>1.09</gpxtpx:speed>
</gpxtpx:TrackPointExtension>
<opentracks:accuracy_horizontal>2.407</opentracks:accuracy_horizontal></extensions>
</trkpt>
<trkpt lat="-32.238452" lon="115.793766">
<ele>6.4</ele>
<time>2026-09-04T08:22:37.093+08:00</time>
<extensions>
<gpxtpx:TrackPointExtension>
<gpxtpx:speed>1.14</gpxtpx:speed>
</gpxtpx:TrackPointExtension>
<opentracks:accuracy_horizontal>2.451</opentracks:accuracy_horizontal></extensions>
</trkpt>
<trkpt lat="-32.238551" lon="115.79375">
<ele>5.8</ele>
<time>2026-09-04T08:22:46.085+08:00</time>
<extensions>
<gpxtpx:TrackPointExtension>
<gpxtpx:speed>1.18</gpxtpx:speed>
</gpxtpx:TrackPointExtension>
<opentracks:accuracy_horizontal>2.328</opentracks:accuracy_horizontal></extensions>
</trkpt>
<trkpt lat="-32.238638" lon="115.793717">
<ele>6.5</ele>
<time>2026-09-04T08:22:54.095+08:00</time>
<extensions>
<gpxtpx:TrackPointExtension>
<gpxtpx:speed>1.2</gpxtpx:speed>
</gpxtpx:TrackPointExtension>
<opentracks:accuracy_horizontal>2.384</opentracks:accuracy_horizontal></extensions>
</trkpt>
<trkpt lat="-32.238675" lon="115.793622">
<ele>6.6</ele>
<time>2026-09-04T08:23:04.082+08:00</time>
<extensions>
<gpxtpx:TrackPointExtension>
<gpxtpx:speed>1.12</gpxtpx:speed>
</gpxtpx:TrackPointExtension>
<opentracks:accuracy_horizontal>2.237</opentracks:accuracy_horizontal></extensions>
</trkpt>
<trkpt lat="-32.238675" lon="115.793513">
<ele>6.1</ele>
<time>2026-09-04T08:23:13.078+08:00</time>
<extensions>
<gpxtpx:TrackPointExtension>
<gpxtpx:speed>1.1</gpxtpx:speed>
</gpxtpx:TrackPointExtension>
<opentracks:accuracy_horizontal>2.249</opentracks:accuracy_horizontal></extensions>
</trkpt>
<trkpt lat="-32.238733" lon="115.793432">
<ele>4.3</ele>
<time>2026-09-04T08:23:23.077+08:00</time>
<extensions>
<gpxtpx:TrackPointExtension>
<gpxtpx:speed>1.07</gpxtpx:speed>
</gpxtpx:TrackPointExtension>
<opentracks:accuracy_horizontal>2.242</opentracks:accuracy_horizontal></extensions>
</trkpt>
<trkpt lat="-32.238788" lon="115.793352">
<ele>3.7</ele>
<time>2026-09-04T08:23:33.082+08:00</time>
<extensions>
<gpxtpx:TrackPointExtension>
<gpxtpx:speed>0.91</gpxtpx:speed>
</gpxtpx:TrackPointExtension>
<opentracks:accuracy_horizontal>2.438</opentracks:accuracy_horizontal></extensions>
</trkpt>
<trkpt lat="-32.238871" lon="115.793304">
<ele>4.2</ele>
<time>2026-09-04T08:23:42.087+08:00</time>
<extensions>
<gpxtpx:TrackPointExtension>
<gpxtpx:speed>0.99</gpxtpx:speed>
</gpxtpx:TrackPointExtension>
<opentracks:accuracy_horizontal>2.338</opentracks:accuracy_horizontal></extensions>
</trkpt>
<trkpt lat="-32.238946" lon="115.793235">
<ele>3.7</ele>
<time>2026-09-04T08:23:52.083+08:00</time>
<extensions>
<gpxtpx:TrackPointExtension>
<gpxtpx:speed>1.07</gpxtpx:speed>
</gpxtpx:TrackPointExtension>
<opentracks:accuracy_horizontal>2.511</opentracks:accuracy_horizontal></extensions>
</trkpt>
<trkpt lat="-32.239001" lon="115.793225">
<ele>3.1</ele>
<time>2026-09-04T08:24:02.079+08:00</time>
<extensions>
<gpxtpx:TrackPointExtension>
<gpxtpx:speed>0.82</gpxtpx:speed>
</gpxtpx:TrackPointExtension>
<opentracks:accuracy_horizontal>2.294</opentracks:accuracy_horizontal></extensions>
</trkpt>
<trkpt lat="-32.239093" lon="115.793208">
<ele>2.3</ele>
<time>2026-09-04T08:24:10.079+08:00</time>
<extensions>
<gpxtpx:TrackPointExtension>
<gpxtpx:speed>1.18</gpxtpx:speed>
</gpxtpx:TrackPointExtension>
<opentracks:accuracy_horizontal>2.47</opentracks:accuracy_horizontal></extensions>
</trkpt>
<trkpt lat="-32.23918" lon="115.793148">
<ele>2.3</ele>
<time>2026-09-04T08:24:20.085+08:00</time>
<extensions>
<gpxtpx:TrackPointExtension>
<gpxtpx:speed>1.18</gpxtpx:speed>
</gpxtpx:TrackPointExtension>
<opentracks:accuracy_horizontal>2.368</opentracks:accuracy_horizontal></extensions>
</trkpt>
<trkpt lat="-32.239158" lon="115.793066">
<ele>2.2</ele>
<time>2026-09-04T08:24:30.063+08:00</time>
<extensions>
<gpxtpx:TrackPointExtension>
<gpxtpx:speed>1.16</gpxtpx:speed>
</gpxtpx:TrackPointExtension>
<opentracks:accuracy_horizontal>2.451</opentracks:accuracy_horizontal></extensions>
</trkpt>
<trkpt lat="-32.239149" lon="115.792956">
<ele>2.1</ele>
<time>2026-09-04T08:24:39.084+08:00</time>
<extensions>
<gpxtpx:TrackPointExtension>
<gpxtpx:speed>1.17</gpxtpx:speed>
</gpxtpx:TrackPointExtension>
<opentracks:accuracy_horizontal>2.351</opentracks:accuracy_horizontal></extensions>
</trkpt>
<trkpt lat="-32.239146" lon="115.792864">
<ele>2.2</ele>
<time>2026-09-04T08:24:49.094+08:00</time>
<extensions>
<gpxtpx:TrackPointExtension>
<gpxtpx:speed>0.51</gpxtpx:speed>
</gpxtpx:TrackPointExtension>
<opentracks:accuracy_horizontal>2.443</opentracks:accuracy_horizontal></extensions>
</trkpt>
<trkpt lat="-32.239134" lon="115.792751">
<ele>2.1</ele>
<time>2026-09-04T08:24:57.087+08:00</time>
<extensions>
<gpxtpx:TrackPointExtension>
<gpxtpx:speed>1.2</gpxtpx:speed>
</gpxtpx:TrackPointExtension>
<opentracks:accuracy_horizontal>2.477</opentracks:accuracy_horizontal></extensions>
</trkpt>
<trkpt lat="-32.239129" lon="115.792712">
<ele>1.4</ele>
<time>2026-09-04T08:25:07.095+08:00</time>
<extensions>
<gpxtpx:TrackPointExtension>
<gpxtpx:speed>0.07</gpxtpx:speed>
</gpxtpx:TrackPointExtension>
<opentracks:accuracy_horizontal>1.767</opentracks:accuracy_horizontal></extensions>
</trkpt>
<trkpt lat="-32.239122" lon="115.792599">
<ele>-1.9</ele>
<time>2026-09-04T08:25:54.087+08:00</time>
<extensions>
<gpxtpx:TrackPointExtension>
<gpxtpx:speed>1.03</gpxtpx:speed>
</gpxtpx:TrackPointExtension>
<opentracks:accuracy_horizontal>2.688</opentracks:accuracy_horizontal></extensions>
</trkpt>
<trkpt lat="-32.239143" lon="115.792502">
<ele>-1.5</ele>
<time>2026-09-04T08:26:04.092+08:00</time>
<extensions>
<gpxtpx:TrackPointExtension>
<gpxtpx:speed>0.99</gpxtpx:speed>
</gpxtpx:TrackPointExtension>
<opentracks:accuracy_horizontal>2.544</opentracks:accuracy_horizontal></extensions>
</trkpt>
<trkpt lat="-32.239124" lon="115.792397">
<ele>-2.3</ele>
<time>2026-09-04T08:26:14.09+08:00</time>
<extensions>
<gpxtpx:TrackPointExtension>
<gpxtpx:speed>0.99</gpxtpx:speed>
</gpxtpx:TrackPointExtension>
<opentracks:accuracy_horizontal>2.637</opentracks:accuracy_horizontal></extensions>
</trkpt>
<trkpt lat="-32.239127" lon="115.792331">
<ele>-2.6</ele>
<time>2026-09-04T08:26:24.096+08:00</time>
<extensions>
<gpxtpx:TrackPointExtension>
<gpxtpx:speed>0.93</gpxtpx:speed>
</gpxtpx:TrackPointExtension>
<opentracks:accuracy_horizontal>2.342</opentracks:accuracy_horizontal></extensions>
</trkpt>
<trkpt lat="-32.239136" lon="115.792224">
<ele>-4.6</ele>
<time>2026-09-04T08:26:34.088+08:00</time>
<extensions>
<gpxtpx:TrackPointExtension>
<gpxtpx:speed>1</gpxtpx:speed>
</gpxtpx:TrackPointExtension>
<opentracks:accuracy_horizontal>2.41</opentracks:accuracy_horizontal></extensions>
</trkpt>
<trkpt lat="-32.23914" lon="115.792134">
<ele>-6.7</ele>
<time>2026-09-04T08:26:44.102+08:00</time>
<extensions>
<gpxtpx:TrackPointExtension>
<gpxtpx:speed>0.9</gpxtpx:speed>
</gpxtpx:TrackPointExtension>
<opentracks:accuracy_horizontal>2.681</opentracks:accuracy_horizontal></extensions>
</trkpt>
<trkpt lat="-32.239165" lon="115.79203">
<ele>-5.9</ele>
<time>2026-09-04T08:26:56.078+08:00</time>
<extensions>
<gpxtpx:TrackPointExtension>
<gpxtpx:speed>0.85</gpxtpx:speed>
</gpxtpx:TrackPointExtension>
<opentracks:accuracy_horizontal>2.258</opentracks:accuracy_horizontal></extensions>
</trkpt>
<trkpt lat="-32.239148" lon="115.791921">
<ele>-7</ele>
<time>2026-09-04T08:27:05.073+08:00</time>
<extensions>
<gpxtpx:TrackPointExtension>
<gpxtpx:speed>1.14</gpxtpx:speed>
</gpxtpx:TrackPointExtension>
<opentracks:accuracy_horizontal>2.348</opentracks:accuracy_horizontal></extensions>
</trkpt>
<trkpt lat="-32.239132" lon="115.791812">
<ele>-8.7</ele>
<time>2026-09-04T08:27:14.089+08:00</time>
<extensions>
<gpxtpx:TrackPointExtension>
<gpxtpx:speed>1.13</gpxtpx:speed>
</gpxtpx:TrackPointExtension>
<opentracks:accuracy_horizontal>2.565</opentracks:accuracy_horizontal></extensions>
</trkpt>
<trkpt lat="-32.239098" lon="115.791708">
<ele>-10.6</ele>
<time>2026-09-04T08:27:23.079+08:00</time>
<extensions>
<gpxtpx:TrackPointExtension>
<gpxtpx:speed>1.14</gpxtpx:speed>
</gpxtpx:TrackPointExtension>
<opentracks:accuracy_horizontal>2.423</opentracks:accuracy_horizontal></extensions>
</trkpt>
<trkpt lat="-32.23907" lon="115.791619">
<ele>-12.2</ele>
<time>2026-09-04T08:27:32.086+08:00</time>
<extensions>
<gpxtpx:TrackPointExtension>
<gpxtpx:speed>1.05</gpxtpx:speed>
</gpxtpx:TrackPointExtension>
<opentracks:accuracy_horizontal>2.582</opentracks:accuracy_horizontal></extensions>
</trkpt>
<trkpt lat="-32.239078" lon="115.791504">
<ele>-12.3</ele>
<time>2026-09-04T08:27:51.09+08:00</time>
<extensions>
<gpxtpx:TrackPointExtension>
<gpxtpx:speed>0.56</gpxtpx:speed>
</gpxtpx:TrackPointExtension>
<opentracks:accuracy_horizontal>2.425</opentracks:accuracy_horizontal></extensions>
</trkpt>
<trkpt lat="-32.239105" lon="115.791419">
<ele>-13.6</ele>
<time>2026-09-04T08:28:01.089+08:00</time>
<extensions>
<gpxtpx:TrackPointExtension>
<gpxtpx:speed>0.86</gpxtpx:speed>
</gpxtpx:TrackPointExtension>
<opentracks:accuracy_horizontal>2.596</opentracks:accuracy_horizontal></extensions>
</trkpt>
<trkpt lat="-32.239085" lon="115.791312">
<ele>-14.9</ele>
<time>2026-09-04T08:28:26.091+08:00</time>
<extensions>
<gpxtpx:TrackPointExtension>
<gpxtpx:speed>1.15</gpxtpx:speed>
</gpxtpx:TrackPointExtension>
<opentracks:accuracy_horizontal>3.078</opentracks:accuracy_horizontal></extensions>
</trkpt>
<trkpt lat="-32.23912" lon="115.791207">
<ele>-15.9</ele>
<time>2026-09-04T08:28:36.092+08:00</time>
<extensions>
<gpxtpx:TrackPointExtension>
<gpxtpx:speed>1.05</gpxtpx:speed>
</gpxtpx:TrackPointExtension>
<opentracks:accuracy_horizontal>2.578</opentracks:accuracy_horizontal></extensions>
</trkpt>
<trkpt lat="-32.239147" lon="115.79113">
<ele>-17</ele>
<time>2026-09-04T08:28:46.089+08:00</time>
<extensions>
<gpxtpx:TrackPointExtension>
<gpxtpx:speed>0.83</gpxtpx:speed>
</gpxtpx:TrackPointExtension>
<opentracks:accuracy_horizontal>2.511</opentracks:accuracy_horizontal></extensions>
</trkpt>
<trkpt lat="-32.239145" lon="115.79102">
<ele>-17.1</ele>
<time>2026-09-04T08:28:57.093+08:00</time>
<extensions>
<gpxtpx:TrackPointExtension>
<gpxtpx:speed>0.95</gpxtpx:speed>
</gpxtpx:TrackPointExtension>
<opentracks:accuracy_horizontal>2.588</opentracks:accuracy_horizontal></extensions>
</trkpt>
<trkpt lat="-32.239153" lon="115.790948">
<ele>-18.8</ele>
<time>2026-09-04T08:29:07.088+08:00</time>
<extensions>
<gpxtpx:TrackPointExtension>
<gpxtpx:speed>0.79</gpxtpx:speed>
</gpxtpx:TrackPointExtension>
<opentracks:accuracy_horizontal>2.724</opentracks:accuracy_horizontal></extensions>
</trkpt>
<trkpt lat="-32.239239" lon="115.790889">
<ele>-18.7</ele>
<time>2026-09-04T08:29:17.097+08:00</time>
<extensions>
<gpxtpx:TrackPointExtension>
<gpxtpx:speed>0.99</gpxtpx:speed>
</gpxtpx:TrackPointExtension>
<opentracks:accuracy_horizontal>2.297</opentracks:accuracy_horizontal></extensions>
</trkpt>
<trkpt lat="-32.239249" lon="115.790822">
<ele>-19.5</ele>
<time>2026-09-04T08:29:27.091+08:00</time>
<extensions>
<gpxtpx:TrackPointExtension>
<gpxtpx:speed>0.3</gpxtpx:speed>
</gpxtpx:TrackPointExtension>
<opentracks:accuracy_horizontal>1.65</opentracks:accuracy_horizontal></extensions>
</trkpt>
<trkpt lat="-32.239258" lon="115.790707">
<ele>-20.4</ele>
<time>2026-09-04T08:29:39.089+08:00</time>
<extensions>
<gpxtpx:TrackPointExtension>
<gpxtpx:speed>0.93</gpxtpx:speed>
</gpxtpx:TrackPointExtension>
<opentracks:accuracy_horizontal>2.707</opentracks:accuracy_horizontal></extensions>
</trkpt>
<trkpt lat="-32.239305" lon="115.790615">
<ele>-20</ele>
<time>2026-09-04T08:29:49.093+08:00</time>
<extensions>
<gpxtpx:TrackPointExtension>
<gpxtpx:speed>0.96</gpxtpx:speed>
</gpxtpx:TrackPointExtension>
<opentracks:accuracy_horizontal>2.381</opentracks:accuracy_horizontal></extensions>
</trkpt>
<trkpt lat="-32.239374" lon="115.790577">
<ele>-20.3</ele>
<time>2026-09-04T08:29:59.092+08:00</time>
<extensions>
<gpxtpx:TrackPointExtension>
<gpxtpx:speed>0.99</gpxtpx:speed>
</gpxtpx:TrackPointExtension>
<opentracks:accuracy_horizontal>2.906</opentracks:accuracy_horizontal></extensions>
</trkpt>
<trkpt lat="-32.239442" lon="115.790508">
<ele>-21</ele>
<time>2026-09-04T08:30:12.076+08:00</time>
<extensions>
<gpxtpx:TrackPointExtension>
<gpxtpx:speed>0.86</gpxtpx:speed>
</gpxtpx:TrackPointExtension>
<opentracks:accuracy_horizontal>2.556</opentracks:accuracy_horizontal></extensions>
</trkpt>
<trkpt lat="-32.239516" lon="115.790448">
<ele>-20.6</ele>
<time>2026-09-04T08:30:22.091+08:00</time>
<extensions>
<gpxtpx:TrackPointExtension>
<gpxtpx:speed>0.91</gpxtpx:speed>
</gpxtpx:TrackPointExtension>
<opentracks:accuracy_horizontal>3.16</opentracks:accuracy_horizontal></extensions>
</trkpt>
<trkpt lat="-32.239608" lon="115.790432">
<ele>-21.9</ele>
<time>2026-09-04T08:30:46.087+08:00</time>
<extensions>
<gpxtpx:TrackPointExtension>
<gpxtpx:speed>0.3</gpxtpx:speed>
</gpxtpx:TrackPointExtension>
<opentracks:accuracy_horizontal>3.295</opentracks:accuracy_horizontal></extensions>
</trkpt>
<trkpt lat="-32.239709" lon="115.790445">
<ele>-22.2</ele>
<time>2026-09-04T08:30:56.087+08:00</time>
<extensions>
<gpxtpx:TrackPointExtension>
<gpxtpx:speed>1.06</gpxtpx:speed>
</gpxtpx:TrackPointExtension>
<opentracks:accuracy_horizontal>3.126</opentracks:accuracy_horizontal></extensions>
</trkpt>
<trkpt lat="-32.239789" lon="115.790444">
<ele>-23.5</ele>
<time>2026-09-04T08:31:06.101+08:00</time>
<extensions>
<gpxtpx:TrackPointExtension>
<gpxtpx:speed>0.93</gpxtpx:speed>
</gpxtpx:TrackPointExtension>
<opentracks:accuracy_horizontal>3.18</opentracks:accuracy_horizontal></extensions>
</trkpt>
<trkpt lat="-32.239889" lon="115.790468">
<ele>-22.7</ele>
<time>2026-09-04T08:31:17.101+08:00</time>
<extensions>
<gpxtpx:TrackPointExtension>
<gpxtpx:speed>0.51</gpxtpx:speed>
</gpxtpx:TrackPointExtension>
<opentracks:accuracy_horizontal>3.099</opentracks:accuracy_horizontal></extensions>
</trkpt>
<trkpt lat="-32.239983" lon="115.790466">
<ele>-22.4</ele>
<time>2026-09-04T08:31:26.093+08:00</time>
<extensions>
<gpxtpx:TrackPointExtension>
<gpxtpx:speed>0.5</gpxtpx:speed>
</gpxtpx:TrackPointExtension>
<opentracks:accuracy_horizontal>2.941</opentracks:accuracy_horizontal></extensions>
</trkpt>
<trkpt lat="-32.240063" lon="115.79046">
<ele>-20.4</ele>
<time>2026-09-04T08:31:36.089+08:00</time>
<extensions>
<gpxtpx:TrackPointExtension>
<gpxtpx:speed>0.72</gpxtpx:speed>
</gpxtpx:TrackPointExtension>
<opentracks:accuracy_horizontal>2.542</opentracks:accuracy_horizontal></extensions>
</trkpt>
<trkpt lat="-32.240099" lon="115.790353">
<ele>-22.2</ele>
<time>2026-09-04T08:31:52.092+08:00</time>
<extensions>
<gpxtpx:TrackPointExtension>
<gpxtpx:speed>0.95</gpxtpx:speed>
</gpxtpx:TrackPointExtension>
<opentracks:accuracy_horizontal>3.528</opentracks:accuracy_horizontal></extensions>
</trkpt>
<trkpt lat="-32.240088" lon="115.790262">
<ele>-22.6</ele>
<time>2026-09-04T08:32:02.082+08:00</time>
<extensions>
<gpxtpx:TrackPointExtension>
<gpxtpx:speed>0.9</gpxtpx:speed>
</gpxtpx:TrackPointExtension>
<opentracks:accuracy_horizontal>3.403</opentracks:accuracy_horizontal></extensions>
</trkpt>
<trkpt lat="-32.240067" lon="115.790148">
<ele>-23.9</ele>
<time>2026-09-04T08:32:14.105+08:00</time>
<extensions>
<gpxtpx:TrackPointExtension>
<gpxtpx:speed>0.92</gpxtpx:speed>
</gpxtpx:TrackPointExtension>
<opentracks:accuracy_horizontal>3.936</opentracks:accuracy_horizontal></extensions>
</trkpt>
<trkpt lat="-32.240069" lon="115.790059">
<ele>-23.7</ele>
<time>2026-09-04T08:32:24.097+08:00</time>
<extensions>
<gpxtpx:TrackPointExtension>
<gpxtpx:speed>0.83</gpxtpx:speed>
</gpxtpx:TrackPointExtension>
<opentracks:accuracy_horizontal>3.738</opentracks:accuracy_horizontal></extensions>
</trkpt>
<trkpt lat="-32.240071" lon="115.78995">
<ele>-24.1</ele>
<time>2026-09-04T08:32:33.109+08:00</time>
<extensions>
<gpxtpx:TrackPointExtension>
<gpxtpx:speed>1.03</gpxtpx:speed>
</gpxtpx:TrackPointExtension>
<opentracks:accuracy_horizontal>3.633</opentracks:accuracy_horizontal></extensions>
</trkpt>
<trkpt lat="-32.240035" lon="115.789844">
<ele>-23.5</ele>
<time>2026-09-04T08:32:43.094+08:00</time>
<extensions>
<gpxtpx:TrackPointExtension>
<gpxtpx:speed>1.04</gpxtpx:speed>
</gpxtpx:TrackPointExtension>
<opentracks:accuracy_horizontal>3.658</opentracks:accuracy_horizontal></extensions>
</trkpt>
<trkpt lat="-32.240102" lon="115.789772">
<ele>-24.1</ele>
<time>2026-09-04T08:32:52.099+08:00</time>
<extensions>
<gpxtpx:TrackPointExtension>
<gpxtpx:speed>1.13</gpxtpx:speed>
</gpxtpx:TrackPointExtension>
<opentracks:accuracy_horizontal>3.958</opentracks:accuracy_horizontal></extensions>
</trkpt>
<trkpt lat="-32.240195" lon="115.78976">
<ele>-24.5</ele>
<time>2026-09-04T08:33:02.096+08:00</time>
<extensions>
<gpxtpx:TrackPointExtension>
<gpxtpx:speed>1.02</gpxtpx:speed>
</gpxtpx:TrackPointExtension>
<opentracks:accuracy_horizontal>3.811</opentracks:accuracy_horizontal></extensions>
</trkpt>
<trkpt lat="-32.240285" lon="115.789749">
<ele>-24.8</ele>
<time>2026-09-04T08:33:11.093+08:00</time>
<extensions>
<gpxtpx:TrackPointExtension>
<gpxtpx:speed>1.03</gpxtpx:speed>
</gpxtpx:TrackPointExtension>
<opentracks:accuracy_horizontal>4.324</opentracks:accuracy_horizontal></extensions>
</trkpt>
<trkpt lat="-32.240378" lon="115.789735">
<ele>-24.4</ele>
<time>2026-09-04T08:33:21.097+08:00</time>
<extensions>
<gpxtpx:TrackPointExtension>
<gpxtpx:speed>0.99</gpxtpx:speed>
</gpxtpx:TrackPointExtension>
<opentracks:accuracy_horizontal>4.015</opentracks:accuracy_horizontal></extensions>
</trkpt>
<trkpt lat="-32.240456" lon="115.789694">
<ele>-25.5</ele>
<time>2026-09-04T08:33:31.091+08:00</time>
<extensions>
<gpxtpx:TrackPointExtension>
<gpxtpx:speed>0.92</gpxtpx:speed>
</gpxtpx:TrackPointExtension>
<opentracks:accuracy_horizontal>3.298</opentracks:accuracy_horizontal></extensions>
</trkpt>
<trkpt lat="-32.240512" lon="115.789609">
<ele>-26.1</ele>
<time>2026-09-04T08:33:40.103+08:00</time>
<extensions>
<gpxtpx:TrackPointExtension>
<gpxtpx:speed>1.02</gpxtpx:speed>
</gpxtpx:TrackPointExtension>
<opentracks:accuracy_horizontal>3.745</opentracks:accuracy_horizontal></extensions>
</trkpt>
<trkpt lat="-32.240549" lon="115.789503">
<ele>-26.3</ele>
<time>2026-09-04T08:33:50.092+08:00</time>
<extensions>
<gpxtpx:TrackPointExtension>
<gpxtpx:speed>1.04</gpxtpx:speed>
</gpxtpx:TrackPointExtension>
<opentracks:accuracy_horizontal>3.736</opentracks:accuracy_horizontal></extensions>
</trkpt>
<trkpt lat="-32.240592" lon="115.789401">
<ele>-27</ele>
<time>2026-09-04T08:34:00.087+08:00</time>
<extensions>
<gpxtpx:TrackPointExtension>
<gpxtpx:speed>1.02</gpxtpx:speed>
</gpxtpx:TrackPointExtension>
<opentracks:accuracy_horizontal>4.238</opentracks:accuracy_horizontal></extensions>
</trkpt>
<trkpt lat="-32.240607" lon="115.78931">
<ele>-27.1</ele>
<time>2026-09-04T08:34:10.093+08:00</time>
<extensions>
<gpxtpx:TrackPointExtension>
<gpxtpx:speed>0.87</gpxtpx:speed>
</gpxtpx:TrackPointExtension>
<opentracks:accuracy_horizontal>4.178</opentracks:accuracy_horizontal></extensions>
</trkpt>
<trkpt lat="-32.240662" lon="115.789217">
<ele>-27.6</ele>
<time>2026-09-04T08:34:21.094+08:00</time>
<extensions>
<gpxtpx:TrackPointExtension>
<gpxtpx:speed>0.98</gpxtpx:speed>
</gpxtpx:TrackPointExtension>
<opentracks:accuracy_horizontal>3.998</opentracks:accuracy_horizontal></extensions>
</trkpt>
<trkpt lat="-32.240755" lon="115.789179">
<ele>-28.1</ele>
<time>2026-09-04T08:34:29.104+08:00</time>
<extensions>
<gpxtpx:TrackPointExtension>
<gpxtpx:speed>1.12</gpxtpx:speed>
</gpxtpx:TrackPointExtension>
<opentracks:accuracy_horizontal>3.615</opentracks:accuracy_horizontal></extensions>
</trkpt>
<trkpt lat="-32.240844" lon="115.789145">
<ele>-28.1</ele>
<time>2026-09-04T08:34:39.095+08:00</time>
<extensions>
<gpxtpx:TrackPointExtension>
<gpxtpx:speed>1.08</gpxtpx:speed>
</gpxtpx:TrackPointExtension>
<opentracks:accuracy_horizontal>3.546</opentracks:accuracy_horizontal></extensions>
</trkpt>
<trkpt lat="-32.24094" lon="115.789169">
<ele>-27.9</ele>
<time>2026-09-04T08:34:49.089+08:00</time>
<extensions>
<gpxtpx:TrackPointExtension>
<gpxtpx:speed>1.06</gpxtpx:speed>
</gpxtpx:TrackPointExtension>
<opentracks:accuracy_horizontal>3.667</opentracks:accuracy_horizontal></extensions>
</trkpt>
<trkpt lat="-32.241034" lon="115.789157">
<ele>-28</ele>
<time>2026-09-04T08:34:59.096+08:00</time>
<extensions>
<gpxtpx:TrackPointExtension>
<gpxtpx:speed>1.04</gpxtpx:speed>
</gpxtpx:TrackPointExtension>
<opentracks:accuracy_horizontal>3.637</opentracks:accuracy_horizontal></extensions>
</trkpt>
<trkpt lat="-32.241116" lon="115.789103">
<ele>-28.7</ele>
<time>2026-09-04T08:35:09.101+08:00</time>
<extensions>
<gpxtpx:TrackPointExtension>
<gpxtpx:speed>1.03</gpxtpx:speed>
</gpxtpx:TrackPointExtension>
<opentracks:accuracy_horizontal>3.637</opentracks:accuracy_horizontal></extensions>
</trkpt>
<trkpt lat="-32.241123" lon="115.788981">
<ele>-28.4</ele>
<time>2026-09-04T08:35:19.107+08:00</time>
<extensions>
<gpxtpx:TrackPointExtension>
<gpxtpx:speed>1.12</gpxtpx:speed>
</gpxtpx:TrackPointExtension>
<opentracks:accuracy_horizontal>3.639</opentracks:accuracy_horizontal></extensions>
</trkpt>
<trkpt lat="-32.241105" lon="115.788871">
<ele>-28.2</ele>
<time>2026-09-04T08:35:28.093+08:00</time>
<extensions>
<gpxtpx:TrackPointExtension>
<gpxtpx:speed>1.11</gpxtpx:speed>
</gpxtpx:TrackPointExtension>
<opentracks:accuracy_horizontal>4.252</opentracks:accuracy_horizontal></extensions>
</trkpt>
<trkpt lat="-32.2411" lon="115.788749">
<ele>-29.2</ele>
<time>2026-09-04T08:35:37.104+08:00</time>
<extensions>
<gpxtpx:TrackPointExtension>
<gpxtpx:speed>1.17</gpxtpx:speed>
</gpxtpx:TrackPointExtension>
<opentracks:accuracy_horizontal>3.732</opentracks:accuracy_horizontal></extensions>
</trkpt>
<trkpt lat="-32.241083" lon="115.788642">
<ele>-30.2</ele>
<time>2026-09-04T08:35:46.099+08:00</time>
<extensions>
<gpxtpx:TrackPointExtension>
<gpxtpx:speed>1.12</gpxtpx:speed>
</gpxtpx:TrackPointExtension>
<opentracks:accuracy_horizontal>3.823</opentracks:accuracy_horizontal></extensions>
</trkpt>
<trkpt lat="-32.24109" lon="115.788535">
<ele>-32.1</ele>
<time>2026-09-04T08:35:56.097+08:00</time>
<extensions>
<gpxtpx:TrackPointExtension>
<gpxtpx:speed>1.04</gpxtpx:speed>
</gpxtpx:TrackPointExtension>
<opentracks:accuracy_horizontal>3.48</opentracks:accuracy_horizontal></extensions>
</trkpt>
<trkpt lat="-32.241097" lon="115.788611">
<ele>-30.1</ele>
<time>2026-09-04T08:36:06.072+08:00</time>
<extensions>
<gpxtpx:TrackPointExtension>
<gpxtpx:speed>0.89</gpxtpx:speed>
</gpxtpx:TrackPointExtension>
<opentracks:accuracy_horizontal>3.158</opentracks:accuracy_horizontal></extensions>
</trkpt>
<trkpt lat="-32.241087" lon="115.788501">
<ele>-31.5</ele>
<time>2026-09-04T08:36:34.065+08:00</time>
<extensions>
<gpxtpx:TrackPointExtension>
<gpxtpx:speed>1.23</gpxtpx:speed>
</gpxtpx:TrackPointExtension>
<opentracks:accuracy_horizontal>2.624</opentracks:accuracy_horizontal></extensions>
</trkpt>
<trkpt lat="-32.241079" lon="115.788392">
<ele>-30.8</ele>
<time>2026-09-04T08:36:42.085+08:00</time>
<extensions>
<gpxtpx:TrackPointExtension>
<gpxtpx:speed>1.27</gpxtpx:speed>
</gpxtpx:TrackPointExtension>
<opentracks:accuracy_horizontal>2.341</opentracks:accuracy_horizontal></extensions>
</trkpt>
<trkpt lat="-32.241091" lon="115.78829">
<ele>-31.3</ele>
<time>2026-09-04T08:36:52.1+08:00</time>
<extensions>
<gpxtpx:TrackPointExtension>
<gpxtpx:speed>1.04</gpxtpx:speed>
</gpxtpx:TrackPointExtension>
<opentracks:accuracy_horizontal>4.137</opentracks:accuracy_horizontal></extensions>
</trkpt>
<trkpt lat="-32.241083" lon="115.788175">
<ele>-30.9</ele>
<time>2026-09-04T08:37:38.09+08:00</time>
<extensions>
<gpxtpx:TrackPointExtension>
<gpxtpx:speed>1.01</gpxtpx:speed>
</gpxtpx:TrackPointExtension>
<opentracks:accuracy_horizontal>1.418</opentracks:accuracy_horizontal></extensions>
</trkpt>
<trkpt lat="-32.241137" lon="115.78818">
<ele>-31.5</ele>
<time>2026-09-04T08:37:48.098+08:00</time>
<extensions>
<gpxtpx:TrackPointExtension>
<gpxtpx:speed>0.85</gpxtpx:speed>
</gpxtpx:TrackPointExtension>
<opentracks:accuracy_horizontal>5.488</opentracks:accuracy_horizontal></extensions>
</trkpt>
<trkpt lat="-32.241218" lon="115.788236">
<ele>-32</ele>
<time>2026-09-04T08:37:55.093+08:00</time>
<extensions>
<gpxtpx:TrackPointExtension>
<gpxtpx:speed>1.16</gpxtpx:speed>
</gpxtpx:TrackPointExtension>
<opentracks:accuracy_horizontal>6.366</opentracks:accuracy_horizontal></extensions>
</trkpt>
<trkpt lat="-32.241291" lon="115.788311">
<ele>-31.1</ele>
<time>2026-09-04T08:38:04.083+08:00</time>
<extensions>
<gpxtpx:TrackPointExtension>
<gpxtpx:speed>1.18</gpxtpx:speed>
</gpxtpx:TrackPointExtension>
<opentracks:accuracy_horizontal>4.611</opentracks:accuracy_horizontal></extensions>
</trkpt>
<trkpt lat="-32.241331" lon="115.78833">
<ele>-31</ele>
<time>2026-09-04T08:38:14.08+08:00</time>
<extensions>
<gpxtpx:TrackPointExtension>
<gpxtpx:speed>0.1</gpxtpx:speed>
</gpxtpx:TrackPointExtension>
<opentracks:accuracy_horizontal>3.519</opentracks:accuracy_horizontal></extensions>
</trkpt>
<trkpt lat="-32.241425" lon="115.788354">
<ele>-31.9</ele>
<time>2026-09-04T08:38:27.093+08:00</time>
<extensions>
<gpxtpx:TrackPointExtension>
<gpxtpx:speed>0.85</gpxtpx:speed>
</gpxtpx:TrackPointExtension>
<opentracks:accuracy_horizontal>4.647</opentracks:accuracy_horizontal></extensions>
</trkpt>
<trkpt lat="-32.241479" lon="115.788347">
<ele>-32.4</ele>
<time>2026-09-04T08:38:37.093+08:00</time>
<extensions>
<gpxtpx:TrackPointExtension>
<gpxtpx:speed>0.12</gpxtpx:speed>
</gpxtpx:TrackPointExtension>
<opentracks:accuracy_horizontal>4.249</opentracks:accuracy_horizontal></extensions>
</trkpt>
<trkpt lat="-32.241569" lon="115.788379">
<ele>-32.5</ele>
<time>2026-09-04T08:39:12.088+08:00</time>
<extensions>
<gpxtpx:TrackPointExtension>
<gpxtpx:speed>0.41</gpxtpx:speed>
</gpxtpx:TrackPointExtension>
<opentracks:accuracy_horizontal>4.061</opentracks:accuracy_horizontal></extensions>
</trkpt>
<trkpt lat="-32.241602" lon="115.78837">
<ele>-31.9</ele>
<time>2026-09-04T08:39:22.086+08:00</time>
<extensions>
<gpxtpx:TrackPointExtension>
<gpxtpx:speed>0.37</gpxtpx:speed>
</gpxtpx:TrackPointExtension>
<opentracks:accuracy_horizontal>3.832</opentracks:accuracy_horizontal></extensions>
</trkpt>
<trkpt lat="-32.241696" lon="115.788383">
<ele>-32.2</ele>
<time>2026-09-04T08:39:46.095+08:00</time>
<extensions>
<gpxtpx:TrackPointExtension>
<gpxtpx:speed>0.38</gpxtpx:speed>
</gpxtpx:TrackPointExtension>
<opentracks:accuracy_horizontal>3.986</opentracks:accuracy_horizontal></extensions>
</trkpt>
<trkpt lat="-32.241788" lon="115.788418">
<ele>-32</ele>
<time>2026-09-04T08:39:55.066+08:00</time>
<extensions>
<gpxtpx:TrackPointExtension>
<gpxtpx:speed>1.2</gpxtpx:speed>
</gpxtpx:TrackPointExtension>
<opentracks:accuracy_horizontal>3.184</opentracks:accuracy_horizontal></extensions>
</trkpt>
<trkpt lat="-32.241836" lon="115.788453">
<ele>-32.1</ele>
<time>2026-09-04T08:40:05.069+08:00</time>
<extensions>
<gpxtpx:TrackPointExtension>
<gpxtpx:speed>0.53</gpxtpx:speed>
</gpxtpx:TrackPointExtension>
<opentracks:accuracy_horizontal>2.562</opentracks:accuracy_horizontal></extensions>
</trkpt>
<trkpt lat="-32.24193" lon="115.788435">
<ele>-32.6</ele>
<time>2026-09-04T08:40:48.094+08:00</time>
<extensions>
<gpxtpx:TrackPointExtension>
<gpxtpx:speed>0.34</gpxtpx:speed>
</gpxtpx:TrackPointExtension>
<opentracks:accuracy_horizontal>5.656</opentracks:accuracy_horizontal></extensions>
</trkpt>
<trkpt lat="-32.241982" lon="115.788431">
<ele>-34.2</ele>
<time>2026-09-04T08:40:58.102+08:00</time>
<extensions>
<gpxtpx:TrackPointExtension>
<gpxtpx:speed>0.05</gpxtpx:speed>
</gpxtpx:TrackPointExtension>
<opentracks:accuracy_horizontal>4.922</opentracks:accuracy_horizontal></extensions>
</trkpt>
<trkpt lat="-32.242069" lon="115.788389">
<ele>-32.6</ele>
<time>2026-09-04T08:41:18.101+08:00</time>
<extensions>
<gpxtpx:TrackPointExtension>
<gpxtpx:speed>0.88</gpxtpx:speed>
</gpxtpx:TrackPointExtension>
<opentracks:accuracy_horizontal>4.834</opentracks:accuracy_horizontal></extensions>
</trkpt>
<trkpt lat="-32.242164" lon="115.788377">
<ele>-33.5</ele>
<time>2026-09-04T08:41:27.096+08:00</time>
<extensions>
<gpxtpx:TrackPointExtension>
<gpxtpx:speed>0.98</gpxtpx:speed>
</gpxtpx:TrackPointExtension>
<opentracks:accuracy_horizontal>5.542</opentracks:accuracy_horizontal></extensions>
</trkpt>
<trkpt lat="-32.242213" lon="115.78838">
<ele>-34.7</ele>
<time>2026-09-04T08:41:37.101+08:00</time>
<extensions>
<gpxtpx:TrackPointExtension>
<gpxtpx:speed>0.1</gpxtpx:speed>
</gpxtpx:TrackPointExtension>
<opentracks:accuracy_horizontal>3.442</opentracks:accuracy_horizontal></extensions>
</trkpt>
<trkpt lat="-32.242297" lon="115.788423">
<ele>-33.6</ele>
<time>2026-09-04T08:42:15.111+08:00</time>
<extensions>
<gpxtpx:TrackPointExtension>
<gpxtpx:speed>0.83</gpxtpx:speed>
</gpxtpx:TrackPointExtension>
<opentracks:accuracy_horizontal>4.862</opentracks:accuracy_horizontal></extensions>
</trkpt>
<trkpt lat="-32.242385" lon="115.788443">
<ele>-32.5</ele>
<time>2026-09-04T08:42:25.111+08:00</time>
<extensions>
<gpxtpx:TrackPointExtension>
<gpxtpx:speed>0.91</gpxtpx:speed>
</gpxtpx:TrackPointExtension>
<opentracks:accuracy_horizontal>4.164</opentracks:accuracy_horizontal></extensions>
</trkpt>
<trkpt lat="-32.242474" lon="115.788461">
<ele>-33.4</ele>
<time>2026-09-04T08:42:41.097+08:00</time>
<extensions>
<gpxtpx:TrackPointExtension>
<gpxtpx:speed>0.49</gpxtpx:speed>
</gpxtpx:TrackPointExtension>
<opentracks:accuracy_horizontal>4.271</opentracks:accuracy_horizontal></extensions>
</trkpt>
<trkpt lat="-32.242542" lon="115.788481">
<ele>-32.9</ele>
<time>2026-09-04T08:42:51.107+08:00</time>
<extensions>
<gpxtpx:TrackPointExtension>
<gpxtpx:speed>0.78</gpxtpx:speed>
</gpxtpx:TrackPointExtension>
<opentracks:accuracy_horizontal>4.472</opentracks:accuracy_horizontal></extensions>
</trkpt>
<trkpt lat="-32.242634" lon="115.788508">
<ele>-33.3</ele>
<time>2026-09-04T08:43:03.093+08:00</time>
<extensions>
<gpxtpx:TrackPointExtension>
<gpxtpx:speed>0.83</gpxtpx:speed>
</gpxtpx:TrackPointExtension>
<opentracks:accuracy_horizontal>4.414</opentracks:accuracy_horizontal></extensions>
</trkpt>
<trkpt lat="-32.242702" lon="115.78854">
<ele>-33.8</ele>
<time>2026-09-04T08:43:13.105+08:00</time>
<extensions>
<gpxtpx:TrackPointExtension>
<gpxtpx:speed>0.99</gpxtpx:speed>
</gpxtpx:TrackPointExtension>
<opentracks:accuracy_horizontal>4.433</opentracks:accuracy_horizontal></extensions>
</trkpt>
<trkpt lat="-32.242788" lon="115.788571">
<ele>-32.3</ele>
<time>2026-09-04T08:44:01.111+08:00</time>
<extensions>
<gpxtpx:TrackPointExtension>
<gpxtpx:speed>0.3</gpxtpx:speed>
</gpxtpx:TrackPointExtension>
<opentracks:accuracy_horizontal>3.911</opentracks:accuracy_horizontal></extensions>
</trkpt>
<trkpt lat="-32.242844" lon="115.788567">
<ele>-32.2</ele>
<time>2026-09-04T08:44:11.097+08:00</time>
<extensions>
<gpxtpx:TrackPointExtension>
<gpxtpx:speed>0.29</gpxtpx:speed>
</gpxtpx:TrackPointExtension>
<opentracks:accuracy_horizontal>4.825</opentracks:accuracy_horizontal></extensions>
</trkpt>
<trkpt lat="-32.242933" lon="115.788527">
<ele>-33.5</ele>
<time>2026-09-04T08:44:31.085+08:00</time>
<extensions>
<gpxtpx:TrackPointExtension>
<gpxtpx:speed>0.94</gpxtpx:speed>
</gpxtpx:TrackPointExtension>
<opentracks:accuracy_horizontal>5.818</opentracks:accuracy_horizontal></extensions>
</trkpt>
<trkpt lat="-32.242947" lon="115.788551">
<ele>-35.6</ele>
<time>2026-09-04T08:44:41.08+08:00</time>
<extensions>
<gpxtpx:TrackPointExtension>
<gpxtpx:speed>0.46</gpxtpx:speed>
</gpxtpx:TrackPointExtension>
<opentracks:accuracy_horizontal>8.35</opentracks:accuracy_horizontal></extensions>
</trkpt>
<trkpt lat="-32.24304" lon="115.788526">
<ele>-33.6</ele>
<time>2026-09-04T08:45:07.095+08:00</time>
<extensions>
<gpxtpx:TrackPointExtension>
<gpxtpx:speed>0.98</gpxtpx:speed>
</gpxtpx:TrackPointExtension>
<opentracks:accuracy_horizontal>3.359</opentracks:accuracy_horizontal></extensions>
</trkpt>
<trkpt lat="-32.243046" lon="115.788486">
<ele>-33.5</ele>
<time>2026-09-04T08:45:17.063+08:00</time>
<extensions>
<gpxtpx:TrackPointExtension>
<gpxtpx:speed>0.12</gpxtpx:speed>
</gpxtpx:TrackPointExtension>
<opentracks:accuracy_horizontal>2.602</opentracks:accuracy_horizontal></extensions>
</trkpt>
<trkpt lat="-32.243045" lon="115.78838">
<ele>-30.4</ele>
<time>2026-09-04T08:45:46.099+08:00</time>
<extensions>
<gpxtpx:TrackPointExtension>
<gpxtpx:speed>0.2</gpxtpx:speed>
</gpxtpx:TrackPointExtension>
<opentracks:accuracy_horizontal>3.52</opentracks:accuracy_horizontal></extensions>
</trkpt>
<trkpt lat="-32.243043" lon="115.788383">
<ele>-29.7</ele>
<time>2026-09-04T08:45:56.087+08:00</time>
<extensions>
<gpxtpx:TrackPointExtension>
<gpxtpx:speed>0.06</gpxtpx:speed>
</gpxtpx:TrackPointExtension>
<opentracks:accuracy_horizontal>3.052</opentracks:accuracy_horizontal></extensions>
</trkpt>
<trkpt lat="-32.243038" lon="115.788492">
<ele>-31.3</ele>
<time>2026-09-04T08:46:16.109+08:00</time>
<extensions>
<gpxtpx:TrackPointExtension>
<gpxtpx:speed>0.85</gpxtpx:speed>
</gpxtpx:TrackPointExtension>
<opentracks:accuracy_horizontal>4.15</opentracks:accuracy_horizontal></extensions>
</trkpt>
<trkpt lat="-32.243119" lon="115.788533">
<ele>-31.8</ele>
<time>2026-09-04T08:46:26.099+08:00</time>
<extensions>
<gpxtpx:TrackPointExtension>
<gpxtpx:speed>0.91</gpxtpx:speed>
</gpxtpx:TrackPointExtension>
<opentracks:accuracy_horizontal>5.01</opentracks:accuracy_horizontal></extensions>
</trkpt>
<trkpt lat="-32.243207" lon="115.788572">
<ele>-35.7</ele>
<time>2026-09-04T08:46:40.107+08:00</time>
<extensions>
<gpxtpx:TrackPointExtension>
<gpxtpx:speed>0.89</gpxtpx:speed>
</gpxtpx:TrackPointExtension>
<opentracks:accuracy_horizontal>6.238</opentracks:accuracy_horizontal></extensions>
</trkpt>
<trkpt lat="-32.243214" lon="115.788566">
<ele>-34.8</ele>
<time>2026-09-04T08:46:50.102+08:00</time>
<extensions>
<gpxtpx:TrackPointExtension>
<gpxtpx:speed>0.05</gpxtpx:speed>
</gpxtpx:TrackPointExtension>
<opentracks:accuracy_horizontal>3.774</opentracks:accuracy_horizontal></extensions>
</trkpt>
<trkpt lat="-32.243227" lon="115.788456">
<ele>-35.1</ele>
<time>2026-09-04T08:47:04.103+08:00</time>
<extensions>
<gpxtpx:TrackPointExtension>
<gpxtpx:speed>0.79</gpxtpx:speed>
</gpxtpx:TrackPointExtension>
<opentracks:accuracy_horizontal>4.173</opentracks:accuracy_horizontal></extensions>
</trkpt>
<trkpt lat="-32.243225" lon="115.788444">
<ele>-36.2</ele>
<time>2026-09-04T08:47:14.091+08:00</time>
<extensions>
<gpxtpx:TrackPointExtension>
<gpxtpx:speed>0.04</gpxtpx:speed>
</gpxtpx:TrackPointExtension>
<opentracks:accuracy_horizontal>3.34</opentracks:accuracy_horizontal></extensions>
</trkpt>
<trkpt lat="-32.243163" lon="115.788525">
<ele>-32.7</ele>
<time>2026-09-04T08:47:48.106+08:00</time>
<extensions>
<gpxtpx:TrackPointExtension>
<gpxtpx:speed>0.61</gpxtpx:speed>
</gpxtpx:TrackPointExtension>
<opentracks:accuracy_horizontal>4.005</opentracks:accuracy_horizontal></extensions>
</trkpt>
<trkpt lat="-32.243104" lon="115.788531">
<ele>-33.3</ele>
<time>2026-09-04T08:47:58.107+08:00</time>
<extensions>
<gpxtpx:TrackPointExtension>
<gpxtpx:speed>0.88</gpxtpx:speed>
</gpxtpx:TrackPointExtension>
<opentracks:accuracy_horizontal>4.45</opentracks:accuracy_horizontal></extensions>
</trkpt>
<trkpt lat="-32.243012" lon="115.788556">
<ele>-33.1</ele>
<time>2026-09-04T08:48:07.115+08:00</time>
<extensions>
<gpxtpx:TrackPointExtension>
<gpxtpx:speed>1.03</gpxtpx:speed>
</gpxtpx:TrackPointExtension>
<opentracks:accuracy_horizontal>4.224</opentracks:accuracy_horizontal></extensions>
</trkpt>
<trkpt lat="-32.242978" lon="115.78859">
<ele>-32.5</ele>
<time>2026-09-04T08:48:17.105+08:00</time>
<extensions>
<gpxtpx:TrackPointExtension>
<gpxtpx:speed>0.85</gpxtpx:speed>
</gpxtpx:TrackPointExtension>
<opentracks:accuracy_horizontal>4.494</opentracks:accuracy_horizontal></extensions>
</trkpt>
<trkpt lat="-32.242887" lon="115.788567">
<ele>-32.3</ele>
<time>2026-09-04T08:48:36.103+08:00</time>
<extensions>
<gpxtpx:TrackPointExtension>
<gpxtpx:speed>1.01</gpxtpx:speed>
</gpxtpx:TrackPointExtension>
<opentracks:accuracy_horizontal>3.568</opentracks:accuracy_horizontal></extensions>
</trkpt>
<trkpt lat="-32.242813" lon="115.788589">
<ele>-31.4</ele>
<time>2026-09-04T08:48:46.105+08:00</time>
<extensions>
<gpxtpx:TrackPointExtension>
<gpxtpx:speed>0.88</gpxtpx:speed>
</gpxtpx:TrackPointExtension>
<opentracks:accuracy_horizontal>3.415</opentracks:accuracy_horizontal></extensions>
</trkpt>
<trkpt lat="-32.242728" lon="115.788535">
<ele>-32.9</ele>
<time>2026-09-04T08:49:00.116+08:00</time>
<extensions>
<gpxtpx:TrackPointExtension>
<gpxtpx:speed>0.8</gpxtpx:speed>
</gpxtpx:TrackPointExtension>
<opentracks:accuracy_horizontal>3.69</opentracks:accuracy_horizontal></extensions>
</trkpt>
<trkpt lat="-32.24265" lon="115.78851">
<ele>-32.7</ele>
<time>2026-09-04T08:49:10.118+08:00</time>
<extensions>
<gpxtpx:TrackPointExtension>
<gpxtpx:speed>0.85</gpxtpx:speed>
</gpxtpx:TrackPointExtension>
<opentracks:accuracy_horizontal>3.439</opentracks:accuracy_horizontal></extensions>
</trkpt>
<trkpt lat="-32.242561" lon="115.788494">
<ele>-32.8</ele>
<time>2026-09-04T08:49:27.125+08:00</time>
<extensions>
<gpxtpx:TrackPointExtension>
<gpxtpx:speed>0.34</gpxtpx:speed>
</gpxtpx:TrackPointExtension>
<opentracks:accuracy_horizontal>3.599</opentracks:accuracy_horizontal></extensions>
</trkpt>
<trkpt lat="-32.242539" lon="115.788483">
<ele>-33.3</ele>
<time>2026-09-04T08:49:37.104+08:00</time>
<extensions>
<gpxtpx:TrackPointExtension>
<gpxtpx:speed>0.03</gpxtpx:speed>
</gpxtpx:TrackPointExtension>
<opentracks:accuracy_horizontal>3.32</opentracks:accuracy_horizontal></extensions>
</trkpt>
<trkpt lat="-32.242446" lon="115.788464">
<ele>-33.9</ele>
<time>2026-09-04T08:49:58.105+08:00</time>
<extensions>
<gpxtpx:TrackPointExtension>
<gpxtpx:speed>0.35</gpxtpx:speed>
</gpxtpx:TrackPointExtension>
<opentracks:accuracy_horizontal>3.987</opentracks:accuracy_horizontal></extensions>
</trkpt>
<trkpt lat="-32.242357" lon="115.788448">
<ele>-34.5</ele>
<time>2026-09-04T08:50:08.119+08:00</time>
<extensions>
<gpxtpx:TrackPointExtension>
<gpxtpx:speed>0.88</gpxtpx:speed>
</gpxtpx:TrackPointExtension>
<opentracks:accuracy_horizontal>3.688</opentracks:accuracy_horizontal></extensions>
</trkpt>
<trkpt lat="-32.242298" lon="115.788413">
<ele>-33.9</ele>
<time>2026-09-04T08:50:18.11+08:00</time>
<extensions>
<gpxtpx:TrackPointExtension>
<gpxtpx:speed>0.76</gpxtpx:speed>
</gpxtpx:TrackPointExtension>
<opentracks:accuracy_horizontal>3.814</opentracks:accuracy_horizontal></extensions>
</trkpt>
<trkpt lat="-32.242205" lon="115.788403">
<ele>-34.5</ele>
<time>2026-09-04T08:50:41.113+08:00</time>
<extensions>
<gpxtpx:TrackPointExtension>
<gpxtpx:speed>0.5</gpxtpx:speed>
</gpxtpx:TrackPointExtension>
<opentracks:accuracy_horizontal>4.338</opentracks:accuracy_horizontal></extensions>
</trkpt>
<trkpt lat="-32.242129" lon="115.788403">
<ele>-35.8</ele>
<time>2026-09-04T08:50:51.106+08:00</time>
<extensions>
<gpxtpx:TrackPointExtension>
<gpxtpx:speed>0.85</gpxtpx:speed>
</gpxtpx:TrackPointExtension>
<opentracks:accuracy_horizontal>4.075</opentracks:accuracy_horizontal></extensions>
</trkpt>
<trkpt lat="-32.242039" lon="115.788415">
<ele>-34.6</ele>
<time>2026-09-04T08:51:05.113+08:00</time>
<extensions>
<gpxtpx:TrackPointExtension>
<gpxtpx:speed>0.6</gpxtpx:speed>
</gpxtpx:TrackPointExtension>
<opentracks:accuracy_horizontal>4.956</opentracks:accuracy_horizontal></extensions>
</trkpt>
<trkpt lat="-32.241963" lon="115.78845">
<ele>-32.5</ele>
<time>2026-09-04T08:51:15.104+08:00</time>
<extensions>
<gpxtpx:TrackPointExtension>
<gpxtpx:speed>0.98</gpxtpx:speed>
</gpxtpx:TrackPointExtension>
<opentracks:accuracy_horizontal>3.338</opentracks:accuracy_horizontal></extensions>
</trkpt>
<trkpt lat="-32.2419" lon="115.788532">
<ele>-30.7</ele>
<time>2026-09-04T08:51:28.112+08:00</time>
<extensions>
<gpxtpx:TrackPointExtension>
<gpxtpx:speed>0.84</gpxtpx:speed>
</gpxtpx:TrackPointExtension>
<opentracks:accuracy_horizontal>3.078</opentracks:accuracy_horizontal></extensions>
</trkpt>
<trkpt lat="-32.241863" lon="115.788507">
<ele>-31.8</ele>
<time>2026-09-04T08:51:38.105+08:00</time>
<extensions>
<gpxtpx:TrackPointExtension>
<gpxtpx:speed>0.28</gpxtpx:speed>
</gpxtpx:TrackPointExtension>
<opentracks:accuracy_horizontal>2.646</opentracks:accuracy_horizontal></extensions>
</trkpt>
<trkpt lat="-32.241794" lon="115.788427">
<ele>-31.7</ele>
<time>2026-09-04T08:51:57.106+08:00</time>
<extensions>
<gpxtpx:TrackPointExtension>
<gpxtpx:speed>0.99</gpxtpx:speed>
</gpxtpx:TrackPointExtension>
<opentracks:accuracy_horizontal>3.186</opentracks:accuracy_horizontal></extensions>
</trkpt>
<trkpt lat="-32.241726" lon="115.788401">
<ele>-31.3</ele>
<time>2026-09-04T08:52:07.084+08:00</time>
<extensions>
<gpxtpx:TrackPointExtension>
<gpxtpx:speed>0.88</gpxtpx:speed>
</gpxtpx:TrackPointExtension>
<opentracks:accuracy_horizontal>3.455</opentracks:accuracy_horizontal></extensions>
</trkpt>
<trkpt lat="-32.241642" lon="115.788349">
<ele>-30.9</ele>
<time>2026-09-04T08:52:18.125+08:00</time>
<extensions>
<gpxtpx:TrackPointExtension>
<gpxtpx:speed>0.92</gpxtpx:speed>
</gpxtpx:TrackPointExtension>
<opentracks:accuracy_horizontal>3.569</opentracks:accuracy_horizontal></extensions>
</trkpt>
<trkpt lat="-32.241557" lon="115.788355">
<ele>-31.5</ele>
<time>2026-09-04T08:52:28.107+08:00</time>
<extensions>
<gpxtpx:TrackPointExtension>
<gpxtpx:speed>0.92</gpxtpx:speed>
</gpxtpx:TrackPointExtension>
<opentracks:accuracy_horizontal>3.165</opentracks:accuracy_horizontal></extensions>
</trkpt>
<trkpt lat="-32.241466" lon="115.78834">
<ele>-31.4</ele>
<time>2026-09-04T08:52:52.116+08:00</time>
<extensions>
<gpxtpx:TrackPointExtension>
<gpxtpx:speed>0.19</gpxtpx:speed>
</gpxtpx:TrackPointExtension>
<opentracks:accuracy_horizontal>3.122</opentracks:accuracy_horizontal></extensions>
</trkpt>
<trkpt lat="-32.24138" lon="115.788352">
<ele>-32</ele>
<time>2026-09-04T08:53:02.103+08:00</time>
<extensions>
<gpxtpx:TrackPointExtension>
<gpxtpx:speed>0.94</gpxtpx:speed>
</gpxtpx:TrackPointExtension>
<opentracks:accuracy_horizontal>3.797</opentracks:accuracy_horizontal></extensions>
</trkpt>
<trkpt lat="-32.241292" lon="115.788317">
<ele>-32.7</ele>
<time>2026-09-04T08:53:12.122+08:00</time>
<extensions>
<gpxtpx:TrackPointExtension>
<gpxtpx:speed>0.99</gpxtpx:speed>
</gpxtpx:TrackPointExtension>
<opentracks:accuracy_horizontal>3.722</opentracks:accuracy_horizontal></extensions>
</trkpt>
<trkpt lat="-32.241191" lon="115.788271">
<ele>-31.4</ele>
<time>2026-09-04T08:53:21.1+08:00</time>
<extensions>
<gpxtpx:TrackPointExtension>
<gpxtpx:speed>1.18</gpxtpx:speed>
</gpxtpx:TrackPointExtension>
<opentracks:accuracy_horizontal>2.829</opentracks:accuracy_horizontal></extensions>
</trkpt>
<trkpt lat="-32.241137" lon="115.788184">
<ele>-29.5</ele>
<time>2026-09-04T08:53:29.074+08:00</time>
<extensions>
<gpxtpx:TrackPointExtension>
<gpxtpx:speed>1.19</gpxtpx:speed>
</gpxtpx:TrackPointExtension>
<opentracks:accuracy_horizontal>2.357</opentracks:accuracy_horizontal></extensions>
</trkpt>
<trkpt lat="-32.24108" lon="115.788082">
<ele>-29.2</ele>
<time>2026-09-04T08:53:38.067+08:00</time>
<extensions>
<gpxtpx:TrackPointExtension>
<gpxtpx:speed>1.25</gpxtpx:speed>
</gpxtpx:TrackPointExtension>
<opentracks:accuracy_horizontal>2.438</opentracks:accuracy_horizontal></extensions>
</trkpt>
<trkpt lat="-32.241065" lon="115.787969">
<ele>-28.1</ele>
<time>2026-09-04T08:53:48.059+08:00</time>
<extensions>
<gpxtpx:TrackPointExtension>
<gpxtpx:speed>1.15</gpxtpx:speed>
</gpxtpx:TrackPointExtension>
<opentracks:accuracy_horizontal>2.447</opentracks:accuracy_horizontal></extensions>
</trkpt>
<trkpt lat="-32.24107" lon="115.787873">
<ele>-28.3</ele>
<time>2026-09-04T08:53:58.062+08:00</time>
<extensions>
<gpxtpx:TrackPointExtension>
<gpxtpx:speed>1.09</gpxtpx:speed>
</gpxtpx:TrackPointExtension>
<opentracks:accuracy_horizontal>2.594</opentracks:accuracy_horizontal></extensions>
</trkpt>
<trkpt lat="-32.241082" lon="115.787766">
<ele>-27.3</ele>
<time>2026-09-04T08:54:08.093+08:00</time>
<extensions>
<gpxtpx:TrackPointExtension>
<gpxtpx:speed>1.04</gpxtpx:speed>
</gpxtpx:TrackPointExtension>
<opentracks:accuracy_horizontal>2.655</opentracks:accuracy_horizontal></extensions>
</trkpt>
<trkpt lat="-32.241106" lon="115.787748">
<ele>-26.2</ele>
<time>2026-09-04T08:54:18.049+08:00</time>
<extensions>
<gpxtpx:TrackPointExtension>
<gpxtpx:speed>0.89</gpxtpx:speed>
</gpxtpx:TrackPointExtension>
<opentracks:accuracy_horizontal>2.602</opentracks:accuracy_horizontal></extensions>
</trkpt>
<trkpt lat="-32.241195" lon="115.78771">
<ele>-26.9</ele>
<time>2026-09-04T08:54:27.065+08:00</time>
<extensions>
<gpxtpx:TrackPointExtension>
<gpxtpx:speed>1.02</gpxtpx:speed>
</gpxtpx:TrackPointExtension>
<opentracks:accuracy_horizontal>2.603</opentracks:accuracy_horizontal></extensions>
</trkpt>
<trkpt lat="-32.241276" lon="115.787697">
<ele>-26.7</ele>
<time>2026-09-04T08:54:37.037+08:00</time>
<extensions>
<gpxtpx:TrackPointExtension>
<gpxtpx:speed>0.92</gpxtpx:speed>
</gpxtpx:TrackPointExtension>
<opentracks:accuracy_horizontal>2.717</opentracks:accuracy_horizontal></extensions>
</trkpt>
<trkpt lat="-32.241363" lon="115.787664">
<ele>-25</ele>
<time>2026-09-04T08:54:47.067+08:00</time>
<extensions>
<gpxtpx:TrackPointExtension>
<gpxtpx:speed>0.95</gpxtpx:speed>
</gpxtpx:TrackPointExtension>
<opentracks:accuracy_horizontal>2.796</opentracks:accuracy_horizontal></extensions>
</trkpt>
<trkpt lat="-32.241447" lon="115.787664">
<ele>-25.8</ele>
<time>2026-09-04T08:54:57.065+08:00</time>
<extensions>
<gpxtpx:TrackPointExtension>
<gpxtpx:speed>0.99</gpxtpx:speed>
</gpxtpx:TrackPointExtension>
<opentracks:accuracy_horizontal>2.576</opentracks:accuracy_horizontal></extensions>
</trkpt>
<trkpt lat="-32.241538" lon="115.787685">
<ele>-26</ele>
<time>2026-09-04T08:55:06.057+08:00</time>
<extensions>
<gpxtpx:TrackPointExtension>
<gpxtpx:speed>1.07</gpxtpx:speed>
</gpxtpx:TrackPointExtension>
<opentracks:accuracy_horizontal>2.329</opentracks:accuracy_horizontal></extensions>
</trkpt>
<trkpt lat="-32.241624" lon="115.787736">
<ele>-25.8</ele>
<time>2026-09-04T08:55:14.063+08:00</time>
<extensions>
<gpxtpx:TrackPointExtension>
<gpxtpx:speed>1.2</gpxtpx:speed>
</gpxtpx:TrackPointExtension>
<opentracks:accuracy_horizontal>2.777</opentracks:accuracy_horizontal></extensions>
</trkpt>
<trkpt lat="-32.241713" lon="115.787759">
<ele>-25.7</ele>
<time>2026-09-04T08:55:23.052+08:00</time>
<extensions>
<gpxtpx:TrackPointExtension>
<gpxtpx:speed>1.15</gpxtpx:speed>
</gpxtpx:TrackPointExtension>
<opentracks:accuracy_horizontal>2.72</opentracks:accuracy_horizontal></extensions>
</trkpt>
<trkpt lat="-32.241806" lon="115.787793">
<ele>-25</ele>
<time>2026-09-04T08:55:32.051+08:00</time>
<extensions>
<gpxtpx:TrackPointExtension>
<gpxtpx:speed>1.18</gpxtpx:speed>
</gpxtpx:TrackPointExtension>
<opentracks:accuracy_horizontal>2.737</opentracks:accuracy_horizontal></extensions>
</trkpt>
<trkpt lat="-32.241873" lon="115.787796">
<ele>-26.8</ele>
<time>2026-09-04T08:55:42.051+08:00</time>
<extensions>
<gpxtpx:TrackPointExtension>
<gpxtpx:speed>0.26</gpxtpx:speed>
</gpxtpx:TrackPointExtension>
<opentracks:accuracy_horizontal>2.628</opentracks:accuracy_horizontal></extensions>
</trkpt>
<trkpt lat="-32.24197" lon="115.787827">
<ele>-26.6</ele>
<time>2026-09-04T08:56:00.052+08:00</time>
<extensions>
<gpxtpx:TrackPointExtension>
<gpxtpx:speed>1.21</gpxtpx:speed>
</gpxtpx:TrackPointExtension>
<opentracks:accuracy_horizontal>2.484</opentracks:accuracy_horizontal></extensions>
</trkpt>
<trkpt lat="-32.242072" lon="115.787805">
<ele>-27.5</ele>
<time>2026-09-04T08:56:10.056+08:00</time>
<extensions>
<gpxtpx:TrackPointExtension>
<gpxtpx:speed>1.15</gpxtpx:speed>
</gpxtpx:TrackPointExtension>
<opentracks:accuracy_horizontal>2.464</opentracks:accuracy_horizontal></extensions>
</trkpt>
<trkpt lat="-32.242166" lon="115.787798">
<ele>-25.8</ele>
<time>2026-09-04T08:56:19.056+08:00</time>
<extensions>
<gpxtpx:TrackPointExtension>
<gpxtpx:speed>1.14</gpxtpx:speed>
</gpxtpx:TrackPointExtension>
<opentracks:accuracy_horizontal>2.51</opentracks:accuracy_horizontal></extensions>
</trkpt>
<trkpt lat="-32.242263" lon="115.787769">
<ele>-25</ele>
<time>2026-09-04T08:56:28.067+08:00</time>
<extensions>
<gpxtpx:TrackPointExtension>
<gpxtpx:speed>1.19</gpxtpx:speed>
</gpxtpx:TrackPointExtension>
<opentracks:accuracy_horizontal>2.533</opentracks:accuracy_horizontal></extensions>
</trkpt>
<trkpt lat="-32.242354" lon="115.787811">
<ele>-26.9</ele>
<time>2026-09-04T08:56:37.076+08:00</time>
<extensions>
<gpxtpx:TrackPointExtension>
<gpxtpx:speed>1.2</gpxtpx:speed>
</gpxtpx:TrackPointExtension>
<opentracks:accuracy_horizontal>2.438</opentracks:accuracy_horizontal></extensions>
</trkpt>
<trkpt lat="-32.242362" lon="115.787852">
<ele>-26</ele>
<time>2026-09-04T08:56:47.056+08:00</time>
<extensions>
<gpxtpx:TrackPointExtension>
<gpxtpx:speed>0.39</gpxtpx:speed>
</gpxtpx:TrackPointExtension>
<opentracks:accuracy_horizontal>2.734</opentracks:accuracy_horizontal></extensions>
</trkpt>
<trkpt lat="-32.24245" lon="115.787898">
<ele>-26.1</ele>
<time>2026-09-04T08:56:54.06+08:00</time>
<extensions>
<gpxtpx:TrackPointExtension>
<gpxtpx:speed>1.32</gpxtpx:speed>
</gpxtpx:TrackPointExtension>
<opentracks:accuracy_horizontal>2.527</opentracks:accuracy_horizontal></extensions>
</trkpt>
<trkpt lat="-32.242545" lon="115.787863">
<ele>-26.2</ele>
<time>2026-09-04T08:57:01.064+08:00</time>
<extensions>
<gpxtpx:TrackPointExtension>
<gpxtpx:speed>1.43</gpxtpx:speed>
</gpxtpx:TrackPointExtension>
<opentracks:accuracy_horizontal>2.627</opentracks:accuracy_horizontal></extensions>
</trkpt>
<trkpt lat="-32.24264" lon="115.787836">
<ele>-26.8</ele>
<time>2026-09-04T08:57:09.055+08:00</time>
<extensions>
<gpxtpx:TrackPointExtension>
<gpxtpx:speed>1.35</gpxtpx:speed>
</gpxtpx:TrackPointExtension>
<opentracks:accuracy_horizontal>2.577</opentracks:accuracy_horizontal></extensions>
</trkpt>
<trkpt lat="-32.242735" lon="115.787804">
<ele>-27.1</ele>
<time>2026-09-04T08:57:18.05+08:00</time>
<extensions>
<gpxtpx:TrackPointExtension>
<gpxtpx:speed>1.26</gpxtpx:speed>
</gpxtpx:TrackPointExtension>
<opentracks:accuracy_horizontal>2.533</opentracks:accuracy_horizontal></extensions>
</trkpt>
<trkpt lat="-32.242827" lon="115.787846">
<ele>-27.5</ele>
<time>2026-09-04T08:57:27.061+08:00</time>
<extensions>
<gpxtpx:TrackPointExtension>
<gpxtpx:speed>1.24</gpxtpx:speed>
</gpxtpx:TrackPointExtension>
<opentracks:accuracy_horizontal>2.311</opentracks:accuracy_horizontal></extensions>
</trkpt>
<trkpt lat="-32.242898" lon="115.787858">
<ele>-28.1</ele>
<time>2026-09-04T08:57:37.025+08:00</time>
<extensions>
<gpxtpx:TrackPointExtension>
<gpxtpx:speed>1.02</gpxtpx:speed>
</gpxtpx:TrackPointExtension>
<opentracks:accuracy_horizontal>2.305</opentracks:accuracy_horizontal></extensions>
</trkpt>
<trkpt lat="-32.242997" lon="115.787828">
<ele>-28.4</ele>
<time>2026-09-04T08:57:56.047+08:00</time>
<extensions>
<gpxtpx:TrackPointExtension>
<gpxtpx:speed>1.17</gpxtpx:speed>
</gpxtpx:TrackPointExtension>
<opentracks:accuracy_horizontal>2.31</opentracks:accuracy_horizontal></extensions>
</trkpt>
<trkpt lat="-32.243098" lon="115.787817">
<ele>-28.7</ele>
<time>2026-09-04T08:58:04.064+08:00</time>
<extensions>
<gpxtpx:TrackPointExtension>
<gpxtpx:speed>1.31</gpxtpx:speed>
</gpxtpx:TrackPointExtension>
<opentracks:accuracy_horizontal>2.427</opentracks:accuracy_horizontal></extensions>
</trkpt>
<trkpt lat="-32.243192" lon="115.787858">
<ele>-27.4</ele>
<time>2026-09-04T08:58:13.035+08:00</time>
<extensions>
<gpxtpx:TrackPointExtension>
<gpxtpx:speed>1.31</gpxtpx:speed>
</gpxtpx:TrackPointExtension>
<opentracks:accuracy_horizontal>2.566</opentracks:accuracy_horizontal></extensions>
</trkpt>
<trkpt lat="-32.243282" lon="115.787875">
<ele>-27.7</ele>
<time>2026-09-04T08:58:21.056+08:00</time>
<extensions>
<gpxtpx:TrackPointExtension>
<gpxtpx:speed>1.25</gpxtpx:speed>
</gpxtpx:TrackPointExtension>
<opentracks:accuracy_horizontal>2.363</opentracks:accuracy_horizontal></extensions>
</trkpt>
<trkpt lat="-32.24328" lon="115.787877">
<ele>-28.2</ele>
<time>2026-09-04T08:58:31.028+08:00</time>
<extensions>
<gpxtpx:TrackPointExtension>
<gpxtpx:speed>0.07</gpxtpx:speed>
</gpxtpx:TrackPointExtension>
<opentracks:accuracy_horizontal>2.151</opentracks:accuracy_horizontal></extensions>
</trkpt>
<trkpt lat="-32.243381" lon="115.787866">
<ele>-29.1</ele>
<time>2026-09-04T08:58:47.041+08:00</time>
<extensions>
<gpxtpx:TrackPointExtension>
<gpxtpx:speed>1.31</gpxtpx:speed>
</gpxtpx:TrackPointExtension>
<opentracks:accuracy_horizontal>2.347</opentracks:accuracy_horizontal></extensions>
</trkpt>
<trkpt lat="-32.243466" lon="115.787907">
<ele>-28.2</ele>
<time>2026-09-04T08:58:56.039+08:00</time>
<extensions>
<gpxtpx:TrackPointExtension>
<gpxtpx:speed>1.09</gpxtpx:speed>
</gpxtpx:TrackPointExtension>
<opentracks:accuracy_horizontal>2.513</opentracks:accuracy_horizontal></extensions>
</trkpt>
<trkpt lat="-32.243555" lon="115.787936">
<ele>-28.3</ele>
<time>2026-09-04T08:59:03.061+08:00</time>
<extensions>
<gpxtpx:TrackPointExtension>
<gpxtpx:speed>1.2</gpxtpx:speed>
</gpxtpx:TrackPointExtension>
<opentracks:accuracy_horizontal>2.626</opentracks:accuracy_horizontal></extensions>
</trkpt>
<trkpt lat="-32.24365" lon="115.787944">
<ele>-28.7</ele>
<time>2026-09-04T08:59:12.059+08:00</time>
<extensions>
<gpxtpx:TrackPointExtension>
<gpxtpx:speed>1.13</gpxtpx:speed>
</gpxtpx:TrackPointExtension>
<opentracks:accuracy_horizontal>2.514</opentracks:accuracy_horizontal></extensions>
</trkpt>
<trkpt lat="-32.243739" lon="115.787955">
<ele>-28.3</ele>
<time>2026-09-04T08:59:18.039+08:00</time>
<extensions>
<gpxtpx:TrackPointExtension>
<gpxtpx:speed>1.31</gpxtpx:speed>
</gpxtpx:TrackPointExtension>
<opentracks:accuracy_horizontal>2.662</opentracks:accuracy_horizontal></extensions>
</trkpt>
<trkpt lat="-32.243836" lon="115.787939">
<ele>-28.5</ele>
<time>2026-09-04T08:59:26.073+08:00</time>
<extensions>
<gpxtpx:TrackPointExtension>
<gpxtpx:speed>1.34</gpxtpx:speed>
</gpxtpx:TrackPointExtension>
<opentracks:accuracy_horizontal>2.432</opentracks:accuracy_horizontal></extensions>
</trkpt>
<trkpt lat="-32.243937" lon="115.78791">
<ele>-28</ele>
<time>2026-09-04T08:59:35.03+08:00</time>
<extensions>
<gpxtpx:TrackPointExtension>
<gpxtpx:speed>1.29</gpxtpx:speed>
</gpxtpx:TrackPointExtension>
<opentracks:accuracy_horizontal>2.658</opentracks:accuracy_horizontal></extensions>
</trkpt>
<trkpt lat="-32.244032" lon="115.78792">
<ele>-27.1</ele>
<time>2026-09-04T08:59:44.07+08:00</time>
<extensions>
<gpxtpx:TrackPointExtension>
<gpxtpx:speed>1.23</gpxtpx:speed>
</gpxtpx:TrackPointExtension>
<opentracks:accuracy_horizontal>2.576</opentracks:accuracy_horizontal></extensions>
</trkpt>
<trkpt lat="-32.244017" lon="115.78797">
<ele>-26.3</ele>
<time>2026-09-04T08:59:54.068+08:00</time>
<extensions>
<gpxtpx:TrackPointExtension>
<gpxtpx:speed>0.14</gpxtpx:speed>
</gpxtpx:TrackPointExtension>
<opentracks:accuracy_horizontal>2.533</opentracks:accuracy_horizontal></extensions>
</trkpt>
<trkpt lat="-32.244115" lon="115.787945">
<ele>-25.5</ele>
<time>2026-09-04T09:00:08.052+08:00</time>
<extensions>
<gpxtpx:TrackPointExtension>
<gpxtpx:speed>0.93</gpxtpx:speed>
</gpxtpx:TrackPointExtension>
<opentracks:accuracy_horizontal>2.547</opentracks:accuracy_horizontal></extensions>
</trkpt>
<trkpt lat="-32.244206" lon="115.787948">
<ele>-24.9</ele>
<time>2026-09-04T09:00:18.024+08:00</time>
<extensions>
<gpxtpx:TrackPointExtension>
<gpxtpx:speed>1.02</gpxtpx:speed>
</gpxtpx:TrackPointExtension>
<opentracks:accuracy_horizontal>2.497</opentracks:accuracy_horizontal></extensions>
</trkpt>
<trkpt lat="-32.244299" lon="115.787914">
<ele>-24.6</ele>
<time>2026-09-04T09:00:27.039+08:00</time>
<extensions>
<gpxtpx:TrackPointExtension>
<gpxtpx:speed>1.15</gpxtpx:speed>
</gpxtpx:TrackPointExtension>
<opentracks:accuracy_horizontal>2.404</opentracks:accuracy_horizontal></extensions>
</trkpt>
<trkpt lat="-32.244391" lon="115.787934">
<ele>-27</ele>
<time>2026-09-04T09:00:36.059+08:00</time>
<extensions>
<gpxtpx:TrackPointExtension>
<gpxtpx:speed>1.17</gpxtpx:speed>
</gpxtpx:TrackPointExtension>
<opentracks:accuracy_horizontal>2.229</opentracks:accuracy_horizontal></extensions>
</trkpt>
<trkpt lat="-32.244483" lon="115.787938">
<ele>-26</ele>
<time>2026-09-04T09:00:44.05+08:00</time>
<extensions>
<gpxtpx:TrackPointExtension>
<gpxtpx:speed>1.23</gpxtpx:speed>
</gpxtpx:TrackPointExtension>
<opentracks:accuracy_horizontal>2.769</opentracks:accuracy_horizontal></extensions>
</trkpt>
<trkpt lat="-32.244575" lon="115.787926">
<ele>-26.8</ele>
<time>2026-09-04T09:00:52.07+08:00</time>
<extensions>
<gpxtpx:TrackPointExtension>
<gpxtpx:speed>1.27</gpxtpx:speed>
</gpxtpx:TrackPointExtension>
<opentracks:accuracy_horizontal>2.611</opentracks:accuracy_horizontal></extensions>
</trkpt>
<trkpt lat="-32.244652" lon="115.78787">
<ele>-26</ele>
<time>2026-09-04T09:00:59.069+08:00</time>
<extensions>
<gpxtpx:TrackPointExtension>
<gpxtpx:speed>1.33</gpxtpx:speed>
</gpxtpx:TrackPointExtension>
<opentracks:accuracy_horizontal>2.903</opentracks:accuracy_horizontal></extensions>
</trkpt>
<trkpt lat="-32.244675" lon="115.787764">
<ele>-25.6</ele>
<time>2026-09-04T09:01:07.068+08:00</time>
<extensions>
<gpxtpx:TrackPointExtension>
<gpxtpx:speed>1.28</gpxtpx:speed>
</gpxtpx:TrackPointExtension>
<opentracks:accuracy_horizontal>2.699</opentracks:accuracy_horizontal></extensions>
</trkpt>
<trkpt lat="-32.244647" lon="115.787647">
<ele>-25.9</ele>
<time>2026-09-04T09:01:16.057+08:00</time>
<extensions>
<gpxtpx:TrackPointExtension>
<gpxtpx:speed>1.28</gpxtpx:speed>
</gpxtpx:TrackPointExtension>
<opentracks:accuracy_horizontal>2.582</opentracks:accuracy_horizontal></extensions>
</trkpt>
<trkpt lat="-32.244629" lon="115.787538">
<ele>-24.8</ele>
<time>2026-09-04T09:01:24.031+08:00</time>
<extensions>
<gpxtpx:TrackPointExtension>
<gpxtpx:speed>1.35</gpxtpx:speed>
</gpxtpx:TrackPointExtension>
<opentracks:accuracy_horizontal>2.399</opentracks:accuracy_horizontal></extensions>
</trkpt>
<trkpt lat="-32.244654" lon="115.787433">
<ele>-25.8</ele>
<time>2026-09-04T09:01:34.033+08:00</time>
<extensions>
<gpxtpx:TrackPointExtension>
<gpxtpx:speed>1.18</gpxtpx:speed>
</gpxtpx:TrackPointExtension>
<opentracks:accuracy_horizontal>2.304</opentracks:accuracy_horizontal></extensions>
</trkpt>
<trkpt lat="-32.244671" lon="115.787319">
<ele>-24.7</ele>
<time>2026-09-04T09:01:42.052+08:00</time>
<extensions>
<gpxtpx:TrackPointExtension>
<gpxtpx:speed>1.25</gpxtpx:speed>
</gpxtpx:TrackPointExtension>
<opentracks:accuracy_horizontal>2.41</opentracks:accuracy_horizontal></extensions>
</trkpt>
<trkpt lat="-32.244666" lon="115.78721">
<ele>-23.2</ele>
<time>2026-09-04T09:01:50.052+08:00</time>
<extensions>
<gpxtpx:TrackPointExtension>
<gpxtpx:speed>1.28</gpxtpx:speed>
</gpxtpx:TrackPointExtension>
<opentracks:accuracy_horizontal>2.383</opentracks:accuracy_horizontal></extensions>
</trkpt>
<trkpt lat="-32.244626" lon="115.787104">
<ele>-25</ele>
<time>2026-09-04T09:01:59.075+08:00</time>
<extensions>
<gpxtpx:TrackPointExtension>
<gpxtpx:speed>1.26</gpxtpx:speed>
</gpxtpx:TrackPointExtension>
<opentracks:accuracy_horizontal>2.882</opentracks:accuracy_horizontal></extensions>
</trkpt>
<trkpt lat="-32.244547" lon="115.787047">
<ele>-24.9</ele>
<time>2026-09-04T09:02:08.094+08:00</time>
<extensions>
<gpxtpx:TrackPointExtension>
<gpxtpx:speed>1.18</gpxtpx:speed>
</gpxtpx:TrackPointExtension>
<opentracks:accuracy_horizontal>2.868</opentracks:accuracy_horizontal></extensions>
</trkpt>
<trkpt lat="-32.244452" lon="115.787073">
<ele>-24.8</ele>
<time>2026-09-04T09:02:17.061+08:00</time>
<extensions>
<gpxtpx:TrackPointExtension>
<gpxtpx:speed>1.17</gpxtpx:speed>
</gpxtpx:TrackPointExtension>
<opentracks:accuracy_horizontal>2.717</opentracks:accuracy_horizontal></extensions>
</trkpt>
<trkpt lat="-32.244364" lon="115.787102">
<ele>-23</ele>
<time>2026-09-04T09:02:25.068+08:00</time>
<extensions>
<gpxtpx:TrackPointExtension>
<gpxtpx:speed>1.18</gpxtpx:speed>
</gpxtpx:TrackPointExtension>
<opentracks:accuracy_horizontal>2.427</opentracks:accuracy_horizontal></extensions>
</trkpt>
<trkpt lat="-32.244342" lon="115.787093">
<ele>-23.7</ele>
<time>2026-09-04T09:02:34.107+08:00</time>
<extensions>
<gpxtpx:TrackPointExtension>
<gpxtpx:speed>0.22</gpxtpx:speed>
</gpxtpx:TrackPointExtension>
<opentracks:accuracy_horizontal>3.314</opentracks:accuracy_horizontal></extensions>
</trkpt>
<trkpt lat="-32.244255" lon="115.787122">
<ele>-24.5</ele>
<time>2026-09-04T09:02:44.059+08:00</time>
<extensions>
<gpxtpx:TrackPointExtension>
<gpxtpx:speed>1.18</gpxtpx:speed>
</gpxtpx:TrackPointExtension>
<opentracks:accuracy_horizontal>2.76</opentracks:accuracy_horizontal></extensions>
</trkpt>
<trkpt lat="-32.24416" lon="115.787126">
<ele>-24.2</ele>
<time>2026-09-04T09:02:52.067+08:00</time>
<extensions>
<gpxtpx:TrackPointExtension>
<gpxtpx:speed>1.23</gpxtpx:speed>
</gpxtpx:TrackPointExtension>
<opentracks:accuracy_horizontal>2.407</opentracks:accuracy_horizontal></extensions>
</trkpt>
<trkpt lat="-32.244059" lon="115.787115">
<ele>-24.7</ele>
<time>2026-09-04T09:03:01.034+08:00</time>
<extensions>
<gpxtpx:TrackPointExtension>
<gpxtpx:speed>1.23</gpxtpx:speed>
</gpxtpx:TrackPointExtension>
<opentracks:accuracy_horizontal>2.677</opentracks:accuracy_horizontal></extensions>
</trkpt>
<trkpt lat="-32.243959" lon="115.787115">
<ele>-24.8</ele>
<time>2026-09-04T09:03:10.095+08:00</time>
<extensions>
<gpxtpx:TrackPointExtension>
<gpxtpx:speed>1.21</gpxtpx:speed>
</gpxtpx:TrackPointExtension>
<opentracks:accuracy_horizontal>2.409</opentracks:accuracy_horizontal></extensions>
</trkpt>
<trkpt lat="-32.243863" lon="115.787115">
<ele>-24.4</ele>
<time>2026-09-04T09:03:19.043+08:00</time>
<extensions>
<gpxtpx:TrackPointExtension>
<gpxtpx:speed>1.16</gpxtpx:speed>
</gpxtpx:TrackPointExtension>
<opentracks:accuracy_horizontal>2.519</opentracks:accuracy_horizontal></extensions>
</trkpt>
<trkpt lat="-32.243773" lon="115.787125">
<ele>-25.3</ele>
<time>2026-09-04T09:03:27.059+08:00</time>
<extensions>
<gpxtpx:TrackPointExtension>
<gpxtpx:speed>1.19</gpxtpx:speed>
</gpxtpx:TrackPointExtension>
<opentracks:accuracy_horizontal>2.639</opentracks:accuracy_horizontal></extensions>
</trkpt>
<trkpt lat="-32.24368" lon="115.787119">
<ele>-24.6</ele>
<time>2026-09-04T09:03:34.063+08:00</time>
<extensions>
<gpxtpx:TrackPointExtension>
<gpxtpx:speed>1.3</gpxtpx:speed>
</gpxtpx:TrackPointExtension>
<opentracks:accuracy_horizontal>2.525</opentracks:accuracy_horizontal></extensions>
</trkpt>
<trkpt lat="-32.24358" lon="115.787121">
<ele>-25.7</ele>
<time>2026-09-04T09:03:44.058+08:00</time>
<extensions>
<gpxtpx:TrackPointExtension>
<gpxtpx:speed>1.21</gpxtpx:speed>
</gpxtpx:TrackPointExtension>
<opentracks:accuracy_horizontal>2.521</opentracks:accuracy_horizontal></extensions>
</trkpt>
<trkpt lat="-32.243478" lon="115.787127">
<ele>-25</ele>
<time>2026-09-04T09:03:53.072+08:00</time>
<extensions>
<gpxtpx:TrackPointExtension>
<gpxtpx:speed>1.23</gpxtpx:speed>
</gpxtpx:TrackPointExtension>
<opentracks:accuracy_horizontal>2.467</opentracks:accuracy_horizontal></extensions>
</trkpt>
<trkpt lat="-32.243377" lon="115.787123">
<ele>-24.6</ele>
<time>2026-09-04T09:04:02.106+08:00</time>
<extensions>
<gpxtpx:TrackPointExtension>
<gpxtpx:speed>1.22</gpxtpx:speed>
</gpxtpx:TrackPointExtension>
<opentracks:accuracy_horizontal>2.599</opentracks:accuracy_horizontal></extensions>
</trkpt>
<trkpt lat="-32.243278" lon="115.787117">
<ele>-24.6</ele>
<time>2026-09-04T09:04:11.056+08:00</time>
<extensions>
<gpxtpx:TrackPointExtension>
<gpxtpx:speed>1.22</gpxtpx:speed>
</gpxtpx:TrackPointExtension>
<opentracks:accuracy_horizontal>2.485</opentracks:accuracy_horizontal></extensions>
</trkpt>
<trkpt lat="-32.243177" lon="115.787126">
<ele>-24.9</ele>
<time>2026-09-04T09:04:20.069+08:00</time>
<extensions>
<gpxtpx:TrackPointExtension>
<gpxtpx:speed>1.23</gpxtpx:speed>
</gpxtpx:TrackPointExtension>
<opentracks:accuracy_horizontal>2.436</opentracks:accuracy_horizontal></extensions>
</trkpt>
<trkpt lat="-32.243087" lon="115.78715">
<ele>-25.4</ele>
<time>2026-09-04T09:04:28.051+08:00</time>
<extensions>
<gpxtpx:TrackPointExtension>
<gpxtpx:speed>1.22</gpxtpx:speed>
</gpxtpx:TrackPointExtension>
<opentracks:accuracy_horizontal>2.487</opentracks:accuracy_horizontal></extensions>
</trkpt>
<trkpt lat="-32.242983" lon="115.787141">
<ele>-25.2</ele>
<time>2026-09-04T09:04:37.056+08:00</time>
<extensions>
<gpxtpx:TrackPointExtension>
<gpxtpx:speed>1.28</gpxtpx:speed>
</gpxtpx:TrackPointExtension>
<opentracks:accuracy_horizontal>2.488</opentracks:accuracy_horizontal></extensions>
</trkpt>
<trkpt lat="-32.242886" lon="115.787141">
<ele>-24.2</ele>
<time>2026-09-04T09:04:46.061+08:00</time>
<extensions>
<gpxtpx:TrackPointExtension>
<gpxtpx:speed>1.19</gpxtpx:speed>
</gpxtpx:TrackPointExtension>
<opentracks:accuracy_horizontal>2.746</opentracks:accuracy_horizontal></extensions>
</trkpt>
<trkpt lat="-32.242793" lon="115.787148">
<ele>-24.7</ele>
<time>2026-09-04T09:04:55.098+08:00</time>
<extensions>
<gpxtpx:TrackPointExtension>
<gpxtpx:speed>1.16</gpxtpx:speed>
</gpxtpx:TrackPointExtension>
<opentracks:accuracy_horizontal>2.823</opentracks:accuracy_horizontal></extensions>
</trkpt>
<trkpt lat="-32.242706" lon="115.787142">
<ele>-24.9</ele>
<time>2026-09-04T09:05:05.064+08:00</time>
<extensions>
<gpxtpx:TrackPointExtension>
<gpxtpx:speed>1.12</gpxtpx:speed>
</gpxtpx:TrackPointExtension>
<opentracks:accuracy_horizontal>2.581</opentracks:accuracy_horizontal></extensions>
</trkpt>
<trkpt lat="-32.242612" lon="115.787147">
<ele>-24.8</ele>
<time>2026-09-04T09:05:14.054+08:00</time>
<extensions>
<gpxtpx:TrackPointExtension>
<gpxtpx:speed>1.14</gpxtpx:speed>
</gpxtpx:TrackPointExtension>
<opentracks:accuracy_horizontal>2.585</opentracks:accuracy_horizontal></extensions>
</trkpt>
<trkpt lat="-32.242616" lon="115.787179">
<ele>-23.9</ele>
<time>2026-09-04T09:05:24.041+08:00</time>
<extensions>
<gpxtpx:TrackPointExtension>
<gpxtpx:speed>0.12</gpxtpx:speed>
</gpxtpx:TrackPointExtension>
<opentracks:accuracy_horizontal>2.372</opentracks:accuracy_horizontal></extensions>
</trkpt>
<trkpt lat="-32.242524" lon="115.787138">
<ele>-26</ele>
<time>2026-09-04T09:06:53.032+08:00</time>
<extensions>
<gpxtpx:TrackPointExtension>
<gpxtpx:speed>1.31</gpxtpx:speed>
</gpxtpx:TrackPointExtension>
<opentracks:accuracy_horizontal>2.277</opentracks:accuracy_horizontal></extensions>
</trkpt>
<trkpt lat="-32.242425" lon="115.787117">
<ele>-26.9</ele>
<time>2026-09-04T09:07:02.023+08:00</time>
<extensions>
<gpxtpx:TrackPointExtension>
<gpxtpx:speed>1.25</gpxtpx:speed>
</gpxtpx:TrackPointExtension>
<opentracks:accuracy_horizontal>2.382</opentracks:accuracy_horizontal></extensions>
</trkpt>
<trkpt lat="-32.242334" lon="115.787126">
<ele>-27</ele>
<time>2026-09-04T09:07:12.027+08:00</time>
<extensions>
<gpxtpx:TrackPointExtension>
<gpxtpx:speed>1.11</gpxtpx:speed>
</gpxtpx:TrackPointExtension>
<opentracks:accuracy_horizontal>2.273</opentracks:accuracy_horizontal></extensions>
</trkpt>
<trkpt lat="-32.242239" lon="115.787133">
<ele>-27.9</ele>
<time>2026-09-04T09:07:21.05+08:00</time>
<extensions>
<gpxtpx:TrackPointExtension>
<gpxtpx:speed>1.14</gpxtpx:speed>
</gpxtpx:TrackPointExtension>
<opentracks:accuracy_horizontal>2.685</opentracks:accuracy_horizontal></extensions>
</trkpt>
<trkpt lat="-32.242151" lon="115.787134">
<ele>-28.7</ele>
<time>2026-09-04T09:07:31.062+08:00</time>
<extensions>
<gpxtpx:TrackPointExtension>
<gpxtpx:speed>0.99</gpxtpx:speed>
</gpxtpx:TrackPointExtension>
<opentracks:accuracy_horizontal>3.482</opentracks:accuracy_horizontal></extensions>
</trkpt>
<trkpt lat="-32.242062" lon="115.787115">
<ele>-28.5</ele>
<time>2026-09-04T09:07:38.064+08:00</time>
<extensions>
<gpxtpx:TrackPointExtension>
<gpxtpx:speed>1.14</gpxtpx:speed>
</gpxtpx:TrackPointExtension>
<opentracks:accuracy_horizontal>2.782</opentracks:accuracy_horizontal></extensions>
</trkpt>
<trkpt lat="-32.241967" lon="115.787126">
<ele>-28.1</ele>
<time>2026-09-04T09:07:47.072+08:00</time>
<extensions>
<gpxtpx:TrackPointExtension>
<gpxtpx:speed>1.14</gpxtpx:speed>
</gpxtpx:TrackPointExtension>
<opentracks:accuracy_horizontal>2.718</opentracks:accuracy_horizontal></extensions>
</trkpt>
<trkpt lat="-32.241877" lon="115.787116">
<ele>-27</ele>
<time>2026-09-04T09:07:54.055+08:00</time>
<extensions>
<gpxtpx:TrackPointExtension>
<gpxtpx:speed>1.22</gpxtpx:speed>
</gpxtpx:TrackPointExtension>
<opentracks:accuracy_horizontal>2.693</opentracks:accuracy_horizontal></extensions>
</trkpt>
<trkpt lat="-32.241775" lon="115.787118">
<ele>-25.2</ele>
<time>2026-09-04T09:08:02.093+08:00</time>
<extensions>
<gpxtpx:TrackPointExtension>
<gpxtpx:speed>1.31</gpxtpx:speed>
</gpxtpx:TrackPointExtension>
<opentracks:accuracy_horizontal>2.831</opentracks:accuracy_horizontal></extensions>
</trkpt>
<trkpt lat="-32.241673" lon="115.787126">
<ele>-25.7</ele>
<time>2026-09-04T09:08:12.055+08:00</time>
<extensions>
<gpxtpx:TrackPointExtension>
<gpxtpx:speed>1.19</gpxtpx:speed>
</gpxtpx:TrackPointExtension>
<opentracks:accuracy_horizontal>2.968</opentracks:accuracy_horizontal></extensions>
</trkpt>
<trkpt lat="-32.241569" lon="115.787137">
<ele>-26</ele>
<time>2026-09-04T09:08:21.06+08:00</time>
<extensions>
<gpxtpx:TrackPointExtension>
<gpxtpx:speed>1.22</gpxtpx:speed>
</gpxtpx:TrackPointExtension>
<opentracks:accuracy_horizontal>2.629</opentracks:accuracy_horizontal></extensions>
</trkpt>
<trkpt lat="-32.241479" lon="115.787134">
<ele>-25.5</ele>
<time>2026-09-04T09:08:30.07+08:00</time>
<extensions>
<gpxtpx:TrackPointExtension>
<gpxtpx:speed>1.12</gpxtpx:speed>
</gpxtpx:TrackPointExtension>
<opentracks:accuracy_horizontal>2.619</opentracks:accuracy_horizontal></extensions>
</trkpt>
<trkpt lat="-32.24138" lon="115.787119">
<ele>-26.1</ele>
<time>2026-09-04T09:08:38.055+08:00</time>
<extensions>
<gpxtpx:TrackPointExtension>
<gpxtpx:speed>1.22</gpxtpx:speed>
</gpxtpx:TrackPointExtension>
<opentracks:accuracy_horizontal>2.825</opentracks:accuracy_horizontal></extensions>
</trkpt>
<trkpt lat="-32.241297" lon="115.787101">
<ele>-27.5</ele>
<time>2026-09-04T09:08:47.096+08:00</time>
<extensions>
<gpxtpx:TrackPointExtension>
<gpxtpx:speed>1.08</gpxtpx:speed>
</gpxtpx:TrackPointExtension>
<opentracks:accuracy_horizontal>2.434</opentracks:accuracy_horizontal></extensions>
</trkpt>
<trkpt lat="-32.241227" lon="115.787032">
<ele>-29.2</ele>
<time>2026-09-04T09:08:56.098+08:00</time>
<extensions>
<gpxtpx:TrackPointExtension>
<gpxtpx:speed>1.11</gpxtpx:speed>
</gpxtpx:TrackPointExtension>
<opentracks:accuracy_horizontal>2.471</opentracks:accuracy_horizontal></extensions>
</trkpt>
<trkpt lat="-32.241142" lon="115.786992">
<ele>-28.7</ele>
<time>2026-09-04T09:09:05.055+08:00</time>
<extensions>
<gpxtpx:TrackPointExtension>
<gpxtpx:speed>1.28</gpxtpx:speed>
</gpxtpx:TrackPointExtension>
<opentracks:accuracy_horizontal>2.627</opentracks:accuracy_horizontal></extensions>
</trkpt>
<trkpt lat="-32.241054" lon="115.787023">
<ele>-28.5</ele>
<time>2026-09-04T09:09:13.071+08:00</time>
<extensions>
<gpxtpx:TrackPointExtension>
<gpxtpx:speed>1.26</gpxtpx:speed>
</gpxtpx:TrackPointExtension>
<opentracks:accuracy_horizontal>2.511</opentracks:accuracy_horizontal></extensions>
</trkpt>
<trkpt lat="-32.241006" lon="115.787064">
<ele>-26.2</ele>
<time>2026-09-04T09:09:23.03+08:00</time>
<extensions>
<gpxtpx:TrackPointExtension>
<gpxtpx:speed>0.35</gpxtpx:speed>
</gpxtpx:TrackPointExtension>
<opentracks:accuracy_horizontal>2.439</opentracks:accuracy_horizontal></extensions>
</trkpt>
<trkpt lat="-32.240924" lon="115.78711">
<ele>-27.1</ele>
<time>2026-09-04T09:09:50.039+08:00</time>
<extensions>
<gpxtpx:TrackPointExtension>
<gpxtpx:speed>1.14</gpxtpx:speed>
</gpxtpx:TrackPointExtension>
<opentracks:accuracy_horizontal>2.523</opentracks:accuracy_horizontal></extensions>
</trkpt>
<trkpt lat="-32.24088" lon="115.78715">
<ele>-26.7</ele>
<time>2026-09-04T09:10:00.041+08:00</time>
<extensions>
<gpxtpx:TrackPointExtension>
<gpxtpx:speed>0.27</gpxtpx:speed>
</gpxtpx:TrackPointExtension>
<opentracks:accuracy_horizontal>2.521</opentracks:accuracy_horizontal></extensions>
</trkpt>
<trkpt lat="-32.240787" lon="115.787155">
<ele>-26.5</ele>
<time>2026-09-04T09:10:13.1+08:00</time>
<extensions>
<gpxtpx:TrackPointExtension>
<gpxtpx:speed>1.05</gpxtpx:speed>
</gpxtpx:TrackPointExtension>
<opentracks:accuracy_horizontal>2.413</opentracks:accuracy_horizontal></extensions>
</trkpt>
<trkpt lat="-32.240693" lon="115.787166">
<ele>-26.9</ele>
<time>2026-09-04T09:10:22.038+08:00</time>
<extensions>
<gpxtpx:TrackPointExtension>
<gpxtpx:speed>1.09</gpxtpx:speed>
</gpxtpx:TrackPointExtension>
<opentracks:accuracy_horizontal>2.477</opentracks:accuracy_horizontal></extensions>
</trkpt>
<trkpt lat="-32.240625" lon="115.787176">
<ele>-27.5</ele>
<time>2026-09-04T09:10:31.071+08:00</time>
<extensions>
<gpxtpx:TrackPointExtension>
<gpxtpx:speed>0.56</gpxtpx:speed>
</gpxtpx:TrackPointExtension>
<opentracks:accuracy_horizontal>2.638</opentracks:accuracy_horizontal></extensions>
</trkpt>
<trkpt lat="-32.240535" lon="115.787149">
<ele>-29.4</ele>
<time>2026-09-04T09:10:40.066+08:00</time>
<extensions>
<gpxtpx:TrackPointExtension>
<gpxtpx:speed>1.27</gpxtpx:speed>
</gpxtpx:TrackPointExtension>
<opentracks:accuracy_horizontal>2.551</opentracks:accuracy_horizontal></extensions>
</trkpt>
<trkpt lat="-32.240442" lon="115.78714">
<ele>-29.1</ele>
<time>2026-09-04T09:10:48.045+08:00</time>
<extensions>
<gpxtpx:TrackPointExtension>
<gpxtpx:speed>1.26</gpxtpx:speed>
</gpxtpx:TrackPointExtension>
<opentracks:accuracy_horizontal>2.489</opentracks:accuracy_horizontal></extensions>
</trkpt>
<trkpt lat="-32.240345" lon="115.787145">
<ele>-28.7</ele>
<time>2026-09-04T09:10:57.072+08:00</time>
<extensions>
<gpxtpx:TrackPointExtension>
<gpxtpx:speed>1.21</gpxtpx:speed>
</gpxtpx:TrackPointExtension>
<opentracks:accuracy_horizontal>2.482</opentracks:accuracy_horizontal></extensions>
</trkpt>
<trkpt lat="-32.240244" lon="115.787147">
<ele>-28.2</ele>
<time>2026-09-04T09:11:06.074+08:00</time>
<extensions>
<gpxtpx:TrackPointExtension>
<gpxtpx:speed>1.21</gpxtpx:speed>
</gpxtpx:TrackPointExtension>
<opentracks:accuracy_horizontal>2.44</opentracks:accuracy_horizontal></extensions>
</trkpt>
<trkpt lat="-32.240148" lon="115.787125">
<ele>-29.1</ele>
<time>2026-09-04T09:11:15.068+08:00</time>
<extensions>
<gpxtpx:TrackPointExtension>
<gpxtpx:speed>1.17</gpxtpx:speed>
</gpxtpx:TrackPointExtension>
<opentracks:accuracy_horizontal>2.424</opentracks:accuracy_horizontal></extensions>
</trkpt>
<trkpt lat="-32.240058" lon="115.787144">
<ele>-29.5</ele>
<time>2026-09-04T09:11:24.059+08:00</time>
<extensions>
<gpxtpx:TrackPointExtension>
<gpxtpx:speed>1.13</gpxtpx:speed>
</gpxtpx:TrackPointExtension>
<opentracks:accuracy_horizontal>2.6</opentracks:accuracy_horizontal></extensions>
</trkpt>
<trkpt lat="-32.239969" lon="115.78713">
<ele>-29.7</ele>
<time>2026-09-04T09:11:34.063+08:00</time>
<extensions>
<gpxtpx:TrackPointExtension>
<gpxtpx:speed>1.04</gpxtpx:speed>
</gpxtpx:TrackPointExtension>
<opentracks:accuracy_horizontal>2.526</opentracks:accuracy_horizontal></extensions>
</trkpt>
<trkpt lat="-32.239874" lon="115.78712">
<ele>-30</ele>
<time>2026-09-04T09:11:43.095+08:00</time>
<extensions>
<gpxtpx:TrackPointExtension>
<gpxtpx:speed>1.09</gpxtpx:speed>
</gpxtpx:TrackPointExtension>
<opentracks:accuracy_horizontal>2.504</opentracks:accuracy_horizontal></extensions>
</trkpt>
<trkpt lat="-32.239771" lon="115.787109">
<ele>-29.2</ele>
<time>2026-09-04T09:11:52.102+08:00</time>
<extensions>
<gpxtpx:TrackPointExtension>
<gpxtpx:speed>1.16</gpxtpx:speed>
</gpxtpx:TrackPointExtension>
<opentracks:accuracy_horizontal>2.468</opentracks:accuracy_horizontal></extensions>
</trkpt>
<trkpt lat="-32.23968" lon="115.787094">
<ele>-29.9</ele>
<time>2026-09-04T09:12:01.057+08:00</time>
<extensions>
<gpxtpx:TrackPointExtension>
<gpxtpx:speed>1.12</gpxtpx:speed>
</gpxtpx:TrackPointExtension>
<opentracks:accuracy_horizontal>2.774</opentracks:accuracy_horizontal></extensions>
</trkpt>
<trkpt lat="-32.239588" lon="115.787098">
<ele>-29.1</ele>
<time>2026-09-04T09:12:08.101+08:00</time>
<extensions>
<gpxtpx:TrackPointExtension>
<gpxtpx:speed>1.23</gpxtpx:speed>
</gpxtpx:TrackPointExtension>
<opentracks:accuracy_horizontal>2.621</opentracks:accuracy_horizontal></extensions>
</trkpt>
<trkpt lat="-32.239494" lon="115.787098">
<ele>-28.4</ele>
<time>2026-09-04T09:12:17.059+08:00</time>
<extensions>
<gpxtpx:TrackPointExtension>
<gpxtpx:speed>1.18</gpxtpx:speed>
</gpxtpx:TrackPointExtension>
<opentracks:accuracy_horizontal>2.674</opentracks:accuracy_horizontal></extensions>
</trkpt>
<trkpt lat="-32.239404" lon="115.787085">
<ele>-28.5</ele>
<time>2026-09-04T09:12:25.065+08:00</time>
<extensions>
<gpxtpx:TrackPointExtension>
<gpxtpx:speed>1.21</gpxtpx:speed>
</gpxtpx:TrackPointExtension>
<opentracks:accuracy_horizontal>2.38</opentracks:accuracy_horizontal></extensions>
</trkpt>
<trkpt lat="-32.23931" lon="115.787051">
<ele>-29</ele>
<time>2026-09-04T09:12:34.115+08:00</time>
<extensions>
<gpxtpx:TrackPointExtension>
<gpxtpx:speed>1.2</gpxtpx:speed>
</gpxtpx:TrackPointExtension>
<opentracks:accuracy_horizontal>2.499</opentracks:accuracy_horizontal></extensions>
</trkpt>
<trkpt lat="-32.239214" lon="115.787017">
<ele>-28.5</ele>
<time>2026-09-04T09:12:43.114+08:00</time>
<extensions>
<gpxtpx:TrackPointExtension>
<gpxtpx:speed>1.19</gpxtpx:speed>
</gpxtpx:TrackPointExtension>
<opentracks:accuracy_horizontal>2.462</opentracks:accuracy_horizontal></extensions>
</trkpt>
<trkpt lat="-32.239116" lon="115.786999">
<ele>-28.6</ele>
<time>2026-09-04T09:12:53.063+08:00</time>
<extensions>
<gpxtpx:TrackPointExtension>
<gpxtpx:speed>1.13</gpxtpx:speed>
</gpxtpx:TrackPointExtension>
<opentracks:accuracy_horizontal>2.573</opentracks:accuracy_horizontal></extensions>
</trkpt>
<trkpt lat="-32.239022" lon="115.786995">
<ele>-28.7</ele>
<time>2026-09-04T09:13:02.063+08:00</time>
<extensions>
<gpxtpx:TrackPointExtension>
<gpxtpx:speed>1.13</gpxtpx:speed>
</gpxtpx:TrackPointExtension>
<opentracks:accuracy_horizontal>2.527</opentracks:accuracy_horizontal></extensions>
</trkpt>
<trkpt lat="-32.238931" lon="115.786986">
<ele>-29</ele>
<time>2026-09-04T09:13:11.065+08:00</time>
<extensions>
<gpxtpx:TrackPointExtension>
<gpxtpx:speed>1.13</gpxtpx:speed>
</gpxtpx:TrackPointExtension>
<opentracks:accuracy_horizontal>2.388</opentracks:accuracy_horizontal></extensions>
</trkpt>
<trkpt lat="-32.23884" lon="115.786977">
<ele>-29.1</ele>
<time>2026-09-04T09:13:21.063+08:00</time>
<extensions>
<gpxtpx:TrackPointExtension>
<gpxtpx:speed>1.03</gpxtpx:speed>
</gpxtpx:TrackPointExtension>
<opentracks:accuracy_horizontal>2.38</opentracks:accuracy_horizontal></extensions>
</trkpt>
<trkpt lat="-32.238741" lon="115.786964">
<ele>-27.9</ele>
<time>2026-09-04T09:13:30.063+08:00</time>
<extensions>
<gpxtpx:TrackPointExtension>
<gpxtpx:speed>1.12</gpxtpx:speed>
</gpxtpx:TrackPointExtension>
<opentracks:accuracy_horizontal>2.347</opentracks:accuracy_horizontal></extensions>
</trkpt>
<trkpt lat="-32.238648" lon="115.786918">
<ele>-27.6</ele>
<time>2026-09-04T09:13:39.085+08:00</time>
<extensions>
<gpxtpx:TrackPointExtension>
<gpxtpx:speed>1.21</gpxtpx:speed>
</gpxtpx:TrackPointExtension>
<opentracks:accuracy_horizontal>2.315</opentracks:accuracy_horizontal></extensions>
</trkpt>
<trkpt lat="-32.238557" lon="115.786886">
<ele>-27.9</ele>
<time>2026-09-04T09:13:48.068+08:00</time>
<extensions>
<gpxtpx:TrackPointExtension>
<gpxtpx:speed>1.18</gpxtpx:speed>
</gpxtpx:TrackPointExtension>
<opentracks:accuracy_horizontal>2.405</opentracks:accuracy_horizontal></extensions>
</trkpt>
<trkpt lat="-32.23847" lon="115.786862">
<ele>-30</ele>
<time>2026-09-04T09:13:58.061+08:00</time>
<extensions>
<gpxtpx:TrackPointExtension>
<gpxtpx:speed>1.06</gpxtpx:speed>
</gpxtpx:TrackPointExtension>
<opentracks:accuracy_horizontal>2.467</opentracks:accuracy_horizontal></extensions>
</trkpt>
<trkpt lat="-32.238379" lon="115.786812">
<ele>-29.6</ele>
<time>2026-09-04T09:14:08.066+08:00</time>
<extensions>
<gpxtpx:TrackPointExtension>
<gpxtpx:speed>1.13</gpxtpx:speed>
</gpxtpx:TrackPointExtension>
<opentracks:accuracy_horizontal>2.575</opentracks:accuracy_horizontal></extensions>
</trkpt>
<trkpt lat="-32.238291" lon="115.786773">
<ele>-28.5</ele>
<time>2026-09-04T09:14:16.065+08:00</time>
<extensions>
<gpxtpx:TrackPointExtension>
<gpxtpx:speed>1.24</gpxtpx:speed>
</gpxtpx:TrackPointExtension>
<opentracks:accuracy_horizontal>2.293</opentracks:accuracy_horizontal></extensions>
</trkpt>
<trkpt lat="-32.238203" lon="115.786727">
<ele>-27.7</ele>
<time>2026-09-04T09:14:25.065+08:00</time>
<extensions>
<gpxtpx:TrackPointExtension>
<gpxtpx:speed>1.2</gpxtpx:speed>
</gpxtpx:TrackPointExtension>
<opentracks:accuracy_horizontal>2.354</opentracks:accuracy_horizontal></extensions>
</trkpt>
<trkpt lat="-32.23811" lon="115.786711">
<ele>-27.9</ele>
<time>2026-09-04T09:14:33.08+08:00</time>
<extensions>
<gpxtpx:TrackPointExtension>
<gpxtpx:speed>1.23</gpxtpx:speed>
</gpxtpx:TrackPointExtension>
<opentracks:accuracy_horizontal>2.318</opentracks:accuracy_horizontal></extensions>
</trkpt>
<trkpt lat="-32.238021" lon="115.786667">
<ele>-27.1</ele>
<time>2026-09-04T09:14:42.068+08:00</time>
<extensions>
<gpxtpx:TrackPointExtension>
<gpxtpx:speed>1.2</gpxtpx:speed>
</gpxtpx:TrackPointExtension>
<opentracks:accuracy_horizontal>2.391</opentracks:accuracy_horizontal></extensions>
</trkpt>
<trkpt lat="-32.237926" lon="115.786629">
<ele>-27.9</ele>
<time>2026-09-04T09:14:51.063+08:00</time>
<extensions>
<gpxtpx:TrackPointExtension>
<gpxtpx:speed>1.2</gpxtpx:speed>
</gpxtpx:TrackPointExtension>
<opentracks:accuracy_horizontal>2.457</opentracks:accuracy_horizontal></extensions>
</trkpt>
<trkpt lat="-32.237831" lon="115.786605">
<ele>-27.5</ele>
<time>2026-09-04T09:15:00.065+08:00</time>
<extensions>
<gpxtpx:TrackPointExtension>
<gpxtpx:speed>1.19</gpxtpx:speed>
</gpxtpx:TrackPointExtension>
<opentracks:accuracy_horizontal>2.355</opentracks:accuracy_horizontal></extensions>
</trkpt>
<trkpt lat="-32.237752" lon="115.786616">
<ele>-28.7</ele>
<time>2026-09-04T09:15:10.083+08:00</time>
<extensions>
<gpxtpx:TrackPointExtension>
<gpxtpx:speed>1.14</gpxtpx:speed>
</gpxtpx:TrackPointExtension>
<opentracks:accuracy_horizontal>2.436</opentracks:accuracy_horizontal></extensions>
</trkpt>
<trkpt lat="-32.237657" lon="115.786619">
<ele>-28.6</ele>
<time>2026-09-04T09:15:19.07+08:00</time>
<extensions>
<gpxtpx:TrackPointExtension>
<gpxtpx:speed>1.15</gpxtpx:speed>
</gpxtpx:TrackPointExtension>
<opentracks:accuracy_horizontal>2.37</opentracks:accuracy_horizontal></extensions>
</trkpt>
<trkpt lat="-32.237568" lon="115.786564">
<ele>-27.9</ele>
<time>2026-09-04T09:15:29.068+08:00</time>
<extensions>
<gpxtpx:TrackPointExtension>
<gpxtpx:speed>1.12</gpxtpx:speed>
</gpxtpx:TrackPointExtension>
<opentracks:accuracy_horizontal>2.312</opentracks:accuracy_horizontal></extensions>
</trkpt>
<trkpt lat="-32.237496" lon="115.786494">
<ele>-27.7</ele>
<time>2026-09-04T09:15:37.066+08:00</time>
<extensions>
<gpxtpx:TrackPointExtension>
<gpxtpx:speed>1.2</gpxtpx:speed>
</gpxtpx:TrackPointExtension>
<opentracks:accuracy_horizontal>2.288</opentracks:accuracy_horizontal></extensions>
</trkpt>
<trkpt lat="-32.237414" lon="115.786432">
<ele>-27.1</ele>
<time>2026-09-04T09:15:46.067+08:00</time>
<extensions>
<gpxtpx:TrackPointExtension>
<gpxtpx:speed>1.2</gpxtpx:speed>
</gpxtpx:TrackPointExtension>
<opentracks:accuracy_horizontal>2.302</opentracks:accuracy_horizontal></extensions>
</trkpt>
<trkpt lat="-32.237328" lon="115.78647">
<ele>-28</ele>
<time>2026-09-04T09:15:55.073+08:00</time>
<extensions>
<gpxtpx:TrackPointExtension>
<gpxtpx:speed>1.2</gpxtpx:speed>
</gpxtpx:TrackPointExtension>
<opentracks:accuracy_horizontal>2.369</opentracks:accuracy_horizontal></extensions>
</trkpt>
<trkpt lat="-32.237229" lon="115.786487">
<ele>-28.4</ele>
<time>2026-09-04T09:16:04.071+08:00</time>
<extensions>
<gpxtpx:TrackPointExtension>
<gpxtpx:speed>1.21</gpxtpx:speed>
</gpxtpx:TrackPointExtension>
<opentracks:accuracy_horizontal>2.286</opentracks:accuracy_horizontal></extensions>
</trkpt>
<trkpt lat="-32.237129" lon="115.786458">
<ele>-28.3</ele>
<time>2026-09-04T09:16:13.058+08:00</time>
<extensions>
<gpxtpx:TrackPointExtension>
<gpxtpx:speed>1.27</gpxtpx:speed>
</gpxtpx:TrackPointExtension>
<opentracks:accuracy_horizontal>2.294</opentracks:accuracy_horizontal></extensions>
</trkpt>
<trkpt lat="-32.237029" lon="115.786456">
<ele>-28.3</ele>
<time>2026-09-04T09:16:22.066+08:00</time>
<extensions>
<gpxtpx:TrackPointExtension>
<gpxtpx:speed>1.25</gpxtpx:speed>
</gpxtpx:TrackPointExtension>
<opentracks:accuracy_horizontal>2.321</opentracks:accuracy_horizontal></extensions>
</trkpt>
<trkpt lat="-32.236937" lon="115.786458">
<ele>-28.6</ele>
<time>2026-09-04T09:16:31.058+08:00</time>
<extensions>
<gpxtpx:TrackPointExtension>
<gpxtpx:speed>1.21</gpxtpx:speed>
</gpxtpx:TrackPointExtension>
<opentracks:accuracy_horizontal>2.35</opentracks:accuracy_horizontal></extensions>
</trkpt>
<trkpt lat="-32.236842" lon="115.786478">
<ele>-28.3</ele>
<time>2026-09-04T09:16:40.074+08:00</time>
<extensions>
<gpxtpx:TrackPointExtension>
<gpxtpx:speed>1.21</gpxtpx:speed>
</gpxtpx:TrackPointExtension>
<opentracks:accuracy_horizontal>2.281</opentracks:accuracy_horizontal></extensions>
</trkpt>
<trkpt lat="-32.236757" lon="115.786533">
<ele>-28.5</ele>
<time>2026-09-04T09:16:49.066+08:00</time>
<extensions>
<gpxtpx:TrackPointExtension>
<gpxtpx:speed>1.2</gpxtpx:speed>
</gpxtpx:TrackPointExtension>
<opentracks:accuracy_horizontal>2.348</opentracks:accuracy_horizontal></extensions>
</trkpt>
<trkpt lat="-32.236672" lon="115.786573">
<ele>-28.4</ele>
<time>2026-09-04T09:16:57.073+08:00</time>
<extensions>
<gpxtpx:TrackPointExtension>
<gpxtpx:speed>1.24</gpxtpx:speed>
</gpxtpx:TrackPointExtension>
<opentracks:accuracy_horizontal>2.273</opentracks:accuracy_horizontal></extensions>
</trkpt>
<trkpt lat="-32.236582" lon="115.786619">
<ele>-28.7</ele>
<time>2026-09-04T09:17:06.086+08:00</time>
<extensions>
<gpxtpx:TrackPointExtension>
<gpxtpx:speed>1.23</gpxtpx:speed>
</gpxtpx:TrackPointExtension>
<opentracks:accuracy_horizontal>2.294</opentracks:accuracy_horizontal></extensions>
</trkpt>
<trkpt lat="-32.23649" lon="115.78664">
<ele>-28.2</ele>
<time>2026-09-04T09:17:14.074+08:00</time>
<extensions>
<gpxtpx:TrackPointExtension>
<gpxtpx:speed>1.26</gpxtpx:speed>
</gpxtpx:TrackPointExtension>
<opentracks:accuracy_horizontal>2.278</opentracks:accuracy_horizontal></extensions>
</trkpt>
<trkpt lat="-32.236395" lon="115.786674">
<ele>-28.5</ele>
<time>2026-09-04T09:17:23.084+08:00</time>
<extensions>
<gpxtpx:TrackPointExtension>
<gpxtpx:speed>1.22</gpxtpx:speed>
</gpxtpx:TrackPointExtension>
<opentracks:accuracy_horizontal>2.3</opentracks:accuracy_horizontal></extensions>
</trkpt>
<trkpt lat="-32.236298" lon="115.78666">
<ele>-29.1</ele>
<time>2026-09-04T09:17:32.075+08:00</time>
<extensions>
<gpxtpx:TrackPointExtension>
<gpxtpx:speed>1.22</gpxtpx:speed>
</gpxtpx:TrackPointExtension>
<opentracks:accuracy_horizontal>2.4</opentracks:accuracy_horizontal></extensions>
</trkpt>
<trkpt lat="-32.236209" lon="115.786642">
<ele>-28.5</ele>
<time>2026-09-04T09:17:39.064+08:00</time>
<extensions>
<gpxtpx:TrackPointExtension>
<gpxtpx:speed>1.32</gpxtpx:speed>
</gpxtpx:TrackPointExtension>
<opentracks:accuracy_horizontal>2.317</opentracks:accuracy_horizontal></extensions>
</trkpt>
<trkpt lat="-32.236117" lon="115.78664">
<ele>-27.8</ele>
<time>2026-09-04T09:17:48.077+08:00</time>
<extensions>
<gpxtpx:TrackPointExtension>
<gpxtpx:speed>1.22</gpxtpx:speed>
</gpxtpx:TrackPointExtension>
<opentracks:accuracy_horizontal>2.368</opentracks:accuracy_horizontal></extensions>
</trkpt>
<trkpt lat="-32.236024" lon="115.786641">
<ele>-28.4</ele>
<time>2026-09-04T09:17:58.073+08:00</time>
<extensions>
<gpxtpx:TrackPointExtension>
<gpxtpx:speed>1.14</gpxtpx:speed>
</gpxtpx:TrackPointExtension>
<opentracks:accuracy_horizontal>2.334</opentracks:accuracy_horizontal></extensions>
</trkpt>
<trkpt lat="-32.23593" lon="115.786631">
<ele>-29.4</ele>
<time>2026-09-04T09:18:07.066+08:00</time>
<extensions>
<gpxtpx:TrackPointExtension>
<gpxtpx:speed>1.16</gpxtpx:speed>
</gpxtpx:TrackPointExtension>
<opentracks:accuracy_horizontal>2.354</opentracks:accuracy_horizontal></extensions>
</trkpt>
<trkpt lat="-32.235836" lon="115.786614">
<ele>-29.2</ele>
<time>2026-09-04T09:18:15.071+08:00</time>
<extensions>
<gpxtpx:TrackPointExtension>
<gpxtpx:speed>1.25</gpxtpx:speed>
</gpxtpx:TrackPointExtension>
<opentracks:accuracy_horizontal>2.467</opentracks:accuracy_horizontal></extensions>
</trkpt>
<trkpt lat="-32.235747" lon="115.786563">
<ele>-27.7</ele>
<time>2026-09-04T09:18:24.071+08:00</time>
<extensions>
<gpxtpx:TrackPointExtension>
<gpxtpx:speed>1.22</gpxtpx:speed>
</gpxtpx:TrackPointExtension>
<opentracks:accuracy_horizontal>2.535</opentracks:accuracy_horizontal></extensions>
</trkpt>
<trkpt lat="-32.235652" lon="115.786551">
<ele>-27.3</ele>
<time>2026-09-04T09:18:33.068+08:00</time>
<extensions>
<gpxtpx:TrackPointExtension>
<gpxtpx:speed>1.2</gpxtpx:speed>
</gpxtpx:TrackPointExtension>
<opentracks:accuracy_horizontal>2.327</opentracks:accuracy_horizontal></extensions>
</trkpt>
<trkpt lat="-32.235551" lon="115.786549">
<ele>-27.6</ele>
<time>2026-09-04T09:18:42.068+08:00</time>
<extensions>
<gpxtpx:TrackPointExtension>
<gpxtpx:speed>1.23</gpxtpx:speed>
</gpxtpx:TrackPointExtension>
<opentracks:accuracy_horizontal>2.312</opentracks:accuracy_horizontal></extensions>
</trkpt>
<trkpt lat="-32.235452" lon="115.786539">
<ele>-26.7</ele>
<time>2026-09-04T09:18:51.055+08:00</time>
<extensions>
<gpxtpx:TrackPointExtension>
<gpxtpx:speed>1.21</gpxtpx:speed>
</gpxtpx:TrackPointExtension>
<opentracks:accuracy_horizontal>2.664</opentracks:accuracy_horizontal></extensions>
</trkpt>
<trkpt lat="-32.235364" lon="115.786525">
<ele>-26.6</ele>
<time>2026-09-04T09:19:00.063+08:00</time>
<extensions>
<gpxtpx:TrackPointExtension>
<gpxtpx:speed>1.13</gpxtpx:speed>
</gpxtpx:TrackPointExtension>
<opentracks:accuracy_horizontal>2.485</opentracks:accuracy_horizontal></extensions>
</trkpt>
<trkpt lat="-32.235273" lon="115.786513">
<ele>-26.5</ele>
<time>2026-09-04T09:19:08.08+08:00</time>
<extensions>
<gpxtpx:TrackPointExtension>
<gpxtpx:speed>1.17</gpxtpx:speed>
</gpxtpx:TrackPointExtension>
<opentracks:accuracy_horizontal>2.422</opentracks:accuracy_horizontal></extensions>
</trkpt>
<trkpt lat="-32.235182" lon="115.786522">
<ele>-27</ele>
<time>2026-09-04T09:19:17.08+08:00</time>
<extensions>
<gpxtpx:TrackPointExtension>
<gpxtpx:speed>1.12</gpxtpx:speed>
</gpxtpx:TrackPointExtension>
<opentracks:accuracy_horizontal>2.501</opentracks:accuracy_horizontal></extensions>
</trkpt>
<trkpt lat="-32.235169" lon="115.786522">
<ele>-28</ele>
<time>2026-09-04T09:19:27.047+08:00</time>
<extensions>
<gpxtpx:TrackPointExtension>
<gpxtpx:speed>0.11</gpxtpx:speed>
</gpxtpx:TrackPointExtension>
<opentracks:accuracy_horizontal>2.184</opentracks:accuracy_horizontal></extensions>
</trkpt>
<trkpt lat="-32.235077" lon="115.786506">
<ele>-28.6</ele>
<time>2026-09-04T09:19:38.057+08:00</time>
<extensions>
<gpxtpx:TrackPointExtension>
<gpxtpx:speed>1.33</gpxtpx:speed>
</gpxtpx:TrackPointExtension>
<opentracks:accuracy_horizontal>2.571</opentracks:accuracy_horizontal></extensions>
</trkpt>
<trkpt lat="-32.234986" lon="115.786506">
<ele>-28.2</ele>
<time>2026-09-04T09:19:46.074+08:00</time>
<extensions>
<gpxtpx:TrackPointExtension>
<gpxtpx:speed>1.28</gpxtpx:speed>
</gpxtpx:TrackPointExtension>
<opentracks:accuracy_horizontal>2.745</opentracks:accuracy_horizontal></extensions>
</trkpt>
<trkpt lat="-32.234891" lon="115.786488">
<ele>-27.8</ele>
<time>2026-09-04T09:19:55.072+08:00</time>
<extensions>
<gpxtpx:TrackPointExtension>
<gpxtpx:speed>1.21</gpxtpx:speed>
</gpxtpx:TrackPointExtension>
<opentracks:accuracy_horizontal>2.641</opentracks:accuracy_horizontal></extensions>
</trkpt>
<trkpt lat="-32.234798" lon="115.786481">
<ele>-27.2</ele>
<time>2026-09-04T09:20:02.071+08:00</time>
<extensions>
<gpxtpx:TrackPointExtension>
<gpxtpx:speed>1.31</gpxtpx:speed>
</gpxtpx:TrackPointExtension>
<opentracks:accuracy_horizontal>2.388</opentracks:accuracy_horizontal></extensions>
</trkpt>
<trkpt lat="-32.234705" lon="115.786472">
<ele>-27.6</ele>
<time>2026-09-04T09:20:11.078+08:00</time>
<extensions>
<gpxtpx:TrackPointExtension>
<gpxtpx:speed>1.19</gpxtpx:speed>
</gpxtpx:TrackPointExtension>
<opentracks:accuracy_horizontal>2.505</opentracks:accuracy_horizontal></extensions>
</trkpt>
<trkpt lat="-32.234613" lon="115.786478">
<ele>-27.1</ele>
<time>2026-09-04T09:20:19.068+08:00</time>
<extensions>
<gpxtpx:TrackPointExtension>
<gpxtpx:speed>1.24</gpxtpx:speed>
</gpxtpx:TrackPointExtension>
<opentracks:accuracy_horizontal>2.462</opentracks:accuracy_horizontal></extensions>
</trkpt>
<trkpt lat="-32.234513" lon="115.78648">
<ele>-26.9</ele>
<time>2026-09-04T09:20:28.066+08:00</time>
<extensions>
<gpxtpx:TrackPointExtension>
<gpxtpx:speed>1.23</gpxtpx:speed>
</gpxtpx:TrackPointExtension>
<opentracks:accuracy_horizontal>2.43</opentracks:accuracy_horizontal></extensions>
</trkpt>
<trkpt lat="-32.234414" lon="115.78648">
<ele>-26.7</ele>
<time>2026-09-04T09:20:37.078+08:00</time>
<extensions>
<gpxtpx:TrackPointExtension>
<gpxtpx:speed>1.21</gpxtpx:speed>
</gpxtpx:TrackPointExtension>
<opentracks:accuracy_horizontal>2.502</opentracks:accuracy_horizontal></extensions>
</trkpt>
<trkpt lat="-32.234314" lon="115.786459">
<ele>-26.5</ele>
<time>2026-09-04T09:20:46.057+08:00</time>
<extensions>
<gpxtpx:TrackPointExtension>
<gpxtpx:speed>1.23</gpxtpx:speed>
</gpxtpx:TrackPointExtension>
<opentracks:accuracy_horizontal>2.59</opentracks:accuracy_horizontal></extensions>
</trkpt>
<trkpt lat="-32.234224" lon="115.786448">
<ele>-27.3</ele>
<time>2026-09-04T09:20:53.068+08:00</time>
<extensions>
<gpxtpx:TrackPointExtension>
<gpxtpx:speed>1.33</gpxtpx:speed>
</gpxtpx:TrackPointExtension>
<opentracks:accuracy_horizontal>2.436</opentracks:accuracy_horizontal></extensions>
</trkpt>
<trkpt lat="-32.234132" lon="115.786445">
<ele>-26.4</ele>
<time>2026-09-04T09:21:01.074+08:00</time>
<extensions>
<gpxtpx:TrackPointExtension>
<gpxtpx:speed>1.26</gpxtpx:speed>
</gpxtpx:TrackPointExtension>
<opentracks:accuracy_horizontal>2.467</opentracks:accuracy_horizontal></extensions>
</trkpt>
<trkpt lat="-32.234035" lon="115.786458">
<ele>-27.6</ele>
<time>2026-09-04T09:21:10.084+08:00</time>
<extensions>
<gpxtpx:TrackPointExtension>
<gpxtpx:speed>1.22</gpxtpx:speed>
</gpxtpx:TrackPointExtension>
<opentracks:accuracy_horizontal>2.571</opentracks:accuracy_horizontal></extensions>
</trkpt>
<trkpt lat="-32.233939" lon="115.786462">
<ele>-27.3</ele>
<time>2026-09-04T09:21:19.07+08:00</time>
<extensions>
<gpxtpx:TrackPointExtension>
<gpxtpx:speed>1.19</gpxtpx:speed>
</gpxtpx:TrackPointExtension>
<opentracks:accuracy_horizontal>2.578</opentracks:accuracy_horizontal></extensions>
</trkpt>
<trkpt lat="-32.233845" lon="115.786454">
<ele>-28</ele>
<time>2026-09-04T09:21:27.078+08:00</time>
<extensions>
<gpxtpx:TrackPointExtension>
<gpxtpx:speed>1.25</gpxtpx:speed>
</gpxtpx:TrackPointExtension>
<opentracks:accuracy_horizontal>2.413</opentracks:accuracy_horizontal></extensions>
</trkpt>
<trkpt lat="-32.233753" lon="115.786443">
<ele>-26.9</ele>
<time>2026-09-04T09:21:35.086+08:00</time>
<extensions>
<gpxtpx:TrackPointExtension>
<gpxtpx:speed>1.24</gpxtpx:speed>
</gpxtpx:TrackPointExtension>
<opentracks:accuracy_horizontal>2.362</opentracks:accuracy_horizontal></extensions>
</trkpt>
<trkpt lat="-32.233662" lon="115.786427">
<ele>-26.6</ele>
<time>2026-09-04T09:21:44.121+08:00</time>
<extensions>
<gpxtpx:TrackPointExtension>
<gpxtpx:speed>1.16</gpxtpx:speed>
</gpxtpx:TrackPointExtension>
<opentracks:accuracy_horizontal>2.537</opentracks:accuracy_horizontal></extensions>
</trkpt>
<trkpt lat="-32.233569" lon="115.7864">
<ele>-27</ele>
<time>2026-09-04T09:21:53.088+08:00</time>
<extensions>
<gpxtpx:TrackPointExtension>
<gpxtpx:speed>1.16</gpxtpx:speed>
</gpxtpx:TrackPointExtension>
<opentracks:accuracy_horizontal>2.742</opentracks:accuracy_horizontal></extensions>
</trkpt>
<trkpt lat="-32.23347" lon="115.786381">
<ele>-28.1</ele>
<time>2026-09-04T09:22:02.07+08:00</time>
<extensions>
<gpxtpx:TrackPointExtension>
<gpxtpx:speed>1.2</gpxtpx:speed>
</gpxtpx:TrackPointExtension>
<opentracks:accuracy_horizontal>2.616</opentracks:accuracy_horizontal></extensions>
</trkpt>
<trkpt lat="-32.233378" lon="115.786365">
<ele>-26.5</ele>
<time>2026-09-04T09:22:10.082+08:00</time>
<extensions>
<gpxtpx:TrackPointExtension>
<gpxtpx:speed>1.22</gpxtpx:speed>
</gpxtpx:TrackPointExtension>
<opentracks:accuracy_horizontal>2.508</opentracks:accuracy_horizontal></extensions>
</trkpt>
<trkpt lat="-32.233278" lon="115.786379">
<ele>-26</ele>
<time>2026-09-04T09:22:19.067+08:00</time>
<extensions>
<gpxtpx:TrackPointExtension>
<gpxtpx:speed>1.21</gpxtpx:speed>
</gpxtpx:TrackPointExtension>
<opentracks:accuracy_horizontal>2.603</opentracks:accuracy_horizontal></extensions>
</trkpt>
<trkpt lat="-32.23325" lon="115.786362">
<ele>-26.8</ele>
<time>2026-09-04T09:22:29.076+08:00</time>
<extensions>
<gpxtpx:TrackPointExtension>
<gpxtpx:speed>0.4</gpxtpx:speed>
</gpxtpx:TrackPointExtension>
<opentracks:accuracy_horizontal>2.715</opentracks:accuracy_horizontal></extensions>
</trkpt>
<trkpt lat="-32.233156" lon="115.786362">
<ele>-25.4</ele>
<time>2026-09-04T09:22:56.08+08:00</time>
<extensions>
<gpxtpx:TrackPointExtension>
<gpxtpx:speed>1.33</gpxtpx:speed>
</gpxtpx:TrackPointExtension>
<opentracks:accuracy_horizontal>2.541</opentracks:accuracy_horizontal></extensions>
</trkpt>
<trkpt lat="-32.23306" lon="115.786367">
<ele>-25.8</ele>
<time>2026-09-04T09:23:05.082+08:00</time>
<extensions>
<gpxtpx:TrackPointExtension>
<gpxtpx:speed>1.23</gpxtpx:speed>
</gpxtpx:TrackPointExtension>
<opentracks:accuracy_horizontal>2.322</opentracks:accuracy_horizontal></extensions>
</trkpt>
<trkpt lat="-32.232963" lon="115.78636">
<ele>-24.6</ele>
<time>2026-09-04T09:23:13.078+08:00</time>
<extensions>
<gpxtpx:TrackPointExtension>
<gpxtpx:speed>1.26</gpxtpx:speed>
</gpxtpx:TrackPointExtension>
<opentracks:accuracy_horizontal>2.378</opentracks:accuracy_horizontal></extensions>
</trkpt>
<trkpt lat="-32.232868" lon="115.786321">
<ele>-24.3</ele>
<time>2026-09-04T09:23:21.091+08:00</time>
<extensions>
<gpxtpx:TrackPointExtension>
<gpxtpx:speed>1.3</gpxtpx:speed>
</gpxtpx:TrackPointExtension>
<opentracks:accuracy_horizontal>2.467</opentracks:accuracy_horizontal></extensions>
</trkpt>
<trkpt lat="-32.232772" lon="115.786304">
<ele>-26.1</ele>
<time>2026-09-04T09:23:30.072+08:00</time>
<extensions>
<gpxtpx:TrackPointExtension>
<gpxtpx:speed>1.22</gpxtpx:speed>
</gpxtpx:TrackPointExtension>
<opentracks:accuracy_horizontal>2.725</opentracks:accuracy_horizontal></extensions>
</trkpt>
<trkpt lat="-32.232676" lon="115.786309">
<ele>-26.2</ele>
<time>2026-09-04T09:23:39.073+08:00</time>
<extensions>
<gpxtpx:TrackPointExtension>
<gpxtpx:speed>1.22</gpxtpx:speed>
</gpxtpx:TrackPointExtension>
<opentracks:accuracy_horizontal>2.552</opentracks:accuracy_horizontal></extensions>
</trkpt>
<trkpt lat="-32.23258" lon="115.786302">
<ele>-26.8</ele>
<time>2026-09-04T09:23:47.079+08:00</time>
<extensions>
<gpxtpx:TrackPointExtension>
<gpxtpx:speed>1.25</gpxtpx:speed>
</gpxtpx:TrackPointExtension>
<opentracks:accuracy_horizontal>2.417</opentracks:accuracy_horizontal></extensions>
</trkpt>
<trkpt lat="-32.232486" lon="115.786283">
<ele>-26</ele>
<time>2026-09-04T09:23:56.081+08:00</time>
<extensions>
<gpxtpx:TrackPointExtension>
<gpxtpx:speed>1.18</gpxtpx:speed>
</gpxtpx:TrackPointExtension>
<opentracks:accuracy_horizontal>2.725</opentracks:accuracy_horizontal></extensions>
</trkpt>
<trkpt lat="-32.232387" lon="115.786272">
<ele>-25.9</ele>
<time>2026-09-04T09:24:04.068+08:00</time>
<extensions>
<gpxtpx:TrackPointExtension>
<gpxtpx:speed>1.26</gpxtpx:speed>
</gpxtpx:TrackPointExtension>
<opentracks:accuracy_horizontal>2.558</opentracks:accuracy_horizontal></extensions>
</trkpt>
<trkpt lat="-32.232286" lon="115.786265">
<ele>-26.6</ele>
<time>2026-09-04T09:24:13.075+08:00</time>
<extensions>
<gpxtpx:TrackPointExtension>
<gpxtpx:speed>1.24</gpxtpx:speed>
</gpxtpx:TrackPointExtension>
<opentracks:accuracy_horizontal>2.425</opentracks:accuracy_horizontal></extensions>
</trkpt>
<trkpt lat="-32.23219" lon="115.786278">
<ele>-26.1</ele>
<time>2026-09-04T09:24:21.083+08:00</time>
<extensions>
<gpxtpx:TrackPointExtension>
<gpxtpx:speed>1.26</gpxtpx:speed>
</gpxtpx:TrackPointExtension>
<opentracks:accuracy_horizontal>2.433</opentracks:accuracy_horizontal></extensions>
</trkpt>
<trkpt lat="-32.232096" lon="115.786299">
<ele>-26.7</ele>
<time>2026-09-04T09:24:29.088+08:00</time>
<extensions>
<gpxtpx:TrackPointExtension>
<gpxtpx:speed>1.26</gpxtpx:speed>
</gpxtpx:TrackPointExtension>
<opentracks:accuracy_horizontal>2.513</opentracks:accuracy_horizontal></extensions>
</trkpt>
<trkpt lat="-32.232" lon="115.786303">
<ele>-26.4</ele>
<time>2026-09-04T09:24:38.074+08:00</time>
<extensions>
<gpxtpx:TrackPointExtension>
<gpxtpx:speed>1.19</gpxtpx:speed>
</gpxtpx:TrackPointExtension>
<opentracks:accuracy_horizontal>2.433</opentracks:accuracy_horizontal></extensions>
</trkpt>
<trkpt lat="-32.231909" lon="115.786303">
<ele>-26.5</ele>
<time>2026-09-04T09:24:46.119+08:00</time>
<extensions>
<gpxtpx:TrackPointExtension>
<gpxtpx:speed>1.22</gpxtpx:speed>
</gpxtpx:TrackPointExtension>
<opentracks:accuracy_horizontal>2.523</opentracks:accuracy_horizontal></extensions>
</trkpt>
<trkpt lat="-32.231816" lon="115.786282">
<ele>-25.9</ele>
<time>2026-09-04T09:24:54.075+08:00</time>
<extensions>
<gpxtpx:TrackPointExtension>
<gpxtpx:speed>1.25</gpxtpx:speed>
</gpxtpx:TrackPointExtension>
<opentracks:accuracy_horizontal>2.661</opentracks:accuracy_horizontal></extensions>
</trkpt>
<trkpt lat="-32.231717" lon="115.786262">
<ele>-26</ele>
<time>2026-09-04T09:25:03.113+08:00</time>
<extensions>
<gpxtpx:TrackPointExtension>
<gpxtpx:speed>1.19</gpxtpx:speed>
</gpxtpx:TrackPointExtension>
<opentracks:accuracy_horizontal>2.65</opentracks:accuracy_horizontal></extensions>
</trkpt>
<trkpt lat="-32.231627" lon="115.786253">
<ele>-25.9</ele>
<time>2026-09-04T09:25:11.09+08:00</time>
<extensions>
<gpxtpx:TrackPointExtension>
<gpxtpx:speed>1.19</gpxtpx:speed>
</gpxtpx:TrackPointExtension>
<opentracks:accuracy_horizontal>2.581</opentracks:accuracy_horizontal></extensions>
</trkpt>
<trkpt lat="-32.231535" lon="115.786234">
<ele>-27.5</ele>
<time>2026-09-04T09:25:21.066+08:00</time>
<extensions>
<gpxtpx:TrackPointExtension>
<gpxtpx:speed>1.06</gpxtpx:speed>
</gpxtpx:TrackPointExtension>
<opentracks:accuracy_horizontal>2.505</opentracks:accuracy_horizontal></extensions>
</trkpt>
<trkpt lat="-32.23144" lon="115.786229">
<ele>-27.7</ele>
<time>2026-09-04T09:25:29.083+08:00</time>
<extensions>
<gpxtpx:TrackPointExtension>
<gpxtpx:speed>1.17</gpxtpx:speed>
</gpxtpx:TrackPointExtension>
<opentracks:accuracy_horizontal>2.702</opentracks:accuracy_horizontal></extensions>
</trkpt>
<trkpt lat="-32.231343" lon="115.786265">
<ele>-27.9</ele>
<time>2026-09-04T09:25:37.117+08:00</time>
<extensions>
<gpxtpx:TrackPointExtension>
<gpxtpx:speed>1.27</gpxtpx:speed>
</gpxtpx:TrackPointExtension>
<opentracks:accuracy_horizontal>2.715</opentracks:accuracy_horizontal></extensions>
</trkpt>
<trkpt lat="-32.231276" lon="115.78634">
<ele>-27.3</ele>
<time>2026-09-04T09:25:45.068+08:00</time>
<extensions>
<gpxtpx:TrackPointExtension>
<gpxtpx:speed>1.27</gpxtpx:speed>
</gpxtpx:TrackPointExtension>
<opentracks:accuracy_horizontal>2.58</opentracks:accuracy_horizontal></extensions>
</trkpt>
<trkpt lat="-32.231181" lon="115.786347">
<ele>-26.5</ele>
<time>2026-09-04T09:25:53.07+08:00</time>
<extensions>
<gpxtpx:TrackPointExtension>
<gpxtpx:speed>1.29</gpxtpx:speed>
</gpxtpx:TrackPointExtension>
<opentracks:accuracy_horizontal>2.604</opentracks:accuracy_horizontal></extensions>
</trkpt>
<trkpt lat="-32.231088" lon="115.786341">
<ele>-26.5</ele>
<time>2026-09-04T09:26:00.079+08:00</time>
<extensions>
<gpxtpx:TrackPointExtension>
<gpxtpx:speed>1.33</gpxtpx:speed>
</gpxtpx:TrackPointExtension>
<opentracks:accuracy_horizontal>2.457</opentracks:accuracy_horizontal></extensions>
</trkpt>
<trkpt lat="-32.230994" lon="115.786363">
<ele>-25.5</ele>
<time>2026-09-04T09:26:08.08+08:00</time>
<extensions>
<gpxtpx:TrackPointExtension>
<gpxtpx:speed>1.3</gpxtpx:speed>
</gpxtpx:TrackPointExtension>
<opentracks:accuracy_horizontal>2.598</opentracks:accuracy_horizontal></extensions>
</trkpt>
<trkpt lat="-32.230902" lon="115.786404">
<ele>-26.5</ele>
<time>2026-09-04T09:26:16.114+08:00</time>
<extensions>
<gpxtpx:TrackPointExtension>
<gpxtpx:speed>1.3</gpxtpx:speed>
</gpxtpx:TrackPointExtension>
<opentracks:accuracy_horizontal>2.478</opentracks:accuracy_horizontal></extensions>
</trkpt>
<trkpt lat="-32.230812" lon="115.786434">
<ele>-26.4</ele>
<time>2026-09-04T09:26:25.119+08:00</time>
<extensions>
<gpxtpx:TrackPointExtension>
<gpxtpx:speed>1.25</gpxtpx:speed>
</gpxtpx:TrackPointExtension>
<opentracks:accuracy_horizontal>2.415</opentracks:accuracy_horizontal></extensions>
</trkpt>
<trkpt lat="-32.230718" lon="115.786473">
<ele>-26.9</ele>
<time>2026-09-04T09:26:33.128+08:00</time>
<extensions>
<gpxtpx:TrackPointExtension>
<gpxtpx:speed>1.29</gpxtpx:speed>
</gpxtpx:TrackPointExtension>
<opentracks:accuracy_horizontal>2.629</opentracks:accuracy_horizontal></extensions>
</trkpt>
<trkpt lat="-32.230621" lon="115.786501">
<ele>-27.2</ele>
<time>2026-09-04T09:26:42.114+08:00</time>
<extensions>
<gpxtpx:TrackPointExtension>
<gpxtpx:speed>1.25</gpxtpx:speed>
</gpxtpx:TrackPointExtension>
<opentracks:accuracy_horizontal>2.578</opentracks:accuracy_horizontal></extensions>
</trkpt>
<trkpt lat="-32.230529" lon="115.786505">
<ele>-26.9</ele>
<time>2026-09-04T09:26:50.107+08:00</time>
<extensions>
<gpxtpx:TrackPointExtension>
<gpxtpx:speed>1.26</gpxtpx:speed>
</gpxtpx:TrackPointExtension>
<opentracks:accuracy_horizontal>2.522</opentracks:accuracy_horizontal></extensions>
</trkpt>
<trkpt lat="-32.230428" lon="115.786506">
<ele>-27.1</ele>
<time>2026-09-04T09:26:58.071+08:00</time>
<extensions>
<gpxtpx:TrackPointExtension>
<gpxtpx:speed>1.31</gpxtpx:speed>
</gpxtpx:TrackPointExtension>
<opentracks:accuracy_horizontal>2.869</opentracks:accuracy_horizontal></extensions>
</trkpt>
<trkpt lat="-32.230336" lon="115.786503">
<ele>-27.3</ele>
<time>2026-09-04T09:27:06.099+08:00</time>
<extensions>
<gpxtpx:TrackPointExtension>
<gpxtpx:speed>1.25</gpxtpx:speed>
</gpxtpx:TrackPointExtension>
<opentracks:accuracy_horizontal>2.545</opentracks:accuracy_horizontal></extensions>
</trkpt>
<trkpt lat="-32.230246" lon="115.786543">
<ele>-26.8</ele>
<time>2026-09-04T09:27:14.081+08:00</time>
<extensions>
<gpxtpx:TrackPointExtension>
<gpxtpx:speed>1.26</gpxtpx:speed>
</gpxtpx:TrackPointExtension>
<opentracks:accuracy_horizontal>2.716</opentracks:accuracy_horizontal></extensions>
</trkpt>
<trkpt lat="-32.23016" lon="115.78659">
<ele>-26.8</ele>
<time>2026-09-04T09:27:22.073+08:00</time>
<extensions>
<gpxtpx:TrackPointExtension>
<gpxtpx:speed>1.27</gpxtpx:speed>
</gpxtpx:TrackPointExtension>
<opentracks:accuracy_horizontal>2.547</opentracks:accuracy_horizontal></extensions>
</trkpt>
<trkpt lat="-32.230064" lon="115.786618">
<ele>-26</ele>
<time>2026-09-04T09:27:30.088+08:00</time>
<extensions>
<gpxtpx:TrackPointExtension>
<gpxtpx:speed>1.29</gpxtpx:speed>
</gpxtpx:TrackPointExtension>
<opentracks:accuracy_horizontal>2.497</opentracks:accuracy_horizontal></extensions>
</trkpt>
<trkpt lat="-32.229975" lon="115.786641">
<ele>-27</ele>
<time>2026-09-04T09:27:38.081+08:00</time>
<extensions>
<gpxtpx:TrackPointExtension>
<gpxtpx:speed>1.26</gpxtpx:speed>
</gpxtpx:TrackPointExtension>
<opentracks:accuracy_horizontal>2.361</opentracks:accuracy_horizontal></extensions>
</trkpt>
<trkpt lat="-32.229882" lon="115.786656">
<ele>-26.7</ele>
<time>2026-09-04T09:27:46.086+08:00</time>
<extensions>
<gpxtpx:TrackPointExtension>
<gpxtpx:speed>1.28</gpxtpx:speed>
</gpxtpx:TrackPointExtension>
<opentracks:accuracy_horizontal>2.685</opentracks:accuracy_horizontal></extensions>
</trkpt>
<trkpt lat="-32.229792" lon="115.786679">
<ele>-27.7</ele>
<time>2026-09-04T09:27:54.08+08:00</time>
<extensions>
<gpxtpx:TrackPointExtension>
<gpxtpx:speed>1.25</gpxtpx:speed>
</gpxtpx:TrackPointExtension>
<opentracks:accuracy_horizontal>2.446</opentracks:accuracy_horizontal></extensions>
</trkpt>
<trkpt lat="-32.229699" lon="115.786681">
<ele>-26.7</ele>
<time>2026-09-04T09:28:02.071+08:00</time>
<extensions>
<gpxtpx:TrackPointExtension>
<gpxtpx:speed>1.25</gpxtpx:speed>
</gpxtpx:TrackPointExtension>
<opentracks:accuracy_horizontal>2.568</opentracks:accuracy_horizontal></extensions>
</trkpt>
<trkpt lat="-32.229605" lon="115.786679">
<ele>-26.6</ele>
<time>2026-09-04T09:28:10.083+08:00</time>
<extensions>
<gpxtpx:TrackPointExtension>
<gpxtpx:speed>1.25</gpxtpx:speed>
</gpxtpx:TrackPointExtension>
<opentracks:accuracy_horizontal>2.648</opentracks:accuracy_horizontal></extensions>
</trkpt>
<trkpt lat="-32.229513" lon="115.786693">
<ele>-26.9</ele>
<time>2026-09-04T09:28:18.074+08:00</time>
<extensions>
<gpxtpx:TrackPointExtension>
<gpxtpx:speed>1.25</gpxtpx:speed>
</gpxtpx:TrackPointExtension>
<opentracks:accuracy_horizontal>2.669</opentracks:accuracy_horizontal></extensions>
</trkpt>
<trkpt lat="-32.229417" lon="115.786711">
<ele>-26.8</ele>
<time>2026-09-04T09:28:26.122+08:00</time>
<extensions>
<gpxtpx:TrackPointExtension>
<gpxtpx:speed>1.28</gpxtpx:speed>
</gpxtpx:TrackPointExtension>
<opentracks:accuracy_horizontal>2.518</opentracks:accuracy_horizontal></extensions>
</trkpt>
<trkpt lat="-32.229326" lon="115.786748">
<ele>-25.3</ele>
<time>2026-09-04T09:28:35.099+08:00</time>
<extensions>
<gpxtpx:TrackPointExtension>
<gpxtpx:speed>1.21</gpxtpx:speed>
</gpxtpx:TrackPointExtension>
<opentracks:accuracy_horizontal>2.369</opentracks:accuracy_horizontal></extensions>
</trkpt>
<trkpt lat="-32.229233" lon="115.786766">
<ele>-25.2</ele>
<time>2026-09-04T09:28:43.078+08:00</time>
<extensions>
<gpxtpx:TrackPointExtension>
<gpxtpx:speed>1.23</gpxtpx:speed>
</gpxtpx:TrackPointExtension>
<opentracks:accuracy_horizontal>2.395</opentracks:accuracy_horizontal></extensions>
</trkpt>
<trkpt lat="-32.22914" lon="115.786795">
<ele>-25.6</ele>
<time>2026-09-04T09:28:51.083+08:00</time>
<extensions>
<gpxtpx:TrackPointExtension>
<gpxtpx:speed>1.26</gpxtpx:speed>
</gpxtpx:TrackPointExtension>
<opentracks:accuracy_horizontal>2.705</opentracks:accuracy_horizontal></extensions>
</trkpt>
<trkpt lat="-32.229042" lon="115.786823">
<ele>-26.5</ele>
<time>2026-09-04T09:29:00.083+08:00</time>
<extensions>
<gpxtpx:TrackPointExtension>
<gpxtpx:speed>1.25</gpxtpx:speed>
</gpxtpx:TrackPointExtension>
<opentracks:accuracy_horizontal>2.47</opentracks:accuracy_horizontal></extensions>
</trkpt>
<trkpt lat="-32.22895" lon="115.786843">
<ele>-24.5</ele>
<time>2026-09-04T09:29:08.085+08:00</time>
<extensions>
<gpxtpx:TrackPointExtension>
<gpxtpx:speed>1.25</gpxtpx:speed>
</gpxtpx:TrackPointExtension>
<opentracks:accuracy_horizontal>2.44</opentracks:accuracy_horizontal></extensions>
</trkpt>
<trkpt lat="-32.22886" lon="115.786875">
<ele>-23.1</ele>
<time>2026-09-04T09:29:16.079+08:00</time>
<extensions>
<gpxtpx:TrackPointExtension>
<gpxtpx:speed>1.27</gpxtpx:speed>
</gpxtpx:TrackPointExtension>
<opentracks:accuracy_horizontal>2.779</opentracks:accuracy_horizontal></extensions>
</trkpt>
<trkpt lat="-32.228766" lon="115.78686">
<ele>-22.9</ele>
<time>2026-09-04T09:29:25.076+08:00</time>
<extensions>
<gpxtpx:TrackPointExtension>
<gpxtpx:speed>1.21</gpxtpx:speed>
</gpxtpx:TrackPointExtension>
<opentracks:accuracy_horizontal>2.484</opentracks:accuracy_horizontal></extensions>
</trkpt>
<trkpt lat="-32.228683" lon="115.78686">
<ele>-23.5</ele>
<time>2026-09-04T09:29:35.082+08:00</time>
<extensions>
<gpxtpx:TrackPointExtension>
<gpxtpx:speed>0.95</gpxtpx:speed>
</gpxtpx:TrackPointExtension>
<opentracks:accuracy_horizontal>2.893</opentracks:accuracy_horizontal></extensions>
</trkpt>
<trkpt lat="-32.228588" lon="115.786884">
<ele>-23.6</ele>
<time>2026-09-04T09:29:44.077+08:00</time>
<extensions>
<gpxtpx:TrackPointExtension>
<gpxtpx:speed>1.13</gpxtpx:speed>
</gpxtpx:TrackPointExtension>
<opentracks:accuracy_horizontal>2.34</opentracks:accuracy_horizontal></extensions>
</trkpt>
<trkpt lat="-32.228513" lon="115.78695">
<ele>-22.9</ele>
<time>2026-09-04T09:29:52.091+08:00</time>
<extensions>
<gpxtpx:TrackPointExtension>
<gpxtpx:speed>1.21</gpxtpx:speed>
</gpxtpx:TrackPointExtension>
<opentracks:accuracy_horizontal>2.548</opentracks:accuracy_horizontal></extensions>
</trkpt>
<trkpt lat="-32.228429" lon="115.787002">
<ele>-21.7</ele>
<time>2026-09-04T09:30:01.084+08:00</time>
<extensions>
<gpxtpx:TrackPointExtension>
<gpxtpx:speed>1.18</gpxtpx:speed>
</gpxtpx:TrackPointExtension>
<opentracks:accuracy_horizontal>2.599</opentracks:accuracy_horizontal></extensions>
</trkpt>
<trkpt lat="-32.228355" lon="115.787044">
<ele>-20.8</ele>
<time>2026-09-04T09:30:11.083+08:00</time>
<extensions>
<gpxtpx:TrackPointExtension>
<gpxtpx:speed>1.1</gpxtpx:speed>
</gpxtpx:TrackPointExtension>
<opentracks:accuracy_horizontal>2.461</opentracks:accuracy_horizontal></extensions>
</trkpt>
<trkpt lat="-32.228264" lon="115.78703">
<ele>-21.8</ele>
<time>2026-09-04T09:30:20.078+08:00</time>
<extensions>
<gpxtpx:TrackPointExtension>
<gpxtpx:speed>1.12</gpxtpx:speed>
</gpxtpx:TrackPointExtension>
<opentracks:accuracy_horizontal>2.522</opentracks:accuracy_horizontal></extensions>
</trkpt>
<trkpt lat="-32.228233" lon="115.787018">
<ele>-21.6</ele>
<time>2026-09-04T09:30:30.074+08:00</time>
<extensions>
<gpxtpx:TrackPointExtension>
<gpxtpx:speed>0.28</gpxtpx:speed>
</gpxtpx:TrackPointExtension>
<opentracks:accuracy_horizontal>2.621</opentracks:accuracy_horizontal></extensions>
</trkpt>
<trkpt lat="-32.228144" lon="115.78697">
<ele>-22.7</ele>
<time>2026-09-04T09:30:55.082+08:00</time>
<extensions>
<gpxtpx:TrackPointExtension>
<gpxtpx:speed>1.34</gpxtpx:speed>
</gpxtpx:TrackPointExtension>
<opentracks:accuracy_horizontal>2.54</opentracks:accuracy_horizontal></extensions>
</trkpt>
<trkpt lat="-32.228052" lon="115.786971">
<ele>-23.9</ele>
<time>2026-09-04T09:31:03.076+08:00</time>
<extensions>
<gpxtpx:TrackPointExtension>
<gpxtpx:speed>1.27</gpxtpx:speed>
</gpxtpx:TrackPointExtension>
<opentracks:accuracy_horizontal>2.354</opentracks:accuracy_horizontal></extensions>
</trkpt>
<trkpt lat="-32.227958" lon="115.786979">
<ele>-23.4</ele>
<time>2026-09-04T09:31:11.074+08:00</time>
<extensions>
<gpxtpx:TrackPointExtension>
<gpxtpx:speed>1.23</gpxtpx:speed>
</gpxtpx:TrackPointExtension>
<opentracks:accuracy_horizontal>2.405</opentracks:accuracy_horizontal></extensions>
</trkpt>
<trkpt lat="-32.227881" lon="115.787001">
<ele>-23</ele>
<time>2026-09-04T09:31:21.075+08:00</time>
<extensions>
<gpxtpx:TrackPointExtension>
<gpxtpx:speed>1.01</gpxtpx:speed>
</gpxtpx:TrackPointExtension>
<opentracks:accuracy_horizontal>2.533</opentracks:accuracy_horizontal></extensions>
</trkpt>
<trkpt lat="-32.22779" lon="115.787031">
<ele>-21.9</ele>
<time>2026-09-04T09:31:29.099+08:00</time>
<extensions>
<gpxtpx:TrackPointExtension>
<gpxtpx:speed>1.2</gpxtpx:speed>
</gpxtpx:TrackPointExtension>
<opentracks:accuracy_horizontal>2.534</opentracks:accuracy_horizontal></extensions>
</trkpt>
<trkpt lat="-32.227689" lon="115.787059">
<ele>-22.3</ele>
<time>2026-09-04T09:31:38.084+08:00</time>
<extensions>
<gpxtpx:TrackPointExtension>
<gpxtpx:speed>1.25</gpxtpx:speed>
</gpxtpx:TrackPointExtension>
<opentracks:accuracy_horizontal>2.519</opentracks:accuracy_horizontal></extensions>
</trkpt>
<trkpt lat="-32.227607" lon="115.787084">
<ele>-23.6</ele>
<time>2026-09-04T09:31:48.082+08:00</time>
<extensions>
<gpxtpx:TrackPointExtension>
<gpxtpx:speed>0.95</gpxtpx:speed>
</gpxtpx:TrackPointExtension>
<opentracks:accuracy_horizontal>2.544</opentracks:accuracy_horizontal></extensions>
</trkpt>
<trkpt lat="-32.227524" lon="115.78713">
<ele>-23.9</ele>
<time>2026-09-04T09:31:55.077+08:00</time>
<extensions>
<gpxtpx:TrackPointExtension>
<gpxtpx:speed>1.22</gpxtpx:speed>
</gpxtpx:TrackPointExtension>
<opentracks:accuracy_horizontal>2.465</opentracks:accuracy_horizontal></extensions>
</trkpt>
<trkpt lat="-32.227431" lon="115.787169">
<ele>-23.3</ele>
<time>2026-09-04T09:32:03.075+08:00</time>
<extensions>
<gpxtpx:TrackPointExtension>
<gpxtpx:speed>1.28</gpxtpx:speed>
</gpxtpx:TrackPointExtension>
<opentracks:accuracy_horizontal>2.423</opentracks:accuracy_horizontal></extensions>
</trkpt>
<trkpt lat="-32.227351" lon="115.787236">
<ele>-22.9</ele>
<time>2026-09-04T09:32:12.095+08:00</time>
<extensions>
<gpxtpx:TrackPointExtension>
<gpxtpx:speed>1.23</gpxtpx:speed>
</gpxtpx:TrackPointExtension>
<opentracks:accuracy_horizontal>2.58</opentracks:accuracy_horizontal></extensions>
</trkpt>
<trkpt lat="-32.227295" lon="115.787323">
<ele>-21.6</ele>
<time>2026-09-04T09:32:20.096+08:00</time>
<extensions>
<gpxtpx:TrackPointExtension>
<gpxtpx:speed>1.23</gpxtpx:speed>
</gpxtpx:TrackPointExtension>
<opentracks:accuracy_horizontal>2.649</opentracks:accuracy_horizontal></extensions>
</trkpt>
<trkpt lat="-32.227228" lon="115.787378">
<ele>-20.7</ele>
<time>2026-09-04T09:32:30.085+08:00</time>
<extensions>
<gpxtpx:TrackPointExtension>
<gpxtpx:speed>1.08</gpxtpx:speed>
</gpxtpx:TrackPointExtension>
<opentracks:accuracy_horizontal>2.354</opentracks:accuracy_horizontal></extensions>
</trkpt>
<trkpt lat="-32.227135" lon="115.787379">
<ele>-20.2</ele>
<time>2026-09-04T09:32:37.087+08:00</time>
<extensions>
<gpxtpx:TrackPointExtension>
<gpxtpx:speed>1.25</gpxtpx:speed>
</gpxtpx:TrackPointExtension>
<opentracks:accuracy_horizontal>2.526</opentracks:accuracy_horizontal></extensions>
</trkpt>
<trkpt lat="-32.227065" lon="115.787446">
<ele>-19.8</ele>
<time>2026-09-04T09:32:47.084+08:00</time>
<extensions>
<gpxtpx:TrackPointExtension>
<gpxtpx:speed>1.13</gpxtpx:speed>
</gpxtpx:TrackPointExtension>
<opentracks:accuracy_horizontal>2.681</opentracks:accuracy_horizontal></extensions>
</trkpt>
<trkpt lat="-32.226976" lon="115.787479">
<ele>-19.7</ele>
<time>2026-09-04T09:32:56.083+08:00</time>
<extensions>
<gpxtpx:TrackPointExtension>
<gpxtpx:speed>1.15</gpxtpx:speed>
</gpxtpx:TrackPointExtension>
<opentracks:accuracy_horizontal>2.611</opentracks:accuracy_horizontal></extensions>
</trkpt>
<trkpt lat="-32.226883" lon="115.787479">
<ele>-20.7</ele>
<time>2026-09-04T09:33:05.08+08:00</time>
<extensions>
<gpxtpx:TrackPointExtension>
<gpxtpx:speed>1.18</gpxtpx:speed>
</gpxtpx:TrackPointExtension>
<opentracks:accuracy_horizontal>2.696</opentracks:accuracy_horizontal></extensions>
</trkpt>
<trkpt lat="-32.226787" lon="115.787501">
<ele>-20.3</ele>
<time>2026-09-04T09:33:14.077+08:00</time>
<extensions>
<gpxtpx:TrackPointExtension>
<gpxtpx:speed>1.21</gpxtpx:speed>
</gpxtpx:TrackPointExtension>
<opentracks:accuracy_horizontal>2.433</opentracks:accuracy_horizontal></extensions>
</trkpt>
<trkpt lat="-32.226719" lon="115.787582">
<ele>-19.9</ele>
<time>2026-09-04T09:33:23.068+08:00</time>
<extensions>
<gpxtpx:TrackPointExtension>
<gpxtpx:speed>1.19</gpxtpx:speed>
</gpxtpx:TrackPointExtension>
<opentracks:accuracy_horizontal>2.564</opentracks:accuracy_horizontal></extensions>
</trkpt>
<trkpt lat="-32.226651" lon="115.787657">
<ele>-19.2</ele>
<time>2026-09-04T09:33:31.089+08:00</time>
<extensions>
<gpxtpx:TrackPointExtension>
<gpxtpx:speed>1.21</gpxtpx:speed>
</gpxtpx:TrackPointExtension>
<opentracks:accuracy_horizontal>2.631</opentracks:accuracy_horizontal></extensions>
</trkpt>
<trkpt lat="-32.226624" lon="115.787695">
<ele>-19.5</ele>
<time>2026-09-04T09:33:41.085+08:00</time>
<extensions>
<gpxtpx:TrackPointExtension>
<gpxtpx:speed>0.19</gpxtpx:speed>
</gpxtpx:TrackPointExtension>
<opentracks:accuracy_horizontal>2.872</opentracks:accuracy_horizontal></extensions>
</trkpt>
<trkpt lat="-32.226562" lon="115.787786">
<ele>-19.7</ele>
<time>2026-09-04T09:33:48.094+08:00</time>
<extensions>
<gpxtpx:TrackPointExtension>
<gpxtpx:speed>1.31</gpxtpx:speed>
</gpxtpx:TrackPointExtension>
<opentracks:accuracy_horizontal>2.609</opentracks:accuracy_horizontal></extensions>
</trkpt>
<trkpt lat="-32.22651" lon="115.787873">
<ele>-20.1</ele>
<time>2026-09-04T09:33:56.09+08:00</time>
<extensions>
<gpxtpx:TrackPointExtension>
<gpxtpx:speed>1.23</gpxtpx:speed>
</gpxtpx:TrackPointExtension>
<opentracks:accuracy_horizontal>2.555</opentracks:accuracy_horizontal></extensions>
</trkpt>
<trkpt lat="-32.226456" lon="115.787964">
<ele>-19.9</ele>
<time>2026-09-04T09:34:04.077+08:00</time>
<extensions>
<gpxtpx:TrackPointExtension>
<gpxtpx:speed>1.26</gpxtpx:speed>
</gpxtpx:TrackPointExtension>
<opentracks:accuracy_horizontal>2.493</opentracks:accuracy_horizontal></extensions>
</trkpt>
<trkpt lat="-32.226403" lon="115.788061">
<ele>-20.2</ele>
<time>2026-09-04T09:34:12.084+08:00</time>
<extensions>
<gpxtpx:TrackPointExtension>
<gpxtpx:speed>1.3</gpxtpx:speed>
</gpxtpx:TrackPointExtension>
<opentracks:accuracy_horizontal>2.572</opentracks:accuracy_horizontal></extensions>
</trkpt>
<trkpt lat="-32.22637" lon="115.788172">
<ele>-19.1</ele>
<time>2026-09-04T09:34:21.079+08:00</time>
<extensions>
<gpxtpx:TrackPointExtension>
<gpxtpx:speed>1.24</gpxtpx:speed>
</gpxtpx:TrackPointExtension>
<opentracks:accuracy_horizontal>2.684</opentracks:accuracy_horizontal></extensions>
</trkpt>
<trkpt lat="-32.226331" lon="115.788278">
<ele>-18.3</ele>
<time>2026-09-04T09:34:30.086+08:00</time>
<extensions>
<gpxtpx:TrackPointExtension>
<gpxtpx:speed>1.19</gpxtpx:speed>
</gpxtpx:TrackPointExtension>
<opentracks:accuracy_horizontal>2.687</opentracks:accuracy_horizontal></extensions>
</trkpt>
<trkpt lat="-32.226309" lon="115.788387">
<ele>-17.8</ele>
<time>2026-09-04T09:34:40.068+08:00</time>
<extensions>
<gpxtpx:TrackPointExtension>
<gpxtpx:speed>1.1</gpxtpx:speed>
</gpxtpx:TrackPointExtension>
<opentracks:accuracy_horizontal>2.497</opentracks:accuracy_horizontal></extensions>
</trkpt>
<trkpt lat="-32.226262" lon="115.78848">
<ele>-16.8</ele>
<time>2026-09-04T09:34:48.083+08:00</time>
<extensions>
<gpxtpx:TrackPointExtension>
<gpxtpx:speed>1.18</gpxtpx:speed>
</gpxtpx:TrackPointExtension>
<opentracks:accuracy_horizontal>2.607</opentracks:accuracy_horizontal></extensions>
</trkpt>
<trkpt lat="-32.226199" lon="115.788557">
<ele>-15.6</ele>
<time>2026-09-04T09:34:57.086+08:00</time>
<extensions>
<gpxtpx:TrackPointExtension>
<gpxtpx:speed>1.15</gpxtpx:speed>
</gpxtpx:TrackPointExtension>
<opentracks:accuracy_horizontal>2.542</opentracks:accuracy_horizontal></extensions>
</trkpt>
<trkpt lat="-32.226154" lon="115.788656">
<ele>-13.3</ele>
<time>2026-09-04T09:35:06.09+08:00</time>
<extensions>
<gpxtpx:TrackPointExtension>
<gpxtpx:speed>1.17</gpxtpx:speed>
</gpxtpx:TrackPointExtension>
<opentracks:accuracy_horizontal>2.444</opentracks:accuracy_horizontal></extensions>
</trkpt>
<trkpt lat="-32.22613" lon="115.788764">
<ele>-14.8</ele>
<time>2026-09-04T09:35:15.089+08:00</time>
<extensions>
<gpxtpx:TrackPointExtension>
<gpxtpx:speed>1.18</gpxtpx:speed>
</gpxtpx:TrackPointExtension>
<opentracks:accuracy_horizontal>2.563</opentracks:accuracy_horizontal></extensions>
</trkpt>
<trkpt lat="-32.226092" lon="115.788869">
<ele>-14.6</ele>
<time>2026-09-04T09:35:24.088+08:00</time>
<extensions>
<gpxtpx:TrackPointExtension>
<gpxtpx:speed>1.17</gpxtpx:speed>
</gpxtpx:TrackPointExtension>
<opentracks:accuracy_horizontal>2.451</opentracks:accuracy_horizontal></extensions>
</trkpt>
<trkpt lat="-32.226059" lon="115.788969">
<ele>-13.1</ele>
<time>2026-09-04T09:35:33.095+08:00</time>
<extensions>
<gpxtpx:TrackPointExtension>
<gpxtpx:speed>1.14</gpxtpx:speed>
</gpxtpx:TrackPointExtension>
<opentracks:accuracy_horizontal>2.614</opentracks:accuracy_horizontal></extensions>
</trkpt>
<trkpt lat="-32.22603" lon="115.789076">
<ele>-12.8</ele>
<time>2026-09-04T09:35:42.069+08:00</time>
<extensions>
<gpxtpx:TrackPointExtension>
<gpxtpx:speed>1.14</gpxtpx:speed>
</gpxtpx:TrackPointExtension>
<opentracks:accuracy_horizontal>2.535</opentracks:accuracy_horizontal></extensions>
</trkpt>
<trkpt lat="-32.225988" lon="115.789181">
<ele>-12.1</ele>
<time>2026-09-04T09:35:52.079+08:00</time>
<extensions>
<gpxtpx:TrackPointExtension>
<gpxtpx:speed>1.15</gpxtpx:speed>
</gpxtpx:TrackPointExtension>
<opentracks:accuracy_horizontal>2.299</opentracks:accuracy_horizontal></extensions>
</trkpt>
<trkpt lat="-32.225945" lon="115.789275">
<ele>-10.7</ele>
<time>2026-09-04T09:36:01.056+08:00</time>
<extensions>
<gpxtpx:TrackPointExtension>
<gpxtpx:speed>1.16</gpxtpx:speed>
</gpxtpx:TrackPointExtension>
<opentracks:accuracy_horizontal>2.124</opentracks:accuracy_horizontal></extensions>
</trkpt>
<trkpt lat="-32.225961" lon="115.789286">
<ele>-12.8</ele>
<time>2026-09-04T09:36:10.062+08:00</time>
<extensions>
<gpxtpx:TrackPointExtension>
<gpxtpx:speed>0.05</gpxtpx:speed>
</gpxtpx:TrackPointExtension>
<opentracks:accuracy_horizontal>2.31</opentracks:accuracy_horizontal></extensions>
</trkpt>
<trkpt lat="-32.225917" lon="115.7894">
<ele>-13.4</ele>
<time>2026-09-04T09:36:29.125+08:00</time>
<extensions>
<gpxtpx:TrackPointExtension>
<gpxtpx:speed>1.13</gpxtpx:speed>
</gpxtpx:TrackPointExtension>
<opentracks:accuracy_horizontal>2.361</opentracks:accuracy_horizontal></extensions>
</trkpt>
<trkpt lat="-32.225889" lon="115.789501">
<ele>-13.2</ele>
<time>2026-09-04T09:36:39.1+08:00</time>
<extensions>
<gpxtpx:TrackPointExtension>
<gpxtpx:speed>0.95</gpxtpx:speed>
</gpxtpx:TrackPointExtension>
<opentracks:accuracy_horizontal>3.317</opentracks:accuracy_horizontal></extensions>
</trkpt>
<trkpt lat="-32.225861" lon="115.789606">
<ele>-12.2</ele>
<time>2026-09-04T09:36:48.105+08:00</time>
<extensions>
<gpxtpx:TrackPointExtension>
<gpxtpx:speed>1.17</gpxtpx:speed>
</gpxtpx:TrackPointExtension>
<opentracks:accuracy_horizontal>3.198</opentracks:accuracy_horizontal></extensions>
</trkpt>
<trkpt lat="-32.225835" lon="115.789709">
<ele>-11.6</ele>
<time>2026-09-04T09:36:56.097+08:00</time>
<extensions>
<gpxtpx:TrackPointExtension>
<gpxtpx:speed>1.13</gpxtpx:speed>
</gpxtpx:TrackPointExtension>
<opentracks:accuracy_horizontal>2.951</opentracks:accuracy_horizontal></extensions>
</trkpt>
<trkpt lat="-32.22581" lon="115.789821">
<ele>-11.4</ele>
<time>2026-09-04T09:37:05.081+08:00</time>
<extensions>
<gpxtpx:TrackPointExtension>
<gpxtpx:speed>1.13</gpxtpx:speed>
</gpxtpx:TrackPointExtension>
<opentracks:accuracy_horizontal>2.55</opentracks:accuracy_horizontal></extensions>
</trkpt>
<trkpt lat="-32.225785" lon="115.789936">
<ele>-10.8</ele>
<time>2026-09-04T09:37:14.091+08:00</time>
<extensions>
<gpxtpx:TrackPointExtension>
<gpxtpx:speed>1.18</gpxtpx:speed>
</gpxtpx:TrackPointExtension>
<opentracks:accuracy_horizontal>2.552</opentracks:accuracy_horizontal></extensions>
</trkpt>
<trkpt lat="-32.225775" lon="115.790049">
<ele>-9.9</ele>
<time>2026-09-04T09:37:23.08+08:00</time>
<extensions>
<gpxtpx:TrackPointExtension>
<gpxtpx:speed>1.16</gpxtpx:speed>
</gpxtpx:TrackPointExtension>
<opentracks:accuracy_horizontal>2.462</opentracks:accuracy_horizontal></extensions>
</trkpt>
<trkpt lat="-32.22575" lon="115.790157">
<ele>-9.4</ele>
<time>2026-09-04T09:37:32.092+08:00</time>
<extensions>
<gpxtpx:TrackPointExtension>
<gpxtpx:speed>1.14</gpxtpx:speed>
</gpxtpx:TrackPointExtension>
<opentracks:accuracy_horizontal>2.475</opentracks:accuracy_horizontal></extensions>
</trkpt>
<trkpt lat="-32.225749" lon="115.790179">
<ele>-8.6</ele>
<time>2026-09-04T09:37:42.088+08:00</time>
<extensions>
<gpxtpx:TrackPointExtension>
<gpxtpx:speed>0.1</gpxtpx:speed>
</gpxtpx:TrackPointExtension>
<opentracks:accuracy_horizontal>2.076</opentracks:accuracy_horizontal></extensions>
</trkpt>
<trkpt lat="-32.225731" lon="115.790293">
<ele>-9.1</ele>
<time>2026-09-04T09:38:33.087+08:00</time>
<extensions>
<gpxtpx:TrackPointExtension>
<gpxtpx:speed>1.33</gpxtpx:speed>
</gpxtpx:TrackPointExtension>
<opentracks:accuracy_horizontal>2.575</opentracks:accuracy_horizontal></extensions>
</trkpt>
<trkpt lat="-32.225715" lon="115.790405">
<ele>-9.2</ele>
<time>2026-09-04T09:38:41.058+08:00</time>
<extensions>
<gpxtpx:TrackPointExtension>
<gpxtpx:speed>1.35</gpxtpx:speed>
</gpxtpx:TrackPointExtension>
<opentracks:accuracy_horizontal>2.538</opentracks:accuracy_horizontal></extensions>
</trkpt>
<trkpt lat="-32.22571" lon="115.790518">
<ele>-8.5</ele>
<time>2026-09-04T09:38:50.068+08:00</time>
<extensions>
<gpxtpx:TrackPointExtension>
<gpxtpx:speed>1.25</gpxtpx:speed>
</gpxtpx:TrackPointExtension>
<opentracks:accuracy_horizontal>2.825</opentracks:accuracy_horizontal></extensions>
</trkpt>
<trkpt lat="-32.2257" lon="115.790631">
<ele>-8.2</ele>
<time>2026-09-04T09:38:57.055+08:00</time>
<extensions>
<gpxtpx:TrackPointExtension>
<gpxtpx:speed>1.34</gpxtpx:speed>
</gpxtpx:TrackPointExtension>
<opentracks:accuracy_horizontal>2.377</opentracks:accuracy_horizontal></extensions>
</trkpt>
<trkpt lat="-32.22569" lon="115.79074">
<ele>-8</ele>
<time>2026-09-04T09:39:05.081+08:00</time>
<extensions>
<gpxtpx:TrackPointExtension>
<gpxtpx:speed>1.28</gpxtpx:speed>
</gpxtpx:TrackPointExtension>
<opentracks:accuracy_horizontal>2.517</opentracks:accuracy_horizontal></extensions>
</trkpt>
<trkpt lat="-32.225689" lon="115.790856">
<ele>-8.3</ele>
<time>2026-09-04T09:39:13.097+08:00</time>
<extensions>
<gpxtpx:TrackPointExtension>
<gpxtpx:speed>1.28</gpxtpx:speed>
</gpxtpx:TrackPointExtension>
<opentracks:accuracy_horizontal>2.411</opentracks:accuracy_horizontal></extensions>
</trkpt>
<trkpt lat="-32.225691" lon="115.790962">
<ele>-9.2</ele>
<time>2026-09-04T09:39:22.087+08:00</time>
<extensions>
<gpxtpx:TrackPointExtension>
<gpxtpx:speed>1.17</gpxtpx:speed>
</gpxtpx:TrackPointExtension>
<opentracks:accuracy_horizontal>2.268</opentracks:accuracy_horizontal></extensions>
</trkpt>
<trkpt lat="-32.225709" lon="115.791068">
<ele>-8.7</ele>
<time>2026-09-04T09:39:30.083+08:00</time>
<extensions>
<gpxtpx:TrackPointExtension>
<gpxtpx:speed>1.18</gpxtpx:speed>
</gpxtpx:TrackPointExtension>
<opentracks:accuracy_horizontal>2.467</opentracks:accuracy_horizontal></extensions>
</trkpt>
<trkpt lat="-32.22571" lon="115.79118">
<ele>-8.4</ele>
<time>2026-09-04T09:39:39.071+08:00</time>
<extensions>
<gpxtpx:TrackPointExtension>
<gpxtpx:speed>1.12</gpxtpx:speed>
</gpxtpx:TrackPointExtension>
<opentracks:accuracy_horizontal>2.469</opentracks:accuracy_horizontal></extensions>
</trkpt>
<trkpt lat="-32.225704" lon="115.791195">
<ele>-7.1</ele>
<time>2026-09-04T09:39:48.081+08:00</time>
<extensions>
<gpxtpx:TrackPointExtension>
<gpxtpx:speed>0.03</gpxtpx:speed>
</gpxtpx:TrackPointExtension>
<opentracks:accuracy_horizontal>2.417</opentracks:accuracy_horizontal></extensions>
</trkpt>
<trkpt lat="-32.22572" lon="115.791299">
<ele>-8.4</ele>
<time>2026-09-04T09:40:03.077+08:00</time>
<extensions>
<gpxtpx:TrackPointExtension>
<gpxtpx:speed>1.45</gpxtpx:speed>
</gpxtpx:TrackPointExtension>
<opentracks:accuracy_horizontal>2.534</opentracks:accuracy_horizontal></extensions>
</trkpt>
<trkpt lat="-32.225755" lon="115.791398">
<ele>-8.4</ele>
<time>2026-09-04T09:40:11.079+08:00</time>
<extensions>
<gpxtpx:TrackPointExtension>
<gpxtpx:speed>1.31</gpxtpx:speed>
</gpxtpx:TrackPointExtension>
<opentracks:accuracy_horizontal>2.334</opentracks:accuracy_horizontal></extensions>
</trkpt>
<trkpt lat="-32.225803" lon="115.791501">
<ele>-7.6</ele>
<time>2026-09-04T09:40:20.083+08:00</time>
<extensions>
<gpxtpx:TrackPointExtension>
<gpxtpx:speed>1.28</gpxtpx:speed>
</gpxtpx:TrackPointExtension>
<opentracks:accuracy_horizontal>2.408</opentracks:accuracy_horizontal></extensions>
</trkpt>
<trkpt lat="-32.22582" lon="115.791609">
<ele>-6.8</ele>
<time>2026-09-04T09:40:28.093+08:00</time>
<extensions>
<gpxtpx:TrackPointExtension>
<gpxtpx:speed>1.3</gpxtpx:speed>
</gpxtpx:TrackPointExtension>
<opentracks:accuracy_horizontal>2.364</opentracks:accuracy_horizontal></extensions>
</trkpt>
<trkpt lat="-32.22582" lon="115.791718">
<ele>-6.3</ele>
<time>2026-09-04T09:40:36.069+08:00</time>
<extensions>
<gpxtpx:TrackPointExtension>
<gpxtpx:speed>1.27</gpxtpx:speed>
</gpxtpx:TrackPointExtension>
<opentracks:accuracy_horizontal>2.386</opentracks:accuracy_horizontal></extensions>
</trkpt>
<trkpt lat="-32.225844" lon="115.791823">
<ele>-5.4</ele>
<time>2026-09-04T09:40:44.083+08:00</time>
<extensions>
<gpxtpx:TrackPointExtension>
<gpxtpx:speed>1.28</gpxtpx:speed>
</gpxtpx:TrackPointExtension>
<opentracks:accuracy_horizontal>2.386</opentracks:accuracy_horizontal></extensions>
</trkpt>
<trkpt lat="-32.225893" lon="115.791917">
<ele>-5.6</ele>
<time>2026-09-04T09:40:53.102+08:00</time>
<extensions>
<gpxtpx:TrackPointExtension>
<gpxtpx:speed>1.21</gpxtpx:speed>
</gpxtpx:TrackPointExtension>
<opentracks:accuracy_horizontal>2.311</opentracks:accuracy_horizontal></extensions>
</trkpt>
<trkpt lat="-32.225947" lon="115.792011">
<ele>-5.5</ele>
<time>2026-09-04T09:41:01.085+08:00</time>
<extensions>
<gpxtpx:TrackPointExtension>
<gpxtpx:speed>1.27</gpxtpx:speed>
</gpxtpx:TrackPointExtension>
<opentracks:accuracy_horizontal>2.31</opentracks:accuracy_horizontal></extensions>
</trkpt>
<trkpt lat="-32.225996" lon="115.792106">
<ele>-4</ele>
<time>2026-09-04T09:41:09.089+08:00</time>
<extensions>
<gpxtpx:TrackPointExtension>
<gpxtpx:speed>1.31</gpxtpx:speed>
</gpxtpx:TrackPointExtension>
<opentracks:accuracy_horizontal>2.267</opentracks:accuracy_horizontal></extensions>
</trkpt>
<trkpt lat="-32.22605" lon="115.792198">
<ele>-3.1</ele>
<time>2026-09-04T09:41:17.084+08:00</time>
<extensions>
<gpxtpx:TrackPointExtension>
<gpxtpx:speed>1.32</gpxtpx:speed>
</gpxtpx:TrackPointExtension>
<opentracks:accuracy_horizontal>2.202</opentracks:accuracy_horizontal></extensions>
</trkpt>
<trkpt lat="-32.226096" lon="115.792293">
<ele>-2.9</ele>
<time>2026-09-04T09:41:25.086+08:00</time>
<extensions>
<gpxtpx:TrackPointExtension>
<gpxtpx:speed>1.3</gpxtpx:speed>
</gpxtpx:TrackPointExtension>
<opentracks:accuracy_horizontal>2.238</opentracks:accuracy_horizontal></extensions>
</trkpt>
<trkpt lat="-32.226141" lon="115.792385">
<ele>-3.7</ele>
<time>2026-09-04T09:41:34.077+08:00</time>
<extensions>
<gpxtpx:TrackPointExtension>
<gpxtpx:speed>1.19</gpxtpx:speed>
</gpxtpx:TrackPointExtension>
<opentracks:accuracy_horizontal>2.209</opentracks:accuracy_horizontal></extensions>
</trkpt>
<trkpt lat="-32.226195" lon="115.792488">
<ele>-4</ele>
<time>2026-09-04T09:41:42.085+08:00</time>
<extensions>
<gpxtpx:TrackPointExtension>
<gpxtpx:speed>1.33</gpxtpx:speed>
</gpxtpx:TrackPointExtension>
<opentracks:accuracy_horizontal>2.227</opentracks:accuracy_horizontal></extensions>
</trkpt>
<trkpt lat="-32.226231" lon="115.792593">
<ele>-4.5</ele>
<time>2026-09-04T09:41:51.09+08:00</time>
<extensions>
<gpxtpx:TrackPointExtension>
<gpxtpx:speed>1.23</gpxtpx:speed>
</gpxtpx:TrackPointExtension>
<opentracks:accuracy_horizontal>2.377</opentracks:accuracy_horizontal></extensions>
</trkpt>
<trkpt lat="-32.226253" lon="115.792698">
<ele>-3.8</ele>
<time>2026-09-04T09:41:58.1+08:00</time>
<extensions>
<gpxtpx:TrackPointExtension>
<gpxtpx:speed>1.33</gpxtpx:speed>
</gpxtpx:TrackPointExtension>
<opentracks:accuracy_horizontal>2.627</opentracks:accuracy_horizontal></extensions>
</trkpt>
<trkpt lat="-32.226297" lon="115.792802">
<ele>-4.8</ele>
<time>2026-09-04T09:42:06.086+08:00</time>
<extensions>
<gpxtpx:TrackPointExtension>
<gpxtpx:speed>1.37</gpxtpx:speed>
</gpxtpx:TrackPointExtension>
<opentracks:accuracy_horizontal>2.332</opentracks:accuracy_horizontal></extensions>
</trkpt>
<trkpt lat="-32.226373" lon="115.792874">
<ele>-5.5</ele>
<time>2026-09-04T09:42:16.077+08:00</time>
<extensions>
<gpxtpx:TrackPointExtension>
<gpxtpx:speed>1.24</gpxtpx:speed>
</gpxtpx:TrackPointExtension>
<opentracks:accuracy_horizontal>2.334</opentracks:accuracy_horizontal></extensions>
</trkpt>
<trkpt lat="-32.226413" lon="115.792927">
<ele>-5.5</ele>
<time>2026-09-04T09:42:26.085+08:00</time>
<extensions>
<gpxtpx:TrackPointExtension>
<gpxtpx:speed>1.28</gpxtpx:speed>
</gpxtpx:TrackPointExtension>
<opentracks:accuracy_horizontal>2.253</opentracks:accuracy_horizontal></extensions>
</trkpt>
<trkpt lat="-32.226489" lon="115.792994">
<ele>-5.1</ele>
<time>2026-09-04T09:42:41.091+08:00</time>
<extensions>
<gpxtpx:TrackPointExtension>
<gpxtpx:speed>0.63</gpxtpx:speed>
</gpxtpx:TrackPointExtension>
<opentracks:accuracy_horizontal>2.256</opentracks:accuracy_horizontal></extensions>
</trkpt>
<trkpt lat="-32.226546" lon="115.793078">
<ele>-4.7</ele>
<time>2026-09-04T09:42:48.09+08:00</time>
<extensions>
<gpxtpx:TrackPointExtension>
<gpxtpx:speed>1.36</gpxtpx:speed>
</gpxtpx:TrackPointExtension>
<opentracks:accuracy_horizontal>2.314</opentracks:accuracy_horizontal></extensions>
</trkpt>
<trkpt lat="-32.226608" lon="115.793158">
<ele>-5.2</ele>
<time>2026-09-04T09:42:56.079+08:00</time>
<extensions>
<gpxtpx:TrackPointExtension>
<gpxtpx:speed>1.32</gpxtpx:speed>
</gpxtpx:TrackPointExtension>
<opentracks:accuracy_horizontal>2.203</opentracks:accuracy_horizontal></extensions>
</trkpt>
<trkpt lat="-32.226675" lon="115.793236">
<ele>-5.8</ele>
<time>2026-09-04T09:43:04.1+08:00</time>
<extensions>
<gpxtpx:TrackPointExtension>
<gpxtpx:speed>1.31</gpxtpx:speed>
</gpxtpx:TrackPointExtension>
<opentracks:accuracy_horizontal>2.334</opentracks:accuracy_horizontal></extensions>
</trkpt>
<trkpt lat="-32.226738" lon="115.793314">
<ele>-5.7</ele>
<time>2026-09-04T09:43:11.088+08:00</time>
<extensions>
<gpxtpx:TrackPointExtension>
<gpxtpx:speed>1.38</gpxtpx:speed>
</gpxtpx:TrackPointExtension>
<opentracks:accuracy_horizontal>2.213</opentracks:accuracy_horizontal></extensions>
</trkpt>
<trkpt lat="-32.226799" lon="115.79341">
<ele>-5.5</ele>
<time>2026-09-04T09:43:19.097+08:00</time>
<extensions>
<gpxtpx:TrackPointExtension>
<gpxtpx:speed>1.4</gpxtpx:speed>
</gpxtpx:TrackPointExtension>
<opentracks:accuracy_horizontal>2.217</opentracks:accuracy_horizontal></extensions>
</trkpt>
<trkpt lat="-32.226869" lon="115.7935">
<ele>-5.9</ele>
<time>2026-09-04T09:43:27.095+08:00</time>
<extensions>
<gpxtpx:TrackPointExtension>
<gpxtpx:speed>1.42</gpxtpx:speed>
</gpxtpx:TrackPointExtension>
<opentracks:accuracy_horizontal>2.278</opentracks:accuracy_horizontal></extensions>
</trkpt>
<trkpt lat="-32.226931" lon="115.793589">
<ele>-6</ele>
<time>2026-09-04T09:43:35.087+08:00</time>
<extensions>
<gpxtpx:TrackPointExtension>
<gpxtpx:speed>1.39</gpxtpx:speed>
</gpxtpx:TrackPointExtension>
<opentracks:accuracy_horizontal>2.225</opentracks:accuracy_horizontal></extensions>
</trkpt>
<trkpt lat="-32.227" lon="115.793675">
<ele>-5.9</ele>
<time>2026-09-04T09:43:43.09+08:00</time>
<extensions>
<gpxtpx:TrackPointExtension>
<gpxtpx:speed>1.41</gpxtpx:speed>
</gpxtpx:TrackPointExtension>
<opentracks:accuracy_horizontal>2.471</opentracks:accuracy_horizontal></extensions>
</trkpt>
<trkpt lat="-32.227076" lon="115.793749">
<ele>-4.7</ele>
<time>2026-09-04T09:43:51.09+08:00</time>
<extensions>
<gpxtpx:TrackPointExtension>
<gpxtpx:speed>1.36</gpxtpx:speed>
</gpxtpx:TrackPointExtension>
<opentracks:accuracy_horizontal>2.428</opentracks:accuracy_horizontal></extensions>
</trkpt>
<trkpt lat="-32.22715" lon="115.79383">
<ele>-2.8</ele>
<time>2026-09-04T09:44:00.07+08:00</time>
<extensions>
<gpxtpx:TrackPointExtension>
<gpxtpx:speed>1.29</gpxtpx:speed>
</gpxtpx:TrackPointExtension>
<opentracks:accuracy_horizontal>2.259</opentracks:accuracy_horizontal></extensions>
</trkpt>
<trkpt lat="-32.227219" lon="115.793913">
<ele>-3.9</ele>
<time>2026-09-04T09:44:08.095+08:00</time>
<extensions>
<gpxtpx:TrackPointExtension>
<gpxtpx:speed>1.35</gpxtpx:speed>
</gpxtpx:TrackPointExtension>
<opentracks:accuracy_horizontal>2.466</opentracks:accuracy_horizontal></extensions>
</trkpt>
<trkpt lat="-32.227279" lon="115.794004">
<ele>-2.5</ele>
<time>2026-09-04T09:44:16.084+08:00</time>
<extensions>
<gpxtpx:TrackPointExtension>
<gpxtpx:speed>1.35</gpxtpx:speed>
</gpxtpx:TrackPointExtension>
<opentracks:accuracy_horizontal>2.273</opentracks:accuracy_horizontal></extensions>
</trkpt>
<trkpt lat="-32.227337" lon="115.794099">
<ele>-2.8</ele>
<time>2026-09-04T09:44:25.087+08:00</time>
<extensions>
<gpxtpx:TrackPointExtension>
<gpxtpx:speed>1.29</gpxtpx:speed>
</gpxtpx:TrackPointExtension>
<opentracks:accuracy_horizontal>2.336</opentracks:accuracy_horizontal></extensions>
</trkpt>
<trkpt lat="-32.227402" lon="115.794193">
<ele>-2.8</ele>
<time>2026-09-04T09:44:34.086+08:00</time>
<extensions>
<gpxtpx:TrackPointExtension>
<gpxtpx:speed>1.29</gpxtpx:speed>
</gpxtpx:TrackPointExtension>
<opentracks:accuracy_horizontal>2.26</opentracks:accuracy_horizontal></extensions>
</trkpt>
<trkpt lat="-32.227454" lon="115.794292">
<ele>-2.5</ele>
<time>2026-09-04T09:44:43.082+08:00</time>
<extensions>
<gpxtpx:TrackPointExtension>
<gpxtpx:speed>1.23</gpxtpx:speed>
</gpxtpx:TrackPointExtension>
<opentracks:accuracy_horizontal>2.507</opentracks:accuracy_horizontal></extensions>
</trkpt>
<trkpt lat="-32.227518" lon="115.79438">
<ele>-3.1</ele>
<time>2026-09-04T09:44:51.092+08:00</time>
<extensions>
<gpxtpx:TrackPointExtension>
<gpxtpx:speed>1.3</gpxtpx:speed>
</gpxtpx:TrackPointExtension>
<opentracks:accuracy_horizontal>2.426</opentracks:accuracy_horizontal></extensions>
</trkpt>
<trkpt lat="-32.227576" lon="115.794469">
<ele>-3.5</ele>
<time>2026-09-04T09:45:00.078+08:00</time>
<extensions>
<gpxtpx:TrackPointExtension>
<gpxtpx:speed>1.25</gpxtpx:speed>
</gpxtpx:TrackPointExtension>
<opentracks:accuracy_horizontal>2.274</opentracks:accuracy_horizontal></extensions>
</trkpt>
<trkpt lat="-32.227626" lon="115.79457">
<ele>-3.9</ele>
<time>2026-09-04T09:45:08.087+08:00</time>
<extensions>
<gpxtpx:TrackPointExtension>
<gpxtpx:speed>1.3</gpxtpx:speed>
</gpxtpx:TrackPointExtension>
<opentracks:accuracy_horizontal>2.278</opentracks:accuracy_horizontal></extensions>
</trkpt>
<trkpt lat="-32.227667" lon="115.794655">
<ele>-6.3</ele>
<time>2026-09-04T09:45:18.095+08:00</time>
<extensions>
<gpxtpx:TrackPointExtension>
<gpxtpx:speed>1.47</gpxtpx:speed>
</gpxtpx:TrackPointExtension>
<opentracks:accuracy_horizontal>2.449</opentracks:accuracy_horizontal></extensions>
</trkpt>
<trkpt lat="-32.227716" lon="115.794756">
<ele>-6.2</ele>
<time>2026-09-04T09:45:26.091+08:00</time>
<extensions>
<gpxtpx:TrackPointExtension>
<gpxtpx:speed>1.38</gpxtpx:speed>
</gpxtpx:TrackPointExtension>
<opentracks:accuracy_horizontal>2.329</opentracks:accuracy_horizontal></extensions>
</trkpt>
<trkpt lat="-32.227761" lon="115.794853">
<ele>-6.3</ele>
<time>2026-09-04T09:45:33.09+08:00</time>
<extensions>
<gpxtpx:TrackPointExtension>
<gpxtpx:speed>1.39</gpxtpx:speed>
</gpxtpx:TrackPointExtension>
<opentracks:accuracy_horizontal>2.391</opentracks:accuracy_horizontal></extensions>
</trkpt>
<trkpt lat="-32.227806" lon="115.794963">
<ele>-6.4</ele>
<time>2026-09-04T09:45:41.098+08:00</time>
<extensions>
<gpxtpx:TrackPointExtension>
<gpxtpx:speed>1.43</gpxtpx:speed>
</gpxtpx:TrackPointExtension>
<opentracks:accuracy_horizontal>2.3</opentracks:accuracy_horizontal></extensions>
</trkpt>
<trkpt lat="-32.227848" lon="115.795059">
<ele>-7.8</ele>
<time>2026-09-04T09:45:49.093+08:00</time>
<extensions>
<gpxtpx:TrackPointExtension>
<gpxtpx:speed>1.38</gpxtpx:speed>
</gpxtpx:TrackPointExtension>
<opentracks:accuracy_horizontal>2.288</opentracks:accuracy_horizontal></extensions>
</trkpt>
<trkpt lat="-32.227891" lon="115.795159">
<ele>-7.1</ele>
<time>2026-09-04T09:45:57.09+08:00</time>
<extensions>
<gpxtpx:TrackPointExtension>
<gpxtpx:speed>1.35</gpxtpx:speed>
</gpxtpx:TrackPointExtension>
<opentracks:accuracy_horizontal>2.242</opentracks:accuracy_horizontal></extensions>
</trkpt>
<trkpt lat="-32.227921" lon="115.795273">
<ele>-7.1</ele>
<time>2026-09-04T09:46:05.09+08:00</time>
<extensions>
<gpxtpx:TrackPointExtension>
<gpxtpx:speed>1.39</gpxtpx:speed>
</gpxtpx:TrackPointExtension>
<opentracks:accuracy_horizontal>2.307</opentracks:accuracy_horizontal></extensions>
</trkpt>
<trkpt lat="-32.227931" lon="115.795386">
<ele>-6.6</ele>
<time>2026-09-04T09:46:13.081+08:00</time>
<extensions>
<gpxtpx:TrackPointExtension>
<gpxtpx:speed>1.38</gpxtpx:speed>
</gpxtpx:TrackPointExtension>
<opentracks:accuracy_horizontal>2.48</opentracks:accuracy_horizontal></extensions>
</trkpt>
<trkpt lat="-32.227945" lon="115.795491">
<ele>-8</ele>
<time>2026-09-04T09:46:20.083+08:00</time>
<extensions>
<gpxtpx:TrackPointExtension>
<gpxtpx:speed>1.38</gpxtpx:speed>
</gpxtpx:TrackPointExtension>
<opentracks:accuracy_horizontal>2.391</opentracks:accuracy_horizontal></extensions>
</trkpt>
<trkpt lat="-32.22797" lon="115.795603">
<ele>-8.7</ele>
<time>2026-09-04T09:46:29.083+08:00</time>
<extensions>
<gpxtpx:TrackPointExtension>
<gpxtpx:speed>1.28</gpxtpx:speed>
</gpxtpx:TrackPointExtension>
<opentracks:accuracy_horizontal>2.262</opentracks:accuracy_horizontal></extensions>
</trkpt>
<trkpt lat="-32.227991" lon="115.79572">
<ele>-9</ele>
<time>2026-09-04T09:46:37.107+08:00</time>
<extensions>
<gpxtpx:TrackPointExtension>
<gpxtpx:speed>1.35</gpxtpx:speed>
</gpxtpx:TrackPointExtension>
<opentracks:accuracy_horizontal>2.383</opentracks:accuracy_horizontal></extensions>
</trkpt>
<trkpt lat="-32.228002" lon="115.795814">
<ele>-10.1</ele>
<time>2026-09-04T09:46:47.086+08:00</time>
<extensions>
<gpxtpx:TrackPointExtension>
<gpxtpx:speed>1.08</gpxtpx:speed>
</gpxtpx:TrackPointExtension>
<opentracks:accuracy_horizontal>2.362</opentracks:accuracy_horizontal></extensions>
</trkpt>
<trkpt lat="-32.228016" lon="115.795931">
<ele>-10.1</ele>
<time>2026-09-04T09:46:54.088+08:00</time>
<extensions>
<gpxtpx:TrackPointExtension>
<gpxtpx:speed>1.28</gpxtpx:speed>
</gpxtpx:TrackPointExtension>
<opentracks:accuracy_horizontal>2.245</opentracks:accuracy_horizontal></extensions>
</trkpt>
<trkpt lat="-32.228033" lon="115.796037">
<ele>-10.2</ele>
<time>2026-09-04T09:47:01.089+08:00</time>
<extensions>
<gpxtpx:TrackPointExtension>
<gpxtpx:speed>1.35</gpxtpx:speed>
</gpxtpx:TrackPointExtension>
<opentracks:accuracy_horizontal>2.316</opentracks:accuracy_horizontal></extensions>
</trkpt>
<trkpt lat="-32.228043" lon="115.796147">
<ele>-10.8</ele>
<time>2026-09-04T09:47:09.076+08:00</time>
<extensions>
<gpxtpx:TrackPointExtension>
<gpxtpx:speed>1.31</gpxtpx:speed>
</gpxtpx:TrackPointExtension>
<opentracks:accuracy_horizontal>2.445</opentracks:accuracy_horizontal></extensions>
</trkpt>
<trkpt lat="-32.228043" lon="115.796254">
<ele>-11</ele>
<time>2026-09-04T09:47:16.072+08:00</time>
<extensions>
<gpxtpx:TrackPointExtension>
<gpxtpx:speed>1.36</gpxtpx:speed>
</gpxtpx:TrackPointExtension>
<opentracks:accuracy_horizontal>2.218</opentracks:accuracy_horizontal></extensions>
</trkpt>
<trkpt lat="-32.228048" lon="115.796366">
<ele>-10.5</ele>
<time>2026-09-04T09:47:24.094+08:00</time>
<extensions>
<gpxtpx:TrackPointExtension>
<gpxtpx:speed>1.31</gpxtpx:speed>
</gpxtpx:TrackPointExtension>
<opentracks:accuracy_horizontal>2.22</opentracks:accuracy_horizontal></extensions>
</trkpt>
<trkpt lat="-32.228062" lon="115.796474">
<ele>-11</ele>
<time>2026-09-04T09:47:31.107+08:00</time>
<extensions>
<gpxtpx:TrackPointExtension>
<gpxtpx:speed>1.38</gpxtpx:speed>
</gpxtpx:TrackPointExtension>
<opentracks:accuracy_horizontal>2.434</opentracks:accuracy_horizontal></extensions>
</trkpt>
<trkpt lat="-32.228067" lon="115.796584">
<ele>-9.9</ele>
<time>2026-09-04T09:47:39.085+08:00</time>
<extensions>
<gpxtpx:TrackPointExtension>
<gpxtpx:speed>1.33</gpxtpx:speed>
</gpxtpx:TrackPointExtension>
<opentracks:accuracy_horizontal>2.463</opentracks:accuracy_horizontal></extensions>
</trkpt>
<trkpt lat="-32.22806" lon="115.796702">
<ele>-11.2</ele>
<time>2026-09-04T09:47:47.088+08:00</time>
<extensions>
<gpxtpx:TrackPointExtension>
<gpxtpx:speed>1.33</gpxtpx:speed>
</gpxtpx:TrackPointExtension>
<opentracks:accuracy_horizontal>2.499</opentracks:accuracy_horizontal></extensions>
</trkpt>
<trkpt lat="-32.228069" lon="115.796814">
<ele>-11</ele>
<time>2026-09-04T09:47:54.092+08:00</time>
<extensions>
<gpxtpx:TrackPointExtension>
<gpxtpx:speed>1.41</gpxtpx:speed>
</gpxtpx:TrackPointExtension>
<opentracks:accuracy_horizontal>2.248</opentracks:accuracy_horizontal></extensions>
</trkpt>
<trkpt lat="-32.228073" lon="115.796925">
<ele>-11.9</ele>
<time>2026-09-04T09:48:03.07+08:00</time>
<extensions>
<gpxtpx:TrackPointExtension>
<gpxtpx:speed>1.3</gpxtpx:speed>
</gpxtpx:TrackPointExtension>
<opentracks:accuracy_horizontal>2.288</opentracks:accuracy_horizontal></extensions>
</trkpt>
<trkpt lat="-32.228073" lon="115.797043">
<ele>-12.2</ele>
<time>2026-09-04T09:48:11.087+08:00</time>
<extensions>
<gpxtpx:TrackPointExtension>
<gpxtpx:speed>1.32</gpxtpx:speed>
</gpxtpx:TrackPointExtension>
<opentracks:accuracy_horizontal>2.26</opentracks:accuracy_horizontal></extensions>
</trkpt>
<trkpt lat="-32.228095" lon="115.797159">
<ele>-13.6</ele>
<time>2026-09-04T09:48:20.075+08:00</time>
<extensions>
<gpxtpx:TrackPointExtension>
<gpxtpx:speed>1.27</gpxtpx:speed>
</gpxtpx:TrackPointExtension>
<opentracks:accuracy_horizontal>2.495</opentracks:accuracy_horizontal></extensions>
</trkpt>
<trkpt lat="-32.228091" lon="115.797283">
<ele>-13.8</ele>
<time>2026-09-04T09:48:28.094+08:00</time>
<extensions>
<gpxtpx:TrackPointExtension>
<gpxtpx:speed>1.35</gpxtpx:speed>
</gpxtpx:TrackPointExtension>
<opentracks:accuracy_horizontal>2.342</opentracks:accuracy_horizontal></extensions>
</trkpt>
<trkpt lat="-32.2281" lon="115.797402">
<ele>-13.2</ele>
<time>2026-09-04T09:48:36.105+08:00</time>
<extensions>
<gpxtpx:TrackPointExtension>
<gpxtpx:speed>1.37</gpxtpx:speed>
</gpxtpx:TrackPointExtension>
<opentracks:accuracy_horizontal>2.319</opentracks:accuracy_horizontal></extensions>
</trkpt>
<trkpt lat="-32.228094" lon="115.797512">
<ele>-13</ele>
<time>2026-09-04T09:48:43.083+08:00</time>
<extensions>
<gpxtpx:TrackPointExtension>
<gpxtpx:speed>1.39</gpxtpx:speed>
</gpxtpx:TrackPointExtension>
<opentracks:accuracy_horizontal>2.203</opentracks:accuracy_horizontal></extensions>
</trkpt>
<trkpt lat="-32.228103" lon="115.797626">
<ele>-12.6</ele>
<time>2026-09-04T09:48:51.091+08:00</time>
<extensions>
<gpxtpx:TrackPointExtension>
<gpxtpx:speed>1.35</gpxtpx:speed>
</gpxtpx:TrackPointExtension>
<opentracks:accuracy_horizontal>2.37</opentracks:accuracy_horizontal></extensions>
</trkpt>
<trkpt lat="-32.228085" lon="115.797735">
<ele>-13.5</ele>
<time>2026-09-04T09:48:58.093+08:00</time>
<extensions>
<gpxtpx:TrackPointExtension>
<gpxtpx:speed>1.39</gpxtpx:speed>
</gpxtpx:TrackPointExtension>
<opentracks:accuracy_horizontal>2.374</opentracks:accuracy_horizontal></extensions>
</trkpt>
<trkpt lat="-32.228065" lon="115.79778">
<ele>-15.6</ele>
<time>2026-09-04T09:49:08.091+08:00</time>
<extensions>
<gpxtpx:TrackPointExtension>
<gpxtpx:speed>0.29</gpxtpx:speed>
</gpxtpx:TrackPointExtension>
<opentracks:accuracy_horizontal>2.559</opentracks:accuracy_horizontal></extensions>
</trkpt>
<trkpt lat="-32.228065" lon="115.797902">
<ele>-15.7</ele>
<time>2026-09-04T09:49:38.078+08:00</time>
<extensions>
<gpxtpx:TrackPointExtension>
<gpxtpx:speed>1.48</gpxtpx:speed>
</gpxtpx:TrackPointExtension>
<opentracks:accuracy_horizontal>2.498</opentracks:accuracy_horizontal></extensions>
</trkpt>
<trkpt lat="-32.228088" lon="115.798012">
<ele>-15.2</ele>
<time>2026-09-04T09:49:46.086+08:00</time>
<extensions>
<gpxtpx:TrackPointExtension>
<gpxtpx:speed>1.32</gpxtpx:speed>
</gpxtpx:TrackPointExtension>
<opentracks:accuracy_horizontal>2.396</opentracks:accuracy_horizontal></extensions>
</trkpt>
<trkpt lat="-32.228117" lon="115.798119">
<ele>-14.5</ele>
<time>2026-09-04T09:49:54.095+08:00</time>
<extensions>
<gpxtpx:TrackPointExtension>
<gpxtpx:speed>1.3</gpxtpx:speed>
</gpxtpx:TrackPointExtension>
<opentracks:accuracy_horizontal>2.322</opentracks:accuracy_horizontal></extensions>
</trkpt>
<trkpt lat="-32.228194" lon="115.798174">
<ele>-15.1</ele>
<time>2026-09-04T09:50:03.09+08:00</time>
<extensions>
<gpxtpx:TrackPointExtension>
<gpxtpx:speed>1.26</gpxtpx:speed>
</gpxtpx:TrackPointExtension>
<opentracks:accuracy_horizontal>2.609</opentracks:accuracy_horizontal></extensions>
</trkpt>
<trkpt lat="-32.228235" lon="115.798247">
<ele>-14.5</ele>
<time>2026-09-04T09:50:13.108+08:00</time>
<extensions>
<gpxtpx:TrackPointExtension>
<gpxtpx:speed>1.05</gpxtpx:speed>
</gpxtpx:TrackPointExtension>
<opentracks:accuracy_horizontal>2.367</opentracks:accuracy_horizontal></extensions>
</trkpt>
<trkpt lat="-32.228303" lon="115.798334">
<ele>-13.8</ele>
<time>2026-09-04T09:50:23.1+08:00</time>
<extensions>
<gpxtpx:TrackPointExtension>
<gpxtpx:speed>1.11</gpxtpx:speed>
</gpxtpx:TrackPointExtension>
<opentracks:accuracy_horizontal>2.567</opentracks:accuracy_horizontal></extensions>
</trkpt>
<trkpt lat="-32.228341" lon="115.798367">
<ele>-13.4</ele>
<time>2026-09-04T09:50:33.099+08:00</time>
<extensions>
<gpxtpx:TrackPointExtension>
<gpxtpx:speed>0.69</gpxtpx:speed>
</gpxtpx:TrackPointExtension>
<opentracks:accuracy_horizontal>2.601</opentracks:accuracy_horizontal></extensions>
</trkpt>
<trkpt lat="-32.228378" lon="115.798465">
<ele>-12</ele>
<time>2026-09-04T09:50:45.093+08:00</time>
<extensions>
<gpxtpx:TrackPointExtension>
<gpxtpx:speed>0.84</gpxtpx:speed>
</gpxtpx:TrackPointExtension>
<opentracks:accuracy_horizontal>2.421</opentracks:accuracy_horizontal></extensions>
</trkpt>
<trkpt lat="-32.228389" lon="115.798471">
<ele>-10.7</ele>
<time>2026-09-04T09:50:55.102+08:00</time>
<extensions>
<gpxtpx:TrackPointExtension>
<gpxtpx:speed>0.05</gpxtpx:speed>
</gpxtpx:TrackPointExtension>
<opentracks:accuracy_horizontal>2.051</opentracks:accuracy_horizontal></extensions>
</trkpt>
<trkpt lat="-32.228318" lon="115.798554">
<ele>-12.9</ele>
<time>2026-09-04T09:51:07.142+08:00</time>
<extensions>
<gpxtpx:TrackPointExtension>
<gpxtpx:speed>1.53</gpxtpx:speed>
</gpxtpx:TrackPointExtension>
<opentracks:accuracy_horizontal>10.541</opentracks:accuracy_horizontal></extensions>
</trkpt>
<trkpt lat="-32.228392" lon="115.798606">
<ele>-12.5</ele>
<time>2026-09-04T09:51:17.097+08:00</time>
<extensions>
<gpxtpx:TrackPointExtension>
<gpxtpx:speed>1.14</gpxtpx:speed>
</gpxtpx:TrackPointExtension>
<opentracks:accuracy_horizontal>3.405</opentracks:accuracy_horizontal></extensions>
</trkpt>
<trkpt lat="-32.228382" lon="115.798712">
<ele>-14.6</ele>
<time>2026-09-04T09:51:36.15+08:00</time>
<extensions>
<gpxtpx:TrackPointExtension>
<gpxtpx:speed>0.66</gpxtpx:speed>
</gpxtpx:TrackPointExtension>
<opentracks:accuracy_horizontal>4.783</opentracks:accuracy_horizontal></extensions>
</trkpt>
<trkpt lat="-32.228414" lon="115.798767">
<ele>-17.5</ele>
<time>2026-09-04T09:51:46.13+08:00</time>
<extensions>
<gpxtpx:TrackPointExtension>
<gpxtpx:speed>0.54</gpxtpx:speed>
</gpxtpx:TrackPointExtension>
<opentracks:accuracy_horizontal>4.874</opentracks:accuracy_horizontal></extensions>
</trkpt>
<trkpt lat="-32.228432" lon="115.798879">
<ele>-17.9</ele>
<time>2026-09-04T09:51:56.143+08:00</time>
<extensions>
<gpxtpx:TrackPointExtension>
<gpxtpx:speed>0.99</gpxtpx:speed>
</gpxtpx:TrackPointExtension>
<opentracks:accuracy_horizontal>3.573</opentracks:accuracy_horizontal></extensions>
</trkpt>
<trkpt lat="-32.228459" lon="115.798921">
<ele>-17.1</ele>
<time>2026-09-04T09:52:06.113+08:00</time>
<extensions>
<gpxtpx:TrackPointExtension>
<gpxtpx:speed>0.18</gpxtpx:speed>
</gpxtpx:TrackPointExtension>
<opentracks:accuracy_horizontal>2.671</opentracks:accuracy_horizontal></extensions>
</trkpt>
<trkpt lat="-32.228554" lon="115.798908">
<ele>-16.2</ele>
<time>2026-09-04T09:52:20.127+08:00</time>
<extensions>
<gpxtpx:TrackPointExtension>
<gpxtpx:speed>0.9</gpxtpx:speed>
</gpxtpx:TrackPointExtension>
<opentracks:accuracy_horizontal>2.179</opentracks:accuracy_horizontal></extensions>
</trkpt>
<trkpt lat="-32.228624" lon="115.798936">
<ele>-16.6</ele>
<time>2026-09-04T09:52:29.141+08:00</time>
<extensions>
<gpxtpx:TrackPointExtension>
<gpxtpx:speed>0.89</gpxtpx:speed>
</gpxtpx:TrackPointExtension>
<opentracks:accuracy_horizontal>3.731</opentracks:accuracy_horizontal></extensions>
</trkpt>
<trkpt lat="-32.228706" lon="115.798988">
<ele>-16.9</ele>
<time>2026-09-04T09:52:38.158+08:00</time>
<extensions>
<gpxtpx:TrackPointExtension>
<gpxtpx:speed>1.06</gpxtpx:speed>
</gpxtpx:TrackPointExtension>
<opentracks:accuracy_horizontal>4.176</opentracks:accuracy_horizontal></extensions>
</trkpt>
<trkpt lat="-32.228779" lon="115.798961">
<ele>-16.7</ele>
<time>2026-09-04T09:52:48.151+08:00</time>
<extensions>
<gpxtpx:TrackPointExtension>
<gpxtpx:speed>0.87</gpxtpx:speed>
</gpxtpx:TrackPointExtension>
<opentracks:accuracy_horizontal>4.637</opentracks:accuracy_horizontal></extensions>
</trkpt>
<trkpt lat="-32.228875" lon="115.79893">
<ele>-17.1</ele>
<time>2026-09-04T09:53:09.153+08:00</time>
<extensions>
<gpxtpx:TrackPointExtension>
<gpxtpx:speed>0.79</gpxtpx:speed>
</gpxtpx:TrackPointExtension>
<opentracks:accuracy_horizontal>4.807</opentracks:accuracy_horizontal></extensions>
</trkpt>
<trkpt lat="-32.228974" lon="115.798908">
<ele>-18</ele>
<time>2026-09-04T09:53:18.147+08:00</time>
<extensions>
<gpxtpx:TrackPointExtension>
<gpxtpx:speed>1.02</gpxtpx:speed>
</gpxtpx:TrackPointExtension>
<opentracks:accuracy_horizontal>4.524</opentracks:accuracy_horizontal></extensions>
</trkpt>
<trkpt lat="-32.229056" lon="115.798944">
<ele>-15.1</ele>
<time>2026-09-04T09:53:28.154+08:00</time>
<extensions>
<gpxtpx:TrackPointExtension>
<gpxtpx:speed>0.99</gpxtpx:speed>
</gpxtpx:TrackPointExtension>
<opentracks:accuracy_horizontal>3.983</opentracks:accuracy_horizontal></extensions>
</trkpt>
<trkpt lat="-32.229146" lon="115.798962">
<ele>-15.1</ele>
<time>2026-09-04T09:53:38.143+08:00</time>
<extensions>
<gpxtpx:TrackPointExtension>
<gpxtpx:speed>1</gpxtpx:speed>
</gpxtpx:TrackPointExtension>
<opentracks:accuracy_horizontal>4.1</opentracks:accuracy_horizontal></extensions>
</trkpt>
<trkpt lat="-32.229247" lon="115.798948">
<ele>-14</ele>
<time>2026-09-04T09:53:47.147+08:00</time>
<extensions>
<gpxtpx:TrackPointExtension>
<gpxtpx:speed>1.13</gpxtpx:speed>
</gpxtpx:TrackPointExtension>
<opentracks:accuracy_horizontal>3.075</opentracks:accuracy_horizontal></extensions>
</trkpt>
<trkpt lat="-32.22926" lon="115.798945">
<ele>-14.6</ele>
<time>2026-09-04T09:53:57.163+08:00</time>
<extensions>
<gpxtpx:TrackPointExtension>
<gpxtpx:speed>0.54</gpxtpx:speed>
</gpxtpx:TrackPointExtension>
<opentracks:accuracy_horizontal>2.804</opentracks:accuracy_horizontal></extensions>
</trkpt>
<trkpt lat="-32.22935" lon="115.798927">
<ele>-14.6</ele>
<time>2026-09-04T09:54:07.162+08:00</time>
<extensions>
<gpxtpx:TrackPointExtension>
<gpxtpx:speed>0.97</gpxtpx:speed>
</gpxtpx:TrackPointExtension>
<opentracks:accuracy_horizontal>3.609</opentracks:accuracy_horizontal></extensions>
</trkpt>
<trkpt lat="-32.229437" lon="115.7989">
<ele>-15.2</ele>
<time>2026-09-04T09:54:17.15+08:00</time>
<extensions>
<gpxtpx:TrackPointExtension>
<gpxtpx:speed>0.97</gpxtpx:speed>
</gpxtpx:TrackPointExtension>
<opentracks:accuracy_horizontal>3.785</opentracks:accuracy_horizontal></extensions>
</trkpt>
<trkpt lat="-32.229497" lon="115.798914">
<ele>-15.6</ele>
<time>2026-09-04T09:54:27.162+08:00</time>
<extensions>
<gpxtpx:TrackPointExtension>
<gpxtpx:speed>0.08</gpxtpx:speed>
</gpxtpx:TrackPointExtension>
<opentracks:accuracy_horizontal>2.861</opentracks:accuracy_horizontal></extensions>
</trkpt>
<trkpt lat="-32.229582" lon="115.798861">
<ele>-14.2</ele>
<time>2026-09-04T09:54:58.135+08:00</time>
<extensions>
<gpxtpx:TrackPointExtension>
<gpxtpx:speed>1.22</gpxtpx:speed>
</gpxtpx:TrackPointExtension>
<opentracks:accuracy_horizontal>3.539</opentracks:accuracy_horizontal></extensions>
</trkpt>
<trkpt lat="-32.229682" lon="115.798844">
<ele>-15.5</ele>
<time>2026-09-04T09:55:07.156+08:00</time>
<extensions>
<gpxtpx:TrackPointExtension>
<gpxtpx:speed>1.2</gpxtpx:speed>
</gpxtpx:TrackPointExtension>
<opentracks:accuracy_horizontal>3.856</opentracks:accuracy_horizontal></extensions>
</trkpt>
<trkpt lat="-32.229782" lon="115.79884">
<ele>-17.4</ele>
<time>2026-09-04T09:55:17.165+08:00</time>
<extensions>
<gpxtpx:TrackPointExtension>
<gpxtpx:speed>1.09</gpxtpx:speed>
</gpxtpx:TrackPointExtension>
<opentracks:accuracy_horizontal>3.944</opentracks:accuracy_horizontal></extensions>
</trkpt>
<trkpt lat="-32.229873" lon="115.798853">
<ele>-19</ele>
<time>2026-09-04T09:55:25.16+08:00</time>
<extensions>
<gpxtpx:TrackPointExtension>
<gpxtpx:speed>1.17</gpxtpx:speed>
</gpxtpx:TrackPointExtension>
<opentracks:accuracy_horizontal>3.939</opentracks:accuracy_horizontal></extensions>
</trkpt>
<trkpt lat="-32.229969" lon="115.798836">
<ele>-16.7</ele>
<time>2026-09-04T09:55:33.158+08:00</time>
<extensions>
<gpxtpx:TrackPointExtension>
<gpxtpx:speed>1.25</gpxtpx:speed>
</gpxtpx:TrackPointExtension>
<opentracks:accuracy_horizontal>3.065</opentracks:accuracy_horizontal></extensions>
</trkpt>
<trkpt lat="-32.230065" lon="115.798843">
<ele>-16.1</ele>
<time>2026-09-04T09:55:42.107+08:00</time>
<extensions>
<gpxtpx:TrackPointExtension>
<gpxtpx:speed>1.2</gpxtpx:speed>
</gpxtpx:TrackPointExtension>
<opentracks:accuracy_horizontal>2.273</opentracks:accuracy_horizontal></extensions>
</trkpt>
<trkpt lat="-32.230151" lon="115.798806">
<ele>-15.5</ele>
<time>2026-09-04T09:55:50.104+08:00</time>
<extensions>
<gpxtpx:TrackPointExtension>
<gpxtpx:speed>1.19</gpxtpx:speed>
</gpxtpx:TrackPointExtension>
<opentracks:accuracy_horizontal>2.233</opentracks:accuracy_horizontal></extensions>
</trkpt>
<trkpt lat="-32.230234" lon="115.798792">
<ele>-15.7</ele>
<time>2026-09-04T09:56:00.107+08:00</time>
<extensions>
<gpxtpx:TrackPointExtension>
<gpxtpx:speed>0.49</gpxtpx:speed>
</gpxtpx:TrackPointExtension>
<opentracks:accuracy_horizontal>2.343</opentracks:accuracy_horizontal></extensions>
</trkpt>
<trkpt lat="-32.230323" lon="115.798828">
<ele>-16.6</ele>
<time>2026-09-04T09:56:09.083+08:00</time>
<extensions>
<gpxtpx:TrackPointExtension>
<gpxtpx:speed>1.09</gpxtpx:speed>
</gpxtpx:TrackPointExtension>
<opentracks:accuracy_horizontal>2.485</opentracks:accuracy_horizontal></extensions>
</trkpt>
<trkpt lat="-32.230393" lon="115.798872">
<ele>-17.5</ele>
<time>2026-09-04T09:56:18.096+08:00</time>
<extensions>
<gpxtpx:TrackPointExtension>
<gpxtpx:speed>1.02</gpxtpx:speed>
</gpxtpx:TrackPointExtension>
<opentracks:accuracy_horizontal>2.426</opentracks:accuracy_horizontal></extensions>
</trkpt>
<trkpt lat="-32.230482" lon="115.798846">
<ele>-17.4</ele>
<time>2026-09-04T09:56:27.107+08:00</time>
<extensions>
<gpxtpx:TrackPointExtension>
<gpxtpx:speed>1.04</gpxtpx:speed>
</gpxtpx:TrackPointExtension>
<opentracks:accuracy_horizontal>2.432</opentracks:accuracy_horizontal></extensions>
</trkpt>
<trkpt lat="-32.230557" lon="115.798816">
<ele>-18.5</ele>
<time>2026-09-04T09:56:37.11+08:00</time>
<extensions>
<gpxtpx:TrackPointExtension>
<gpxtpx:speed>0.96</gpxtpx:speed>
</gpxtpx:TrackPointExtension>
<opentracks:accuracy_horizontal>2.335</opentracks:accuracy_horizontal></extensions>
</trkpt>
<trkpt lat="-32.230643" lon="115.79878">
<ele>-23</ele>
<time>2026-09-04T09:57:16.106+08:00</time>
<extensions>
<gpxtpx:TrackPointExtension>
<gpxtpx:speed>0.31</gpxtpx:speed>
</gpxtpx:TrackPointExtension>
<opentracks:accuracy_horizontal>2.433</opentracks:accuracy_horizontal></extensions>
</trkpt>
<trkpt lat="-32.230743" lon="115.798813">
<ele>-22.1</ele>
<time>2026-09-04T09:57:24.108+08:00</time>
<extensions>
<gpxtpx:TrackPointExtension>
<gpxtpx:speed>1.27</gpxtpx:speed>
</gpxtpx:TrackPointExtension>
<opentracks:accuracy_horizontal>2.593</opentracks:accuracy_horizontal></extensions>
</trkpt>
<trkpt lat="-32.230844" lon="115.798797">
<ele>-22</ele>
<time>2026-09-04T09:57:32.093+08:00</time>
<extensions>
<gpxtpx:TrackPointExtension>
<gpxtpx:speed>1.33</gpxtpx:speed>
</gpxtpx:TrackPointExtension>
<opentracks:accuracy_horizontal>2.475</opentracks:accuracy_horizontal></extensions>
</trkpt>
<trkpt lat="-32.230918" lon="115.798729">
<ele>-21.6</ele>
<time>2026-09-04T09:57:39.147+08:00</time>
<extensions>
<gpxtpx:TrackPointExtension>
<gpxtpx:speed>1.39</gpxtpx:speed>
</gpxtpx:TrackPointExtension>
<opentracks:accuracy_horizontal>2.307</opentracks:accuracy_horizontal></extensions>
</trkpt>
<trkpt lat="-32.230933" lon="115.798617">
<ele>-22.9</ele>
<time>2026-09-04T09:57:48.099+08:00</time>
<extensions>
<gpxtpx:TrackPointExtension>
<gpxtpx:speed>1.23</gpxtpx:speed>
</gpxtpx:TrackPointExtension>
<opentracks:accuracy_horizontal>2.311</opentracks:accuracy_horizontal></extensions>
</trkpt>
<trkpt lat="-32.230964" lon="115.798508">
<ele>-24.7</ele>
<time>2026-09-04T09:57:56.112+08:00</time>
<extensions>
<gpxtpx:TrackPointExtension>
<gpxtpx:speed>1.28</gpxtpx:speed>
</gpxtpx:TrackPointExtension>
<opentracks:accuracy_horizontal>2.492</opentracks:accuracy_horizontal></extensions>
</trkpt>
<trkpt lat="-32.231021" lon="115.79841">
<ele>-24</ele>
<time>2026-09-04T09:58:05.103+08:00</time>
<extensions>
<gpxtpx:TrackPointExtension>
<gpxtpx:speed>1.22</gpxtpx:speed>
</gpxtpx:TrackPointExtension>
<opentracks:accuracy_horizontal>2.269</opentracks:accuracy_horizontal></extensions>
</trkpt>
<trkpt lat="-32.231103" lon="115.798359">
<ele>-24.1</ele>
<time>2026-09-04T09:58:12.118+08:00</time>
<extensions>
<gpxtpx:TrackPointExtension>
<gpxtpx:speed>1.27</gpxtpx:speed>
</gpxtpx:TrackPointExtension>
<opentracks:accuracy_horizontal>2.272</opentracks:accuracy_horizontal></extensions>
</trkpt>
<trkpt lat="-32.231184" lon="115.798304">
<ele>-24.4</ele>
<time>2026-09-04T09:58:20.114+08:00</time>
<extensions>
<gpxtpx:TrackPointExtension>
<gpxtpx:speed>1.26</gpxtpx:speed>
</gpxtpx:TrackPointExtension>
<opentracks:accuracy_horizontal>2.447</opentracks:accuracy_horizontal></extensions>
</trkpt>
<trkpt lat="-32.231275" lon="115.79829">
<ele>-25</ele>
<time>2026-09-04T09:58:30.134+08:00</time>
<extensions>
<gpxtpx:TrackPointExtension>
<gpxtpx:speed>1.16</gpxtpx:speed>
</gpxtpx:TrackPointExtension>
<opentracks:accuracy_horizontal>2.427</opentracks:accuracy_horizontal></extensions>
</trkpt>
<trkpt lat="-32.231305" lon="115.798272">
<ele>-25.5</ele>
<time>2026-09-04T09:58:40.093+08:00</time>
<extensions>
<gpxtpx:TrackPointExtension>
<gpxtpx:speed>0.09</gpxtpx:speed>
</gpxtpx:TrackPointExtension>
<opentracks:accuracy_horizontal>2.579</opentracks:accuracy_horizontal></extensions>
</trkpt>
<trkpt lat="-32.23137" lon="115.798358">
<ele>-24.2</ele>
<time>2026-09-04T09:59:10.081+08:00</time>
<extensions>
<gpxtpx:TrackPointExtension>
<gpxtpx:speed>1.12</gpxtpx:speed>
</gpxtpx:TrackPointExtension>
<opentracks:accuracy_horizontal>2.422</opentracks:accuracy_horizontal></extensions>
</trkpt>
<trkpt lat="-32.231448" lon="115.798431">
<ele>-26.5</ele>
<time>2026-09-04T09:59:19.101+08:00</time>
<extensions>
<gpxtpx:TrackPointExtension>
<gpxtpx:speed>1.25</gpxtpx:speed>
</gpxtpx:TrackPointExtension>
<opentracks:accuracy_horizontal>2.424</opentracks:accuracy_horizontal></extensions>
</trkpt>
<trkpt lat="-32.231488" lon="115.798529">
<ele>-27.3</ele>
<time>2026-09-04T09:59:28.091+08:00</time>
<extensions>
<gpxtpx:TrackPointExtension>
<gpxtpx:speed>1.05</gpxtpx:speed>
</gpxtpx:TrackPointExtension>
<opentracks:accuracy_horizontal>2.309</opentracks:accuracy_horizontal></extensions>
</trkpt>
<trkpt lat="-32.231492" lon="115.798581">
<ele>-26.8</ele>
<time>2026-09-04T09:59:37.109+08:00</time>
<extensions>
<gpxtpx:TrackPointExtension>
<gpxtpx:speed>0.42</gpxtpx:speed>
</gpxtpx:TrackPointExtension>
<opentracks:accuracy_horizontal>2.303</opentracks:accuracy_horizontal></extensions>
</trkpt>
<trkpt lat="-32.231568" lon="115.79864">
<ele>-27.5</ele>
<time>2026-09-04T09:59:47.106+08:00</time>
<extensions>
<gpxtpx:TrackPointExtension>
<gpxtpx:speed>1.27</gpxtpx:speed>
</gpxtpx:TrackPointExtension>
<opentracks:accuracy_horizontal>2.413</opentracks:accuracy_horizontal></extensions>
</trkpt>
<trkpt lat="-32.231646" lon="115.798706">
<ele>-26.7</ele>
<time>2026-09-04T09:59:54.098+08:00</time>
<extensions>
<gpxtpx:TrackPointExtension>
<gpxtpx:speed>1.39</gpxtpx:speed>
</gpxtpx:TrackPointExtension>
<opentracks:accuracy_horizontal>2.416</opentracks:accuracy_horizontal></extensions>
</trkpt>
<trkpt lat="-32.231717" lon="115.798781">
<ele>-25</ele>
<time>2026-09-04T10:00:01.078+08:00</time>
<extensions>
<gpxtpx:TrackPointExtension>
<gpxtpx:speed>1.45</gpxtpx:speed>
</gpxtpx:TrackPointExtension>
<opentracks:accuracy_horizontal>2.33</opentracks:accuracy_horizontal></extensions>
</trkpt>
<trkpt lat="-32.231797" lon="115.798857">
<ele>-25.3</ele>
<time>2026-09-04T10:00:09.085+08:00</time>
<extensions>
<gpxtpx:TrackPointExtension>
<gpxtpx:speed>1.47</gpxtpx:speed>
</gpxtpx:TrackPointExtension>
<opentracks:accuracy_horizontal>2.326</opentracks:accuracy_horizontal></extensions>
</trkpt>
<trkpt lat="-32.231884" lon="115.798902">
<ele>-26.3</ele>
<time>2026-09-04T10:00:18.103+08:00</time>
<extensions>
<gpxtpx:TrackPointExtension>
<gpxtpx:speed>1.37</gpxtpx:speed>
</gpxtpx:TrackPointExtension>
<opentracks:accuracy_horizontal>2.261</opentracks:accuracy_horizontal></extensions>
</trkpt>
<trkpt lat="-32.231929" lon="115.798995">
<ele>-28.8</ele>
<time>2026-09-04T10:00:25.102+08:00</time>
<extensions>
<gpxtpx:TrackPointExtension>
<gpxtpx:speed>1.36</gpxtpx:speed>
</gpxtpx:TrackPointExtension>
<opentracks:accuracy_horizontal>2.676</opentracks:accuracy_horizontal></extensions>
</trkpt>
<trkpt lat="-32.232007" lon="115.799059">
<ele>-28.8</ele>
<time>2026-09-04T10:00:33.117+08:00</time>
<extensions>
<gpxtpx:TrackPointExtension>
<gpxtpx:speed>1.26</gpxtpx:speed>
</gpxtpx:TrackPointExtension>
<opentracks:accuracy_horizontal>2.538</opentracks:accuracy_horizontal></extensions>
</trkpt>
<trkpt lat="-32.232051" lon="115.799167">
<ele>-27.3</ele>
<time>2026-09-04T10:00:41.083+08:00</time>
<extensions>
<gpxtpx:TrackPointExtension>
<gpxtpx:speed>1.3</gpxtpx:speed>
</gpxtpx:TrackPointExtension>
<opentracks:accuracy_horizontal>2.717</opentracks:accuracy_horizontal></extensions>
</trkpt>
<trkpt lat="-32.23213" lon="115.799239">
<ele>-26.4</ele>
<time>2026-09-04T10:00:49.099+08:00</time>
<extensions>
<gpxtpx:TrackPointExtension>
<gpxtpx:speed>1.35</gpxtpx:speed>
</gpxtpx:TrackPointExtension>
<opentracks:accuracy_horizontal>2.503</opentracks:accuracy_horizontal></extensions>
</trkpt>
<trkpt lat="-32.232138" lon="115.799257">
<ele>-26.5</ele>
<time>2026-09-04T10:00:58.133+08:00</time>
<extensions>
<gpxtpx:TrackPointExtension>
<gpxtpx:speed>0.04</gpxtpx:speed>
</gpxtpx:TrackPointExtension>
<opentracks:accuracy_horizontal>2.779</opentracks:accuracy_horizontal></extensions>
</trkpt>
<trkpt lat="-32.232115" lon="115.799381">
<ele>-25.9</ele>
<time>2026-09-04T10:01:30.103+08:00</time>
<extensions>
<gpxtpx:TrackPointExtension>
<gpxtpx:speed>1.94</gpxtpx:speed>
</gpxtpx:TrackPointExtension>
<opentracks:accuracy_horizontal>3.047</opentracks:accuracy_horizontal></extensions>
</trkpt>
<trkpt lat="-32.232111" lon="115.79949">
<ele>-24</ele>
<time>2026-09-04T10:01:38.098+08:00</time>
<extensions>
<gpxtpx:TrackPointExtension>
<gpxtpx:speed>1.37</gpxtpx:speed>
</gpxtpx:TrackPointExtension>
<opentracks:accuracy_horizontal>2.305</opentracks:accuracy_horizontal></extensions>
</trkpt>
<trkpt lat="-32.232191" lon="115.799546">
<ele>-24.5</ele>
<time>2026-09-04T10:01:48.109+08:00</time>
<extensions>
<gpxtpx:TrackPointExtension>
<gpxtpx:speed>1.23</gpxtpx:speed>
</gpxtpx:TrackPointExtension>
<opentracks:accuracy_horizontal>2.473</opentracks:accuracy_horizontal></extensions>
</trkpt>
<trkpt lat="-32.232196" lon="115.79958">
<ele>-24.5</ele>
<time>2026-09-04T10:01:58.109+08:00</time>
<extensions>
<gpxtpx:TrackPointExtension>
<gpxtpx:speed>1.08</gpxtpx:speed>
</gpxtpx:TrackPointExtension>
<opentracks:accuracy_horizontal>2.452</opentracks:accuracy_horizontal></extensions>
</trkpt>
<trkpt lat="-32.232253" lon="115.79967">
<ele>-25.1</ele>
<time>2026-09-04T10:02:04.097+08:00</time>
<extensions>
<gpxtpx:TrackPointExtension>
<gpxtpx:speed>1.61</gpxtpx:speed>
</gpxtpx:TrackPointExtension>
<opentracks:accuracy_horizontal>2.46</opentracks:accuracy_horizontal></extensions>
</trkpt>
<trkpt lat="-32.232317" lon="115.799754">
<ele>-25.4</ele>
<time>2026-09-04T10:02:12.107+08:00</time>
<extensions>
<gpxtpx:TrackPointExtension>
<gpxtpx:speed>1.46</gpxtpx:speed>
</gpxtpx:TrackPointExtension>
<opentracks:accuracy_horizontal>2.43</opentracks:accuracy_horizontal></extensions>
</trkpt>
<trkpt lat="-32.23237" lon="115.799843">
<ele>-25.4</ele>
<time>2026-09-04T10:02:19.108+08:00</time>
<extensions>
<gpxtpx:TrackPointExtension>
<gpxtpx:speed>1.47</gpxtpx:speed>
</gpxtpx:TrackPointExtension>
<opentracks:accuracy_horizontal>2.428</opentracks:accuracy_horizontal></extensions>
</trkpt>
<trkpt lat="-32.232438" lon="115.799924">
<ele>-24.8</ele>
<time>2026-09-04T10:02:26.101+08:00</time>
<extensions>
<gpxtpx:TrackPointExtension>
<gpxtpx:speed>1.5</gpxtpx:speed>
</gpxtpx:TrackPointExtension>
<opentracks:accuracy_horizontal>2.301</opentracks:accuracy_horizontal></extensions>
</trkpt>
<trkpt lat="-32.232494" lon="115.800011">
<ele>-24.1</ele>
<time>2026-09-04T10:02:33.087+08:00</time>
<extensions>
<gpxtpx:TrackPointExtension>
<gpxtpx:speed>1.49</gpxtpx:speed>
</gpxtpx:TrackPointExtension>
<opentracks:accuracy_horizontal>2.381</opentracks:accuracy_horizontal></extensions>
</trkpt>
<trkpt lat="-32.232556" lon="115.800103">
<ele>-24.7</ele>
<time>2026-09-04T10:02:42.101+08:00</time>
<extensions>
<gpxtpx:TrackPointExtension>
<gpxtpx:speed>1.35</gpxtpx:speed>
</gpxtpx:TrackPointExtension>
<opentracks:accuracy_horizontal>2.5</opentracks:accuracy_horizontal></extensions>
</trkpt>
<trkpt lat="-32.232625" lon="115.80019">
<ele>-24.8</ele>
<time>2026-09-04T10:02:50.111+08:00</time>
<extensions>
<gpxtpx:TrackPointExtension>
<gpxtpx:speed>1.38</gpxtpx:speed>
</gpxtpx:TrackPointExtension>
<opentracks:accuracy_horizontal>2.31</opentracks:accuracy_horizontal></extensions>
</trkpt>
<trkpt lat="-32.232686" lon="115.800272">
<ele>-23.5</ele>
<time>2026-09-04T10:02:57.112+08:00</time>
<extensions>
<gpxtpx:TrackPointExtension>
<gpxtpx:speed>1.42</gpxtpx:speed>
</gpxtpx:TrackPointExtension>
<opentracks:accuracy_horizontal>2.42</opentracks:accuracy_horizontal></extensions>
</trkpt>
<trkpt lat="-32.232728" lon="115.800358">
<ele>-24.8</ele>
<time>2026-09-04T10:03:07.102+08:00</time>
<extensions>
<gpxtpx:TrackPointExtension>
<gpxtpx:speed>1.14</gpxtpx:speed>
</gpxtpx:TrackPointExtension>
<opentracks:accuracy_horizontal>2.565</opentracks:accuracy_horizontal></extensions>
</trkpt>
<trkpt lat="-32.232788" lon="115.80044">
<ele>-26.2</ele>
<time>2026-09-04T10:03:15.101+08:00</time>
<extensions>
<gpxtpx:TrackPointExtension>
<gpxtpx:speed>1.26</gpxtpx:speed>
</gpxtpx:TrackPointExtension>
<opentracks:accuracy_horizontal>2.51</opentracks:accuracy_horizontal></extensions>
</trkpt>
<trkpt lat="-32.232856" lon="115.800529">
<ele>-25.7</ele>
<time>2026-09-04T10:03:22.121+08:00</time>
<extensions>
<gpxtpx:TrackPointExtension>
<gpxtpx:speed>1.42</gpxtpx:speed>
</gpxtpx:TrackPointExtension>
<opentracks:accuracy_horizontal>2.297</opentracks:accuracy_horizontal></extensions>
</trkpt>
<trkpt lat="-32.232921" lon="115.800619">
<ele>-25.3</ele>
<time>2026-09-04T10:03:29.1+08:00</time>
<extensions>
<gpxtpx:TrackPointExtension>
<gpxtpx:speed>1.5</gpxtpx:speed>
</gpxtpx:TrackPointExtension>
<opentracks:accuracy_horizontal>2.212</opentracks:accuracy_horizontal></extensions>
</trkpt>
<trkpt lat="-32.232997" lon="115.800698">
<ele>-23.3</ele>
<time>2026-09-04T10:03:37.105+08:00</time>
<extensions>
<gpxtpx:TrackPointExtension>
<gpxtpx:speed>1.46</gpxtpx:speed>
</gpxtpx:TrackPointExtension>
<opentracks:accuracy_horizontal>2.586</opentracks:accuracy_horizontal></extensions>
</trkpt>
<trkpt lat="-32.233039" lon="115.800795">
<ele>-23.7</ele>
<time>2026-09-04T10:03:47.105+08:00</time>
<extensions>
<gpxtpx:TrackPointExtension>
<gpxtpx:speed>1.23</gpxtpx:speed>
</gpxtpx:TrackPointExtension>
<opentracks:accuracy_horizontal>2.648</opentracks:accuracy_horizontal></extensions>
</trkpt>
<trkpt lat="-32.233091" lon="115.800882">
<ele>-23.4</ele>
<time>2026-09-04T10:03:54.098+08:00</time>
<extensions>
<gpxtpx:TrackPointExtension>
<gpxtpx:speed>1.31</gpxtpx:speed>
</gpxtpx:TrackPointExtension>
<opentracks:accuracy_horizontal>2.542</opentracks:accuracy_horizontal></extensions>
</trkpt>
<trkpt lat="-32.233151" lon="115.800966">
<ele>-22.8</ele>
<time>2026-09-04T10:04:02.102+08:00</time>
<extensions>
<gpxtpx:TrackPointExtension>
<gpxtpx:speed>1.3</gpxtpx:speed>
</gpxtpx:TrackPointExtension>
<opentracks:accuracy_horizontal>2.435</opentracks:accuracy_horizontal></extensions>
</trkpt>
<trkpt lat="-32.23321" lon="115.801055">
<ele>-23.5</ele>
<time>2026-09-04T10:04:10.107+08:00</time>
<extensions>
<gpxtpx:TrackPointExtension>
<gpxtpx:speed>1.31</gpxtpx:speed>
</gpxtpx:TrackPointExtension>
<opentracks:accuracy_horizontal>2.687</opentracks:accuracy_horizontal></extensions>
</trkpt>
<trkpt lat="-32.233264" lon="115.801149">
<ele>-23.4</ele>
<time>2026-09-04T10:04:18.113+08:00</time>
<extensions>
<gpxtpx:TrackPointExtension>
<gpxtpx:speed>1.32</gpxtpx:speed>
</gpxtpx:TrackPointExtension>
<opentracks:accuracy_horizontal>2.788</opentracks:accuracy_horizontal></extensions>
</trkpt>
<trkpt lat="-32.233337" lon="115.801224">
<ele>-24</ele>
<time>2026-09-04T10:04:25.104+08:00</time>
<extensions>
<gpxtpx:TrackPointExtension>
<gpxtpx:speed>1.43</gpxtpx:speed>
</gpxtpx:TrackPointExtension>
<opentracks:accuracy_horizontal>2.573</opentracks:accuracy_horizontal></extensions>
</trkpt>
<trkpt lat="-32.233394" lon="115.80131">
<ele>-24.5</ele>
<time>2026-09-04T10:04:32.12+08:00</time>
<extensions>
<gpxtpx:TrackPointExtension>
<gpxtpx:speed>1.46</gpxtpx:speed>
</gpxtpx:TrackPointExtension>
<opentracks:accuracy_horizontal>2.338</opentracks:accuracy_horizontal></extensions>
</trkpt>
<trkpt lat="-32.233456" lon="115.801392">
<ele>-22.5</ele>
<time>2026-09-04T10:04:39.103+08:00</time>
<extensions>
<gpxtpx:TrackPointExtension>
<gpxtpx:speed>1.48</gpxtpx:speed>
</gpxtpx:TrackPointExtension>
<opentracks:accuracy_horizontal>2.426</opentracks:accuracy_horizontal></extensions>
</trkpt>
<trkpt lat="-32.233514" lon="115.801479">
<ele>-23</ele>
<time>2026-09-04T10:04:47.09+08:00</time>
<extensions>
<gpxtpx:TrackPointExtension>
<gpxtpx:speed>1.36</gpxtpx:speed>
</gpxtpx:TrackPointExtension>
<opentracks:accuracy_horizontal>2.694</opentracks:accuracy_horizontal></extensions>
</trkpt>
<trkpt lat="-32.233573" lon="115.801574">
<ele>-22.5</ele>
<time>2026-09-04T10:04:55.106+08:00</time>
<extensions>
<gpxtpx:TrackPointExtension>
<gpxtpx:speed>1.37</gpxtpx:speed>
</gpxtpx:TrackPointExtension>
<opentracks:accuracy_horizontal>2.356</opentracks:accuracy_horizontal></extensions>
</trkpt>
<trkpt lat="-32.233635" lon="115.801661">
<ele>-23.5</ele>
<time>2026-09-04T10:05:03.107+08:00</time>
<extensions>
<gpxtpx:TrackPointExtension>
<gpxtpx:speed>1.35</gpxtpx:speed>
</gpxtpx:TrackPointExtension>
<opentracks:accuracy_horizontal>2.416</opentracks:accuracy_horizontal></extensions>
</trkpt>
<trkpt lat="-32.233701" lon="115.80175">
<ele>-23.4</ele>
<time>2026-09-04T10:05:11.093+08:00</time>
<extensions>
<gpxtpx:TrackPointExtension>
<gpxtpx:speed>1.4</gpxtpx:speed>
</gpxtpx:TrackPointExtension>
<opentracks:accuracy_horizontal>2.757</opentracks:accuracy_horizontal></extensions>
</trkpt>
<trkpt lat="-32.233764" lon="115.801839">
<ele>-22.5</ele>
<time>2026-09-04T10:05:19.116+08:00</time>
<extensions>
<gpxtpx:TrackPointExtension>
<gpxtpx:speed>1.38</gpxtpx:speed>
</gpxtpx:TrackPointExtension>
<opentracks:accuracy_horizontal>2.413</opentracks:accuracy_horizontal></extensions>
</trkpt>
<trkpt lat="-32.233828" lon="115.801925">
<ele>-21.6</ele>
<time>2026-09-04T10:05:27.107+08:00</time>
<extensions>
<gpxtpx:TrackPointExtension>
<gpxtpx:speed>1.35</gpxtpx:speed>
</gpxtpx:TrackPointExtension>
<opentracks:accuracy_horizontal>2.349</opentracks:accuracy_horizontal></extensions>
</trkpt>
<trkpt lat="-32.233884" lon="115.802021">
<ele>-22.2</ele>
<time>2026-09-04T10:05:35.103+08:00</time>
<extensions>
<gpxtpx:TrackPointExtension>
<gpxtpx:speed>1.36</gpxtpx:speed>
</gpxtpx:TrackPointExtension>
<opentracks:accuracy_horizontal>2.366</opentracks:accuracy_horizontal></extensions>
</trkpt>
<trkpt lat="-32.233868" lon="115.802129">
<ele>-22.6</ele>
<time>2026-09-04T10:05:43.103+08:00</time>
<extensions>
<gpxtpx:TrackPointExtension>
<gpxtpx:speed>1.27</gpxtpx:speed>
</gpxtpx:TrackPointExtension>
<opentracks:accuracy_horizontal>2.387</opentracks:accuracy_horizontal></extensions>
</trkpt>
<trkpt lat="-32.233871" lon="115.802237">
<ele>-21.6</ele>
<time>2026-09-04T10:05:51.105+08:00</time>
<extensions>
<gpxtpx:TrackPointExtension>
<gpxtpx:speed>1.21</gpxtpx:speed>
</gpxtpx:TrackPointExtension>
<opentracks:accuracy_horizontal>2.319</opentracks:accuracy_horizontal></extensions>
</trkpt>
<trkpt lat="-32.233875" lon="115.80235">
<ele>-21.4</ele>
<time>2026-09-04T10:06:00.151+08:00</time>
<extensions>
<gpxtpx:TrackPointExtension>
<gpxtpx:speed>1.15</gpxtpx:speed>
</gpxtpx:TrackPointExtension>
<opentracks:accuracy_horizontal>2.342</opentracks:accuracy_horizontal></extensions>
</trkpt>
<trkpt lat="-32.233873" lon="115.802473">
<ele>-20.9</ele>
<time>2026-09-04T10:06:08.107+08:00</time>
<extensions>
<gpxtpx:TrackPointExtension>
<gpxtpx:speed>1.28</gpxtpx:speed>
</gpxtpx:TrackPointExtension>
<opentracks:accuracy_horizontal>2.5</opentracks:accuracy_horizontal></extensions>
</trkpt>
<trkpt lat="-32.233874" lon="115.802586">
<ele>-20.2</ele>
<time>2026-09-04T10:06:17.124+08:00</time>
<extensions>
<gpxtpx:TrackPointExtension>
<gpxtpx:speed>1.2</gpxtpx:speed>
</gpxtpx:TrackPointExtension>
<opentracks:accuracy_horizontal>2.577</opentracks:accuracy_horizontal></extensions>
</trkpt>
<trkpt lat="-32.233879" lon="115.802704">
<ele>-19.8</ele>
<time>2026-09-04T10:06:26.107+08:00</time>
<extensions>
<gpxtpx:TrackPointExtension>
<gpxtpx:speed>1.17</gpxtpx:speed>
</gpxtpx:TrackPointExtension>
<opentracks:accuracy_horizontal>2.453</opentracks:accuracy_horizontal></extensions>
</trkpt>
<trkpt lat="-32.233881" lon="115.802825">
<ele>-19.2</ele>
<time>2026-09-04T10:06:35.114+08:00</time>
<extensions>
<gpxtpx:TrackPointExtension>
<gpxtpx:speed>1.19</gpxtpx:speed>
</gpxtpx:TrackPointExtension>
<opentracks:accuracy_horizontal>2.584</opentracks:accuracy_horizontal></extensions>
</trkpt>
<trkpt lat="-32.233884" lon="115.80294">
<ele>-18.3</ele>
<time>2026-09-04T10:06:44.093+08:00</time>
<extensions>
<gpxtpx:TrackPointExtension>
<gpxtpx:speed>1.19</gpxtpx:speed>
</gpxtpx:TrackPointExtension>
<opentracks:accuracy_horizontal>2.597</opentracks:accuracy_horizontal></extensions>
</trkpt>
<trkpt lat="-32.233843" lon="115.803026">
<ele>-17.2</ele>
<time>2026-09-04T10:06:53.105+08:00</time>
<extensions>
<gpxtpx:TrackPointExtension>
<gpxtpx:speed>1.15</gpxtpx:speed>
</gpxtpx:TrackPointExtension>
<opentracks:accuracy_horizontal>2.379</opentracks:accuracy_horizontal></extensions>
</trkpt>
<trkpt lat="-32.233766" lon="115.803085">
<ele>-17.4</ele>
<time>2026-09-04T10:07:06.107+08:00</time>
<extensions>
<gpxtpx:TrackPointExtension>
<gpxtpx:speed>1</gpxtpx:speed>
</gpxtpx:TrackPointExtension>
<opentracks:accuracy_horizontal>2.458</opentracks:accuracy_horizontal></extensions>
</trkpt>
<trkpt lat="-32.233681" lon="115.803125">
<ele>-16.5</ele>
<time>2026-09-04T10:07:15.138+08:00</time>
<extensions>
<gpxtpx:TrackPointExtension>
<gpxtpx:speed>1.07</gpxtpx:speed>
</gpxtpx:TrackPointExtension>
<opentracks:accuracy_horizontal>2.666</opentracks:accuracy_horizontal></extensions>
</trkpt>
<trkpt lat="-32.233585" lon="115.803119">
<ele>-16.3</ele>
<time>2026-09-04T10:07:24.098+08:00</time>
<extensions>
<gpxtpx:TrackPointExtension>
<gpxtpx:speed>1.08</gpxtpx:speed>
</gpxtpx:TrackPointExtension>
<opentracks:accuracy_horizontal>2.274</opentracks:accuracy_horizontal></extensions>
</trkpt>
<trkpt lat="-32.233486" lon="115.803106">
<ele>-17.1</ele>
<time>2026-09-04T10:07:33.111+08:00</time>
<extensions>
<gpxtpx:TrackPointExtension>
<gpxtpx:speed>1.14</gpxtpx:speed>
</gpxtpx:TrackPointExtension>
<opentracks:accuracy_horizontal>2.227</opentracks:accuracy_horizontal></extensions>
</trkpt>
<trkpt lat="-32.233393" lon="115.803116">
<ele>-16.7</ele>
<time>2026-09-04T10:07:43.102+08:00</time>
<extensions>
<gpxtpx:TrackPointExtension>
<gpxtpx:speed>1.06</gpxtpx:speed>
</gpxtpx:TrackPointExtension>
<opentracks:accuracy_horizontal>2.497</opentracks:accuracy_horizontal></extensions>
</trkpt>
<trkpt lat="-32.233302" lon="115.803124">
<ele>-15.7</ele>
<time>2026-09-04T10:07:51.109+08:00</time>
<extensions>
<gpxtpx:TrackPointExtension>
<gpxtpx:speed>1.18</gpxtpx:speed>
</gpxtpx:TrackPointExtension>
<opentracks:accuracy_horizontal>2.404</opentracks:accuracy_horizontal></extensions>
</trkpt>
<trkpt lat="-32.233269" lon="115.803084">
<ele>-14.9</ele>
<time>2026-09-04T10:08:00.116+08:00</time>
<extensions>
<gpxtpx:TrackPointExtension>
<gpxtpx:speed>0.08</gpxtpx:speed>
</gpxtpx:TrackPointExtension>
<opentracks:accuracy_horizontal>2.299</opentracks:accuracy_horizontal></extensions>
</trkpt>
<trkpt lat="-32.23323" lon="115.802984">
<ele>-17.6</ele>
<time>2026-09-04T10:08:22.148+08:00</time>
<extensions>
<gpxtpx:TrackPointExtension>
<gpxtpx:speed>1.21</gpxtpx:speed>
</gpxtpx:TrackPointExtension>
<opentracks:accuracy_horizontal>2.361</opentracks:accuracy_horizontal></extensions>
</trkpt>
<trkpt lat="-32.233202" lon="115.802916">
<ele>-17.7</ele>
<time>2026-09-04T10:08:31.152+08:00</time>
<extensions>
<gpxtpx:TrackPointExtension>
<gpxtpx:speed>0.28</gpxtpx:speed>
</gpxtpx:TrackPointExtension>
<opentracks:accuracy_horizontal>2.727</opentracks:accuracy_horizontal></extensions>
</trkpt>
<trkpt lat="-32.233266" lon="115.802853">
<ele>-25.7</ele>
<time>2026-09-04T10:09:25.161+08:00</time>
<extensions>
<gpxtpx:TrackPointExtension>
<gpxtpx:speed>0.25</gpxtpx:speed>
</gpxtpx:TrackPointExtension>
<opentracks:accuracy_horizontal>6.921</opentracks:accuracy_horizontal></extensions>
</trkpt>
</trkseg>
</trk>
</gpx>
