<?xml version="1.0" encoding="UTF-8"?>
<gpx
version="1.1"
creator="OpenTracks"
xmlns="http://www.topografix.com/GPX/1/1"
xmlns:topografix="http://www.topografix.com/GPX/Private/TopoGrafix/0/1"
xmlns:xsi="http://www.w3.org/2001/XMLSchema-instance"
xmlns:opentracks="http://opentracksapp.com/xmlschemas/v1"
xmlns:gpxtpx="http://www.garmin.com/xmlschemas/TrackPointExtension/v2"
xmlns:gpxtrkx="http://www.garmin.com/xmlschemas/TrackStatsExtension/v1"
xmlns:cluetrust="http://www.cluetrust.com/Schemas/"
xmlns:pwr="http://www.garmin.com/xmlschemas/PowerExtension/v1"
xsi:schemaLocation="http://www.topografix.com/GPX/1/1 http://www.topografix.com/GPX/1/1/gpx.xsd http://www.topografix.com/GPX/Private/TopoGrafix/0/1 http://www.topografix.com/GPX/Private/TopoGrafix/0/1/topografix.xsd http://www.garmin.com/xmlschemas/TrackPointExtension/v2 https://www8.garmin.com/xmlschemas/TrackPointExtensionv2.xsd http://www.garmin.com/xmlschemas/PowerExtension/v1 https://www8.garmin.com/xmlschemas/PowerExtensionv1.xsd http://www.garmin.com/xmlschemas/TrackStatsExtension/v1 https://www8.garmin.com/xmlschemas/TrackStatsExtension.xsd http://www.cluetrust.com/Schemas https://www.cluetrust.com/Schemas/gpxdata10.xsd http://opentracksapp.com/xmlschemas/v1 http://opentracksapp.com/xmlschemas/OpenTracks_v1.xsd">
<trk>
<name><![CDATA[2026-09-03T08:14+08]]></name>
<desc><![CDATA[]]></desc>
<type><![CDATA[cycling]]></type>
<extensions>
<topografix:color>c0c0c0</topografix:color>
<opentracks:trackid>b3ba63c1-4ee9-4f03-8b97-8b41b1f1afa0</opentracks:trackid>
<opentracks:typeTranslated><![CDATA[cycling]]></opentracks:typeTranslated>
<gpxtrkx:TrackStatsExtension>
<gpxtrkx:Distance>6357.48046875</gpxtrkx:Distance>
<gpxtrkx:TimerTime>6907</gpxtrkx:TimerTime>
<gpxtrkx:MovingTime>4601</gpxtrkx:MovingTime>
<gpxtrkx:StoppedTime>2306</gpxtrkx:StoppedTime>
<gpxtrkx:MaxSpeed>1.8553105592727661</gpxtrkx:MaxSpeed>
</gpxtrkx:TrackStatsExtension>
</extensions>
<trkseg>
<trkpt lat="-32.233218" lon="115.803093">
<ele>-8.3</ele>
<time>2026-09-03T08:14:05.56+08:00</time>
<extensions>
<gpxtpx:TrackPointExtension>
<gpxtpx:speed>0</gpxtpx:speed>
</gpxtpx:TrackPointExtension>
<opentracks:accuracy_horizontal>11.401</opentracks:accuracy_horizontal></extensions>
</trkpt>
<trkpt lat="-32.233233" lon="115.803099">
<ele>-19.8</ele>
<time>2026-09-03T08:14:14.852+08:00</time>
<extensions>
<gpxtpx:TrackPointExtension>
<gpxtpx:speed>0.44</gpxtpx:speed>
</gpxtpx:TrackPointExtension>
<opentracks:accuracy_horizontal>2.085</opentracks:accuracy_horizontal></extensions>
</trkpt>
<trkpt lat="-32.233325" lon="115.803127">
<ele>-16.4</ele>
<time>2026-09-03T08:14:27.823+08:00</time>
<extensions>
<gpxtpx:TrackPointExtension>
<gpxtpx:speed>1.2</gpxtpx:speed>
</gpxtpx:TrackPointExtension>
<opentracks:accuracy_horizontal>1.812</opentracks:accuracy_horizontal></extensions>
</trkpt>
<trkpt lat="-32.23342" lon="115.803129">
<ele>-16.7</ele>
<time>2026-09-03T08:14:34.827+08:00</time>
<extensions>
<gpxtpx:TrackPointExtension>
<gpxtpx:speed>1.43</gpxtpx:speed>
</gpxtpx:TrackPointExtension>
<opentracks:accuracy_horizontal>1.67</opentracks:accuracy_horizontal></extensions>
</trkpt>
<trkpt lat="-32.233511" lon="115.803128">
<ele>-16.9</ele>
<time>2026-09-03T08:14:42.863+08:00</time>
<extensions>
<gpxtpx:TrackPointExtension>
<gpxtpx:speed>1.31</gpxtpx:speed>
</gpxtpx:TrackPointExtension>
<opentracks:accuracy_horizontal>3.238</opentracks:accuracy_horizontal></extensions>
</trkpt>
<trkpt lat="-32.233607" lon="115.803126">
<ele>-17</ele>
<time>2026-09-03T08:14:50.854+08:00</time>
<extensions>
<gpxtpx:TrackPointExtension>
<gpxtpx:speed>1.3</gpxtpx:speed>
</gpxtpx:TrackPointExtension>
<opentracks:accuracy_horizontal>3.718</opentracks:accuracy_horizontal></extensions>
</trkpt>
<trkpt lat="-32.2337" lon="115.803115">
<ele>-17.1</ele>
<time>2026-09-03T08:14:58.858+08:00</time>
<extensions>
<gpxtpx:TrackPointExtension>
<gpxtpx:speed>1.26</gpxtpx:speed>
</gpxtpx:TrackPointExtension>
<opentracks:accuracy_horizontal>4.189</opentracks:accuracy_horizontal></extensions>
</trkpt>
<trkpt lat="-32.233791" lon="115.803121">
<ele>-17.4</ele>
<time>2026-09-03T08:15:05.854+08:00</time>
<extensions>
<gpxtpx:TrackPointExtension>
<gpxtpx:speed>1.33</gpxtpx:speed>
</gpxtpx:TrackPointExtension>
<opentracks:accuracy_horizontal>3.737</opentracks:accuracy_horizontal></extensions>
</trkpt>
<trkpt lat="-32.233876" lon="115.803066">
<ele>-18.5</ele>
<time>2026-09-03T08:15:14.817+08:00</time>
<extensions>
<gpxtpx:TrackPointExtension>
<gpxtpx:speed>1.27</gpxtpx:speed>
</gpxtpx:TrackPointExtension>
<opentracks:accuracy_horizontal>3.347</opentracks:accuracy_horizontal></extensions>
</trkpt>
<trkpt lat="-32.233881" lon="115.802948">
<ele>-19</ele>
<time>2026-09-03T08:15:23.853+08:00</time>
<extensions>
<gpxtpx:TrackPointExtension>
<gpxtpx:speed>1.27</gpxtpx:speed>
</gpxtpx:TrackPointExtension>
<opentracks:accuracy_horizontal>3.754</opentracks:accuracy_horizontal></extensions>
</trkpt>
<trkpt lat="-32.233878" lon="115.80284">
<ele>-20.6</ele>
<time>2026-09-03T08:15:31.858+08:00</time>
<extensions>
<gpxtpx:TrackPointExtension>
<gpxtpx:speed>1.27</gpxtpx:speed>
</gpxtpx:TrackPointExtension>
<opentracks:accuracy_horizontal>3.457</opentracks:accuracy_horizontal></extensions>
</trkpt>
<trkpt lat="-32.233875" lon="115.802732">
<ele>-20</ele>
<time>2026-09-03T08:15:39.857+08:00</time>
<extensions>
<gpxtpx:TrackPointExtension>
<gpxtpx:speed>1.12</gpxtpx:speed>
</gpxtpx:TrackPointExtension>
<opentracks:accuracy_horizontal>3.639</opentracks:accuracy_horizontal></extensions>
</trkpt>
<trkpt lat="-32.233877" lon="115.802617">
<ele>-20.8</ele>
<time>2026-09-03T08:15:49.853+08:00</time>
<extensions>
<gpxtpx:TrackPointExtension>
<gpxtpx:speed>1.17</gpxtpx:speed>
</gpxtpx:TrackPointExtension>
<opentracks:accuracy_horizontal>3.546</opentracks:accuracy_horizontal></extensions>
</trkpt>
<trkpt lat="-32.233881" lon="115.802538">
<ele>-20.2</ele>
<time>2026-09-03T08:15:59.851+08:00</time>
<extensions>
<gpxtpx:TrackPointExtension>
<gpxtpx:speed>0.23</gpxtpx:speed>
</gpxtpx:TrackPointExtension>
<opentracks:accuracy_horizontal>3.238</opentracks:accuracy_horizontal></extensions>
</trkpt>
<trkpt lat="-32.233876" lon="115.802422">
<ele>-22.7</ele>
<time>2026-09-03T08:16:12.853+08:00</time>
<extensions>
<gpxtpx:TrackPointExtension>
<gpxtpx:speed>1.11</gpxtpx:speed>
</gpxtpx:TrackPointExtension>
<opentracks:accuracy_horizontal>3.856</opentracks:accuracy_horizontal></extensions>
</trkpt>
<trkpt lat="-32.233878" lon="115.802394">
<ele>-23.9</ele>
<time>2026-09-03T08:16:22.864+08:00</time>
<extensions>
<gpxtpx:TrackPointExtension>
<gpxtpx:speed>0.8</gpxtpx:speed>
</gpxtpx:TrackPointExtension>
<opentracks:accuracy_horizontal>3.847</opentracks:accuracy_horizontal></extensions>
</trkpt>
<trkpt lat="-32.233882" lon="115.802286">
<ele>-24.5</ele>
<time>2026-09-03T08:16:34.869+08:00</time>
<extensions>
<gpxtpx:TrackPointExtension>
<gpxtpx:speed>1.46</gpxtpx:speed>
</gpxtpx:TrackPointExtension>
<opentracks:accuracy_horizontal>3.891</opentracks:accuracy_horizontal></extensions>
</trkpt>
<trkpt lat="-32.233885" lon="115.802175">
<ele>-25.4</ele>
<time>2026-09-03T08:16:43.849+08:00</time>
<extensions>
<gpxtpx:TrackPointExtension>
<gpxtpx:speed>1.16</gpxtpx:speed>
</gpxtpx:TrackPointExtension>
<opentracks:accuracy_horizontal>3.728</opentracks:accuracy_horizontal></extensions>
</trkpt>
<trkpt lat="-32.233879" lon="115.802055">
<ele>-25.6</ele>
<time>2026-09-03T08:16:52.851+08:00</time>
<extensions>
<gpxtpx:TrackPointExtension>
<gpxtpx:speed>1.19</gpxtpx:speed>
</gpxtpx:TrackPointExtension>
<opentracks:accuracy_horizontal>3.731</opentracks:accuracy_horizontal></extensions>
</trkpt>
<trkpt lat="-32.233855" lon="115.801943">
<ele>-26.4</ele>
<time>2026-09-03T08:17:00.835+08:00</time>
<extensions>
<gpxtpx:TrackPointExtension>
<gpxtpx:speed>1.27</gpxtpx:speed>
</gpxtpx:TrackPointExtension>
<opentracks:accuracy_horizontal>3.582</opentracks:accuracy_horizontal></extensions>
</trkpt>
<trkpt lat="-32.233797" lon="115.801853">
<ele>-26</ele>
<time>2026-09-03T08:17:08.83+08:00</time>
<extensions>
<gpxtpx:TrackPointExtension>
<gpxtpx:speed>1.29</gpxtpx:speed>
</gpxtpx:TrackPointExtension>
<opentracks:accuracy_horizontal>4.109</opentracks:accuracy_horizontal></extensions>
</trkpt>
<trkpt lat="-32.233741" lon="115.801759">
<ele>-26.8</ele>
<time>2026-09-03T08:17:16.851+08:00</time>
<extensions>
<gpxtpx:TrackPointExtension>
<gpxtpx:speed>1.29</gpxtpx:speed>
</gpxtpx:TrackPointExtension>
<opentracks:accuracy_horizontal>4.08</opentracks:accuracy_horizontal></extensions>
</trkpt>
<trkpt lat="-32.233748" lon="115.801719">
<ele>-27.3</ele>
<time>2026-09-03T08:17:26.851+08:00</time>
<extensions>
<gpxtpx:TrackPointExtension>
<gpxtpx:speed>0.09</gpxtpx:speed>
</gpxtpx:TrackPointExtension>
<opentracks:accuracy_horizontal>3.08</opentracks:accuracy_horizontal></extensions>
</trkpt>
<trkpt lat="-32.233773" lon="115.801614">
<ele>-28.1</ele>
<time>2026-09-03T08:17:41.855+08:00</time>
<extensions>
<gpxtpx:TrackPointExtension>
<gpxtpx:speed>1.11</gpxtpx:speed>
</gpxtpx:TrackPointExtension>
<opentracks:accuracy_horizontal>4.812</opentracks:accuracy_horizontal></extensions>
</trkpt>
<trkpt lat="-32.233794" lon="115.801507">
<ele>-29.4</ele>
<time>2026-09-03T08:17:49.859+08:00</time>
<extensions>
<gpxtpx:TrackPointExtension>
<gpxtpx:speed>1.2</gpxtpx:speed>
</gpxtpx:TrackPointExtension>
<opentracks:accuracy_horizontal>5.006</opentracks:accuracy_horizontal></extensions>
</trkpt>
<trkpt lat="-32.233823" lon="115.801391">
<ele>-29.1</ele>
<time>2026-09-03T08:17:57.864+08:00</time>
<extensions>
<gpxtpx:TrackPointExtension>
<gpxtpx:speed>1.31</gpxtpx:speed>
</gpxtpx:TrackPointExtension>
<opentracks:accuracy_horizontal>4.484</opentracks:accuracy_horizontal></extensions>
</trkpt>
<trkpt lat="-32.233865" lon="115.801333">
<ele>-29.9</ele>
<time>2026-09-03T08:18:07.859+08:00</time>
<extensions>
<gpxtpx:TrackPointExtension>
<gpxtpx:speed>0.99</gpxtpx:speed>
</gpxtpx:TrackPointExtension>
<opentracks:accuracy_horizontal>4.205</opentracks:accuracy_horizontal></extensions>
</trkpt>
<trkpt lat="-32.233883" lon="115.801217">
<ele>-29.5</ele>
<time>2026-09-03T08:18:21.844+08:00</time>
<extensions>
<gpxtpx:TrackPointExtension>
<gpxtpx:speed>0.96</gpxtpx:speed>
</gpxtpx:TrackPointExtension>
<opentracks:accuracy_horizontal>4.497</opentracks:accuracy_horizontal></extensions>
</trkpt>
<trkpt lat="-32.233881" lon="115.801106">
<ele>-29.2</ele>
<time>2026-09-03T08:18:28.84+08:00</time>
<extensions>
<gpxtpx:TrackPointExtension>
<gpxtpx:speed>1.31</gpxtpx:speed>
</gpxtpx:TrackPointExtension>
<opentracks:accuracy_horizontal>4.84</opentracks:accuracy_horizontal></extensions>
</trkpt>
<trkpt lat="-32.2339" lon="115.800995">
<ele>-29</ele>
<time>2026-09-03T08:18:36.856+08:00</time>
<extensions>
<gpxtpx:TrackPointExtension>
<gpxtpx:speed>1.32</gpxtpx:speed>
</gpxtpx:TrackPointExtension>
<opentracks:accuracy_horizontal>3.811</opentracks:accuracy_horizontal></extensions>
</trkpt>
<trkpt lat="-32.233925" lon="115.800891">
<ele>-28.9</ele>
<time>2026-09-03T08:18:44.859+08:00</time>
<extensions>
<gpxtpx:TrackPointExtension>
<gpxtpx:speed>1.31</gpxtpx:speed>
</gpxtpx:TrackPointExtension>
<opentracks:accuracy_horizontal>3.834</opentracks:accuracy_horizontal></extensions>
</trkpt>
<trkpt lat="-32.233919" lon="115.800772">
<ele>-28.1</ele>
<time>2026-09-03T08:18:52.839+08:00</time>
<extensions>
<gpxtpx:TrackPointExtension>
<gpxtpx:speed>1.34</gpxtpx:speed>
</gpxtpx:TrackPointExtension>
<opentracks:accuracy_horizontal>3.412</opentracks:accuracy_horizontal></extensions>
</trkpt>
<trkpt lat="-32.233917" lon="115.800661">
<ele>-27.9</ele>
<time>2026-09-03T08:19:01.857+08:00</time>
<extensions>
<gpxtpx:TrackPointExtension>
<gpxtpx:speed>1.25</gpxtpx:speed>
</gpxtpx:TrackPointExtension>
<opentracks:accuracy_horizontal>3.681</opentracks:accuracy_horizontal></extensions>
</trkpt>
<trkpt lat="-32.233912" lon="115.800571">
<ele>-26.5</ele>
<time>2026-09-03T08:19:11.855+08:00</time>
<extensions>
<gpxtpx:TrackPointExtension>
<gpxtpx:speed>0.24</gpxtpx:speed>
</gpxtpx:TrackPointExtension>
<opentracks:accuracy_horizontal>3.09</opentracks:accuracy_horizontal></extensions>
</trkpt>
<trkpt lat="-32.233916" lon="115.800457">
<ele>-27.6</ele>
<time>2026-09-03T08:19:24.86+08:00</time>
<extensions>
<gpxtpx:TrackPointExtension>
<gpxtpx:speed>1.18</gpxtpx:speed>
</gpxtpx:TrackPointExtension>
<opentracks:accuracy_horizontal>3.475</opentracks:accuracy_horizontal></extensions>
</trkpt>
<trkpt lat="-32.233914" lon="115.800343">
<ele>-27.1</ele>
<time>2026-09-03T08:19:32.854+08:00</time>
<extensions>
<gpxtpx:TrackPointExtension>
<gpxtpx:speed>1.28</gpxtpx:speed>
</gpxtpx:TrackPointExtension>
<opentracks:accuracy_horizontal>3.527</opentracks:accuracy_horizontal></extensions>
</trkpt>
<trkpt lat="-32.233889" lon="115.800234">
<ele>-27.1</ele>
<time>2026-09-03T08:19:41.855+08:00</time>
<extensions>
<gpxtpx:TrackPointExtension>
<gpxtpx:speed>1.22</gpxtpx:speed>
</gpxtpx:TrackPointExtension>
<opentracks:accuracy_horizontal>3.616</opentracks:accuracy_horizontal></extensions>
</trkpt>
<trkpt lat="-32.233849" lon="115.800129">
<ele>-27.2</ele>
<time>2026-09-03T08:19:50.857+08:00</time>
<extensions>
<gpxtpx:TrackPointExtension>
<gpxtpx:speed>1.19</gpxtpx:speed>
</gpxtpx:TrackPointExtension>
<opentracks:accuracy_horizontal>3.588</opentracks:accuracy_horizontal></extensions>
</trkpt>
<trkpt lat="-32.233809" lon="115.800022">
<ele>-26.5</ele>
<time>2026-09-03T08:19:59.851+08:00</time>
<extensions>
<gpxtpx:TrackPointExtension>
<gpxtpx:speed>1.19</gpxtpx:speed>
</gpxtpx:TrackPointExtension>
<opentracks:accuracy_horizontal>3.568</opentracks:accuracy_horizontal></extensions>
</trkpt>
<trkpt lat="-32.233773" lon="115.799934">
<ele>-27.5</ele>
<time>2026-09-03T08:20:09.853+08:00</time>
<extensions>
<gpxtpx:TrackPointExtension>
<gpxtpx:speed>0.9</gpxtpx:speed>
</gpxtpx:TrackPointExtension>
<opentracks:accuracy_horizontal>3.379</opentracks:accuracy_horizontal></extensions>
</trkpt>
<trkpt lat="-32.233734" lon="115.799828">
<ele>-27.8</ele>
<time>2026-09-03T08:20:18.875+08:00</time>
<extensions>
<gpxtpx:TrackPointExtension>
<gpxtpx:speed>1.16</gpxtpx:speed>
</gpxtpx:TrackPointExtension>
<opentracks:accuracy_horizontal>3.373</opentracks:accuracy_horizontal></extensions>
</trkpt>
<trkpt lat="-32.233692" lon="115.799729">
<ele>-27.1</ele>
<time>2026-09-03T08:20:27.869+08:00</time>
<extensions>
<gpxtpx:TrackPointExtension>
<gpxtpx:speed>1.15</gpxtpx:speed>
</gpxtpx:TrackPointExtension>
<opentracks:accuracy_horizontal>3.461</opentracks:accuracy_horizontal></extensions>
</trkpt>
<trkpt lat="-32.233691" lon="115.799726">
<ele>-27.1</ele>
<time>2026-09-03T08:20:37.855+08:00</time>
<extensions>
<gpxtpx:TrackPointExtension>
<gpxtpx:speed>0.06</gpxtpx:speed>
</gpxtpx:TrackPointExtension>
<opentracks:accuracy_horizontal>2.495</opentracks:accuracy_horizontal></extensions>
</trkpt>
<trkpt lat="-32.233604" lon="115.799772">
<ele>-26.5</ele>
<time>2026-09-03T08:20:45.831+08:00</time>
<extensions>
<gpxtpx:TrackPointExtension>
<gpxtpx:speed>1.34</gpxtpx:speed>
</gpxtpx:TrackPointExtension>
<opentracks:accuracy_horizontal>2.182</opentracks:accuracy_horizontal></extensions>
</trkpt>
<trkpt lat="-32.233536" lon="115.799846">
<ele>-25.8</ele>
<time>2026-09-03T08:20:54.82+08:00</time>
<extensions>
<gpxtpx:TrackPointExtension>
<gpxtpx:speed>1.17</gpxtpx:speed>
</gpxtpx:TrackPointExtension>
<opentracks:accuracy_horizontal>2.132</opentracks:accuracy_horizontal></extensions>
</trkpt>
<trkpt lat="-32.233534" lon="115.799848">
<ele>-27</ele>
<time>2026-09-03T08:21:04.826+08:00</time>
<extensions>
<gpxtpx:TrackPointExtension>
<gpxtpx:speed>0.24</gpxtpx:speed>
</gpxtpx:TrackPointExtension>
<opentracks:accuracy_horizontal>1.484</opentracks:accuracy_horizontal></extensions>
</trkpt>
<trkpt lat="-32.233536" lon="115.799738">
<ele>-24.6</ele>
<time>2026-09-03T08:21:29.829+08:00</time>
<extensions>
<gpxtpx:TrackPointExtension>
<gpxtpx:speed>1.14</gpxtpx:speed>
</gpxtpx:TrackPointExtension>
<opentracks:accuracy_horizontal>3.081</opentracks:accuracy_horizontal></extensions>
</trkpt>
<trkpt lat="-32.233558" lon="115.799655">
<ele>-25.6</ele>
<time>2026-09-03T08:21:38.841+08:00</time>
<extensions>
<gpxtpx:TrackPointExtension>
<gpxtpx:speed>0.98</gpxtpx:speed>
</gpxtpx:TrackPointExtension>
<opentracks:accuracy_horizontal>4.08</opentracks:accuracy_horizontal></extensions>
</trkpt>
<trkpt lat="-32.233572" lon="115.799542">
<ele>-26.1</ele>
<time>2026-09-03T08:21:48.844+08:00</time>
<extensions>
<gpxtpx:TrackPointExtension>
<gpxtpx:speed>1.02</gpxtpx:speed>
</gpxtpx:TrackPointExtension>
<opentracks:accuracy_horizontal>4.757</opentracks:accuracy_horizontal></extensions>
</trkpt>
<trkpt lat="-32.233591" lon="115.799521">
<ele>-24.1</ele>
<time>2026-09-03T08:21:58.829+08:00</time>
<extensions>
<gpxtpx:TrackPointExtension>
<gpxtpx:speed>0.06</gpxtpx:speed>
</gpxtpx:TrackPointExtension>
<opentracks:accuracy_horizontal>3.052</opentracks:accuracy_horizontal></extensions>
</trkpt>
<trkpt lat="-32.233672" lon="115.799461">
<ele>-26.2</ele>
<time>2026-09-03T08:23:38.874+08:00</time>
<extensions>
<gpxtpx:TrackPointExtension>
<gpxtpx:speed>1.25</gpxtpx:speed>
</gpxtpx:TrackPointExtension>
<opentracks:accuracy_horizontal>3.713</opentracks:accuracy_horizontal></extensions>
</trkpt>
<trkpt lat="-32.233678" lon="115.799353">
<ele>-26.9</ele>
<time>2026-09-03T08:23:47.854+08:00</time>
<extensions>
<gpxtpx:TrackPointExtension>
<gpxtpx:speed>1.27</gpxtpx:speed>
</gpxtpx:TrackPointExtension>
<opentracks:accuracy_horizontal>3.174</opentracks:accuracy_horizontal></extensions>
</trkpt>
<trkpt lat="-32.233727" lon="115.799295">
<ele>-27.5</ele>
<time>2026-09-03T08:23:56.853+08:00</time>
<extensions>
<gpxtpx:TrackPointExtension>
<gpxtpx:speed>1.09</gpxtpx:speed>
</gpxtpx:TrackPointExtension>
<opentracks:accuracy_horizontal>3.941</opentracks:accuracy_horizontal></extensions>
</trkpt>
<trkpt lat="-32.233819" lon="115.79925">
<ele>-27.8</ele>
<time>2026-09-03T08:24:04.856+08:00</time>
<extensions>
<gpxtpx:TrackPointExtension>
<gpxtpx:speed>1.22</gpxtpx:speed>
</gpxtpx:TrackPointExtension>
<opentracks:accuracy_horizontal>4.049</opentracks:accuracy_horizontal></extensions>
</trkpt>
<trkpt lat="-32.233903" lon="115.799207">
<ele>-27.6</ele>
<time>2026-09-03T08:24:12.853+08:00</time>
<extensions>
<gpxtpx:TrackPointExtension>
<gpxtpx:speed>1.24</gpxtpx:speed>
</gpxtpx:TrackPointExtension>
<opentracks:accuracy_horizontal>3.991</opentracks:accuracy_horizontal></extensions>
</trkpt>
<trkpt lat="-32.233989" lon="115.799162">
<ele>-25.6</ele>
<time>2026-09-03T08:24:18.871+08:00</time>
<extensions>
<gpxtpx:TrackPointExtension>
<gpxtpx:speed>1.34</gpxtpx:speed>
</gpxtpx:TrackPointExtension>
<opentracks:accuracy_horizontal>2.762</opentracks:accuracy_horizontal></extensions>
</trkpt>
<trkpt lat="-32.234053" lon="115.799131">
<ele>-25.7</ele>
<time>2026-09-03T08:24:28.871+08:00</time>
<extensions>
<gpxtpx:TrackPointExtension>
<gpxtpx:speed>0.9</gpxtpx:speed>
</gpxtpx:TrackPointExtension>
<opentracks:accuracy_horizontal>3.213</opentracks:accuracy_horizontal></extensions>
</trkpt>
<trkpt lat="-32.234011" lon="115.79902">
<ele>-25.5</ele>
<time>2026-09-03T08:25:00.863+08:00</time>
<extensions>
<gpxtpx:TrackPointExtension>
<gpxtpx:speed>1.49</gpxtpx:speed>
</gpxtpx:TrackPointExtension>
<opentracks:accuracy_horizontal>3.313</opentracks:accuracy_horizontal></extensions>
</trkpt>
<trkpt lat="-32.233993" lon="115.798908">
<ele>-26.2</ele>
<time>2026-09-03T08:25:07.873+08:00</time>
<extensions>
<gpxtpx:TrackPointExtension>
<gpxtpx:speed>1.49</gpxtpx:speed>
</gpxtpx:TrackPointExtension>
<opentracks:accuracy_horizontal>3.075</opentracks:accuracy_horizontal></extensions>
</trkpt>
<trkpt lat="-32.233961" lon="115.798808">
<ele>-26.4</ele>
<time>2026-09-03T08:25:15.863+08:00</time>
<extensions>
<gpxtpx:TrackPointExtension>
<gpxtpx:speed>1.33</gpxtpx:speed>
</gpxtpx:TrackPointExtension>
<opentracks:accuracy_horizontal>3.467</opentracks:accuracy_horizontal></extensions>
</trkpt>
<trkpt lat="-32.233955" lon="115.798802">
<ele>-26.6</ele>
<time>2026-09-03T08:25:25.86+08:00</time>
<extensions>
<gpxtpx:TrackPointExtension>
<gpxtpx:speed>0.19</gpxtpx:speed>
</gpxtpx:TrackPointExtension>
<opentracks:accuracy_horizontal>3.29</opentracks:accuracy_horizontal></extensions>
</trkpt>
<trkpt lat="-32.23392" lon="115.798692">
<ele>-27</ele>
<time>2026-09-03T08:25:37.858+08:00</time>
<extensions>
<gpxtpx:TrackPointExtension>
<gpxtpx:speed>1.45</gpxtpx:speed>
</gpxtpx:TrackPointExtension>
<opentracks:accuracy_horizontal>3.454</opentracks:accuracy_horizontal></extensions>
</trkpt>
<trkpt lat="-32.233883" lon="115.798589">
<ele>-27.3</ele>
<time>2026-09-03T08:25:45.871+08:00</time>
<extensions>
<gpxtpx:TrackPointExtension>
<gpxtpx:speed>1.33</gpxtpx:speed>
</gpxtpx:TrackPointExtension>
<opentracks:accuracy_horizontal>3.642</opentracks:accuracy_horizontal></extensions>
</trkpt>
<trkpt lat="-32.233871" lon="115.79848">
<ele>-28</ele>
<time>2026-09-03T08:25:53.871+08:00</time>
<extensions>
<gpxtpx:TrackPointExtension>
<gpxtpx:speed>1.29</gpxtpx:speed>
</gpxtpx:TrackPointExtension>
<opentracks:accuracy_horizontal>3.907</opentracks:accuracy_horizontal></extensions>
</trkpt>
<trkpt lat="-32.2339" lon="115.798369">
<ele>-29.1</ele>
<time>2026-09-03T08:26:03.869+08:00</time>
<extensions>
<gpxtpx:TrackPointExtension>
<gpxtpx:speed>1.16</gpxtpx:speed>
</gpxtpx:TrackPointExtension>
<opentracks:accuracy_horizontal>3.726</opentracks:accuracy_horizontal></extensions>
</trkpt>
<trkpt lat="-32.23385" lon="115.79829">
<ele>-29.3</ele>
<time>2026-09-03T08:26:13.872+08:00</time>
<extensions>
<gpxtpx:TrackPointExtension>
<gpxtpx:speed>1.08</gpxtpx:speed>
</gpxtpx:TrackPointExtension>
<opentracks:accuracy_horizontal>3.76</opentracks:accuracy_horizontal></extensions>
</trkpt>
<trkpt lat="-32.233824" lon="115.798185">
<ele>-29.4</ele>
<time>2026-09-03T08:26:21.876+08:00</time>
<extensions>
<gpxtpx:TrackPointExtension>
<gpxtpx:speed>1.17</gpxtpx:speed>
</gpxtpx:TrackPointExtension>
<opentracks:accuracy_horizontal>3.506</opentracks:accuracy_horizontal></extensions>
</trkpt>
<trkpt lat="-32.233856" lon="115.798131">
<ele>-30.3</ele>
<time>2026-09-03T08:26:31.867+08:00</time>
<extensions>
<gpxtpx:TrackPointExtension>
<gpxtpx:speed>0.87</gpxtpx:speed>
</gpxtpx:TrackPointExtension>
<opentracks:accuracy_horizontal>4.735</opentracks:accuracy_horizontal></extensions>
</trkpt>
<trkpt lat="-32.233908" lon="115.798028">
<ele>-30.2</ele>
<time>2026-09-03T08:26:42.865+08:00</time>
<extensions>
<gpxtpx:TrackPointExtension>
<gpxtpx:speed>1.03</gpxtpx:speed>
</gpxtpx:TrackPointExtension>
<opentracks:accuracy_horizontal>4.395</opentracks:accuracy_horizontal></extensions>
</trkpt>
<trkpt lat="-32.233961" lon="115.797972">
<ele>-30.5</ele>
<time>2026-09-03T08:26:52.866+08:00</time>
<extensions>
<gpxtpx:TrackPointExtension>
<gpxtpx:speed>1.09</gpxtpx:speed>
</gpxtpx:TrackPointExtension>
<opentracks:accuracy_horizontal>3.589</opentracks:accuracy_horizontal></extensions>
</trkpt>
<trkpt lat="-32.233954" lon="115.797862">
<ele>-30.5</ele>
<time>2026-09-03T08:27:02.859+08:00</time>
<extensions>
<gpxtpx:TrackPointExtension>
<gpxtpx:speed>1.06</gpxtpx:speed>
</gpxtpx:TrackPointExtension>
<opentracks:accuracy_horizontal>3.372</opentracks:accuracy_horizontal></extensions>
</trkpt>
<trkpt lat="-32.234015" lon="115.797777">
<ele>-30.9</ele>
<time>2026-09-03T08:27:11.875+08:00</time>
<extensions>
<gpxtpx:TrackPointExtension>
<gpxtpx:speed>1.16</gpxtpx:speed>
</gpxtpx:TrackPointExtension>
<opentracks:accuracy_horizontal>3.833</opentracks:accuracy_horizontal></extensions>
</trkpt>
<trkpt lat="-32.23407" lon="115.797691">
<ele>-31.7</ele>
<time>2026-09-03T08:27:18.865+08:00</time>
<extensions>
<gpxtpx:TrackPointExtension>
<gpxtpx:speed>1.3</gpxtpx:speed>
</gpxtpx:TrackPointExtension>
<opentracks:accuracy_horizontal>3.758</opentracks:accuracy_horizontal></extensions>
</trkpt>
<trkpt lat="-32.234126" lon="115.797601">
<ele>-32.1</ele>
<time>2026-09-03T08:27:26.867+08:00</time>
<extensions>
<gpxtpx:TrackPointExtension>
<gpxtpx:speed>1.31</gpxtpx:speed>
</gpxtpx:TrackPointExtension>
<opentracks:accuracy_horizontal>3.71</opentracks:accuracy_horizontal></extensions>
</trkpt>
<trkpt lat="-32.234179" lon="115.797529">
<ele>-31.7</ele>
<time>2026-09-03T08:27:36.85+08:00</time>
<extensions>
<gpxtpx:TrackPointExtension>
<gpxtpx:speed>0.18</gpxtpx:speed>
</gpxtpx:TrackPointExtension>
<opentracks:accuracy_horizontal>3.221</opentracks:accuracy_horizontal></extensions>
</trkpt>
<trkpt lat="-32.234224" lon="115.797431">
<ele>-32</ele>
<time>2026-09-03T08:27:44.846+08:00</time>
<extensions>
<gpxtpx:TrackPointExtension>
<gpxtpx:speed>1.46</gpxtpx:speed>
</gpxtpx:TrackPointExtension>
<opentracks:accuracy_horizontal>3.48</opentracks:accuracy_horizontal></extensions>
</trkpt>
<trkpt lat="-32.234286" lon="115.797348">
<ele>-32.3</ele>
<time>2026-09-03T08:27:52.86+08:00</time>
<extensions>
<gpxtpx:TrackPointExtension>
<gpxtpx:speed>1.34</gpxtpx:speed>
</gpxtpx:TrackPointExtension>
<opentracks:accuracy_horizontal>3.348</opentracks:accuracy_horizontal></extensions>
</trkpt>
<trkpt lat="-32.234319" lon="115.797308">
<ele>-32.7</ele>
<time>2026-09-03T08:28:02.862+08:00</time>
<extensions>
<gpxtpx:TrackPointExtension>
<gpxtpx:speed>0.14</gpxtpx:speed>
</gpxtpx:TrackPointExtension>
<opentracks:accuracy_horizontal>2.666</opentracks:accuracy_horizontal></extensions>
</trkpt>
<trkpt lat="-32.234367" lon="115.797208">
<ele>-32.9</ele>
<time>2026-09-03T08:28:32.869+08:00</time>
<extensions>
<gpxtpx:TrackPointExtension>
<gpxtpx:speed>1.22</gpxtpx:speed>
</gpxtpx:TrackPointExtension>
<opentracks:accuracy_horizontal>3.456</opentracks:accuracy_horizontal></extensions>
</trkpt>
<trkpt lat="-32.234425" lon="115.797112">
<ele>-32.9</ele>
<time>2026-09-03T08:28:41.87+08:00</time>
<extensions>
<gpxtpx:TrackPointExtension>
<gpxtpx:speed>1.22</gpxtpx:speed>
</gpxtpx:TrackPointExtension>
<opentracks:accuracy_horizontal>3.562</opentracks:accuracy_horizontal></extensions>
</trkpt>
<trkpt lat="-32.234466" lon="115.797007">
<ele>-32.1</ele>
<time>2026-09-03T08:28:50.853+08:00</time>
<extensions>
<gpxtpx:TrackPointExtension>
<gpxtpx:speed>1.21</gpxtpx:speed>
</gpxtpx:TrackPointExtension>
<opentracks:accuracy_horizontal>3.401</opentracks:accuracy_horizontal></extensions>
</trkpt>
<trkpt lat="-32.2345" lon="115.796896">
<ele>-32</ele>
<time>2026-09-03T08:28:59.869+08:00</time>
<extensions>
<gpxtpx:TrackPointExtension>
<gpxtpx:speed>1.22</gpxtpx:speed>
</gpxtpx:TrackPointExtension>
<opentracks:accuracy_horizontal>3.652</opentracks:accuracy_horizontal></extensions>
</trkpt>
<trkpt lat="-32.234536" lon="115.796791">
<ele>-32.1</ele>
<time>2026-09-03T08:29:08.856+08:00</time>
<extensions>
<gpxtpx:TrackPointExtension>
<gpxtpx:speed>1.19</gpxtpx:speed>
</gpxtpx:TrackPointExtension>
<opentracks:accuracy_horizontal>3.624</opentracks:accuracy_horizontal></extensions>
</trkpt>
<trkpt lat="-32.234551" lon="115.79673">
<ele>-31.9</ele>
<time>2026-09-03T08:29:18.857+08:00</time>
<extensions>
<gpxtpx:TrackPointExtension>
<gpxtpx:speed>0.09</gpxtpx:speed>
</gpxtpx:TrackPointExtension>
<opentracks:accuracy_horizontal>2.672</opentracks:accuracy_horizontal></extensions>
</trkpt>
<trkpt lat="-32.234567" lon="115.796621">
<ele>-31.4</ele>
<time>2026-09-03T08:29:42.882+08:00</time>
<extensions>
<gpxtpx:TrackPointExtension>
<gpxtpx:speed>1.17</gpxtpx:speed>
</gpxtpx:TrackPointExtension>
<opentracks:accuracy_horizontal>3.59</opentracks:accuracy_horizontal></extensions>
</trkpt>
<trkpt lat="-32.23466" lon="115.796612">
<ele>-31.4</ele>
<time>2026-09-03T08:29:51.848+08:00</time>
<extensions>
<gpxtpx:TrackPointExtension>
<gpxtpx:speed>1.17</gpxtpx:speed>
</gpxtpx:TrackPointExtension>
<opentracks:accuracy_horizontal>3.904</opentracks:accuracy_horizontal></extensions>
</trkpt>
<trkpt lat="-32.23475" lon="115.796597">
<ele>-31.5</ele>
<time>2026-09-03T08:30:00.87+08:00</time>
<extensions>
<gpxtpx:TrackPointExtension>
<gpxtpx:speed>1.11</gpxtpx:speed>
</gpxtpx:TrackPointExtension>
<opentracks:accuracy_horizontal>4.816</opentracks:accuracy_horizontal></extensions>
</trkpt>
<trkpt lat="-32.234811" lon="115.796607">
<ele>-31.6</ele>
<time>2026-09-03T08:30:10.853+08:00</time>
<extensions>
<gpxtpx:TrackPointExtension>
<gpxtpx:speed>0.12</gpxtpx:speed>
</gpxtpx:TrackPointExtension>
<opentracks:accuracy_horizontal>4.401</opentracks:accuracy_horizontal></extensions>
</trkpt>
<trkpt lat="-32.234894" lon="115.79656">
<ele>-34</ele>
<time>2026-09-03T08:30:27.857+08:00</time>
<extensions>
<gpxtpx:TrackPointExtension>
<gpxtpx:speed>1.13</gpxtpx:speed>
</gpxtpx:TrackPointExtension>
<opentracks:accuracy_horizontal>6.29</opentracks:accuracy_horizontal></extensions>
</trkpt>
<trkpt lat="-32.234974" lon="115.796502">
<ele>-33.8</ele>
<time>2026-09-03T08:30:36.865+08:00</time>
<extensions>
<gpxtpx:TrackPointExtension>
<gpxtpx:speed>1.08</gpxtpx:speed>
</gpxtpx:TrackPointExtension>
<opentracks:accuracy_horizontal>4.953</opentracks:accuracy_horizontal></extensions>
</trkpt>
<trkpt lat="-32.235054" lon="115.79643">
<ele>-32.6</ele>
<time>2026-09-03T08:30:45.869+08:00</time>
<extensions>
<gpxtpx:TrackPointExtension>
<gpxtpx:speed>1.13</gpxtpx:speed>
</gpxtpx:TrackPointExtension>
<opentracks:accuracy_horizontal>4.654</opentracks:accuracy_horizontal></extensions>
</trkpt>
<trkpt lat="-32.235146" lon="115.796394">
<ele>-30.5</ele>
<time>2026-09-03T08:30:54.865+08:00</time>
<extensions>
<gpxtpx:TrackPointExtension>
<gpxtpx:speed>1.13</gpxtpx:speed>
</gpxtpx:TrackPointExtension>
<opentracks:accuracy_horizontal>4.428</opentracks:accuracy_horizontal></extensions>
</trkpt>
<trkpt lat="-32.235238" lon="115.796408">
<ele>-30.6</ele>
<time>2026-09-03T08:31:04.862+08:00</time>
<extensions>
<gpxtpx:TrackPointExtension>
<gpxtpx:speed>1.08</gpxtpx:speed>
</gpxtpx:TrackPointExtension>
<opentracks:accuracy_horizontal>4.191</opentracks:accuracy_horizontal></extensions>
</trkpt>
<trkpt lat="-32.235284" lon="115.796417">
<ele>-29</ele>
<time>2026-09-03T08:31:14.868+08:00</time>
<extensions>
<gpxtpx:TrackPointExtension>
<gpxtpx:speed>0.22</gpxtpx:speed>
</gpxtpx:TrackPointExtension>
<opentracks:accuracy_horizontal>3.877</opentracks:accuracy_horizontal></extensions>
</trkpt>
<trkpt lat="-32.235326" lon="115.796322">
<ele>-27.2</ele>
<time>2026-09-03T08:31:41.866+08:00</time>
<extensions>
<gpxtpx:TrackPointExtension>
<gpxtpx:speed>0.24</gpxtpx:speed>
</gpxtpx:TrackPointExtension>
<opentracks:accuracy_horizontal>3.774</opentracks:accuracy_horizontal></extensions>
</trkpt>
<trkpt lat="-32.235344" lon="115.796253">
<ele>-27.3</ele>
<time>2026-09-03T08:31:51.854+08:00</time>
<extensions>
<gpxtpx:TrackPointExtension>
<gpxtpx:speed>0.92</gpxtpx:speed>
</gpxtpx:TrackPointExtension>
<opentracks:accuracy_horizontal>4.09</opentracks:accuracy_horizontal></extensions>
</trkpt>
<trkpt lat="-32.235341" lon="115.796141">
<ele>-26.8</ele>
<time>2026-09-03T08:31:59.889+08:00</time>
<extensions>
<gpxtpx:TrackPointExtension>
<gpxtpx:speed>1.2</gpxtpx:speed>
</gpxtpx:TrackPointExtension>
<opentracks:accuracy_horizontal>4.016</opentracks:accuracy_horizontal></extensions>
</trkpt>
<trkpt lat="-32.235341" lon="115.796034">
<ele>-27.7</ele>
<time>2026-09-03T08:32:07.876+08:00</time>
<extensions>
<gpxtpx:TrackPointExtension>
<gpxtpx:speed>1.19</gpxtpx:speed>
</gpxtpx:TrackPointExtension>
<opentracks:accuracy_horizontal>3.894</opentracks:accuracy_horizontal></extensions>
</trkpt>
<trkpt lat="-32.235391" lon="115.796007">
<ele>-27.8</ele>
<time>2026-09-03T08:32:17.846+08:00</time>
<extensions>
<gpxtpx:TrackPointExtension>
<gpxtpx:speed>0.82</gpxtpx:speed>
</gpxtpx:TrackPointExtension>
<opentracks:accuracy_horizontal>4.001</opentracks:accuracy_horizontal></extensions>
</trkpt>
<trkpt lat="-32.235475" lon="115.795964">
<ele>-25.9</ele>
<time>2026-09-03T08:32:50.871+08:00</time>
<extensions>
<gpxtpx:TrackPointExtension>
<gpxtpx:speed>1.05</gpxtpx:speed>
</gpxtpx:TrackPointExtension>
<opentracks:accuracy_horizontal>4.662</opentracks:accuracy_horizontal></extensions>
</trkpt>
<trkpt lat="-32.235544" lon="115.795925">
<ele>-26.4</ele>
<time>2026-09-03T08:33:00.867+08:00</time>
<extensions>
<gpxtpx:TrackPointExtension>
<gpxtpx:speed>0.9</gpxtpx:speed>
</gpxtpx:TrackPointExtension>
<opentracks:accuracy_horizontal>4.6</opentracks:accuracy_horizontal></extensions>
</trkpt>
<trkpt lat="-32.235632" lon="115.795886">
<ele>-25.9</ele>
<time>2026-09-03T08:33:10.871+08:00</time>
<extensions>
<gpxtpx:TrackPointExtension>
<gpxtpx:speed>0.96</gpxtpx:speed>
</gpxtpx:TrackPointExtension>
<opentracks:accuracy_horizontal>4.061</opentracks:accuracy_horizontal></extensions>
</trkpt>
<trkpt lat="-32.235699" lon="115.795858">
<ele>-24.3</ele>
<time>2026-09-03T08:33:20.872+08:00</time>
<extensions>
<gpxtpx:TrackPointExtension>
<gpxtpx:speed>0.81</gpxtpx:speed>
</gpxtpx:TrackPointExtension>
<opentracks:accuracy_horizontal>4.307</opentracks:accuracy_horizontal></extensions>
</trkpt>
<trkpt lat="-32.235794" lon="115.795827">
<ele>-23.9</ele>
<time>2026-09-03T08:33:30.871+08:00</time>
<extensions>
<gpxtpx:TrackPointExtension>
<gpxtpx:speed>0.93</gpxtpx:speed>
</gpxtpx:TrackPointExtension>
<opentracks:accuracy_horizontal>4.582</opentracks:accuracy_horizontal></extensions>
</trkpt>
<trkpt lat="-32.235886" lon="115.795807">
<ele>-24.2</ele>
<time>2026-09-03T08:33:39.869+08:00</time>
<extensions>
<gpxtpx:TrackPointExtension>
<gpxtpx:speed>1.01</gpxtpx:speed>
</gpxtpx:TrackPointExtension>
<opentracks:accuracy_horizontal>4.249</opentracks:accuracy_horizontal></extensions>
</trkpt>
<trkpt lat="-32.235959" lon="115.795783">
<ele>-22.3</ele>
<time>2026-09-03T08:33:49.871+08:00</time>
<extensions>
<gpxtpx:TrackPointExtension>
<gpxtpx:speed>0.88</gpxtpx:speed>
</gpxtpx:TrackPointExtension>
<opentracks:accuracy_horizontal>4.048</opentracks:accuracy_horizontal></extensions>
</trkpt>
<trkpt lat="-32.236048" lon="115.795757">
<ele>-21.3</ele>
<time>2026-09-03T08:34:05.864+08:00</time>
<extensions>
<gpxtpx:TrackPointExtension>
<gpxtpx:speed>0.95</gpxtpx:speed>
</gpxtpx:TrackPointExtension>
<opentracks:accuracy_horizontal>4.146</opentracks:accuracy_horizontal></extensions>
</trkpt>
<trkpt lat="-32.236143" lon="115.79573">
<ele>-18.6</ele>
<time>2026-09-03T08:34:15.87+08:00</time>
<extensions>
<gpxtpx:TrackPointExtension>
<gpxtpx:speed>1</gpxtpx:speed>
</gpxtpx:TrackPointExtension>
<opentracks:accuracy_horizontal>4.081</opentracks:accuracy_horizontal></extensions>
</trkpt>
<trkpt lat="-32.236178" lon="115.795715">
<ele>-16</ele>
<time>2026-09-03T08:34:25.865+08:00</time>
<extensions>
<gpxtpx:TrackPointExtension>
<gpxtpx:speed>0.07</gpxtpx:speed>
</gpxtpx:TrackPointExtension>
<opentracks:accuracy_horizontal>2.771</opentracks:accuracy_horizontal></extensions>
</trkpt>
<trkpt lat="-32.236258" lon="115.795659">
<ele>-16.8</ele>
<time>2026-09-03T08:34:52.878+08:00</time>
<extensions>
<gpxtpx:TrackPointExtension>
<gpxtpx:speed>0.88</gpxtpx:speed>
</gpxtpx:TrackPointExtension>
<opentracks:accuracy_horizontal>4.191</opentracks:accuracy_horizontal></extensions>
</trkpt>
<trkpt lat="-32.23635" lon="115.795635">
<ele>-15.3</ele>
<time>2026-09-03T08:35:01.863+08:00</time>
<extensions>
<gpxtpx:TrackPointExtension>
<gpxtpx:speed>1.07</gpxtpx:speed>
</gpxtpx:TrackPointExtension>
<opentracks:accuracy_horizontal>4.114</opentracks:accuracy_horizontal></extensions>
</trkpt>
<trkpt lat="-32.236408" lon="115.795622">
<ele>-15</ele>
<time>2026-09-03T08:35:10.866+08:00</time>
<extensions>
<gpxtpx:TrackPointExtension>
<gpxtpx:speed>0.83</gpxtpx:speed>
</gpxtpx:TrackPointExtension>
<opentracks:accuracy_horizontal>3.955</opentracks:accuracy_horizontal></extensions>
</trkpt>
<trkpt lat="-32.236499" lon="115.795584">
<ele>-11.8</ele>
<time>2026-09-03T08:35:21.866+08:00</time>
<extensions>
<gpxtpx:TrackPointExtension>
<gpxtpx:speed>0.89</gpxtpx:speed>
</gpxtpx:TrackPointExtension>
<opentracks:accuracy_horizontal>3.764</opentracks:accuracy_horizontal></extensions>
</trkpt>
<trkpt lat="-32.236571" lon="115.795557">
<ele>-10.5</ele>
<time>2026-09-03T08:35:31.873+08:00</time>
<extensions>
<gpxtpx:TrackPointExtension>
<gpxtpx:speed>0.64</gpxtpx:speed>
</gpxtpx:TrackPointExtension>
<opentracks:accuracy_horizontal>3.84</opentracks:accuracy_horizontal></extensions>
</trkpt>
<trkpt lat="-32.236661" lon="115.795512">
<ele>-6.2</ele>
<time>2026-09-03T08:35:51.871+08:00</time>
<extensions>
<gpxtpx:TrackPointExtension>
<gpxtpx:speed>0.69</gpxtpx:speed>
</gpxtpx:TrackPointExtension>
<opentracks:accuracy_horizontal>3.385</opentracks:accuracy_horizontal></extensions>
</trkpt>
<trkpt lat="-32.236707" lon="115.795464">
<ele>-5.4</ele>
<time>2026-09-03T08:36:01.872+08:00</time>
<extensions>
<gpxtpx:TrackPointExtension>
<gpxtpx:speed>0.45</gpxtpx:speed>
</gpxtpx:TrackPointExtension>
<opentracks:accuracy_horizontal>3.821</opentracks:accuracy_horizontal></extensions>
</trkpt>
<trkpt lat="-32.236799" lon="115.795493">
<ele>-4.1</ele>
<time>2026-09-03T08:36:49.886+08:00</time>
<extensions>
<gpxtpx:TrackPointExtension>
<gpxtpx:speed>0.42</gpxtpx:speed>
</gpxtpx:TrackPointExtension>
<opentracks:accuracy_horizontal>4.671</opentracks:accuracy_horizontal></extensions>
</trkpt>
<trkpt lat="-32.236841" lon="115.795472">
<ele>-3.4</ele>
<time>2026-09-03T08:36:59.862+08:00</time>
<extensions>
<gpxtpx:TrackPointExtension>
<gpxtpx:speed>0.26</gpxtpx:speed>
</gpxtpx:TrackPointExtension>
<opentracks:accuracy_horizontal>3.931</opentracks:accuracy_horizontal></extensions>
</trkpt>
<trkpt lat="-32.236922" lon="115.795425">
<ele>-0.9</ele>
<time>2026-09-03T08:37:18.875+08:00</time>
<extensions>
<gpxtpx:TrackPointExtension>
<gpxtpx:speed>0.47</gpxtpx:speed>
</gpxtpx:TrackPointExtension>
<opentracks:accuracy_horizontal>4.724</opentracks:accuracy_horizontal></extensions>
</trkpt>
<trkpt lat="-32.236967" lon="115.795405">
<ele>0.7</ele>
<time>2026-09-03T08:37:28.882+08:00</time>
<extensions>
<gpxtpx:TrackPointExtension>
<gpxtpx:speed>0.4</gpxtpx:speed>
</gpxtpx:TrackPointExtension>
<opentracks:accuracy_horizontal>4.092</opentracks:accuracy_horizontal></extensions>
</trkpt>
<trkpt lat="-32.237044" lon="115.795339">
<ele>3</ele>
<time>2026-09-03T08:37:44.875+08:00</time>
<extensions>
<gpxtpx:TrackPointExtension>
<gpxtpx:speed>1.09</gpxtpx:speed>
</gpxtpx:TrackPointExtension>
<opentracks:accuracy_horizontal>4.306</opentracks:accuracy_horizontal></extensions>
</trkpt>
<trkpt lat="-32.237111" lon="115.795267">
<ele>4.3</ele>
<time>2026-09-03T08:37:53.889+08:00</time>
<extensions>
<gpxtpx:TrackPointExtension>
<gpxtpx:speed>1.08</gpxtpx:speed>
</gpxtpx:TrackPointExtension>
<opentracks:accuracy_horizontal>3.904</opentracks:accuracy_horizontal></extensions>
</trkpt>
<trkpt lat="-32.237165" lon="115.795185">
<ele>6</ele>
<time>2026-09-03T08:38:03.869+08:00</time>
<extensions>
<gpxtpx:TrackPointExtension>
<gpxtpx:speed>1.01</gpxtpx:speed>
</gpxtpx:TrackPointExtension>
<opentracks:accuracy_horizontal>3.558</opentracks:accuracy_horizontal></extensions>
</trkpt>
<trkpt lat="-32.237166" lon="115.795076">
<ele>10.6</ele>
<time>2026-09-03T08:39:22.882+08:00</time>
<extensions>
<gpxtpx:TrackPointExtension>
<gpxtpx:speed>1.22</gpxtpx:speed>
</gpxtpx:TrackPointExtension>
<opentracks:accuracy_horizontal>3.261</opentracks:accuracy_horizontal></extensions>
</trkpt>
<trkpt lat="-32.237191" lon="115.794985">
<ele>9.9</ele>
<time>2026-09-03T08:39:32.876+08:00</time>
<extensions>
<gpxtpx:TrackPointExtension>
<gpxtpx:speed>0.93</gpxtpx:speed>
</gpxtpx:TrackPointExtension>
<opentracks:accuracy_horizontal>3.241</opentracks:accuracy_horizontal></extensions>
</trkpt>
<trkpt lat="-32.237217" lon="115.794868">
<ele>7.8</ele>
<time>2026-09-03T08:39:49.878+08:00</time>
<extensions>
<gpxtpx:TrackPointExtension>
<gpxtpx:speed>1.14</gpxtpx:speed>
</gpxtpx:TrackPointExtension>
<opentracks:accuracy_horizontal>3.731</opentracks:accuracy_horizontal></extensions>
</trkpt>
<trkpt lat="-32.23725" lon="115.794762">
<ele>7.5</ele>
<time>2026-09-03T08:39:58.871+08:00</time>
<extensions>
<gpxtpx:TrackPointExtension>
<gpxtpx:speed>1.14</gpxtpx:speed>
</gpxtpx:TrackPointExtension>
<opentracks:accuracy_horizontal>3.567</opentracks:accuracy_horizontal></extensions>
</trkpt>
<trkpt lat="-32.2373" lon="115.794668">
<ele>6.8</ele>
<time>2026-09-03T08:40:07.893+08:00</time>
<extensions>
<gpxtpx:TrackPointExtension>
<gpxtpx:speed>1.12</gpxtpx:speed>
</gpxtpx:TrackPointExtension>
<opentracks:accuracy_horizontal>3.269</opentracks:accuracy_horizontal></extensions>
</trkpt>
<trkpt lat="-32.237337" lon="115.794611">
<ele>6.8</ele>
<time>2026-09-03T08:40:17.869+08:00</time>
<extensions>
<gpxtpx:TrackPointExtension>
<gpxtpx:speed>0.12</gpxtpx:speed>
</gpxtpx:TrackPointExtension>
<opentracks:accuracy_horizontal>2.836</opentracks:accuracy_horizontal></extensions>
</trkpt>
<trkpt lat="-32.237355" lon="115.794497">
<ele>5.3</ele>
<time>2026-09-03T08:40:36.869+08:00</time>
<extensions>
<gpxtpx:TrackPointExtension>
<gpxtpx:speed>0.91</gpxtpx:speed>
</gpxtpx:TrackPointExtension>
<opentracks:accuracy_horizontal>4.632</opentracks:accuracy_horizontal></extensions>
</trkpt>
<trkpt lat="-32.237389" lon="115.794383">
<ele>3.8</ele>
<time>2026-09-03T08:40:44.871+08:00</time>
<extensions>
<gpxtpx:TrackPointExtension>
<gpxtpx:speed>1.24</gpxtpx:speed>
</gpxtpx:TrackPointExtension>
<opentracks:accuracy_horizontal>4.058</opentracks:accuracy_horizontal></extensions>
</trkpt>
<trkpt lat="-32.237439" lon="115.794286">
<ele>3.2</ele>
<time>2026-09-03T08:40:53.879+08:00</time>
<extensions>
<gpxtpx:TrackPointExtension>
<gpxtpx:speed>1.14</gpxtpx:speed>
</gpxtpx:TrackPointExtension>
<opentracks:accuracy_horizontal>3.511</opentracks:accuracy_horizontal></extensions>
</trkpt>
<trkpt lat="-32.237446" lon="115.79427">
<ele>3.4</ele>
<time>2026-09-03T08:41:03.881+08:00</time>
<extensions>
<gpxtpx:TrackPointExtension>
<gpxtpx:speed>0.17</gpxtpx:speed>
</gpxtpx:TrackPointExtension>
<opentracks:accuracy_horizontal>7.492</opentracks:accuracy_horizontal></extensions>
</trkpt>
<trkpt lat="-32.237474" lon="115.794158">
<ele>-0.2</ele>
<time>2026-09-03T08:41:16.875+08:00</time>
<extensions>
<gpxtpx:TrackPointExtension>
<gpxtpx:speed>1.31</gpxtpx:speed>
</gpxtpx:TrackPointExtension>
<opentracks:accuracy_horizontal>3.574</opentracks:accuracy_horizontal></extensions>
</trkpt>
<trkpt lat="-32.23755" lon="115.794096">
<ele>-0.7</ele>
<time>2026-09-03T08:41:25.878+08:00</time>
<extensions>
<gpxtpx:TrackPointExtension>
<gpxtpx:speed>1.25</gpxtpx:speed>
</gpxtpx:TrackPointExtension>
<opentracks:accuracy_horizontal>3.439</opentracks:accuracy_horizontal></extensions>
</trkpt>
<trkpt lat="-32.237639" lon="115.794102">
<ele>-0</ele>
<time>2026-09-03T08:41:35.884+08:00</time>
<extensions>
<gpxtpx:TrackPointExtension>
<gpxtpx:speed>1.04</gpxtpx:speed>
</gpxtpx:TrackPointExtension>
<opentracks:accuracy_horizontal>3.384</opentracks:accuracy_horizontal></extensions>
</trkpt>
<trkpt lat="-32.237739" lon="115.79409">
<ele>0.1</ele>
<time>2026-09-03T08:41:45.873+08:00</time>
<extensions>
<gpxtpx:TrackPointExtension>
<gpxtpx:speed>1.09</gpxtpx:speed>
</gpxtpx:TrackPointExtension>
<opentracks:accuracy_horizontal>3.732</opentracks:accuracy_horizontal></extensions>
</trkpt>
<trkpt lat="-32.237833" lon="115.794106">
<ele>0.8</ele>
<time>2026-09-03T08:41:54.877+08:00</time>
<extensions>
<gpxtpx:TrackPointExtension>
<gpxtpx:speed>1.11</gpxtpx:speed>
</gpxtpx:TrackPointExtension>
<opentracks:accuracy_horizontal>3.42</opentracks:accuracy_horizontal></extensions>
</trkpt>
<trkpt lat="-32.237928" lon="115.794097">
<ele>1.8</ele>
<time>2026-09-03T08:42:03.867+08:00</time>
<extensions>
<gpxtpx:TrackPointExtension>
<gpxtpx:speed>1.11</gpxtpx:speed>
</gpxtpx:TrackPointExtension>
<opentracks:accuracy_horizontal>3.465</opentracks:accuracy_horizontal></extensions>
</trkpt>
<trkpt lat="-32.23802" lon="115.794057">
<ele>1.8</ele>
<time>2026-09-03T08:42:12.869+08:00</time>
<extensions>
<gpxtpx:TrackPointExtension>
<gpxtpx:speed>1.13</gpxtpx:speed>
</gpxtpx:TrackPointExtension>
<opentracks:accuracy_horizontal>3.705</opentracks:accuracy_horizontal></extensions>
</trkpt>
<trkpt lat="-32.238107" lon="115.794001">
<ele>0.5</ele>
<time>2026-09-03T08:42:22.882+08:00</time>
<extensions>
<gpxtpx:TrackPointExtension>
<gpxtpx:speed>1.09</gpxtpx:speed>
</gpxtpx:TrackPointExtension>
<opentracks:accuracy_horizontal>3.444</opentracks:accuracy_horizontal></extensions>
</trkpt>
<trkpt lat="-32.23818" lon="115.793952">
<ele>1</ele>
<time>2026-09-03T08:42:32.88+08:00</time>
<extensions>
<gpxtpx:TrackPointExtension>
<gpxtpx:speed>0.91</gpxtpx:speed>
</gpxtpx:TrackPointExtension>
<opentracks:accuracy_horizontal>3.194</opentracks:accuracy_horizontal></extensions>
</trkpt>
<trkpt lat="-32.238261" lon="115.793886">
<ele>0.7</ele>
<time>2026-09-03T08:42:42.88+08:00</time>
<extensions>
<gpxtpx:TrackPointExtension>
<gpxtpx:speed>1.16</gpxtpx:speed>
</gpxtpx:TrackPointExtension>
<opentracks:accuracy_horizontal>3.677</opentracks:accuracy_horizontal></extensions>
</trkpt>
<trkpt lat="-32.238342" lon="115.79383">
<ele>1</ele>
<time>2026-09-03T08:42:50.887+08:00</time>
<extensions>
<gpxtpx:TrackPointExtension>
<gpxtpx:speed>1.22</gpxtpx:speed>
</gpxtpx:TrackPointExtension>
<opentracks:accuracy_horizontal>3.442</opentracks:accuracy_horizontal></extensions>
</trkpt>
<trkpt lat="-32.238424" lon="115.793782">
<ele>-0.4</ele>
<time>2026-09-03T08:42:59.88+08:00</time>
<extensions>
<gpxtpx:TrackPointExtension>
<gpxtpx:speed>1.14</gpxtpx:speed>
</gpxtpx:TrackPointExtension>
<opentracks:accuracy_horizontal>3.597</opentracks:accuracy_horizontal></extensions>
</trkpt>
<trkpt lat="-32.238497" lon="115.793746">
<ele>0.7</ele>
<time>2026-09-03T08:43:09.883+08:00</time>
<extensions>
<gpxtpx:TrackPointExtension>
<gpxtpx:speed>0.85</gpxtpx:speed>
</gpxtpx:TrackPointExtension>
<opentracks:accuracy_horizontal>3.511</opentracks:accuracy_horizontal></extensions>
</trkpt>
<trkpt lat="-32.238589" lon="115.793741">
<ele>1.6</ele>
<time>2026-09-03T08:43:32.882+08:00</time>
<extensions>
<gpxtpx:TrackPointExtension>
<gpxtpx:speed>1.35</gpxtpx:speed>
</gpxtpx:TrackPointExtension>
<opentracks:accuracy_horizontal>3.673</opentracks:accuracy_horizontal></extensions>
</trkpt>
<trkpt lat="-32.238647" lon="115.793672">
<ele>1.7</ele>
<time>2026-09-03T08:43:42.891+08:00</time>
<extensions>
<gpxtpx:TrackPointExtension>
<gpxtpx:speed>0.99</gpxtpx:speed>
</gpxtpx:TrackPointExtension>
<opentracks:accuracy_horizontal>4.005</opentracks:accuracy_horizontal></extensions>
</trkpt>
<trkpt lat="-32.23866" lon="115.793567">
<ele>0.7</ele>
<time>2026-09-03T08:43:53.879+08:00</time>
<extensions>
<gpxtpx:TrackPointExtension>
<gpxtpx:speed>0.94</gpxtpx:speed>
</gpxtpx:TrackPointExtension>
<opentracks:accuracy_horizontal>3.628</opentracks:accuracy_horizontal></extensions>
</trkpt>
<trkpt lat="-32.238686" lon="115.793464">
<ele>0.1</ele>
<time>2026-09-03T08:44:01.891+08:00</time>
<extensions>
<gpxtpx:TrackPointExtension>
<gpxtpx:speed>1.1</gpxtpx:speed>
</gpxtpx:TrackPointExtension>
<opentracks:accuracy_horizontal>3.519</opentracks:accuracy_horizontal></extensions>
</trkpt>
<trkpt lat="-32.238747" lon="115.793373">
<ele>-0.2</ele>
<time>2026-09-03T08:44:10.886+08:00</time>
<extensions>
<gpxtpx:TrackPointExtension>
<gpxtpx:speed>1.14</gpxtpx:speed>
</gpxtpx:TrackPointExtension>
<opentracks:accuracy_horizontal>3.489</opentracks:accuracy_horizontal></extensions>
</trkpt>
<trkpt lat="-32.238818" lon="115.793315">
<ele>-0.7</ele>
<time>2026-09-03T08:44:20.88+08:00</time>
<extensions>
<gpxtpx:TrackPointExtension>
<gpxtpx:speed>0.91</gpxtpx:speed>
</gpxtpx:TrackPointExtension>
<opentracks:accuracy_horizontal>2.968</opentracks:accuracy_horizontal></extensions>
</trkpt>
<trkpt lat="-32.238901" lon="115.793265">
<ele>-2.5</ele>
<time>2026-09-03T08:44:40.873+08:00</time>
<extensions>
<gpxtpx:TrackPointExtension>
<gpxtpx:speed>1.11</gpxtpx:speed>
</gpxtpx:TrackPointExtension>
<opentracks:accuracy_horizontal>4.044</opentracks:accuracy_horizontal></extensions>
</trkpt>
<trkpt lat="-32.23899" lon="115.793238">
<ele>-2.3</ele>
<time>2026-09-03T08:44:48.88+08:00</time>
<extensions>
<gpxtpx:TrackPointExtension>
<gpxtpx:speed>1.17</gpxtpx:speed>
</gpxtpx:TrackPointExtension>
<opentracks:accuracy_horizontal>3.753</opentracks:accuracy_horizontal></extensions>
</trkpt>
<trkpt lat="-32.239085" lon="115.79324">
<ele>-2.7</ele>
<time>2026-09-03T08:44:56.886+08:00</time>
<extensions>
<gpxtpx:TrackPointExtension>
<gpxtpx:speed>1.21</gpxtpx:speed>
</gpxtpx:TrackPointExtension>
<opentracks:accuracy_horizontal>3.678</opentracks:accuracy_horizontal></extensions>
</trkpt>
<trkpt lat="-32.23915" lon="115.793156">
<ele>-2.9</ele>
<time>2026-09-03T08:45:06.882+08:00</time>
<extensions>
<gpxtpx:TrackPointExtension>
<gpxtpx:speed>1.14</gpxtpx:speed>
</gpxtpx:TrackPointExtension>
<opentracks:accuracy_horizontal>3.588</opentracks:accuracy_horizontal></extensions>
</trkpt>
<trkpt lat="-32.239144" lon="115.793044">
<ele>-2.6</ele>
<time>2026-09-03T08:45:15.881+08:00</time>
<extensions>
<gpxtpx:TrackPointExtension>
<gpxtpx:speed>1.1</gpxtpx:speed>
</gpxtpx:TrackPointExtension>
<opentracks:accuracy_horizontal>3.642</opentracks:accuracy_horizontal></extensions>
</trkpt>
<trkpt lat="-32.239136" lon="115.792928">
<ele>-1.8</ele>
<time>2026-09-03T08:45:24.874+08:00</time>
<extensions>
<gpxtpx:TrackPointExtension>
<gpxtpx:speed>1.13</gpxtpx:speed>
</gpxtpx:TrackPointExtension>
<opentracks:accuracy_horizontal>3.388</opentracks:accuracy_horizontal></extensions>
</trkpt>
<trkpt lat="-32.23913" lon="115.792841">
<ele>-2.7</ele>
<time>2026-09-03T08:45:33.897+08:00</time>
<extensions>
<gpxtpx:TrackPointExtension>
<gpxtpx:speed>0.85</gpxtpx:speed>
</gpxtpx:TrackPointExtension>
<opentracks:accuracy_horizontal>3.792</opentracks:accuracy_horizontal></extensions>
</trkpt>
<trkpt lat="-32.23912" lon="115.792725">
<ele>-3.3</ele>
<time>2026-09-03T08:45:45.88+08:00</time>
<extensions>
<gpxtpx:TrackPointExtension>
<gpxtpx:speed>1.06</gpxtpx:speed>
</gpxtpx:TrackPointExtension>
<opentracks:accuracy_horizontal>4.205</opentracks:accuracy_horizontal></extensions>
</trkpt>
<trkpt lat="-32.239117" lon="115.792618">
<ele>-4.5</ele>
<time>2026-09-03T08:45:54.868+08:00</time>
<extensions>
<gpxtpx:TrackPointExtension>
<gpxtpx:speed>1.08</gpxtpx:speed>
</gpxtpx:TrackPointExtension>
<opentracks:accuracy_horizontal>4.349</opentracks:accuracy_horizontal></extensions>
</trkpt>
<trkpt lat="-32.239145" lon="115.792515">
<ele>-5.8</ele>
<time>2026-09-03T08:46:04.876+08:00</time>
<extensions>
<gpxtpx:TrackPointExtension>
<gpxtpx:speed>1</gpxtpx:speed>
</gpxtpx:TrackPointExtension>
<opentracks:accuracy_horizontal>3.804</opentracks:accuracy_horizontal></extensions>
</trkpt>
<trkpt lat="-32.239134" lon="115.792431">
<ele>-6</ele>
<time>2026-09-03T08:46:14.876+08:00</time>
<extensions>
<gpxtpx:TrackPointExtension>
<gpxtpx:speed>0.83</gpxtpx:speed>
</gpxtpx:TrackPointExtension>
<opentracks:accuracy_horizontal>4.197</opentracks:accuracy_horizontal></extensions>
</trkpt>
<trkpt lat="-32.239138" lon="115.792313">
<ele>-7.4</ele>
<time>2026-09-03T08:46:30.895+08:00</time>
<extensions>
<gpxtpx:TrackPointExtension>
<gpxtpx:speed>1.04</gpxtpx:speed>
</gpxtpx:TrackPointExtension>
<opentracks:accuracy_horizontal>3.648</opentracks:accuracy_horizontal></extensions>
</trkpt>
<trkpt lat="-32.239141" lon="115.792211">
<ele>-8.7</ele>
<time>2026-09-03T08:46:40.894+08:00</time>
<extensions>
<gpxtpx:TrackPointExtension>
<gpxtpx:speed>0.95</gpxtpx:speed>
</gpxtpx:TrackPointExtension>
<opentracks:accuracy_horizontal>3.823</opentracks:accuracy_horizontal></extensions>
</trkpt>
<trkpt lat="-32.239164" lon="115.7921">
<ele>-9.2</ele>
<time>2026-09-03T08:46:53.884+08:00</time>
<extensions>
<gpxtpx:TrackPointExtension>
<gpxtpx:speed>0.87</gpxtpx:speed>
</gpxtpx:TrackPointExtension>
<opentracks:accuracy_horizontal>3.962</opentracks:accuracy_horizontal></extensions>
</trkpt>
<trkpt lat="-32.239166" lon="115.79199">
<ele>-9.9</ele>
<time>2026-09-03T08:47:03.885+08:00</time>
<extensions>
<gpxtpx:TrackPointExtension>
<gpxtpx:speed>0.96</gpxtpx:speed>
</gpxtpx:TrackPointExtension>
<opentracks:accuracy_horizontal>3.835</opentracks:accuracy_horizontal></extensions>
</trkpt>
<trkpt lat="-32.239145" lon="115.79188">
<ele>-9.6</ele>
<time>2026-09-03T08:47:13.883+08:00</time>
<extensions>
<gpxtpx:TrackPointExtension>
<gpxtpx:speed>0.97</gpxtpx:speed>
</gpxtpx:TrackPointExtension>
<opentracks:accuracy_horizontal>3.751</opentracks:accuracy_horizontal></extensions>
</trkpt>
<trkpt lat="-32.23913" lon="115.791774">
<ele>-10.6</ele>
<time>2026-09-03T08:47:23.882+08:00</time>
<extensions>
<gpxtpx:TrackPointExtension>
<gpxtpx:speed>0.97</gpxtpx:speed>
</gpxtpx:TrackPointExtension>
<opentracks:accuracy_horizontal>3.157</opentracks:accuracy_horizontal></extensions>
</trkpt>
<trkpt lat="-32.239123" lon="115.791764">
<ele>-12.4</ele>
<time>2026-09-03T08:47:33.891+08:00</time>
<extensions>
<gpxtpx:TrackPointExtension>
<gpxtpx:speed>0.05</gpxtpx:speed>
</gpxtpx:TrackPointExtension>
<opentracks:accuracy_horizontal>1.951</opentracks:accuracy_horizontal></extensions>
</trkpt>
<trkpt lat="-32.239093" lon="115.791662">
<ele>-13</ele>
<time>2026-09-03T08:47:46.896+08:00</time>
<extensions>
<gpxtpx:TrackPointExtension>
<gpxtpx:speed>0.89</gpxtpx:speed>
</gpxtpx:TrackPointExtension>
<opentracks:accuracy_horizontal>3.385</opentracks:accuracy_horizontal></extensions>
</trkpt>
<trkpt lat="-32.239076" lon="115.791579">
<ele>-14.1</ele>
<time>2026-09-03T08:47:56.844+08:00</time>
<extensions>
<gpxtpx:TrackPointExtension>
<gpxtpx:speed>0.77</gpxtpx:speed>
</gpxtpx:TrackPointExtension>
<opentracks:accuracy_horizontal>2.4</opentracks:accuracy_horizontal></extensions>
</trkpt>
<trkpt lat="-32.239092" lon="115.79147">
<ele>-14.5</ele>
<time>2026-09-03T08:48:11.852+08:00</time>
<extensions>
<gpxtpx:TrackPointExtension>
<gpxtpx:speed>0.76</gpxtpx:speed>
</gpxtpx:TrackPointExtension>
<opentracks:accuracy_horizontal>1.379</opentracks:accuracy_horizontal></extensions>
</trkpt>
<trkpt lat="-32.239097" lon="115.791399">
<ele>-15.1</ele>
<time>2026-09-03T08:48:20.877+08:00</time>
<extensions>
<gpxtpx:TrackPointExtension>
<gpxtpx:speed>0.76</gpxtpx:speed>
</gpxtpx:TrackPointExtension>
<opentracks:accuracy_horizontal>1.237</opentracks:accuracy_horizontal></extensions>
</trkpt>
<trkpt lat="-32.239092" lon="115.79129">
<ele>-16.2</ele>
<time>2026-09-03T08:48:33.875+08:00</time>
<extensions>
<gpxtpx:TrackPointExtension>
<gpxtpx:speed>0.82</gpxtpx:speed>
</gpxtpx:TrackPointExtension>
<opentracks:accuracy_horizontal>3.633</opentracks:accuracy_horizontal></extensions>
</trkpt>
<trkpt lat="-32.239114" lon="115.791209">
<ele>-17.9</ele>
<time>2026-09-03T08:48:43.876+08:00</time>
<extensions>
<gpxtpx:TrackPointExtension>
<gpxtpx:speed>0.49</gpxtpx:speed>
</gpxtpx:TrackPointExtension>
<opentracks:accuracy_horizontal>3.954</opentracks:accuracy_horizontal></extensions>
</trkpt>
<trkpt lat="-32.23912" lon="115.791098">
<ele>-19.1</ele>
<time>2026-09-03T08:49:00.892+08:00</time>
<extensions>
<gpxtpx:TrackPointExtension>
<gpxtpx:speed>0.41</gpxtpx:speed>
</gpxtpx:TrackPointExtension>
<opentracks:accuracy_horizontal>4.345</opentracks:accuracy_horizontal></extensions>
</trkpt>
<trkpt lat="-32.239128" lon="115.791052">
<ele>-20.2</ele>
<time>2026-09-03T08:49:10.881+08:00</time>
<extensions>
<gpxtpx:TrackPointExtension>
<gpxtpx:speed>0.88</gpxtpx:speed>
</gpxtpx:TrackPointExtension>
<opentracks:accuracy_horizontal>3.861</opentracks:accuracy_horizontal></extensions>
</trkpt>
<trkpt lat="-32.23914" lon="115.790945">
<ele>-21.3</ele>
<time>2026-09-03T08:49:28.88+08:00</time>
<extensions>
<gpxtpx:TrackPointExtension>
<gpxtpx:speed>0.37</gpxtpx:speed>
</gpxtpx:TrackPointExtension>
<opentracks:accuracy_horizontal>4.393</opentracks:accuracy_horizontal></extensions>
</trkpt>
<trkpt lat="-32.239205" lon="115.790895">
<ele>-24.3</ele>
<time>2026-09-03T08:49:38.891+08:00</time>
<extensions>
<gpxtpx:TrackPointExtension>
<gpxtpx:speed>0.53</gpxtpx:speed>
</gpxtpx:TrackPointExtension>
<opentracks:accuracy_horizontal>4.668</opentracks:accuracy_horizontal></extensions>
</trkpt>
<trkpt lat="-32.23925" lon="115.790792">
<ele>-24.8</ele>
<time>2026-09-03T08:49:49.899+08:00</time>
<extensions>
<gpxtpx:TrackPointExtension>
<gpxtpx:speed>0.79</gpxtpx:speed>
</gpxtpx:TrackPointExtension>
<opentracks:accuracy_horizontal>4.269</opentracks:accuracy_horizontal></extensions>
</trkpt>
<trkpt lat="-32.239249" lon="115.790698">
<ele>-25.6</ele>
<time>2026-09-03T08:49:59.879+08:00</time>
<extensions>
<gpxtpx:TrackPointExtension>
<gpxtpx:speed>0.79</gpxtpx:speed>
</gpxtpx:TrackPointExtension>
<opentracks:accuracy_horizontal>3.617</opentracks:accuracy_horizontal></extensions>
</trkpt>
<trkpt lat="-32.239313" lon="115.79061">
<ele>-26.1</ele>
<time>2026-09-03T08:50:13.883+08:00</time>
<extensions>
<gpxtpx:TrackPointExtension>
<gpxtpx:speed>0.82</gpxtpx:speed>
</gpxtpx:TrackPointExtension>
<opentracks:accuracy_horizontal>4.201</opentracks:accuracy_horizontal></extensions>
</trkpt>
<trkpt lat="-32.239396" lon="115.790554">
<ele>-27.9</ele>
<time>2026-09-03T08:50:23.879+08:00</time>
<extensions>
<gpxtpx:TrackPointExtension>
<gpxtpx:speed>0.88</gpxtpx:speed>
</gpxtpx:TrackPointExtension>
<opentracks:accuracy_horizontal>4.083</opentracks:accuracy_horizontal></extensions>
</trkpt>
<trkpt lat="-32.23945" lon="115.790498">
<ele>-28.2</ele>
<time>2026-09-03T08:50:33.891+08:00</time>
<extensions>
<gpxtpx:TrackPointExtension>
<gpxtpx:speed>0.77</gpxtpx:speed>
</gpxtpx:TrackPointExtension>
<opentracks:accuracy_horizontal>3.912</opentracks:accuracy_horizontal></extensions>
</trkpt>
<trkpt lat="-32.239532" lon="115.790445">
<ele>-29.4</ele>
<time>2026-09-03T08:50:55.882+08:00</time>
<extensions>
<gpxtpx:TrackPointExtension>
<gpxtpx:speed>0.62</gpxtpx:speed>
</gpxtpx:TrackPointExtension>
<opentracks:accuracy_horizontal>4.609</opentracks:accuracy_horizontal></extensions>
</trkpt>
<trkpt lat="-32.239634" lon="115.790449">
<ele>-27.5</ele>
<time>2026-09-03T08:51:01.85+08:00</time>
<extensions>
<gpxtpx:TrackPointExtension>
<gpxtpx:speed>1.32</gpxtpx:speed>
</gpxtpx:TrackPointExtension>
<opentracks:accuracy_horizontal>3.533</opentracks:accuracy_horizontal></extensions>
</trkpt>
<trkpt lat="-32.239673" lon="115.790456">
<ele>-26.2</ele>
<time>2026-09-03T08:51:10.864+08:00</time>
<extensions>
<gpxtpx:TrackPointExtension>
<gpxtpx:speed>0.78</gpxtpx:speed>
</gpxtpx:TrackPointExtension>
<opentracks:accuracy_horizontal>2.542</opentracks:accuracy_horizontal></extensions>
</trkpt>
<trkpt lat="-32.239767" lon="115.790449">
<ele>-25</ele>
<time>2026-09-03T08:51:23.854+08:00</time>
<extensions>
<gpxtpx:TrackPointExtension>
<gpxtpx:speed>0.77</gpxtpx:speed>
</gpxtpx:TrackPointExtension>
<opentracks:accuracy_horizontal>2.464</opentracks:accuracy_horizontal></extensions>
</trkpt>
<trkpt lat="-32.239818" lon="115.79046">
<ele>-25.9</ele>
<time>2026-09-03T08:51:32.873+08:00</time>
<extensions>
<gpxtpx:TrackPointExtension>
<gpxtpx:speed>0.74</gpxtpx:speed>
</gpxtpx:TrackPointExtension>
<opentracks:accuracy_horizontal>3.439</opentracks:accuracy_horizontal></extensions>
</trkpt>
<trkpt lat="-32.239914" lon="115.790483">
<ele>-26.3</ele>
<time>2026-09-03T08:51:47.86+08:00</time>
<extensions>
<gpxtpx:TrackPointExtension>
<gpxtpx:speed>0.37</gpxtpx:speed>
</gpxtpx:TrackPointExtension>
<opentracks:accuracy_horizontal>4.375</opentracks:accuracy_horizontal></extensions>
</trkpt>
<trkpt lat="-32.239953" lon="115.790486">
<ele>-26.5</ele>
<time>2026-09-03T08:51:56.896+08:00</time>
<extensions>
<gpxtpx:TrackPointExtension>
<gpxtpx:speed>0.15</gpxtpx:speed>
</gpxtpx:TrackPointExtension>
<opentracks:accuracy_horizontal>4.812</opentracks:accuracy_horizontal></extensions>
</trkpt>
<trkpt lat="-32.240031" lon="115.79043">
<ele>-26.9</ele>
<time>2026-09-03T08:52:10.885+08:00</time>
<extensions>
<gpxtpx:TrackPointExtension>
<gpxtpx:speed>0.61</gpxtpx:speed>
</gpxtpx:TrackPointExtension>
<opentracks:accuracy_horizontal>4.872</opentracks:accuracy_horizontal></extensions>
</trkpt>
<trkpt lat="-32.240057" lon="115.790323">
<ele>-27.2</ele>
<time>2026-09-03T08:52:20.892+08:00</time>
<extensions>
<gpxtpx:TrackPointExtension>
<gpxtpx:speed>0.9</gpxtpx:speed>
</gpxtpx:TrackPointExtension>
<opentracks:accuracy_horizontal>4.732</opentracks:accuracy_horizontal></extensions>
</trkpt>
<trkpt lat="-32.240067" lon="115.790237">
<ele>-28.3</ele>
<time>2026-09-03T08:52:30.883+08:00</time>
<extensions>
<gpxtpx:TrackPointExtension>
<gpxtpx:speed>0.8</gpxtpx:speed>
</gpxtpx:TrackPointExtension>
<opentracks:accuracy_horizontal>4.388</opentracks:accuracy_horizontal></extensions>
</trkpt>
<trkpt lat="-32.240065" lon="115.79013">
<ele>-28.9</ele>
<time>2026-09-03T08:52:42.89+08:00</time>
<extensions>
<gpxtpx:TrackPointExtension>
<gpxtpx:speed>0.8</gpxtpx:speed>
</gpxtpx:TrackPointExtension>
<opentracks:accuracy_horizontal>4.217</opentracks:accuracy_horizontal></extensions>
</trkpt>
<trkpt lat="-32.240062" lon="115.790023">
<ele>-28</ele>
<time>2026-09-03T08:52:52.9+08:00</time>
<extensions>
<gpxtpx:TrackPointExtension>
<gpxtpx:speed>1</gpxtpx:speed>
</gpxtpx:TrackPointExtension>
<opentracks:accuracy_horizontal>3.812</opentracks:accuracy_horizontal></extensions>
</trkpt>
<trkpt lat="-32.240043" lon="115.789922">
<ele>-26.8</ele>
<time>2026-09-03T08:53:02.884+08:00</time>
<extensions>
<gpxtpx:TrackPointExtension>
<gpxtpx:speed>0.96</gpxtpx:speed>
</gpxtpx:TrackPointExtension>
<opentracks:accuracy_horizontal>3.562</opentracks:accuracy_horizontal></extensions>
</trkpt>
<trkpt lat="-32.240042" lon="115.789814">
<ele>-27.9</ele>
<time>2026-09-03T08:53:16.882+08:00</time>
<extensions>
<gpxtpx:TrackPointExtension>
<gpxtpx:speed>0.92</gpxtpx:speed>
</gpxtpx:TrackPointExtension>
<opentracks:accuracy_horizontal>4.121</opentracks:accuracy_horizontal></extensions>
</trkpt>
<trkpt lat="-32.240137" lon="115.789773">
<ele>-25.5</ele>
<time>2026-09-03T08:53:25.886+08:00</time>
<extensions>
<gpxtpx:TrackPointExtension>
<gpxtpx:speed>1.09</gpxtpx:speed>
</gpxtpx:TrackPointExtension>
<opentracks:accuracy_horizontal>3.851</opentracks:accuracy_horizontal></extensions>
</trkpt>
<trkpt lat="-32.240205" lon="115.789749">
<ele>-21.5</ele>
<time>2026-09-03T08:53:35.89+08:00</time>
<extensions>
<gpxtpx:TrackPointExtension>
<gpxtpx:speed>0.54</gpxtpx:speed>
</gpxtpx:TrackPointExtension>
<opentracks:accuracy_horizontal>3.816</opentracks:accuracy_horizontal></extensions>
</trkpt>
<trkpt lat="-32.240299" lon="115.789735">
<ele>-21.9</ele>
<time>2026-09-03T08:53:45.886+08:00</time>
<extensions>
<gpxtpx:TrackPointExtension>
<gpxtpx:speed>0.94</gpxtpx:speed>
</gpxtpx:TrackPointExtension>
<opentracks:accuracy_horizontal>3.35</opentracks:accuracy_horizontal></extensions>
</trkpt>
<trkpt lat="-32.240377" lon="115.789712">
<ele>-23</ele>
<time>2026-09-03T08:53:55.898+08:00</time>
<extensions>
<gpxtpx:TrackPointExtension>
<gpxtpx:speed>0.9</gpxtpx:speed>
</gpxtpx:TrackPointExtension>
<opentracks:accuracy_horizontal>4.042</opentracks:accuracy_horizontal></extensions>
</trkpt>
<trkpt lat="-32.240432" lon="115.789624">
<ele>-23.8</ele>
<time>2026-09-03T08:54:07.878+08:00</time>
<extensions>
<gpxtpx:TrackPointExtension>
<gpxtpx:speed>0.88</gpxtpx:speed>
</gpxtpx:TrackPointExtension>
<opentracks:accuracy_horizontal>4.629</opentracks:accuracy_horizontal></extensions>
</trkpt>
<trkpt lat="-32.240492" lon="115.789541">
<ele>-25.1</ele>
<time>2026-09-03T08:54:17.869+08:00</time>
<extensions>
<gpxtpx:TrackPointExtension>
<gpxtpx:speed>0.93</gpxtpx:speed>
</gpxtpx:TrackPointExtension>
<opentracks:accuracy_horizontal>4.444</opentracks:accuracy_horizontal></extensions>
</trkpt>
<trkpt lat="-32.240529" lon="115.789455">
<ele>-26.5</ele>
<time>2026-09-03T08:54:26.885+08:00</time>
<extensions>
<gpxtpx:TrackPointExtension>
<gpxtpx:speed>0.95</gpxtpx:speed>
</gpxtpx:TrackPointExtension>
<opentracks:accuracy_horizontal>4.925</opentracks:accuracy_horizontal></extensions>
</trkpt>
<trkpt lat="-32.240575" lon="115.789354">
<ele>-26.4</ele>
<time>2026-09-03T08:54:36.885+08:00</time>
<extensions>
<gpxtpx:TrackPointExtension>
<gpxtpx:speed>0.99</gpxtpx:speed>
</gpxtpx:TrackPointExtension>
<opentracks:accuracy_horizontal>5.7</opentracks:accuracy_horizontal></extensions>
</trkpt>
<trkpt lat="-32.240605" lon="115.789253">
<ele>-28.6</ele>
<time>2026-09-03T08:54:45.886+08:00</time>
<extensions>
<gpxtpx:TrackPointExtension>
<gpxtpx:speed>1.05</gpxtpx:speed>
</gpxtpx:TrackPointExtension>
<opentracks:accuracy_horizontal>4.732</opentracks:accuracy_horizontal></extensions>
</trkpt>
<trkpt lat="-32.240675" lon="115.789171">
<ele>-29.1</ele>
<time>2026-09-03T08:54:54.892+08:00</time>
<extensions>
<gpxtpx:TrackPointExtension>
<gpxtpx:speed>1.14</gpxtpx:speed>
</gpxtpx:TrackPointExtension>
<opentracks:accuracy_horizontal>4.012</opentracks:accuracy_horizontal></extensions>
</trkpt>
<trkpt lat="-32.240735" lon="115.789091">
<ele>-28.4</ele>
<time>2026-09-03T08:55:02.888+08:00</time>
<extensions>
<gpxtpx:TrackPointExtension>
<gpxtpx:speed>1.18</gpxtpx:speed>
</gpxtpx:TrackPointExtension>
<opentracks:accuracy_horizontal>3.745</opentracks:accuracy_horizontal></extensions>
</trkpt>
<trkpt lat="-32.240782" lon="115.789017">
<ele>-29.4</ele>
<time>2026-09-03T08:55:11.886+08:00</time>
<extensions>
<gpxtpx:TrackPointExtension>
<gpxtpx:speed>1.06</gpxtpx:speed>
</gpxtpx:TrackPointExtension>
<opentracks:accuracy_horizontal>3.58</opentracks:accuracy_horizontal></extensions>
</trkpt>
<trkpt lat="-32.240832" lon="115.78892">
<ele>-31.7</ele>
<time>2026-09-03T08:55:25.886+08:00</time>
<extensions>
<gpxtpx:TrackPointExtension>
<gpxtpx:speed>1.05</gpxtpx:speed>
</gpxtpx:TrackPointExtension>
<opentracks:accuracy_horizontal>3.69</opentracks:accuracy_horizontal></extensions>
</trkpt>
<trkpt lat="-32.24087" lon="115.788829">
<ele>-31.2</ele>
<time>2026-09-03T08:55:35.881+08:00</time>
<extensions>
<gpxtpx:TrackPointExtension>
<gpxtpx:speed>0.98</gpxtpx:speed>
</gpxtpx:TrackPointExtension>
<opentracks:accuracy_horizontal>4.349</opentracks:accuracy_horizontal></extensions>
</trkpt>
<trkpt lat="-32.24096" lon="115.788816">
<ele>-31.9</ele>
<time>2026-09-03T08:55:52.883+08:00</time>
<extensions>
<gpxtpx:TrackPointExtension>
<gpxtpx:speed>0.77</gpxtpx:speed>
</gpxtpx:TrackPointExtension>
<opentracks:accuracy_horizontal>5.114</opentracks:accuracy_horizontal></extensions>
</trkpt>
<trkpt lat="-32.241051" lon="115.788812">
<ele>-32.6</ele>
<time>2026-09-03T08:56:01.883+08:00</time>
<extensions>
<gpxtpx:TrackPointExtension>
<gpxtpx:speed>1.04</gpxtpx:speed>
</gpxtpx:TrackPointExtension>
<opentracks:accuracy_horizontal>5.04</opentracks:accuracy_horizontal></extensions>
</trkpt>
<trkpt lat="-32.241068" lon="115.788701">
<ele>-32.7</ele>
<time>2026-09-03T08:56:10.889+08:00</time>
<extensions>
<gpxtpx:TrackPointExtension>
<gpxtpx:speed>1.14</gpxtpx:speed>
</gpxtpx:TrackPointExtension>
<opentracks:accuracy_horizontal>4.35</opentracks:accuracy_horizontal></extensions>
</trkpt>
<trkpt lat="-32.241056" lon="115.788615">
<ele>-31.7</ele>
<time>2026-09-03T08:56:20.855+08:00</time>
<extensions>
<gpxtpx:TrackPointExtension>
<gpxtpx:speed>0.24</gpxtpx:speed>
</gpxtpx:TrackPointExtension>
<opentracks:accuracy_horizontal>2.972</opentracks:accuracy_horizontal></extensions>
</trkpt>
<trkpt lat="-32.241067" lon="115.7885">
<ele>-32.8</ele>
<time>2026-09-03T08:56:42.868+08:00</time>
<extensions>
<gpxtpx:TrackPointExtension>
<gpxtpx:speed>1.41</gpxtpx:speed>
</gpxtpx:TrackPointExtension>
<opentracks:accuracy_horizontal>2.745</opentracks:accuracy_horizontal></extensions>
</trkpt>
<trkpt lat="-32.241058" lon="115.788382">
<ele>-33.1</ele>
<time>2026-09-03T08:56:51.901+08:00</time>
<extensions>
<gpxtpx:TrackPointExtension>
<gpxtpx:speed>1.28</gpxtpx:speed>
</gpxtpx:TrackPointExtension>
<opentracks:accuracy_horizontal>3.739</opentracks:accuracy_horizontal></extensions>
</trkpt>
<trkpt lat="-32.241038" lon="115.788288">
<ele>-32.6</ele>
<time>2026-09-03T08:57:01.88+08:00</time>
<extensions>
<gpxtpx:TrackPointExtension>
<gpxtpx:speed>1.01</gpxtpx:speed>
</gpxtpx:TrackPointExtension>
<opentracks:accuracy_horizontal>5.786</opentracks:accuracy_horizontal></extensions>
</trkpt>
<trkpt lat="-32.241081" lon="115.788189">
<ele>-30.7</ele>
<time>2026-09-03T08:57:31.885+08:00</time>
<extensions>
<gpxtpx:TrackPointExtension>
<gpxtpx:speed>0.33</gpxtpx:speed>
</gpxtpx:TrackPointExtension>
<opentracks:accuracy_horizontal>3.21</opentracks:accuracy_horizontal></extensions>
</trkpt>
<trkpt lat="-32.241161" lon="115.788223">
<ele>-31.5</ele>
<time>2026-09-03T08:57:41.88+08:00</time>
<extensions>
<gpxtpx:TrackPointExtension>
<gpxtpx:speed>1</gpxtpx:speed>
</gpxtpx:TrackPointExtension>
<opentracks:accuracy_horizontal>5.135</opentracks:accuracy_horizontal></extensions>
</trkpt>
<trkpt lat="-32.241234" lon="115.788294">
<ele>-30.5</ele>
<time>2026-09-03T08:57:50.887+08:00</time>
<extensions>
<gpxtpx:TrackPointExtension>
<gpxtpx:speed>1.13</gpxtpx:speed>
</gpxtpx:TrackPointExtension>
<opentracks:accuracy_horizontal>4.692</opentracks:accuracy_horizontal></extensions>
</trkpt>
<trkpt lat="-32.241321" lon="115.788331">
<ele>-29.9</ele>
<time>2026-09-03T08:57:59.893+08:00</time>
<extensions>
<gpxtpx:TrackPointExtension>
<gpxtpx:speed>1.12</gpxtpx:speed>
</gpxtpx:TrackPointExtension>
<opentracks:accuracy_horizontal>3.065</opentracks:accuracy_horizontal></extensions>
</trkpt>
<trkpt lat="-32.241321" lon="115.788331">
<ele>-30</ele>
<time>2026-09-03T08:58:09.864+08:00</time>
<extensions>
<gpxtpx:TrackPointExtension>
<gpxtpx:speed>0.03</gpxtpx:speed>
</gpxtpx:TrackPointExtension>
<opentracks:accuracy_horizontal>2.482</opentracks:accuracy_horizontal></extensions>
</trkpt>
<trkpt lat="-32.241409" lon="115.78836">
<ele>-31.7</ele>
<time>2026-09-03T08:58:23.889+08:00</time>
<extensions>
<gpxtpx:TrackPointExtension>
<gpxtpx:speed>0.73</gpxtpx:speed>
</gpxtpx:TrackPointExtension>
<opentracks:accuracy_horizontal>3.559</opentracks:accuracy_horizontal></extensions>
</trkpt>
<trkpt lat="-32.241448" lon="115.788357">
<ele>-32.1</ele>
<time>2026-09-03T08:58:33.873+08:00</time>
<extensions>
<gpxtpx:TrackPointExtension>
<gpxtpx:speed>0.09</gpxtpx:speed>
</gpxtpx:TrackPointExtension>
<opentracks:accuracy_horizontal>4.772</opentracks:accuracy_horizontal></extensions>
</trkpt>
<trkpt lat="-32.241356" lon="115.788353">
<ele>-31.2</ele>
<time>2026-09-03T08:59:38.866+08:00</time>
<extensions>
<gpxtpx:TrackPointExtension>
<gpxtpx:speed>0.93</gpxtpx:speed>
</gpxtpx:TrackPointExtension>
<opentracks:accuracy_horizontal>1.978</opentracks:accuracy_horizontal></extensions>
</trkpt>
<trkpt lat="-32.241277" lon="115.788332">
<ele>-31.1</ele>
<time>2026-09-03T08:59:48.859+08:00</time>
<extensions>
<gpxtpx:TrackPointExtension>
<gpxtpx:speed>0.94</gpxtpx:speed>
</gpxtpx:TrackPointExtension>
<opentracks:accuracy_horizontal>1.7</opentracks:accuracy_horizontal></extensions>
</trkpt>
<trkpt lat="-32.241188" lon="115.788287">
<ele>-31.2</ele>
<time>2026-09-03T08:59:58.863+08:00</time>
<extensions>
<gpxtpx:TrackPointExtension>
<gpxtpx:speed>1.05</gpxtpx:speed>
</gpxtpx:TrackPointExtension>
<opentracks:accuracy_horizontal>1.978</opentracks:accuracy_horizontal></extensions>
</trkpt>
<trkpt lat="-32.241133" lon="115.788204">
<ele>-30.6</ele>
<time>2026-09-03T09:00:08.871+08:00</time>
<extensions>
<gpxtpx:TrackPointExtension>
<gpxtpx:speed>1.01</gpxtpx:speed>
</gpxtpx:TrackPointExtension>
<opentracks:accuracy_horizontal>4.21</opentracks:accuracy_horizontal></extensions>
</trkpt>
<trkpt lat="-32.241085" lon="115.788103">
<ele>-30</ele>
<time>2026-09-03T09:00:20.901+08:00</time>
<extensions>
<gpxtpx:TrackPointExtension>
<gpxtpx:speed>1.04</gpxtpx:speed>
</gpxtpx:TrackPointExtension>
<opentracks:accuracy_horizontal>4.636</opentracks:accuracy_horizontal></extensions>
</trkpt>
<trkpt lat="-32.241065" lon="115.788004">
<ele>-32.8</ele>
<time>2026-09-03T09:00:30.893+08:00</time>
<extensions>
<gpxtpx:TrackPointExtension>
<gpxtpx:speed>0.95</gpxtpx:speed>
</gpxtpx:TrackPointExtension>
<opentracks:accuracy_horizontal>4.791</opentracks:accuracy_horizontal></extensions>
</trkpt>
<trkpt lat="-32.241081" lon="115.787899">
<ele>-33.9</ele>
<time>2026-09-03T09:00:41.898+08:00</time>
<extensions>
<gpxtpx:TrackPointExtension>
<gpxtpx:speed>0.85</gpxtpx:speed>
</gpxtpx:TrackPointExtension>
<opentracks:accuracy_horizontal>4.383</opentracks:accuracy_horizontal></extensions>
</trkpt>
<trkpt lat="-32.241088" lon="115.787832">
<ele>-33.4</ele>
<time>2026-09-03T09:00:51.887+08:00</time>
<extensions>
<gpxtpx:TrackPointExtension>
<gpxtpx:speed>0.55</gpxtpx:speed>
</gpxtpx:TrackPointExtension>
<opentracks:accuracy_horizontal>3.898</opentracks:accuracy_horizontal></extensions>
</trkpt>
<trkpt lat="-32.241076" lon="115.787716">
<ele>-34</ele>
<time>2026-09-03T09:01:03.894+08:00</time>
<extensions>
<gpxtpx:TrackPointExtension>
<gpxtpx:speed>1.07</gpxtpx:speed>
</gpxtpx:TrackPointExtension>
<opentracks:accuracy_horizontal>4.388</opentracks:accuracy_horizontal></extensions>
</trkpt>
<trkpt lat="-32.241046" lon="115.78761">
<ele>-34.7</ele>
<time>2026-09-03T09:01:13.887+08:00</time>
<extensions>
<gpxtpx:TrackPointExtension>
<gpxtpx:speed>0.99</gpxtpx:speed>
</gpxtpx:TrackPointExtension>
<opentracks:accuracy_horizontal>3.851</opentracks:accuracy_horizontal></extensions>
</trkpt>
<trkpt lat="-32.240984" lon="115.787529">
<ele>-34.9</ele>
<time>2026-09-03T09:01:23.893+08:00</time>
<extensions>
<gpxtpx:TrackPointExtension>
<gpxtpx:speed>0.97</gpxtpx:speed>
</gpxtpx:TrackPointExtension>
<opentracks:accuracy_horizontal>4.03</opentracks:accuracy_horizontal></extensions>
</trkpt>
<trkpt lat="-32.24091" lon="115.787518">
<ele>-33.7</ele>
<time>2026-09-03T09:01:33.902+08:00</time>
<extensions>
<gpxtpx:TrackPointExtension>
<gpxtpx:speed>0.89</gpxtpx:speed>
</gpxtpx:TrackPointExtension>
<opentracks:accuracy_horizontal>4.033</opentracks:accuracy_horizontal></extensions>
</trkpt>
<trkpt lat="-32.240813" lon="115.787517">
<ele>-32.4</ele>
<time>2026-09-03T09:01:43.89+08:00</time>
<extensions>
<gpxtpx:TrackPointExtension>
<gpxtpx:speed>0.97</gpxtpx:speed>
</gpxtpx:TrackPointExtension>
<opentracks:accuracy_horizontal>3.7</opentracks:accuracy_horizontal></extensions>
</trkpt>
<trkpt lat="-32.240803" lon="115.787516">
<ele>-32.3</ele>
<time>2026-09-03T09:01:53.898+08:00</time>
<extensions>
<gpxtpx:TrackPointExtension>
<gpxtpx:speed>0.03</gpxtpx:speed>
</gpxtpx:TrackPointExtension>
<opentracks:accuracy_horizontal>2.076</opentracks:accuracy_horizontal></extensions>
</trkpt>
<trkpt lat="-32.240714" lon="115.787549">
<ele>-32.6</ele>
<time>2026-09-03T09:02:07.894+08:00</time>
<extensions>
<gpxtpx:TrackPointExtension>
<gpxtpx:speed>1.06</gpxtpx:speed>
</gpxtpx:TrackPointExtension>
<opentracks:accuracy_horizontal>3.501</opentracks:accuracy_horizontal></extensions>
</trkpt>
<trkpt lat="-32.24063" lon="115.787611">
<ele>-32.8</ele>
<time>2026-09-03T09:02:16.896+08:00</time>
<extensions>
<gpxtpx:TrackPointExtension>
<gpxtpx:speed>1.13</gpxtpx:speed>
</gpxtpx:TrackPointExtension>
<opentracks:accuracy_horizontal>3.044</opentracks:accuracy_horizontal></extensions>
</trkpt>
<trkpt lat="-32.240627" lon="115.787614">
<ele>-32.2</ele>
<time>2026-09-03T09:02:26.863+08:00</time>
<extensions>
<gpxtpx:TrackPointExtension>
<gpxtpx:speed>0.16</gpxtpx:speed>
</gpxtpx:TrackPointExtension>
<opentracks:accuracy_horizontal>2.627</opentracks:accuracy_horizontal></extensions>
</trkpt>
<trkpt lat="-32.240535" lon="115.787614">
<ele>-32.8</ele>
<time>2026-09-03T09:02:42.891+08:00</time>
<extensions>
<gpxtpx:TrackPointExtension>
<gpxtpx:speed>0.88</gpxtpx:speed>
</gpxtpx:TrackPointExtension>
<opentracks:accuracy_horizontal>2.425</opentracks:accuracy_horizontal></extensions>
</trkpt>
<trkpt lat="-32.240452" lon="115.787569">
<ele>-30.1</ele>
<time>2026-09-03T09:02:50.871+08:00</time>
<extensions>
<gpxtpx:TrackPointExtension>
<gpxtpx:speed>1.08</gpxtpx:speed>
</gpxtpx:TrackPointExtension>
<opentracks:accuracy_horizontal>1.859</opentracks:accuracy_horizontal></extensions>
</trkpt>
<trkpt lat="-32.240361" lon="115.787544">
<ele>-29.8</ele>
<time>2026-09-03T09:03:00.88+08:00</time>
<extensions>
<gpxtpx:TrackPointExtension>
<gpxtpx:speed>1.03</gpxtpx:speed>
</gpxtpx:TrackPointExtension>
<opentracks:accuracy_horizontal>2.366</opentracks:accuracy_horizontal></extensions>
</trkpt>
<trkpt lat="-32.240271" lon="115.787489">
<ele>-30.2</ele>
<time>2026-09-03T09:03:10.891+08:00</time>
<extensions>
<gpxtpx:TrackPointExtension>
<gpxtpx:speed>1.04</gpxtpx:speed>
</gpxtpx:TrackPointExtension>
<opentracks:accuracy_horizontal>2.532</opentracks:accuracy_horizontal></extensions>
</trkpt>
<trkpt lat="-32.240187" lon="115.787451">
<ele>-30.1</ele>
<time>2026-09-03T09:03:20.889+08:00</time>
<extensions>
<gpxtpx:TrackPointExtension>
<gpxtpx:speed>0.99</gpxtpx:speed>
</gpxtpx:TrackPointExtension>
<opentracks:accuracy_horizontal>3.24</opentracks:accuracy_horizontal></extensions>
</trkpt>
<trkpt lat="-32.240098" lon="115.787393">
<ele>-28.3</ele>
<time>2026-09-03T09:03:30.897+08:00</time>
<extensions>
<gpxtpx:TrackPointExtension>
<gpxtpx:speed>1.07</gpxtpx:speed>
</gpxtpx:TrackPointExtension>
<opentracks:accuracy_horizontal>2.784</opentracks:accuracy_horizontal></extensions>
</trkpt>
<trkpt lat="-32.24004" lon="115.787373">
<ele>-28.3</ele>
<time>2026-09-03T09:03:40.897+08:00</time>
<extensions>
<gpxtpx:TrackPointExtension>
<gpxtpx:speed>0.12</gpxtpx:speed>
</gpxtpx:TrackPointExtension>
<opentracks:accuracy_horizontal>2.587</opentracks:accuracy_horizontal></extensions>
</trkpt>
<trkpt lat="-32.239949" lon="115.787342">
<ele>-29.8</ele>
<time>2026-09-03T09:03:53.892+08:00</time>
<extensions>
<gpxtpx:TrackPointExtension>
<gpxtpx:speed>0.82</gpxtpx:speed>
</gpxtpx:TrackPointExtension>
<opentracks:accuracy_horizontal>3.462</opentracks:accuracy_horizontal></extensions>
</trkpt>
<trkpt lat="-32.239922" lon="115.787332">
<ele>-29.7</ele>
<time>2026-09-03T09:04:03.886+08:00</time>
<extensions>
<gpxtpx:TrackPointExtension>
<gpxtpx:speed>0.24</gpxtpx:speed>
</gpxtpx:TrackPointExtension>
<opentracks:accuracy_horizontal>3.315</opentracks:accuracy_horizontal></extensions>
</trkpt>
<trkpt lat="-32.239833" lon="115.787307">
<ele>-30.5</ele>
<time>2026-09-03T09:04:10.888+08:00</time>
<extensions>
<gpxtpx:TrackPointExtension>
<gpxtpx:speed>1.35</gpxtpx:speed>
</gpxtpx:TrackPointExtension>
<opentracks:accuracy_horizontal>3.147</opentracks:accuracy_horizontal></extensions>
</trkpt>
<trkpt lat="-32.239751" lon="115.787256">
<ele>-31.4</ele>
<time>2026-09-03T09:04:19.888+08:00</time>
<extensions>
<gpxtpx:TrackPointExtension>
<gpxtpx:speed>1.17</gpxtpx:speed>
</gpxtpx:TrackPointExtension>
<opentracks:accuracy_horizontal>3.427</opentracks:accuracy_horizontal></extensions>
</trkpt>
<trkpt lat="-32.239762" lon="115.78725">
<ele>-29.4</ele>
<time>2026-09-03T09:04:29.871+08:00</time>
<extensions>
<gpxtpx:TrackPointExtension>
<gpxtpx:speed>0.04</gpxtpx:speed>
</gpxtpx:TrackPointExtension>
<opentracks:accuracy_horizontal>2.488</opentracks:accuracy_horizontal></extensions>
</trkpt>
<trkpt lat="-32.239672" lon="115.787199">
<ele>-29.2</ele>
<time>2026-09-03T09:04:43.928+08:00</time>
<extensions>
<gpxtpx:TrackPointExtension>
<gpxtpx:speed>1.24</gpxtpx:speed>
</gpxtpx:TrackPointExtension>
<opentracks:accuracy_horizontal>3.142</opentracks:accuracy_horizontal></extensions>
</trkpt>
<trkpt lat="-32.239599" lon="115.787134">
<ele>-30.1</ele>
<time>2026-09-03T09:04:52.887+08:00</time>
<extensions>
<gpxtpx:TrackPointExtension>
<gpxtpx:speed>1.2</gpxtpx:speed>
</gpxtpx:TrackPointExtension>
<opentracks:accuracy_horizontal>4.478</opentracks:accuracy_horizontal></extensions>
</trkpt>
<trkpt lat="-32.239545" lon="115.787047">
<ele>-32.8</ele>
<time>2026-09-03T09:05:00.891+08:00</time>
<extensions>
<gpxtpx:TrackPointExtension>
<gpxtpx:speed>1.38</gpxtpx:speed>
</gpxtpx:TrackPointExtension>
<opentracks:accuracy_horizontal>7.941</opentracks:accuracy_horizontal></extensions>
</trkpt>
<trkpt lat="-32.239613" lon="115.786975">
<ele>-31.5</ele>
<time>2026-09-03T09:05:05.896+08:00</time>
<extensions>
<gpxtpx:TrackPointExtension>
<gpxtpx:speed>1.55</gpxtpx:speed>
</gpxtpx:TrackPointExtension>
<opentracks:accuracy_horizontal>7.713</opentracks:accuracy_horizontal></extensions>
</trkpt>
<trkpt lat="-32.239687" lon="115.786904">
<ele>-31.1</ele>
<time>2026-09-03T09:05:11.891+08:00</time>
<extensions>
<gpxtpx:TrackPointExtension>
<gpxtpx:speed>1.62</gpxtpx:speed>
</gpxtpx:TrackPointExtension>
<opentracks:accuracy_horizontal>6.534</opentracks:accuracy_horizontal></extensions>
</trkpt>
<trkpt lat="-32.239758" lon="115.786831">
<ele>-29.9</ele>
<time>2026-09-03T09:05:18.897+08:00</time>
<extensions>
<gpxtpx:TrackPointExtension>
<gpxtpx:speed>1.49</gpxtpx:speed>
</gpxtpx:TrackPointExtension>
<opentracks:accuracy_horizontal>6.112</opentracks:accuracy_horizontal></extensions>
</trkpt>
<trkpt lat="-32.239856" lon="115.786811">
<ele>-28.8</ele>
<time>2026-09-03T09:05:27.881+08:00</time>
<extensions>
<gpxtpx:TrackPointExtension>
<gpxtpx:speed>1.29</gpxtpx:speed>
</gpxtpx:TrackPointExtension>
<opentracks:accuracy_horizontal>5.253</opentracks:accuracy_horizontal></extensions>
</trkpt>
<trkpt lat="-32.239924" lon="115.786852">
<ele>-27.2</ele>
<time>2026-09-03T09:05:37.877+08:00</time>
<extensions>
<gpxtpx:TrackPointExtension>
<gpxtpx:speed>1.02</gpxtpx:speed>
</gpxtpx:TrackPointExtension>
<opentracks:accuracy_horizontal>4.916</opentracks:accuracy_horizontal></extensions>
</trkpt>
<trkpt lat="-32.239991" lon="115.786926">
<ele>-28.7</ele>
<time>2026-09-03T09:05:59.902+08:00</time>
<extensions>
<gpxtpx:TrackPointExtension>
<gpxtpx:speed>0.32</gpxtpx:speed>
</gpxtpx:TrackPointExtension>
<opentracks:accuracy_horizontal>4.185</opentracks:accuracy_horizontal></extensions>
</trkpt>
<trkpt lat="-32.240042" lon="115.786933">
<ele>-28.1</ele>
<time>2026-09-03T09:06:09.892+08:00</time>
<extensions>
<gpxtpx:TrackPointExtension>
<gpxtpx:speed>0.1</gpxtpx:speed>
</gpxtpx:TrackPointExtension>
<opentracks:accuracy_horizontal>3.71</opentracks:accuracy_horizontal></extensions>
</trkpt>
<trkpt lat="-32.240034" lon="115.787041">
<ele>-29.5</ele>
<time>2026-09-03T09:07:03.88+08:00</time>
<extensions>
<gpxtpx:TrackPointExtension>
<gpxtpx:speed>0.36</gpxtpx:speed>
</gpxtpx:TrackPointExtension>
<opentracks:accuracy_horizontal>4.466</opentracks:accuracy_horizontal></extensions>
</trkpt>
<trkpt lat="-32.240015" lon="115.787085">
<ele>-29.1</ele>
<time>2026-09-03T09:07:13.872+08:00</time>
<extensions>
<gpxtpx:TrackPointExtension>
<gpxtpx:speed>0.5</gpxtpx:speed>
</gpxtpx:TrackPointExtension>
<opentracks:accuracy_horizontal>3.309</opentracks:accuracy_horizontal></extensions>
</trkpt>
<trkpt lat="-32.239926" lon="115.787115">
<ele>-30.1</ele>
<time>2026-09-03T09:07:21.892+08:00</time>
<extensions>
<gpxtpx:TrackPointExtension>
<gpxtpx:speed>1.17</gpxtpx:speed>
</gpxtpx:TrackPointExtension>
<opentracks:accuracy_horizontal>3.46</opentracks:accuracy_horizontal></extensions>
</trkpt>
<trkpt lat="-32.239829" lon="115.787114">
<ele>-30.7</ele>
<time>2026-09-03T09:07:30.901+08:00</time>
<extensions>
<gpxtpx:TrackPointExtension>
<gpxtpx:speed>1.16</gpxtpx:speed>
</gpxtpx:TrackPointExtension>
<opentracks:accuracy_horizontal>3.795</opentracks:accuracy_horizontal></extensions>
</trkpt>
<trkpt lat="-32.239728" lon="115.787106">
<ele>-31.8</ele>
<time>2026-09-03T09:07:39.901+08:00</time>
<extensions>
<gpxtpx:TrackPointExtension>
<gpxtpx:speed>1.17</gpxtpx:speed>
</gpxtpx:TrackPointExtension>
<opentracks:accuracy_horizontal>3.997</opentracks:accuracy_horizontal></extensions>
</trkpt>
<trkpt lat="-32.239637" lon="115.787103">
<ele>-31.5</ele>
<time>2026-09-03T09:07:47.894+08:00</time>
<extensions>
<gpxtpx:TrackPointExtension>
<gpxtpx:speed>1.21</gpxtpx:speed>
</gpxtpx:TrackPointExtension>
<opentracks:accuracy_horizontal>4.012</opentracks:accuracy_horizontal></extensions>
</trkpt>
<trkpt lat="-32.239542" lon="115.787103">
<ele>-31</ele>
<time>2026-09-03T09:07:55.898+08:00</time>
<extensions>
<gpxtpx:TrackPointExtension>
<gpxtpx:speed>1.24</gpxtpx:speed>
</gpxtpx:TrackPointExtension>
<opentracks:accuracy_horizontal>3.799</opentracks:accuracy_horizontal></extensions>
</trkpt>
<trkpt lat="-32.239447" lon="115.787087">
<ele>-31.5</ele>
<time>2026-09-03T09:08:03.89+08:00</time>
<extensions>
<gpxtpx:TrackPointExtension>
<gpxtpx:speed>1.26</gpxtpx:speed>
</gpxtpx:TrackPointExtension>
<opentracks:accuracy_horizontal>3.69</opentracks:accuracy_horizontal></extensions>
</trkpt>
<trkpt lat="-32.239349" lon="115.787068">
<ele>-32</ele>
<time>2026-09-03T09:08:13.899+08:00</time>
<extensions>
<gpxtpx:TrackPointExtension>
<gpxtpx:speed>1.14</gpxtpx:speed>
</gpxtpx:TrackPointExtension>
<opentracks:accuracy_horizontal>3.398</opentracks:accuracy_horizontal></extensions>
</trkpt>
<trkpt lat="-32.23932" lon="115.787049">
<ele>-31.1</ele>
<time>2026-09-03T09:08:23.894+08:00</time>
<extensions>
<gpxtpx:TrackPointExtension>
<gpxtpx:speed>0.11</gpxtpx:speed>
</gpxtpx:TrackPointExtension>
<opentracks:accuracy_horizontal>4.779</opentracks:accuracy_horizontal></extensions>
</trkpt>
<trkpt lat="-32.239228" lon="115.787027">
<ele>-31.5</ele>
<time>2026-09-03T09:08:47.892+08:00</time>
<extensions>
<gpxtpx:TrackPointExtension>
<gpxtpx:speed>1.17</gpxtpx:speed>
</gpxtpx:TrackPointExtension>
<opentracks:accuracy_horizontal>4.534</opentracks:accuracy_horizontal></extensions>
</trkpt>
<trkpt lat="-32.239133" lon="115.787002">
<ele>-31.3</ele>
<time>2026-09-03T09:08:55.899+08:00</time>
<extensions>
<gpxtpx:TrackPointExtension>
<gpxtpx:speed>1.25</gpxtpx:speed>
</gpxtpx:TrackPointExtension>
<opentracks:accuracy_horizontal>3.857</opentracks:accuracy_horizontal></extensions>
</trkpt>
<trkpt lat="-32.239039" lon="115.786987">
<ele>-30.4</ele>
<time>2026-09-03T09:09:03.9+08:00</time>
<extensions>
<gpxtpx:TrackPointExtension>
<gpxtpx:speed>1.27</gpxtpx:speed>
</gpxtpx:TrackPointExtension>
<opentracks:accuracy_horizontal>3.37</opentracks:accuracy_horizontal></extensions>
</trkpt>
<trkpt lat="-32.238952" lon="115.786951">
<ele>-30.6</ele>
<time>2026-09-03T09:09:12.895+08:00</time>
<extensions>
<gpxtpx:TrackPointExtension>
<gpxtpx:speed>1.2</gpxtpx:speed>
</gpxtpx:TrackPointExtension>
<opentracks:accuracy_horizontal>3.268</opentracks:accuracy_horizontal></extensions>
</trkpt>
<trkpt lat="-32.238862" lon="115.786914">
<ele>-30.8</ele>
<time>2026-09-03T09:09:22.888+08:00</time>
<extensions>
<gpxtpx:TrackPointExtension>
<gpxtpx:speed>1.12</gpxtpx:speed>
</gpxtpx:TrackPointExtension>
<opentracks:accuracy_horizontal>3.447</opentracks:accuracy_horizontal></extensions>
</trkpt>
<trkpt lat="-32.238773" lon="115.786878">
<ele>-31.1</ele>
<time>2026-09-03T09:09:30.894+08:00</time>
<extensions>
<gpxtpx:TrackPointExtension>
<gpxtpx:speed>1.21</gpxtpx:speed>
</gpxtpx:TrackPointExtension>
<opentracks:accuracy_horizontal>3.307</opentracks:accuracy_horizontal></extensions>
</trkpt>
<trkpt lat="-32.238682" lon="115.78684">
<ele>-31.1</ele>
<time>2026-09-03T09:09:39.898+08:00</time>
<extensions>
<gpxtpx:TrackPointExtension>
<gpxtpx:speed>1.19</gpxtpx:speed>
</gpxtpx:TrackPointExtension>
<opentracks:accuracy_horizontal>3.348</opentracks:accuracy_horizontal></extensions>
</trkpt>
<trkpt lat="-32.238614" lon="115.786752">
<ele>-27.9</ele>
<time>2026-09-03T09:09:48.884+08:00</time>
<extensions>
<gpxtpx:TrackPointExtension>
<gpxtpx:speed>1.19</gpxtpx:speed>
</gpxtpx:TrackPointExtension>
<opentracks:accuracy_horizontal>2.476</opentracks:accuracy_horizontal></extensions>
</trkpt>
<trkpt lat="-32.238561" lon="115.786654">
<ele>-28</ele>
<time>2026-09-03T09:09:57.894+08:00</time>
<extensions>
<gpxtpx:TrackPointExtension>
<gpxtpx:speed>1.2</gpxtpx:speed>
</gpxtpx:TrackPointExtension>
<opentracks:accuracy_horizontal>2.421</opentracks:accuracy_horizontal></extensions>
</trkpt>
<trkpt lat="-32.23851" lon="115.786555">
<ele>-27.6</ele>
<time>2026-09-03T09:10:06.897+08:00</time>
<extensions>
<gpxtpx:TrackPointExtension>
<gpxtpx:speed>1.2</gpxtpx:speed>
</gpxtpx:TrackPointExtension>
<opentracks:accuracy_horizontal>2.436</opentracks:accuracy_horizontal></extensions>
</trkpt>
<trkpt lat="-32.238454" lon="115.786457">
<ele>-25.7</ele>
<time>2026-09-03T09:10:16.907+08:00</time>
<extensions>
<gpxtpx:TrackPointExtension>
<gpxtpx:speed>1.18</gpxtpx:speed>
</gpxtpx:TrackPointExtension>
<opentracks:accuracy_horizontal>2.019</opentracks:accuracy_horizontal></extensions>
</trkpt>
<trkpt lat="-32.238403" lon="115.786362">
<ele>-26.4</ele>
<time>2026-09-03T09:10:24.91+08:00</time>
<extensions>
<gpxtpx:TrackPointExtension>
<gpxtpx:speed>1.25</gpxtpx:speed>
</gpxtpx:TrackPointExtension>
<opentracks:accuracy_horizontal>2.441</opentracks:accuracy_horizontal></extensions>
</trkpt>
<trkpt lat="-32.238348" lon="115.786277">
<ele>-25.8</ele>
<time>2026-09-03T09:10:33.899+08:00</time>
<extensions>
<gpxtpx:TrackPointExtension>
<gpxtpx:speed>1.17</gpxtpx:speed>
</gpxtpx:TrackPointExtension>
<opentracks:accuracy_horizontal>2.511</opentracks:accuracy_horizontal></extensions>
</trkpt>
<trkpt lat="-32.238282" lon="115.786202">
<ele>-25.2</ele>
<time>2026-09-03T09:10:42.908+08:00</time>
<extensions>
<gpxtpx:TrackPointExtension>
<gpxtpx:speed>1.15</gpxtpx:speed>
</gpxtpx:TrackPointExtension>
<opentracks:accuracy_horizontal>2.379</opentracks:accuracy_horizontal></extensions>
</trkpt>
<trkpt lat="-32.238199" lon="115.78616">
<ele>-26.3</ele>
<time>2026-09-03T09:10:52.915+08:00</time>
<extensions>
<gpxtpx:TrackPointExtension>
<gpxtpx:speed>1.07</gpxtpx:speed>
</gpxtpx:TrackPointExtension>
<opentracks:accuracy_horizontal>2.427</opentracks:accuracy_horizontal></extensions>
</trkpt>
<trkpt lat="-32.238107" lon="115.78614">
<ele>-25.6</ele>
<time>2026-09-03T09:11:00.905+08:00</time>
<extensions>
<gpxtpx:TrackPointExtension>
<gpxtpx:speed>1.15</gpxtpx:speed>
</gpxtpx:TrackPointExtension>
<opentracks:accuracy_horizontal>2.468</opentracks:accuracy_horizontal></extensions>
</trkpt>
<trkpt lat="-32.238002" lon="115.786142">
<ele>-26</ele>
<time>2026-09-03T09:11:10.904+08:00</time>
<extensions>
<gpxtpx:TrackPointExtension>
<gpxtpx:speed>1.19</gpxtpx:speed>
</gpxtpx:TrackPointExtension>
<opentracks:accuracy_horizontal>2.503</opentracks:accuracy_horizontal></extensions>
</trkpt>
<trkpt lat="-32.237919" lon="115.786188">
<ele>-25.5</ele>
<time>2026-09-03T09:11:19.878+08:00</time>
<extensions>
<gpxtpx:TrackPointExtension>
<gpxtpx:speed>1.16</gpxtpx:speed>
</gpxtpx:TrackPointExtension>
<opentracks:accuracy_horizontal>2.415</opentracks:accuracy_horizontal></extensions>
</trkpt>
<trkpt lat="-32.237836" lon="115.78619">
<ele>-26.1</ele>
<time>2026-09-03T09:11:28.916+08:00</time>
<extensions>
<gpxtpx:TrackPointExtension>
<gpxtpx:speed>1.1</gpxtpx:speed>
</gpxtpx:TrackPointExtension>
<opentracks:accuracy_horizontal>2.451</opentracks:accuracy_horizontal></extensions>
</trkpt>
<trkpt lat="-32.237742" lon="115.786184">
<ele>-27.4</ele>
<time>2026-09-03T09:11:37.916+08:00</time>
<extensions>
<gpxtpx:TrackPointExtension>
<gpxtpx:speed>1.13</gpxtpx:speed>
</gpxtpx:TrackPointExtension>
<opentracks:accuracy_horizontal>2.543</opentracks:accuracy_horizontal></extensions>
</trkpt>
<trkpt lat="-32.237643" lon="115.786175">
<ele>-27</ele>
<time>2026-09-03T09:11:46.908+08:00</time>
<extensions>
<gpxtpx:TrackPointExtension>
<gpxtpx:speed>1.17</gpxtpx:speed>
</gpxtpx:TrackPointExtension>
<opentracks:accuracy_horizontal>2.539</opentracks:accuracy_horizontal></extensions>
</trkpt>
<trkpt lat="-32.23755" lon="115.786182">
<ele>-27.4</ele>
<time>2026-09-03T09:11:54.902+08:00</time>
<extensions>
<gpxtpx:TrackPointExtension>
<gpxtpx:speed>1.2</gpxtpx:speed>
</gpxtpx:TrackPointExtension>
<opentracks:accuracy_horizontal>2.517</opentracks:accuracy_horizontal></extensions>
</trkpt>
<trkpt lat="-32.237455" lon="115.786189">
<ele>-28.3</ele>
<time>2026-09-03T09:12:03.906+08:00</time>
<extensions>
<gpxtpx:TrackPointExtension>
<gpxtpx:speed>1.15</gpxtpx:speed>
</gpxtpx:TrackPointExtension>
<opentracks:accuracy_horizontal>2.918</opentracks:accuracy_horizontal></extensions>
</trkpt>
<trkpt lat="-32.237362" lon="115.786201">
<ele>-28.2</ele>
<time>2026-09-03T09:12:11.881+08:00</time>
<extensions>
<gpxtpx:TrackPointExtension>
<gpxtpx:speed>1.19</gpxtpx:speed>
</gpxtpx:TrackPointExtension>
<opentracks:accuracy_horizontal>2.56</opentracks:accuracy_horizontal></extensions>
</trkpt>
<trkpt lat="-32.237272" lon="115.786224">
<ele>-29.2</ele>
<time>2026-09-03T09:12:20.918+08:00</time>
<extensions>
<gpxtpx:TrackPointExtension>
<gpxtpx:speed>1.14</gpxtpx:speed>
</gpxtpx:TrackPointExtension>
<opentracks:accuracy_horizontal>2.655</opentracks:accuracy_horizontal></extensions>
</trkpt>
<trkpt lat="-32.237173" lon="115.786252">
<ele>-28.6</ele>
<time>2026-09-03T09:12:29.899+08:00</time>
<extensions>
<gpxtpx:TrackPointExtension>
<gpxtpx:speed>1.2</gpxtpx:speed>
</gpxtpx:TrackPointExtension>
<opentracks:accuracy_horizontal>2.367</opentracks:accuracy_horizontal></extensions>
</trkpt>
<trkpt lat="-32.237083" lon="115.786286">
<ele>-28.6</ele>
<time>2026-09-03T09:12:38.899+08:00</time>
<extensions>
<gpxtpx:TrackPointExtension>
<gpxtpx:speed>1.18</gpxtpx:speed>
</gpxtpx:TrackPointExtension>
<opentracks:accuracy_horizontal>2.387</opentracks:accuracy_horizontal></extensions>
</trkpt>
<trkpt lat="-32.237004" lon="115.786342">
<ele>-28.8</ele>
<time>2026-09-03T09:12:47.896+08:00</time>
<extensions>
<gpxtpx:TrackPointExtension>
<gpxtpx:speed>1.17</gpxtpx:speed>
</gpxtpx:TrackPointExtension>
<opentracks:accuracy_horizontal>2.515</opentracks:accuracy_horizontal></extensions>
</trkpt>
<trkpt lat="-32.23692" lon="115.786401">
<ele>-29</ele>
<time>2026-09-03T09:12:56.9+08:00</time>
<extensions>
<gpxtpx:TrackPointExtension>
<gpxtpx:speed>1.2</gpxtpx:speed>
</gpxtpx:TrackPointExtension>
<opentracks:accuracy_horizontal>2.471</opentracks:accuracy_horizontal></extensions>
</trkpt>
<trkpt lat="-32.236834" lon="115.786456">
<ele>-28.7</ele>
<time>2026-09-03T09:13:05.879+08:00</time>
<extensions>
<gpxtpx:TrackPointExtension>
<gpxtpx:speed>1.18</gpxtpx:speed>
</gpxtpx:TrackPointExtension>
<opentracks:accuracy_horizontal>2.447</opentracks:accuracy_horizontal></extensions>
</trkpt>
<trkpt lat="-32.236751" lon="115.786502">
<ele>-28.6</ele>
<time>2026-09-03T09:13:14.898+08:00</time>
<extensions>
<gpxtpx:TrackPointExtension>
<gpxtpx:speed>1.18</gpxtpx:speed>
</gpxtpx:TrackPointExtension>
<opentracks:accuracy_horizontal>2.326</opentracks:accuracy_horizontal></extensions>
</trkpt>
<trkpt lat="-32.236675" lon="115.786561">
<ele>-28.6</ele>
<time>2026-09-03T09:13:22.901+08:00</time>
<extensions>
<gpxtpx:TrackPointExtension>
<gpxtpx:speed>1.23</gpxtpx:speed>
</gpxtpx:TrackPointExtension>
<opentracks:accuracy_horizontal>2.497</opentracks:accuracy_horizontal></extensions>
</trkpt>
<trkpt lat="-32.236588" lon="115.786604">
<ele>-29.3</ele>
<time>2026-09-03T09:13:31.901+08:00</time>
<extensions>
<gpxtpx:TrackPointExtension>
<gpxtpx:speed>1.19</gpxtpx:speed>
</gpxtpx:TrackPointExtension>
<opentracks:accuracy_horizontal>2.46</opentracks:accuracy_horizontal></extensions>
</trkpt>
<trkpt lat="-32.236497" lon="115.786626">
<ele>-29.4</ele>
<time>2026-09-03T09:13:40.906+08:00</time>
<extensions>
<gpxtpx:TrackPointExtension>
<gpxtpx:speed>1.13</gpxtpx:speed>
</gpxtpx:TrackPointExtension>
<opentracks:accuracy_horizontal>2.599</opentracks:accuracy_horizontal></extensions>
</trkpt>
<trkpt lat="-32.236409" lon="115.786675">
<ele>-28.5</ele>
<time>2026-09-03T09:13:49.899+08:00</time>
<extensions>
<gpxtpx:TrackPointExtension>
<gpxtpx:speed>1.15</gpxtpx:speed>
</gpxtpx:TrackPointExtension>
<opentracks:accuracy_horizontal>2.558</opentracks:accuracy_horizontal></extensions>
</trkpt>
<trkpt lat="-32.236316" lon="115.786671">
<ele>-28.5</ele>
<time>2026-09-03T09:13:57.903+08:00</time>
<extensions>
<gpxtpx:TrackPointExtension>
<gpxtpx:speed>1.25</gpxtpx:speed>
</gpxtpx:TrackPointExtension>
<opentracks:accuracy_horizontal>2.421</opentracks:accuracy_horizontal></extensions>
</trkpt>
<trkpt lat="-32.236227" lon="115.786652">
<ele>-28</ele>
<time>2026-09-03T09:14:06.9+08:00</time>
<extensions>
<gpxtpx:TrackPointExtension>
<gpxtpx:speed>1.15</gpxtpx:speed>
</gpxtpx:TrackPointExtension>
<opentracks:accuracy_horizontal>2.347</opentracks:accuracy_horizontal></extensions>
</trkpt>
<trkpt lat="-32.236127" lon="115.786645">
<ele>-28.3</ele>
<time>2026-09-03T09:14:15.901+08:00</time>
<extensions>
<gpxtpx:TrackPointExtension>
<gpxtpx:speed>1.19</gpxtpx:speed>
</gpxtpx:TrackPointExtension>
<opentracks:accuracy_horizontal>2.439</opentracks:accuracy_horizontal></extensions>
</trkpt>
<trkpt lat="-32.236032" lon="115.78664">
<ele>-28.7</ele>
<time>2026-09-03T09:14:24.906+08:00</time>
<extensions>
<gpxtpx:TrackPointExtension>
<gpxtpx:speed>1.18</gpxtpx:speed>
</gpxtpx:TrackPointExtension>
<opentracks:accuracy_horizontal>2.496</opentracks:accuracy_horizontal></extensions>
</trkpt>
<trkpt lat="-32.235941" lon="115.786632">
<ele>-28.5</ele>
<time>2026-09-03T09:14:32.91+08:00</time>
<extensions>
<gpxtpx:TrackPointExtension>
<gpxtpx:speed>1.22</gpxtpx:speed>
</gpxtpx:TrackPointExtension>
<opentracks:accuracy_horizontal>2.499</opentracks:accuracy_horizontal></extensions>
</trkpt>
<trkpt lat="-32.235849" lon="115.786605">
<ele>-27.8</ele>
<time>2026-09-03T09:14:41.909+08:00</time>
<extensions>
<gpxtpx:TrackPointExtension>
<gpxtpx:speed>1.2</gpxtpx:speed>
</gpxtpx:TrackPointExtension>
<opentracks:accuracy_horizontal>2.35</opentracks:accuracy_horizontal></extensions>
</trkpt>
<trkpt lat="-32.235763" lon="115.786553">
<ele>-27.5</ele>
<time>2026-09-03T09:14:51.907+08:00</time>
<extensions>
<gpxtpx:TrackPointExtension>
<gpxtpx:speed>1.11</gpxtpx:speed>
</gpxtpx:TrackPointExtension>
<opentracks:accuracy_horizontal>2.386</opentracks:accuracy_horizontal></extensions>
</trkpt>
<trkpt lat="-32.235668" lon="115.786546">
<ele>-28.1</ele>
<time>2026-09-03T09:15:00.908+08:00</time>
<extensions>
<gpxtpx:TrackPointExtension>
<gpxtpx:speed>1.11</gpxtpx:speed>
</gpxtpx:TrackPointExtension>
<opentracks:accuracy_horizontal>2.359</opentracks:accuracy_horizontal></extensions>
</trkpt>
<trkpt lat="-32.235574" lon="115.786547">
<ele>-27.4</ele>
<time>2026-09-03T09:15:08.919+08:00</time>
<extensions>
<gpxtpx:TrackPointExtension>
<gpxtpx:speed>1.19</gpxtpx:speed>
</gpxtpx:TrackPointExtension>
<opentracks:accuracy_horizontal>2.426</opentracks:accuracy_horizontal></extensions>
</trkpt>
<trkpt lat="-32.235483" lon="115.786538">
<ele>-26.7</ele>
<time>2026-09-03T09:15:17.904+08:00</time>
<extensions>
<gpxtpx:TrackPointExtension>
<gpxtpx:speed>1.14</gpxtpx:speed>
</gpxtpx:TrackPointExtension>
<opentracks:accuracy_horizontal>2.448</opentracks:accuracy_horizontal></extensions>
</trkpt>
<trkpt lat="-32.235389" lon="115.786521">
<ele>-25.9</ele>
<time>2026-09-03T09:15:25.877+08:00</time>
<extensions>
<gpxtpx:TrackPointExtension>
<gpxtpx:speed>1.23</gpxtpx:speed>
</gpxtpx:TrackPointExtension>
<opentracks:accuracy_horizontal>2.109</opentracks:accuracy_horizontal></extensions>
</trkpt>
<trkpt lat="-32.235303" lon="115.78652">
<ele>-26.8</ele>
<time>2026-09-03T09:15:34.899+08:00</time>
<extensions>
<gpxtpx:TrackPointExtension>
<gpxtpx:speed>1.12</gpxtpx:speed>
</gpxtpx:TrackPointExtension>
<opentracks:accuracy_horizontal>2.012</opentracks:accuracy_horizontal></extensions>
</trkpt>
<trkpt lat="-32.235206" lon="115.786528">
<ele>-26.8</ele>
<time>2026-09-03T09:15:47.899+08:00</time>
<extensions>
<gpxtpx:TrackPointExtension>
<gpxtpx:speed>0.99</gpxtpx:speed>
</gpxtpx:TrackPointExtension>
<opentracks:accuracy_horizontal>2.515</opentracks:accuracy_horizontal></extensions>
</trkpt>
<trkpt lat="-32.235153" lon="115.786506">
<ele>-27</ele>
<time>2026-09-03T09:15:57.907+08:00</time>
<extensions>
<gpxtpx:TrackPointExtension>
<gpxtpx:speed>0.83</gpxtpx:speed>
</gpxtpx:TrackPointExtension>
<opentracks:accuracy_horizontal>1.851</opentracks:accuracy_horizontal></extensions>
</trkpt>
<trkpt lat="-32.23506" lon="115.78651">
<ele>-27.6</ele>
<time>2026-09-03T09:16:07.91+08:00</time>
<extensions>
<gpxtpx:TrackPointExtension>
<gpxtpx:speed>1.01</gpxtpx:speed>
</gpxtpx:TrackPointExtension>
<opentracks:accuracy_horizontal>2.46</opentracks:accuracy_horizontal></extensions>
</trkpt>
<trkpt lat="-32.234966" lon="115.786514">
<ele>-28.1</ele>
<time>2026-09-03T09:16:15.926+08:00</time>
<extensions>
<gpxtpx:TrackPointExtension>
<gpxtpx:speed>1.16</gpxtpx:speed>
</gpxtpx:TrackPointExtension>
<opentracks:accuracy_horizontal>2.485</opentracks:accuracy_horizontal></extensions>
</trkpt>
<trkpt lat="-32.234897" lon="115.786516">
<ele>-27.1</ele>
<time>2026-09-03T09:16:25.906+08:00</time>
<extensions>
<gpxtpx:TrackPointExtension>
<gpxtpx:speed>0.91</gpxtpx:speed>
</gpxtpx:TrackPointExtension>
<opentracks:accuracy_horizontal>2.495</opentracks:accuracy_horizontal></extensions>
</trkpt>
<trkpt lat="-32.234807" lon="115.78648">
<ele>-26.3</ele>
<time>2026-09-03T09:16:38.902+08:00</time>
<extensions>
<gpxtpx:TrackPointExtension>
<gpxtpx:speed>1.04</gpxtpx:speed>
</gpxtpx:TrackPointExtension>
<opentracks:accuracy_horizontal>2.44</opentracks:accuracy_horizontal></extensions>
</trkpt>
<trkpt lat="-32.234716" lon="115.786457">
<ele>-26.4</ele>
<time>2026-09-03T09:16:47.89+08:00</time>
<extensions>
<gpxtpx:TrackPointExtension>
<gpxtpx:speed>1.15</gpxtpx:speed>
</gpxtpx:TrackPointExtension>
<opentracks:accuracy_horizontal>2.559</opentracks:accuracy_horizontal></extensions>
</trkpt>
<trkpt lat="-32.234618" lon="115.786459">
<ele>-26.3</ele>
<time>2026-09-03T09:16:56.903+08:00</time>
<extensions>
<gpxtpx:TrackPointExtension>
<gpxtpx:speed>1.17</gpxtpx:speed>
</gpxtpx:TrackPointExtension>
<opentracks:accuracy_horizontal>2.052</opentracks:accuracy_horizontal></extensions>
</trkpt>
<trkpt lat="-32.234521" lon="115.786468">
<ele>-26.5</ele>
<time>2026-09-03T09:17:05.904+08:00</time>
<extensions>
<gpxtpx:TrackPointExtension>
<gpxtpx:speed>1.2</gpxtpx:speed>
</gpxtpx:TrackPointExtension>
<opentracks:accuracy_horizontal>2.477</opentracks:accuracy_horizontal></extensions>
</trkpt>
<trkpt lat="-32.234435" lon="115.786478">
<ele>-26.3</ele>
<time>2026-09-03T09:17:15.917+08:00</time>
<extensions>
<gpxtpx:TrackPointExtension>
<gpxtpx:speed>1.05</gpxtpx:speed>
</gpxtpx:TrackPointExtension>
<opentracks:accuracy_horizontal>2.505</opentracks:accuracy_horizontal></extensions>
</trkpt>
<trkpt lat="-32.234344" lon="115.786452">
<ele>-25</ele>
<time>2026-09-03T09:17:24.904+08:00</time>
<extensions>
<gpxtpx:TrackPointExtension>
<gpxtpx:speed>1.11</gpxtpx:speed>
</gpxtpx:TrackPointExtension>
<opentracks:accuracy_horizontal>2.501</opentracks:accuracy_horizontal></extensions>
</trkpt>
<trkpt lat="-32.234252" lon="115.786433">
<ele>-25.8</ele>
<time>2026-09-03T09:17:33.908+08:00</time>
<extensions>
<gpxtpx:TrackPointExtension>
<gpxtpx:speed>1.14</gpxtpx:speed>
</gpxtpx:TrackPointExtension>
<opentracks:accuracy_horizontal>2.446</opentracks:accuracy_horizontal></extensions>
</trkpt>
<trkpt lat="-32.23416" lon="115.786441">
<ele>-27.2</ele>
<time>2026-09-03T09:17:42.922+08:00</time>
<extensions>
<gpxtpx:TrackPointExtension>
<gpxtpx:speed>1.13</gpxtpx:speed>
</gpxtpx:TrackPointExtension>
<opentracks:accuracy_horizontal>2.376</opentracks:accuracy_horizontal></extensions>
</trkpt>
<trkpt lat="-32.234063" lon="115.786446">
<ele>-26.8</ele>
<time>2026-09-03T09:17:51.91+08:00</time>
<extensions>
<gpxtpx:TrackPointExtension>
<gpxtpx:speed>1.17</gpxtpx:speed>
</gpxtpx:TrackPointExtension>
<opentracks:accuracy_horizontal>2.502</opentracks:accuracy_horizontal></extensions>
</trkpt>
<trkpt lat="-32.233962" lon="115.786463">
<ele>-27.1</ele>
<time>2026-09-03T09:18:00.911+08:00</time>
<extensions>
<gpxtpx:TrackPointExtension>
<gpxtpx:speed>1.19</gpxtpx:speed>
</gpxtpx:TrackPointExtension>
<opentracks:accuracy_horizontal>2.689</opentracks:accuracy_horizontal></extensions>
</trkpt>
<trkpt lat="-32.233872" lon="115.786448">
<ele>-27.8</ele>
<time>2026-09-03T09:18:08.902+08:00</time>
<extensions>
<gpxtpx:TrackPointExtension>
<gpxtpx:speed>1.22</gpxtpx:speed>
</gpxtpx:TrackPointExtension>
<opentracks:accuracy_horizontal>2.414</opentracks:accuracy_horizontal></extensions>
</trkpt>
<trkpt lat="-32.233772" lon="115.786434">
<ele>-27.7</ele>
<time>2026-09-03T09:18:17.906+08:00</time>
<extensions>
<gpxtpx:TrackPointExtension>
<gpxtpx:speed>1.21</gpxtpx:speed>
</gpxtpx:TrackPointExtension>
<opentracks:accuracy_horizontal>2.61</opentracks:accuracy_horizontal></extensions>
</trkpt>
<trkpt lat="-32.233682" lon="115.78642">
<ele>-27.7</ele>
<time>2026-09-03T09:18:25.909+08:00</time>
<extensions>
<gpxtpx:TrackPointExtension>
<gpxtpx:speed>1.2</gpxtpx:speed>
</gpxtpx:TrackPointExtension>
<opentracks:accuracy_horizontal>2.869</opentracks:accuracy_horizontal></extensions>
</trkpt>
<trkpt lat="-32.233587" lon="115.7864">
<ele>-27.3</ele>
<time>2026-09-03T09:18:34.926+08:00</time>
<extensions>
<gpxtpx:TrackPointExtension>
<gpxtpx:speed>1.19</gpxtpx:speed>
</gpxtpx:TrackPointExtension>
<opentracks:accuracy_horizontal>2.51</opentracks:accuracy_horizontal></extensions>
</trkpt>
<trkpt lat="-32.233496" lon="115.786372">
<ele>-26.9</ele>
<time>2026-09-03T09:18:44.906+08:00</time>
<extensions>
<gpxtpx:TrackPointExtension>
<gpxtpx:speed>1.09</gpxtpx:speed>
</gpxtpx:TrackPointExtension>
<opentracks:accuracy_horizontal>2.454</opentracks:accuracy_horizontal></extensions>
</trkpt>
<trkpt lat="-32.2334" lon="115.786349">
<ele>-25.7</ele>
<time>2026-09-03T09:18:52.9+08:00</time>
<extensions>
<gpxtpx:TrackPointExtension>
<gpxtpx:speed>1.21</gpxtpx:speed>
</gpxtpx:TrackPointExtension>
<opentracks:accuracy_horizontal>2.523</opentracks:accuracy_horizontal></extensions>
</trkpt>
<trkpt lat="-32.233304" lon="115.78635">
<ele>-25.2</ele>
<time>2026-09-03T09:19:01.916+08:00</time>
<extensions>
<gpxtpx:TrackPointExtension>
<gpxtpx:speed>1.2</gpxtpx:speed>
</gpxtpx:TrackPointExtension>
<opentracks:accuracy_horizontal>2.393</opentracks:accuracy_horizontal></extensions>
</trkpt>
<trkpt lat="-32.233209" lon="115.78636">
<ele>-24.7</ele>
<time>2026-09-03T09:19:09.924+08:00</time>
<extensions>
<gpxtpx:TrackPointExtension>
<gpxtpx:speed>1.25</gpxtpx:speed>
</gpxtpx:TrackPointExtension>
<opentracks:accuracy_horizontal>2.505</opentracks:accuracy_horizontal></extensions>
</trkpt>
<trkpt lat="-32.233115" lon="115.786371">
<ele>-23.9</ele>
<time>2026-09-03T09:19:18.895+08:00</time>
<extensions>
<gpxtpx:TrackPointExtension>
<gpxtpx:speed>1.21</gpxtpx:speed>
</gpxtpx:TrackPointExtension>
<opentracks:accuracy_horizontal>2.609</opentracks:accuracy_horizontal></extensions>
</trkpt>
<trkpt lat="-32.233011" lon="115.786378">
<ele>-23.4</ele>
<time>2026-09-03T09:19:27.879+08:00</time>
<extensions>
<gpxtpx:TrackPointExtension>
<gpxtpx:speed>1.28</gpxtpx:speed>
</gpxtpx:TrackPointExtension>
<opentracks:accuracy_horizontal>2.279</opentracks:accuracy_horizontal></extensions>
</trkpt>
<trkpt lat="-32.232922" lon="115.786343">
<ele>-23.2</ele>
<time>2026-09-03T09:19:35.876+08:00</time>
<extensions>
<gpxtpx:TrackPointExtension>
<gpxtpx:speed>1.31</gpxtpx:speed>
</gpxtpx:TrackPointExtension>
<opentracks:accuracy_horizontal>2.457</opentracks:accuracy_horizontal></extensions>
</trkpt>
<trkpt lat="-32.232828" lon="115.786323">
<ele>-23</ele>
<time>2026-09-03T09:19:44.877+08:00</time>
<extensions>
<gpxtpx:TrackPointExtension>
<gpxtpx:speed>1.24</gpxtpx:speed>
</gpxtpx:TrackPointExtension>
<opentracks:accuracy_horizontal>2.068</opentracks:accuracy_horizontal></extensions>
</trkpt>
<trkpt lat="-32.232736" lon="115.786298">
<ele>-23.5</ele>
<time>2026-09-03T09:19:53.881+08:00</time>
<extensions>
<gpxtpx:TrackPointExtension>
<gpxtpx:speed>1.2</gpxtpx:speed>
</gpxtpx:TrackPointExtension>
<opentracks:accuracy_horizontal>2.347</opentracks:accuracy_horizontal></extensions>
</trkpt>
<trkpt lat="-32.232644" lon="115.78631">
<ele>-23.7</ele>
<time>2026-09-03T09:20:02.908+08:00</time>
<extensions>
<gpxtpx:TrackPointExtension>
<gpxtpx:speed>1.18</gpxtpx:speed>
</gpxtpx:TrackPointExtension>
<opentracks:accuracy_horizontal>1.084</opentracks:accuracy_horizontal></extensions>
</trkpt>
<trkpt lat="-32.232546" lon="115.786303">
<ele>-24.3</ele>
<time>2026-09-03T09:20:12.915+08:00</time>
<extensions>
<gpxtpx:TrackPointExtension>
<gpxtpx:speed>1.13</gpxtpx:speed>
</gpxtpx:TrackPointExtension>
<opentracks:accuracy_horizontal>1.707</opentracks:accuracy_horizontal></extensions>
</trkpt>
<trkpt lat="-32.232453" lon="115.786292">
<ele>-24.6</ele>
<time>2026-09-03T09:20:21.903+08:00</time>
<extensions>
<gpxtpx:TrackPointExtension>
<gpxtpx:speed>1.14</gpxtpx:speed>
</gpxtpx:TrackPointExtension>
<opentracks:accuracy_horizontal>1.052</opentracks:accuracy_horizontal></extensions>
</trkpt>
<trkpt lat="-32.232357" lon="115.786282">
<ele>-25.5</ele>
<time>2026-09-03T09:20:30.922+08:00</time>
<extensions>
<gpxtpx:TrackPointExtension>
<gpxtpx:speed>1.17</gpxtpx:speed>
</gpxtpx:TrackPointExtension>
<opentracks:accuracy_horizontal>0.905</opentracks:accuracy_horizontal></extensions>
</trkpt>
<trkpt lat="-32.232264" lon="115.78628">
<ele>-25.5</ele>
<time>2026-09-03T09:20:39.886+08:00</time>
<extensions>
<gpxtpx:TrackPointExtension>
<gpxtpx:speed>1.16</gpxtpx:speed>
</gpxtpx:TrackPointExtension>
<opentracks:accuracy_horizontal>2.006</opentracks:accuracy_horizontal></extensions>
</trkpt>
<trkpt lat="-32.232173" lon="115.786295">
<ele>-26.1</ele>
<time>2026-09-03T09:20:47.886+08:00</time>
<extensions>
<gpxtpx:TrackPointExtension>
<gpxtpx:speed>1.2</gpxtpx:speed>
</gpxtpx:TrackPointExtension>
<opentracks:accuracy_horizontal>1.349</opentracks:accuracy_horizontal></extensions>
</trkpt>
<trkpt lat="-32.232076" lon="115.786312">
<ele>-26.2</ele>
<time>2026-09-03T09:20:56.91+08:00</time>
<extensions>
<gpxtpx:TrackPointExtension>
<gpxtpx:speed>1.2</gpxtpx:speed>
</gpxtpx:TrackPointExtension>
<opentracks:accuracy_horizontal>2.001</opentracks:accuracy_horizontal></extensions>
</trkpt>
<trkpt lat="-32.231983" lon="115.786307">
<ele>-26.2</ele>
<time>2026-09-03T09:21:05.891+08:00</time>
<extensions>
<gpxtpx:TrackPointExtension>
<gpxtpx:speed>1.17</gpxtpx:speed>
</gpxtpx:TrackPointExtension>
<opentracks:accuracy_horizontal>2.12</opentracks:accuracy_horizontal></extensions>
</trkpt>
<trkpt lat="-32.231887" lon="115.786307">
<ele>-25.2</ele>
<time>2026-09-03T09:21:14.919+08:00</time>
<extensions>
<gpxtpx:TrackPointExtension>
<gpxtpx:speed>1.18</gpxtpx:speed>
</gpxtpx:TrackPointExtension>
<opentracks:accuracy_horizontal>1.316</opentracks:accuracy_horizontal></extensions>
</trkpt>
<trkpt lat="-32.231792" lon="115.786284">
<ele>-25.1</ele>
<time>2026-09-03T09:21:23.92+08:00</time>
<extensions>
<gpxtpx:TrackPointExtension>
<gpxtpx:speed>1.2</gpxtpx:speed>
</gpxtpx:TrackPointExtension>
<opentracks:accuracy_horizontal>2.069</opentracks:accuracy_horizontal></extensions>
</trkpt>
<trkpt lat="-32.231699" lon="115.786284">
<ele>-24</ele>
<time>2026-09-03T09:21:31.91+08:00</time>
<extensions>
<gpxtpx:TrackPointExtension>
<gpxtpx:speed>1.25</gpxtpx:speed>
</gpxtpx:TrackPointExtension>
<opentracks:accuracy_horizontal>1.689</opentracks:accuracy_horizontal></extensions>
</trkpt>
<trkpt lat="-32.231608" lon="115.786258">
<ele>-24.7</ele>
<time>2026-09-03T09:21:40.869+08:00</time>
<extensions>
<gpxtpx:TrackPointExtension>
<gpxtpx:speed>1.2</gpxtpx:speed>
</gpxtpx:TrackPointExtension>
<opentracks:accuracy_horizontal>1.58</opentracks:accuracy_horizontal></extensions>
</trkpt>
<trkpt lat="-32.231521" lon="115.786241">
<ele>-25.9</ele>
<time>2026-09-03T09:21:49.892+08:00</time>
<extensions>
<gpxtpx:TrackPointExtension>
<gpxtpx:speed>1.14</gpxtpx:speed>
</gpxtpx:TrackPointExtension>
<opentracks:accuracy_horizontal>2.426</opentracks:accuracy_horizontal></extensions>
</trkpt>
<trkpt lat="-32.231425" lon="115.786246">
<ele>-26.2</ele>
<time>2026-09-03T09:21:59.908+08:00</time>
<extensions>
<gpxtpx:TrackPointExtension>
<gpxtpx:speed>1.1</gpxtpx:speed>
</gpxtpx:TrackPointExtension>
<opentracks:accuracy_horizontal>2.842</opentracks:accuracy_horizontal></extensions>
</trkpt>
<trkpt lat="-32.231335" lon="115.786297">
<ele>-24.1</ele>
<time>2026-09-03T09:22:07.924+08:00</time>
<extensions>
<gpxtpx:TrackPointExtension>
<gpxtpx:speed>1.21</gpxtpx:speed>
</gpxtpx:TrackPointExtension>
<opentracks:accuracy_horizontal>2.547</opentracks:accuracy_horizontal></extensions>
</trkpt>
<trkpt lat="-32.231252" lon="115.786347">
<ele>-24.7</ele>
<time>2026-09-03T09:22:15.918+08:00</time>
<extensions>
<gpxtpx:TrackPointExtension>
<gpxtpx:speed>1.24</gpxtpx:speed>
</gpxtpx:TrackPointExtension>
<opentracks:accuracy_horizontal>2.706</opentracks:accuracy_horizontal></extensions>
</trkpt>
<trkpt lat="-32.231158" lon="115.786355">
<ele>-25.1</ele>
<time>2026-09-03T09:22:23.908+08:00</time>
<extensions>
<gpxtpx:TrackPointExtension>
<gpxtpx:speed>1.25</gpxtpx:speed>
</gpxtpx:TrackPointExtension>
<opentracks:accuracy_horizontal>2.568</opentracks:accuracy_horizontal></extensions>
</trkpt>
<trkpt lat="-32.231067" lon="115.786358">
<ele>-24.5</ele>
<time>2026-09-03T09:22:32.902+08:00</time>
<extensions>
<gpxtpx:TrackPointExtension>
<gpxtpx:speed>1.14</gpxtpx:speed>
</gpxtpx:TrackPointExtension>
<opentracks:accuracy_horizontal>2.557</opentracks:accuracy_horizontal></extensions>
</trkpt>
<trkpt lat="-32.230978" lon="115.786363">
<ele>-23.9</ele>
<time>2026-09-03T09:22:42.914+08:00</time>
<extensions>
<gpxtpx:TrackPointExtension>
<gpxtpx:speed>0.19</gpxtpx:speed>
</gpxtpx:TrackPointExtension>
<opentracks:accuracy_horizontal>2.673</opentracks:accuracy_horizontal></extensions>
</trkpt>
<trkpt lat="-32.230893" lon="115.786419">
<ele>-26.3</ele>
<time>2026-09-03T09:23:35.919+08:00</time>
<extensions>
<gpxtpx:TrackPointExtension>
<gpxtpx:speed>1.16</gpxtpx:speed>
</gpxtpx:TrackPointExtension>
<opentracks:accuracy_horizontal>2.676</opentracks:accuracy_horizontal></extensions>
</trkpt>
<trkpt lat="-32.230804" lon="115.786457">
<ele>-26.5</ele>
<time>2026-09-03T09:23:43.893+08:00</time>
<extensions>
<gpxtpx:TrackPointExtension>
<gpxtpx:speed>1.28</gpxtpx:speed>
</gpxtpx:TrackPointExtension>
<opentracks:accuracy_horizontal>2.778</opentracks:accuracy_horizontal></extensions>
</trkpt>
<trkpt lat="-32.230715" lon="115.78648">
<ele>-26.2</ele>
<time>2026-09-03T09:23:51.894+08:00</time>
<extensions>
<gpxtpx:TrackPointExtension>
<gpxtpx:speed>1.25</gpxtpx:speed>
</gpxtpx:TrackPointExtension>
<opentracks:accuracy_horizontal>3.036</opentracks:accuracy_horizontal></extensions>
</trkpt>
<trkpt lat="-32.230623" lon="115.786499">
<ele>-25.9</ele>
<time>2026-09-03T09:24:00.878+08:00</time>
<extensions>
<gpxtpx:TrackPointExtension>
<gpxtpx:speed>1.22</gpxtpx:speed>
</gpxtpx:TrackPointExtension>
<opentracks:accuracy_horizontal>2.447</opentracks:accuracy_horizontal></extensions>
</trkpt>
<trkpt lat="-32.230527" lon="115.786509">
<ele>-26.5</ele>
<time>2026-09-03T09:24:09.884+08:00</time>
<extensions>
<gpxtpx:TrackPointExtension>
<gpxtpx:speed>1.19</gpxtpx:speed>
</gpxtpx:TrackPointExtension>
<opentracks:accuracy_horizontal>2.13</opentracks:accuracy_horizontal></extensions>
</trkpt>
<trkpt lat="-32.230443" lon="115.786515">
<ele>-26.9</ele>
<time>2026-09-03T09:24:18.907+08:00</time>
<extensions>
<gpxtpx:TrackPointExtension>
<gpxtpx:speed>1.13</gpxtpx:speed>
</gpxtpx:TrackPointExtension>
<opentracks:accuracy_horizontal>1.641</opentracks:accuracy_horizontal></extensions>
</trkpt>
<trkpt lat="-32.230343" lon="115.786509">
<ele>-27.1</ele>
<time>2026-09-03T09:24:28.908+08:00</time>
<extensions>
<gpxtpx:TrackPointExtension>
<gpxtpx:speed>1.14</gpxtpx:speed>
</gpxtpx:TrackPointExtension>
<opentracks:accuracy_horizontal>1.811</opentracks:accuracy_horizontal></extensions>
</trkpt>
<trkpt lat="-32.230251" lon="115.786544">
<ele>-27.1</ele>
<time>2026-09-03T09:24:37.906+08:00</time>
<extensions>
<gpxtpx:TrackPointExtension>
<gpxtpx:speed>1.17</gpxtpx:speed>
</gpxtpx:TrackPointExtension>
<opentracks:accuracy_horizontal>1.271</opentracks:accuracy_horizontal></extensions>
</trkpt>
<trkpt lat="-32.230163" lon="115.786593">
<ele>-27</ele>
<time>2026-09-03T09:24:46.924+08:00</time>
<extensions>
<gpxtpx:TrackPointExtension>
<gpxtpx:speed>1.18</gpxtpx:speed>
</gpxtpx:TrackPointExtension>
<opentracks:accuracy_horizontal>1.461</opentracks:accuracy_horizontal></extensions>
</trkpt>
<trkpt lat="-32.230081" lon="115.78662">
<ele>-27</ele>
<time>2026-09-03T09:24:56.901+08:00</time>
<extensions>
<gpxtpx:TrackPointExtension>
<gpxtpx:speed>0.94</gpxtpx:speed>
</gpxtpx:TrackPointExtension>
<opentracks:accuracy_horizontal>2.164</opentracks:accuracy_horizontal></extensions>
</trkpt>
<trkpt lat="-32.229983" lon="115.786636">
<ele>-26.9</ele>
<time>2026-09-03T09:25:05.925+08:00</time>
<extensions>
<gpxtpx:TrackPointExtension>
<gpxtpx:speed>1.16</gpxtpx:speed>
</gpxtpx:TrackPointExtension>
<opentracks:accuracy_horizontal>1.054</opentracks:accuracy_horizontal></extensions>
</trkpt>
<trkpt lat="-32.229884" lon="115.786657">
<ele>-26.8</ele>
<time>2026-09-03T09:25:15.91+08:00</time>
<extensions>
<gpxtpx:TrackPointExtension>
<gpxtpx:speed>1.15</gpxtpx:speed>
</gpxtpx:TrackPointExtension>
<opentracks:accuracy_horizontal>2.041</opentracks:accuracy_horizontal></extensions>
</trkpt>
<trkpt lat="-32.229786" lon="115.786676">
<ele>-27.3</ele>
<time>2026-09-03T09:25:25.909+08:00</time>
<extensions>
<gpxtpx:TrackPointExtension>
<gpxtpx:speed>1.12</gpxtpx:speed>
</gpxtpx:TrackPointExtension>
<opentracks:accuracy_horizontal>1.072</opentracks:accuracy_horizontal></extensions>
</trkpt>
<trkpt lat="-32.229686" lon="115.78668">
<ele>-26.9</ele>
<time>2026-09-03T09:25:35.91+08:00</time>
<extensions>
<gpxtpx:TrackPointExtension>
<gpxtpx:speed>1.13</gpxtpx:speed>
</gpxtpx:TrackPointExtension>
<opentracks:accuracy_horizontal>1.498</opentracks:accuracy_horizontal></extensions>
</trkpt>
<trkpt lat="-32.229593" lon="115.78668">
<ele>-26.3</ele>
<time>2026-09-03T09:25:44.898+08:00</time>
<extensions>
<gpxtpx:TrackPointExtension>
<gpxtpx:speed>1.13</gpxtpx:speed>
</gpxtpx:TrackPointExtension>
<opentracks:accuracy_horizontal>1.654</opentracks:accuracy_horizontal></extensions>
</trkpt>
<trkpt lat="-32.2295" lon="115.786691">
<ele>-26.1</ele>
<time>2026-09-03T09:25:53.867+08:00</time>
<extensions>
<gpxtpx:TrackPointExtension>
<gpxtpx:speed>1.13</gpxtpx:speed>
</gpxtpx:TrackPointExtension>
<opentracks:accuracy_horizontal>1.025</opentracks:accuracy_horizontal></extensions>
</trkpt>
<trkpt lat="-32.229414" lon="115.786703">
<ele>-25.9</ele>
<time>2026-09-03T09:26:02.882+08:00</time>
<extensions>
<gpxtpx:TrackPointExtension>
<gpxtpx:speed>1.1</gpxtpx:speed>
</gpxtpx:TrackPointExtension>
<opentracks:accuracy_horizontal>2.217</opentracks:accuracy_horizontal></extensions>
</trkpt>
<trkpt lat="-32.229324" lon="115.786735">
<ele>-25.4</ele>
<time>2026-09-03T09:26:11.902+08:00</time>
<extensions>
<gpxtpx:TrackPointExtension>
<gpxtpx:speed>1.14</gpxtpx:speed>
</gpxtpx:TrackPointExtension>
<opentracks:accuracy_horizontal>0.997</opentracks:accuracy_horizontal></extensions>
</trkpt>
<trkpt lat="-32.229228" lon="115.786763">
<ele>-25.1</ele>
<time>2026-09-03T09:26:20.913+08:00</time>
<extensions>
<gpxtpx:TrackPointExtension>
<gpxtpx:speed>1.19</gpxtpx:speed>
</gpxtpx:TrackPointExtension>
<opentracks:accuracy_horizontal>1.044</opentracks:accuracy_horizontal></extensions>
</trkpt>
<trkpt lat="-32.229132" lon="115.786793">
<ele>-25.4</ele>
<time>2026-09-03T09:26:29.922+08:00</time>
<extensions>
<gpxtpx:TrackPointExtension>
<gpxtpx:speed>1.21</gpxtpx:speed>
</gpxtpx:TrackPointExtension>
<opentracks:accuracy_horizontal>1.804</opentracks:accuracy_horizontal></extensions>
</trkpt>
<trkpt lat="-32.229044" lon="115.786826">
<ele>-25.1</ele>
<time>2026-09-03T09:26:38.872+08:00</time>
<extensions>
<gpxtpx:TrackPointExtension>
<gpxtpx:speed>1.18</gpxtpx:speed>
</gpxtpx:TrackPointExtension>
<opentracks:accuracy_horizontal>1.293</opentracks:accuracy_horizontal></extensions>
</trkpt>
<trkpt lat="-32.228956" lon="115.786844">
<ele>-24.5</ele>
<time>2026-09-03T09:26:47.907+08:00</time>
<extensions>
<gpxtpx:TrackPointExtension>
<gpxtpx:speed>1.15</gpxtpx:speed>
</gpxtpx:TrackPointExtension>
<opentracks:accuracy_horizontal>1.937</opentracks:accuracy_horizontal></extensions>
</trkpt>
<trkpt lat="-32.228864" lon="115.786874">
<ele>-23.3</ele>
<time>2026-09-03T09:26:56.921+08:00</time>
<extensions>
<gpxtpx:TrackPointExtension>
<gpxtpx:speed>1.16</gpxtpx:speed>
</gpxtpx:TrackPointExtension>
<opentracks:accuracy_horizontal>1.58</opentracks:accuracy_horizontal></extensions>
</trkpt>
<trkpt lat="-32.228764" lon="115.786856">
<ele>-23.1</ele>
<time>2026-09-03T09:27:06.906+08:00</time>
<extensions>
<gpxtpx:TrackPointExtension>
<gpxtpx:speed>1.16</gpxtpx:speed>
</gpxtpx:TrackPointExtension>
<opentracks:accuracy_horizontal>1.193</opentracks:accuracy_horizontal></extensions>
</trkpt>
<trkpt lat="-32.22867" lon="115.786844">
<ele>-22.9</ele>
<time>2026-09-03T09:27:15.876+08:00</time>
<extensions>
<gpxtpx:TrackPointExtension>
<gpxtpx:speed>1.16</gpxtpx:speed>
</gpxtpx:TrackPointExtension>
<opentracks:accuracy_horizontal>1.841</opentracks:accuracy_horizontal></extensions>
</trkpt>
<trkpt lat="-32.228582" lon="115.786896">
<ele>-22.8</ele>
<time>2026-09-03T09:27:25.874+08:00</time>
<extensions>
<gpxtpx:TrackPointExtension>
<gpxtpx:speed>1.12</gpxtpx:speed>
</gpxtpx:TrackPointExtension>
<opentracks:accuracy_horizontal>1.94</opentracks:accuracy_horizontal></extensions>
</trkpt>
<trkpt lat="-32.228505" lon="115.786934">
<ele>-22.7</ele>
<time>2026-09-03T09:27:34.908+08:00</time>
<extensions>
<gpxtpx:TrackPointExtension>
<gpxtpx:speed>1.1</gpxtpx:speed>
</gpxtpx:TrackPointExtension>
<opentracks:accuracy_horizontal>2.36</opentracks:accuracy_horizontal></extensions>
</trkpt>
<trkpt lat="-32.228427" lon="115.787002">
<ele>-21.9</ele>
<time>2026-09-03T09:27:48.912+08:00</time>
<extensions>
<gpxtpx:TrackPointExtension>
<gpxtpx:speed>0.51</gpxtpx:speed>
</gpxtpx:TrackPointExtension>
<opentracks:accuracy_horizontal>2.621</opentracks:accuracy_horizontal></extensions>
</trkpt>
<trkpt lat="-32.228341" lon="115.787039">
<ele>-21.1</ele>
<time>2026-09-03T09:27:56.917+08:00</time>
<extensions>
<gpxtpx:TrackPointExtension>
<gpxtpx:speed>1.17</gpxtpx:speed>
</gpxtpx:TrackPointExtension>
<opentracks:accuracy_horizontal>2.629</opentracks:accuracy_horizontal></extensions>
</trkpt>
<trkpt lat="-32.228256" lon="115.787019">
<ele>-19.8</ele>
<time>2026-09-03T09:28:06.908+08:00</time>
<extensions>
<gpxtpx:TrackPointExtension>
<gpxtpx:speed>0.96</gpxtpx:speed>
</gpxtpx:TrackPointExtension>
<opentracks:accuracy_horizontal>2.203</opentracks:accuracy_horizontal></extensions>
</trkpt>
<trkpt lat="-32.228168" lon="115.786979">
<ele>-21.4</ele>
<time>2026-09-03T09:28:31.926+08:00</time>
<extensions>
<gpxtpx:TrackPointExtension>
<gpxtpx:speed>1.26</gpxtpx:speed>
</gpxtpx:TrackPointExtension>
<opentracks:accuracy_horizontal>2.359</opentracks:accuracy_horizontal></extensions>
</trkpt>
<trkpt lat="-32.228069" lon="115.786964">
<ele>-23</ele>
<time>2026-09-03T09:28:40.917+08:00</time>
<extensions>
<gpxtpx:TrackPointExtension>
<gpxtpx:speed>1.24</gpxtpx:speed>
</gpxtpx:TrackPointExtension>
<opentracks:accuracy_horizontal>2.26</opentracks:accuracy_horizontal></extensions>
</trkpt>
<trkpt lat="-32.227972" lon="115.786973">
<ele>-23.4</ele>
<time>2026-09-03T09:28:49.905+08:00</time>
<extensions>
<gpxtpx:TrackPointExtension>
<gpxtpx:speed>1.21</gpxtpx:speed>
</gpxtpx:TrackPointExtension>
<opentracks:accuracy_horizontal>2.582</opentracks:accuracy_horizontal></extensions>
</trkpt>
<trkpt lat="-32.227883" lon="115.786998">
<ele>-23.2</ele>
<time>2026-09-03T09:28:58.912+08:00</time>
<extensions>
<gpxtpx:TrackPointExtension>
<gpxtpx:speed>1.15</gpxtpx:speed>
</gpxtpx:TrackPointExtension>
<opentracks:accuracy_horizontal>2.649</opentracks:accuracy_horizontal></extensions>
</trkpt>
<trkpt lat="-32.227792" lon="115.787022">
<ele>-22.8</ele>
<time>2026-09-03T09:29:06.908+08:00</time>
<extensions>
<gpxtpx:TrackPointExtension>
<gpxtpx:speed>1.22</gpxtpx:speed>
</gpxtpx:TrackPointExtension>
<opentracks:accuracy_horizontal>2.529</opentracks:accuracy_horizontal></extensions>
</trkpt>
<trkpt lat="-32.2277" lon="115.787055">
<ele>-22.8</ele>
<time>2026-09-03T09:29:15.918+08:00</time>
<extensions>
<gpxtpx:TrackPointExtension>
<gpxtpx:speed>1.19</gpxtpx:speed>
</gpxtpx:TrackPointExtension>
<opentracks:accuracy_horizontal>2.401</opentracks:accuracy_horizontal></extensions>
</trkpt>
<trkpt lat="-32.22761" lon="115.787091">
<ele>-23.2</ele>
<time>2026-09-03T09:29:24.907+08:00</time>
<extensions>
<gpxtpx:TrackPointExtension>
<gpxtpx:speed>1.18</gpxtpx:speed>
</gpxtpx:TrackPointExtension>
<opentracks:accuracy_horizontal>2.695</opentracks:accuracy_horizontal></extensions>
</trkpt>
<trkpt lat="-32.227519" lon="115.787123">
<ele>-22.7</ele>
<time>2026-09-03T09:29:32.906+08:00</time>
<extensions>
<gpxtpx:TrackPointExtension>
<gpxtpx:speed>1.24</gpxtpx:speed>
</gpxtpx:TrackPointExtension>
<opentracks:accuracy_horizontal>2.397</opentracks:accuracy_horizontal></extensions>
</trkpt>
<trkpt lat="-32.227514" lon="115.787149">
<ele>-21.4</ele>
<time>2026-09-03T09:29:42.887+08:00</time>
<extensions>
<gpxtpx:TrackPointExtension>
<gpxtpx:speed>0.17</gpxtpx:speed>
</gpxtpx:TrackPointExtension>
<opentracks:accuracy_horizontal>1.479</opentracks:accuracy_horizontal></extensions>
</trkpt>
<trkpt lat="-32.227425" lon="115.787178">
<ele>-21.6</ele>
<time>2026-09-03T09:30:04.888+08:00</time>
<extensions>
<gpxtpx:TrackPointExtension>
<gpxtpx:speed>1.86</gpxtpx:speed>
</gpxtpx:TrackPointExtension>
<opentracks:accuracy_horizontal>2.195</opentracks:accuracy_horizontal></extensions>
</trkpt>
<trkpt lat="-32.22737" lon="115.787229">
<ele>-23.5</ele>
<time>2026-09-03T09:30:13.902+08:00</time>
<extensions>
<gpxtpx:TrackPointExtension>
<gpxtpx:speed>1.25</gpxtpx:speed>
</gpxtpx:TrackPointExtension>
<opentracks:accuracy_horizontal>3.063</opentracks:accuracy_horizontal></extensions>
</trkpt>
<trkpt lat="-32.227295" lon="115.787296">
<ele>-21.3</ele>
<time>2026-09-03T09:30:22.91+08:00</time>
<extensions>
<gpxtpx:TrackPointExtension>
<gpxtpx:speed>1.01</gpxtpx:speed>
</gpxtpx:TrackPointExtension>
<opentracks:accuracy_horizontal>2.646</opentracks:accuracy_horizontal></extensions>
</trkpt>
<trkpt lat="-32.227232" lon="115.787375">
<ele>-22</ele>
<time>2026-09-03T09:30:32.896+08:00</time>
<extensions>
<gpxtpx:TrackPointExtension>
<gpxtpx:speed>0.98</gpxtpx:speed>
</gpxtpx:TrackPointExtension>
<opentracks:accuracy_horizontal>2.756</opentracks:accuracy_horizontal></extensions>
</trkpt>
<trkpt lat="-32.227152" lon="115.7874">
<ele>-23.8</ele>
<time>2026-09-03T09:30:42.909+08:00</time>
<extensions>
<gpxtpx:TrackPointExtension>
<gpxtpx:speed>0.95</gpxtpx:speed>
</gpxtpx:TrackPointExtension>
<opentracks:accuracy_horizontal>5.065</opentracks:accuracy_horizontal></extensions>
</trkpt>
<trkpt lat="-32.227069" lon="115.787451">
<ele>-24</ele>
<time>2026-09-03T09:30:52.885+08:00</time>
<extensions>
<gpxtpx:TrackPointExtension>
<gpxtpx:speed>0.95</gpxtpx:speed>
</gpxtpx:TrackPointExtension>
<opentracks:accuracy_horizontal>4.774</opentracks:accuracy_horizontal></extensions>
</trkpt>
<trkpt lat="-32.226971" lon="115.787465">
<ele>-24</ele>
<time>2026-09-03T09:31:01.901+08:00</time>
<extensions>
<gpxtpx:TrackPointExtension>
<gpxtpx:speed>1.33</gpxtpx:speed>
</gpxtpx:TrackPointExtension>
<opentracks:accuracy_horizontal>3.739</opentracks:accuracy_horizontal></extensions>
</trkpt>
<trkpt lat="-32.226873" lon="115.787488">
<ele>-24</ele>
<time>2026-09-03T09:31:10.922+08:00</time>
<extensions>
<gpxtpx:TrackPointExtension>
<gpxtpx:speed>1.26</gpxtpx:speed>
</gpxtpx:TrackPointExtension>
<opentracks:accuracy_horizontal>3.905</opentracks:accuracy_horizontal></extensions>
</trkpt>
<trkpt lat="-32.226778" lon="115.787518">
<ele>-23.3</ele>
<time>2026-09-03T09:31:18.914+08:00</time>
<extensions>
<gpxtpx:TrackPointExtension>
<gpxtpx:speed>1.3</gpxtpx:speed>
</gpxtpx:TrackPointExtension>
<opentracks:accuracy_horizontal>3.264</opentracks:accuracy_horizontal></extensions>
</trkpt>
<trkpt lat="-32.226724" lon="115.787568">
<ele>-22.1</ele>
<time>2026-09-03T09:31:28.912+08:00</time>
<extensions>
<gpxtpx:TrackPointExtension>
<gpxtpx:speed>0.7</gpxtpx:speed>
</gpxtpx:TrackPointExtension>
<opentracks:accuracy_horizontal>3.372</opentracks:accuracy_horizontal></extensions>
</trkpt>
<trkpt lat="-32.226661" lon="115.787649">
<ele>-22.4</ele>
<time>2026-09-03T09:31:36.916+08:00</time>
<extensions>
<gpxtpx:TrackPointExtension>
<gpxtpx:speed>1.23</gpxtpx:speed>
</gpxtpx:TrackPointExtension>
<opentracks:accuracy_horizontal>4.091</opentracks:accuracy_horizontal></extensions>
</trkpt>
<trkpt lat="-32.226604" lon="115.787746">
<ele>-21.7</ele>
<time>2026-09-03T09:31:45.909+08:00</time>
<extensions>
<gpxtpx:TrackPointExtension>
<gpxtpx:speed>1.21</gpxtpx:speed>
</gpxtpx:TrackPointExtension>
<opentracks:accuracy_horizontal>3.447</opentracks:accuracy_horizontal></extensions>
</trkpt>
<trkpt lat="-32.226541" lon="115.787823">
<ele>-19.5</ele>
<time>2026-09-03T09:31:53.905+08:00</time>
<extensions>
<gpxtpx:TrackPointExtension>
<gpxtpx:speed>1.18</gpxtpx:speed>
</gpxtpx:TrackPointExtension>
<opentracks:accuracy_horizontal>2.345</opentracks:accuracy_horizontal></extensions>
</trkpt>
<trkpt lat="-32.226571" lon="115.787812">
<ele>-19</ele>
<time>2026-09-03T09:32:02.922+08:00</time>
<extensions>
<gpxtpx:TrackPointExtension>
<gpxtpx:speed>0.06</gpxtpx:speed>
</gpxtpx:TrackPointExtension>
<opentracks:accuracy_horizontal>1.57</opentracks:accuracy_horizontal></extensions>
</trkpt>
<trkpt lat="-32.226501" lon="115.787883">
<ele>-19.6</ele>
<time>2026-09-03T09:32:25.902+08:00</time>
<extensions>
<gpxtpx:TrackPointExtension>
<gpxtpx:speed>1.38</gpxtpx:speed>
</gpxtpx:TrackPointExtension>
<opentracks:accuracy_horizontal>2.54</opentracks:accuracy_horizontal></extensions>
</trkpt>
<trkpt lat="-32.226453" lon="115.787972">
<ele>-19.3</ele>
<time>2026-09-03T09:32:33.917+08:00</time>
<extensions>
<gpxtpx:TrackPointExtension>
<gpxtpx:speed>1.26</gpxtpx:speed>
</gpxtpx:TrackPointExtension>
<opentracks:accuracy_horizontal>2.77</opentracks:accuracy_horizontal></extensions>
</trkpt>
<trkpt lat="-32.226406" lon="115.788067">
<ele>-20</ele>
<time>2026-09-03T09:32:42.894+08:00</time>
<extensions>
<gpxtpx:TrackPointExtension>
<gpxtpx:speed>1.18</gpxtpx:speed>
</gpxtpx:TrackPointExtension>
<opentracks:accuracy_horizontal>2.622</opentracks:accuracy_horizontal></extensions>
</trkpt>
<trkpt lat="-32.226395" lon="115.78812">
<ele>-19.5</ele>
<time>2026-09-03T09:32:52.903+08:00</time>
<extensions>
<gpxtpx:TrackPointExtension>
<gpxtpx:speed>0.27</gpxtpx:speed>
</gpxtpx:TrackPointExtension>
<opentracks:accuracy_horizontal>2.517</opentracks:accuracy_horizontal></extensions>
</trkpt>
<trkpt lat="-32.226352" lon="115.78822">
<ele>-18.6</ele>
<time>2026-09-03T09:33:01.945+08:00</time>
<extensions>
<gpxtpx:TrackPointExtension>
<gpxtpx:speed>1.17</gpxtpx:speed>
</gpxtpx:TrackPointExtension>
<opentracks:accuracy_horizontal>2.844</opentracks:accuracy_horizontal></extensions>
</trkpt>
<trkpt lat="-32.226326" lon="115.788332">
<ele>-17</ele>
<time>2026-09-03T09:33:10.906+08:00</time>
<extensions>
<gpxtpx:TrackPointExtension>
<gpxtpx:speed>1.15</gpxtpx:speed>
</gpxtpx:TrackPointExtension>
<opentracks:accuracy_horizontal>2.648</opentracks:accuracy_horizontal></extensions>
</trkpt>
<trkpt lat="-32.226285" lon="115.788434">
<ele>-16.1</ele>
<time>2026-09-03T09:33:20.919+08:00</time>
<extensions>
<gpxtpx:TrackPointExtension>
<gpxtpx:speed>1.07</gpxtpx:speed>
</gpxtpx:TrackPointExtension>
<opentracks:accuracy_horizontal>2.751</opentracks:accuracy_horizontal></extensions>
</trkpt>
<trkpt lat="-32.226241" lon="115.788518">
<ele>-16.3</ele>
<time>2026-09-03T09:33:30.914+08:00</time>
<extensions>
<gpxtpx:TrackPointExtension>
<gpxtpx:speed>0.92</gpxtpx:speed>
</gpxtpx:TrackPointExtension>
<opentracks:accuracy_horizontal>2.904</opentracks:accuracy_horizontal></extensions>
</trkpt>
<trkpt lat="-32.22618" lon="115.788604">
<ele>-16.4</ele>
<time>2026-09-03T09:33:44.909+08:00</time>
<extensions>
<gpxtpx:TrackPointExtension>
<gpxtpx:speed>1.23</gpxtpx:speed>
</gpxtpx:TrackPointExtension>
<opentracks:accuracy_horizontal>2.805</opentracks:accuracy_horizontal></extensions>
</trkpt>
<trkpt lat="-32.226142" lon="115.788711">
<ele>-14.9</ele>
<time>2026-09-03T09:33:52.915+08:00</time>
<extensions>
<gpxtpx:TrackPointExtension>
<gpxtpx:speed>1.26</gpxtpx:speed>
</gpxtpx:TrackPointExtension>
<opentracks:accuracy_horizontal>2.801</opentracks:accuracy_horizontal></extensions>
</trkpt>
<trkpt lat="-32.226117" lon="115.788817">
<ele>-14.8</ele>
<time>2026-09-03T09:34:01.913+08:00</time>
<extensions>
<gpxtpx:TrackPointExtension>
<gpxtpx:speed>1.19</gpxtpx:speed>
</gpxtpx:TrackPointExtension>
<opentracks:accuracy_horizontal>2.743</opentracks:accuracy_horizontal></extensions>
</trkpt>
<trkpt lat="-32.226072" lon="115.788926">
<ele>-13.5</ele>
<time>2026-09-03T09:34:10.923+08:00</time>
<extensions>
<gpxtpx:TrackPointExtension>
<gpxtpx:speed>1.21</gpxtpx:speed>
</gpxtpx:TrackPointExtension>
<opentracks:accuracy_horizontal>2.851</opentracks:accuracy_horizontal></extensions>
</trkpt>
<trkpt lat="-32.226036" lon="115.789028">
<ele>-13.3</ele>
<time>2026-09-03T09:34:19.917+08:00</time>
<extensions>
<gpxtpx:TrackPointExtension>
<gpxtpx:speed>1.16</gpxtpx:speed>
</gpxtpx:TrackPointExtension>
<opentracks:accuracy_horizontal>2.494</opentracks:accuracy_horizontal></extensions>
</trkpt>
<trkpt lat="-32.226005" lon="115.789133">
<ele>-14</ele>
<time>2026-09-03T09:34:29.92+08:00</time>
<extensions>
<gpxtpx:TrackPointExtension>
<gpxtpx:speed>1.08</gpxtpx:speed>
</gpxtpx:TrackPointExtension>
<opentracks:accuracy_horizontal>2.441</opentracks:accuracy_horizontal></extensions>
</trkpt>
<trkpt lat="-32.225976" lon="115.789237">
<ele>-13.6</ele>
<time>2026-09-03T09:34:39.912+08:00</time>
<extensions>
<gpxtpx:TrackPointExtension>
<gpxtpx:speed>1.04</gpxtpx:speed>
</gpxtpx:TrackPointExtension>
<opentracks:accuracy_horizontal>2.452</opentracks:accuracy_horizontal></extensions>
</trkpt>
<trkpt lat="-32.225972" lon="115.789247">
<ele>-13.3</ele>
<time>2026-09-03T09:34:49.917+08:00</time>
<extensions>
<gpxtpx:TrackPointExtension>
<gpxtpx:speed>0.04</gpxtpx:speed>
</gpxtpx:TrackPointExtension>
<opentracks:accuracy_horizontal>1.646</opentracks:accuracy_horizontal></extensions>
</trkpt>
<trkpt lat="-32.22594" lon="115.789351">
<ele>-12.8</ele>
<time>2026-09-03T09:35:11.927+08:00</time>
<extensions>
<gpxtpx:TrackPointExtension>
<gpxtpx:speed>1.24</gpxtpx:speed>
</gpxtpx:TrackPointExtension>
<opentracks:accuracy_horizontal>2.757</opentracks:accuracy_horizontal></extensions>
</trkpt>
<trkpt lat="-32.225902" lon="115.789451">
<ele>-11.1</ele>
<time>2026-09-03T09:35:20.915+08:00</time>
<extensions>
<gpxtpx:TrackPointExtension>
<gpxtpx:speed>1.14</gpxtpx:speed>
</gpxtpx:TrackPointExtension>
<opentracks:accuracy_horizontal>2.757</opentracks:accuracy_horizontal></extensions>
</trkpt>
<trkpt lat="-32.225869" lon="115.789546">
<ele>-11.5</ele>
<time>2026-09-03T09:35:30.891+08:00</time>
<extensions>
<gpxtpx:TrackPointExtension>
<gpxtpx:speed>1.01</gpxtpx:speed>
</gpxtpx:TrackPointExtension>
<opentracks:accuracy_horizontal>2.505</opentracks:accuracy_horizontal></extensions>
</trkpt>
<trkpt lat="-32.225849" lon="115.789662">
<ele>-11.3</ele>
<time>2026-09-03T09:35:41.923+08:00</time>
<extensions>
<gpxtpx:TrackPointExtension>
<gpxtpx:speed>1.14</gpxtpx:speed>
</gpxtpx:TrackPointExtension>
<opentracks:accuracy_horizontal>2.729</opentracks:accuracy_horizontal></extensions>
</trkpt>
<trkpt lat="-32.225814" lon="115.789766">
<ele>-9.6</ele>
<time>2026-09-03T09:35:49.904+08:00</time>
<extensions>
<gpxtpx:TrackPointExtension>
<gpxtpx:speed>1.21</gpxtpx:speed>
</gpxtpx:TrackPointExtension>
<opentracks:accuracy_horizontal>2.707</opentracks:accuracy_horizontal></extensions>
</trkpt>
<trkpt lat="-32.225791" lon="115.789882">
<ele>-8.9</ele>
<time>2026-09-03T09:35:58.933+08:00</time>
<extensions>
<gpxtpx:TrackPointExtension>
<gpxtpx:speed>1.21</gpxtpx:speed>
</gpxtpx:TrackPointExtension>
<opentracks:accuracy_horizontal>2.871</opentracks:accuracy_horizontal></extensions>
</trkpt>
<trkpt lat="-32.225772" lon="115.789989">
<ele>-8.5</ele>
<time>2026-09-03T09:36:06.918+08:00</time>
<extensions>
<gpxtpx:TrackPointExtension>
<gpxtpx:speed>1.24</gpxtpx:speed>
</gpxtpx:TrackPointExtension>
<opentracks:accuracy_horizontal>2.609</opentracks:accuracy_horizontal></extensions>
</trkpt>
<trkpt lat="-32.225762" lon="115.790063">
<ele>-8</ele>
<time>2026-09-03T09:36:16.917+08:00</time>
<extensions>
<gpxtpx:TrackPointExtension>
<gpxtpx:speed>0.14</gpxtpx:speed>
</gpxtpx:TrackPointExtension>
<opentracks:accuracy_horizontal>2.118</opentracks:accuracy_horizontal></extensions>
</trkpt>
<trkpt lat="-32.225746" lon="115.790177">
<ele>-9</ele>
<time>2026-09-03T09:36:32.927+08:00</time>
<extensions>
<gpxtpx:TrackPointExtension>
<gpxtpx:speed>1.09</gpxtpx:speed>
</gpxtpx:TrackPointExtension>
<opentracks:accuracy_horizontal>2.62</opentracks:accuracy_horizontal></extensions>
</trkpt>
<trkpt lat="-32.225731" lon="115.790281">
<ele>-9.2</ele>
<time>2026-09-03T09:36:40.913+08:00</time>
<extensions>
<gpxtpx:TrackPointExtension>
<gpxtpx:speed>1.15</gpxtpx:speed>
</gpxtpx:TrackPointExtension>
<opentracks:accuracy_horizontal>2.393</opentracks:accuracy_horizontal></extensions>
</trkpt>
<trkpt lat="-32.225719" lon="115.790393">
<ele>-8.2</ele>
<time>2026-09-03T09:36:49.903+08:00</time>
<extensions>
<gpxtpx:TrackPointExtension>
<gpxtpx:speed>1.16</gpxtpx:speed>
</gpxtpx:TrackPointExtension>
<opentracks:accuracy_horizontal>1.976</opentracks:accuracy_horizontal></extensions>
</trkpt>
<trkpt lat="-32.225697" lon="115.790496">
<ele>-7.8</ele>
<time>2026-09-03T09:36:58.92+08:00</time>
<extensions>
<gpxtpx:TrackPointExtension>
<gpxtpx:speed>1.11</gpxtpx:speed>
</gpxtpx:TrackPointExtension>
<opentracks:accuracy_horizontal>2.483</opentracks:accuracy_horizontal></extensions>
</trkpt>
<trkpt lat="-32.225696" lon="115.790608">
<ele>-9</ele>
<time>2026-09-03T09:37:07.917+08:00</time>
<extensions>
<gpxtpx:TrackPointExtension>
<gpxtpx:speed>1.13</gpxtpx:speed>
</gpxtpx:TrackPointExtension>
<opentracks:accuracy_horizontal>2.506</opentracks:accuracy_horizontal></extensions>
</trkpt>
<trkpt lat="-32.225688" lon="115.790719">
<ele>-9.1</ele>
<time>2026-09-03T09:37:16.925+08:00</time>
<extensions>
<gpxtpx:TrackPointExtension>
<gpxtpx:speed>1.13</gpxtpx:speed>
</gpxtpx:TrackPointExtension>
<opentracks:accuracy_horizontal>2.37</opentracks:accuracy_horizontal></extensions>
</trkpt>
<trkpt lat="-32.225684" lon="115.790831">
<ele>-8.8</ele>
<time>2026-09-03T09:37:25.917+08:00</time>
<extensions>
<gpxtpx:TrackPointExtension>
<gpxtpx:speed>1.14</gpxtpx:speed>
</gpxtpx:TrackPointExtension>
<opentracks:accuracy_horizontal>2.38</opentracks:accuracy_horizontal></extensions>
</trkpt>
<trkpt lat="-32.225677" lon="115.790871">
<ele>-9.8</ele>
<time>2026-09-03T09:37:35.908+08:00</time>
<extensions>
<gpxtpx:TrackPointExtension>
<gpxtpx:speed>0.08</gpxtpx:speed>
</gpxtpx:TrackPointExtension>
<opentracks:accuracy_horizontal>1.469</opentracks:accuracy_horizontal></extensions>
</trkpt>
<trkpt lat="-32.225701" lon="115.790984">
<ele>-9.4</ele>
<time>2026-09-03T09:37:52.933+08:00</time>
<extensions>
<gpxtpx:TrackPointExtension>
<gpxtpx:speed>1.37</gpxtpx:speed>
</gpxtpx:TrackPointExtension>
<opentracks:accuracy_horizontal>2.5</opentracks:accuracy_horizontal></extensions>
</trkpt>
<trkpt lat="-32.225709" lon="115.791099">
<ele>-8.1</ele>
<time>2026-09-03T09:38:01.921+08:00</time>
<extensions>
<gpxtpx:TrackPointExtension>
<gpxtpx:speed>1.21</gpxtpx:speed>
</gpxtpx:TrackPointExtension>
<opentracks:accuracy_horizontal>2.4</opentracks:accuracy_horizontal></extensions>
</trkpt>
<trkpt lat="-32.225715" lon="115.79121">
<ele>-7.5</ele>
<time>2026-09-03T09:38:09.923+08:00</time>
<extensions>
<gpxtpx:TrackPointExtension>
<gpxtpx:speed>1.23</gpxtpx:speed>
</gpxtpx:TrackPointExtension>
<opentracks:accuracy_horizontal>2.568</opentracks:accuracy_horizontal></extensions>
</trkpt>
<trkpt lat="-32.22573" lon="115.791314">
<ele>-7.4</ele>
<time>2026-09-03T09:38:19.918+08:00</time>
<extensions>
<gpxtpx:TrackPointExtension>
<gpxtpx:speed>0.96</gpxtpx:speed>
</gpxtpx:TrackPointExtension>
<opentracks:accuracy_horizontal>2.438</opentracks:accuracy_horizontal></extensions>
</trkpt>
<trkpt lat="-32.225772" lon="115.791423">
<ele>-7.3</ele>
<time>2026-09-03T09:38:28.934+08:00</time>
<extensions>
<gpxtpx:TrackPointExtension>
<gpxtpx:speed>1.13</gpxtpx:speed>
</gpxtpx:TrackPointExtension>
<opentracks:accuracy_horizontal>2.521</opentracks:accuracy_horizontal></extensions>
</trkpt>
<trkpt lat="-32.225806" lon="115.791529">
<ele>-6.6</ele>
<time>2026-09-03T09:38:37.91+08:00</time>
<extensions>
<gpxtpx:TrackPointExtension>
<gpxtpx:speed>1.14</gpxtpx:speed>
</gpxtpx:TrackPointExtension>
<opentracks:accuracy_horizontal>1.885</opentracks:accuracy_horizontal></extensions>
</trkpt>
<trkpt lat="-32.225813" lon="115.79163">
<ele>-5.7</ele>
<time>2026-09-03T09:38:47.917+08:00</time>
<extensions>
<gpxtpx:TrackPointExtension>
<gpxtpx:speed>0.92</gpxtpx:speed>
</gpxtpx:TrackPointExtension>
<opentracks:accuracy_horizontal>2.275</opentracks:accuracy_horizontal></extensions>
</trkpt>
<trkpt lat="-32.225829" lon="115.791743">
<ele>-5.8</ele>
<time>2026-09-03T09:38:56.911+08:00</time>
<extensions>
<gpxtpx:TrackPointExtension>
<gpxtpx:speed>1.1</gpxtpx:speed>
</gpxtpx:TrackPointExtension>
<opentracks:accuracy_horizontal>2.421</opentracks:accuracy_horizontal></extensions>
</trkpt>
<trkpt lat="-32.225861" lon="115.791852">
<ele>-5.5</ele>
<time>2026-09-03T09:39:05.913+08:00</time>
<extensions>
<gpxtpx:TrackPointExtension>
<gpxtpx:speed>1.15</gpxtpx:speed>
</gpxtpx:TrackPointExtension>
<opentracks:accuracy_horizontal>2.456</opentracks:accuracy_horizontal></extensions>
</trkpt>
<trkpt lat="-32.225913" lon="115.791952">
<ele>-5.3</ele>
<time>2026-09-03T09:39:14.933+08:00</time>
<extensions>
<gpxtpx:TrackPointExtension>
<gpxtpx:speed>1.2</gpxtpx:speed>
</gpxtpx:TrackPointExtension>
<opentracks:accuracy_horizontal>2.316</opentracks:accuracy_horizontal></extensions>
</trkpt>
<trkpt lat="-32.225963" lon="115.792046">
<ele>-4.3</ele>
<time>2026-09-03T09:39:23.919+08:00</time>
<extensions>
<gpxtpx:TrackPointExtension>
<gpxtpx:speed>1.18</gpxtpx:speed>
</gpxtpx:TrackPointExtension>
<opentracks:accuracy_horizontal>2.3</opentracks:accuracy_horizontal></extensions>
</trkpt>
<trkpt lat="-32.226021" lon="115.792136">
<ele>-3.7</ele>
<time>2026-09-03T09:39:33.917+08:00</time>
<extensions>
<gpxtpx:TrackPointExtension>
<gpxtpx:speed>1.12</gpxtpx:speed>
</gpxtpx:TrackPointExtension>
<opentracks:accuracy_horizontal>2.267</opentracks:accuracy_horizontal></extensions>
</trkpt>
<trkpt lat="-32.226061" lon="115.792241">
<ele>-2.7</ele>
<time>2026-09-03T09:39:42.907+08:00</time>
<extensions>
<gpxtpx:TrackPointExtension>
<gpxtpx:speed>1.17</gpxtpx:speed>
</gpxtpx:TrackPointExtension>
<opentracks:accuracy_horizontal>1.337</opentracks:accuracy_horizontal></extensions>
</trkpt>
<trkpt lat="-32.226111" lon="115.792333">
<ele>-3.4</ele>
<time>2026-09-03T09:39:52.924+08:00</time>
<extensions>
<gpxtpx:TrackPointExtension>
<gpxtpx:speed>1.08</gpxtpx:speed>
</gpxtpx:TrackPointExtension>
<opentracks:accuracy_horizontal>1.033</opentracks:accuracy_horizontal></extensions>
</trkpt>
<trkpt lat="-32.226157" lon="115.792434">
<ele>-4</ele>
<time>2026-09-03T09:40:01.908+08:00</time>
<extensions>
<gpxtpx:TrackPointExtension>
<gpxtpx:speed>1.15</gpxtpx:speed>
</gpxtpx:TrackPointExtension>
<opentracks:accuracy_horizontal>0.86</opentracks:accuracy_horizontal></extensions>
</trkpt>
<trkpt lat="-32.226207" lon="115.792531">
<ele>-4.3</ele>
<time>2026-09-03T09:40:10.915+08:00</time>
<extensions>
<gpxtpx:TrackPointExtension>
<gpxtpx:speed>1.17</gpxtpx:speed>
</gpxtpx:TrackPointExtension>
<opentracks:accuracy_horizontal>2.393</opentracks:accuracy_horizontal></extensions>
</trkpt>
<trkpt lat="-32.226234" lon="115.792636">
<ele>-5.2</ele>
<time>2026-09-03T09:40:19.915+08:00</time>
<extensions>
<gpxtpx:TrackPointExtension>
<gpxtpx:speed>1.13</gpxtpx:speed>
</gpxtpx:TrackPointExtension>
<opentracks:accuracy_horizontal>2.763</opentracks:accuracy_horizontal></extensions>
</trkpt>
<trkpt lat="-32.226266" lon="115.792735">
<ele>-5.1</ele>
<time>2026-09-03T09:40:26.915+08:00</time>
<extensions>
<gpxtpx:TrackPointExtension>
<gpxtpx:speed>1.25</gpxtpx:speed>
</gpxtpx:TrackPointExtension>
<opentracks:accuracy_horizontal>2.419</opentracks:accuracy_horizontal></extensions>
</trkpt>
<trkpt lat="-32.226319" lon="115.792821">
<ele>-5.7</ele>
<time>2026-09-03T09:40:34.924+08:00</time>
<extensions>
<gpxtpx:TrackPointExtension>
<gpxtpx:speed>1.24</gpxtpx:speed>
</gpxtpx:TrackPointExtension>
<opentracks:accuracy_horizontal>2.258</opentracks:accuracy_horizontal></extensions>
</trkpt>
<trkpt lat="-32.226376" lon="115.792873">
<ele>-5.7</ele>
<time>2026-09-03T09:40:44.92+08:00</time>
<extensions>
<gpxtpx:TrackPointExtension>
<gpxtpx:speed>0.8</gpxtpx:speed>
</gpxtpx:TrackPointExtension>
<opentracks:accuracy_horizontal>1.694</opentracks:accuracy_horizontal></extensions>
</trkpt>
<trkpt lat="-32.226445" lon="115.792948">
<ele>-5.1</ele>
<time>2026-09-03T09:40:53.913+08:00</time>
<extensions>
<gpxtpx:TrackPointExtension>
<gpxtpx:speed>1.24</gpxtpx:speed>
</gpxtpx:TrackPointExtension>
<opentracks:accuracy_horizontal>2.336</opentracks:accuracy_horizontal></extensions>
</trkpt>
<trkpt lat="-32.226504" lon="115.793014">
<ele>-4.8</ele>
<time>2026-09-03T09:41:03.923+08:00</time>
<extensions>
<gpxtpx:TrackPointExtension>
<gpxtpx:speed>0.46</gpxtpx:speed>
</gpxtpx:TrackPointExtension>
<opentracks:accuracy_horizontal>1.655</opentracks:accuracy_horizontal></extensions>
</trkpt>
<trkpt lat="-32.226565" lon="115.793098">
<ele>-5.4</ele>
<time>2026-09-03T09:41:19.922+08:00</time>
<extensions>
<gpxtpx:TrackPointExtension>
<gpxtpx:speed>1.19</gpxtpx:speed>
</gpxtpx:TrackPointExtension>
<opentracks:accuracy_horizontal>2.284</opentracks:accuracy_horizontal></extensions>
</trkpt>
<trkpt lat="-32.226631" lon="115.793179">
<ele>-5.4</ele>
<time>2026-09-03T09:41:27.928+08:00</time>
<extensions>
<gpxtpx:TrackPointExtension>
<gpxtpx:speed>1.27</gpxtpx:speed>
</gpxtpx:TrackPointExtension>
<opentracks:accuracy_horizontal>2.289</opentracks:accuracy_horizontal></extensions>
</trkpt>
<trkpt lat="-32.226693" lon="115.79326">
<ele>-5.4</ele>
<time>2026-09-03T09:41:35.922+08:00</time>
<extensions>
<gpxtpx:TrackPointExtension>
<gpxtpx:speed>1.28</gpxtpx:speed>
</gpxtpx:TrackPointExtension>
<opentracks:accuracy_horizontal>2.288</opentracks:accuracy_horizontal></extensions>
</trkpt>
<trkpt lat="-32.226754" lon="115.793344">
<ele>-5.1</ele>
<time>2026-09-03T09:41:43.911+08:00</time>
<extensions>
<gpxtpx:TrackPointExtension>
<gpxtpx:speed>1.29</gpxtpx:speed>
</gpxtpx:TrackPointExtension>
<opentracks:accuracy_horizontal>2.29</opentracks:accuracy_horizontal></extensions>
</trkpt>
<trkpt lat="-32.226822" lon="115.793429">
<ele>-5.1</ele>
<time>2026-09-03T09:41:51.927+08:00</time>
<extensions>
<gpxtpx:TrackPointExtension>
<gpxtpx:speed>1.33</gpxtpx:speed>
</gpxtpx:TrackPointExtension>
<opentracks:accuracy_horizontal>2.3</opentracks:accuracy_horizontal></extensions>
</trkpt>
<trkpt lat="-32.226879" lon="115.793517">
<ele>-4.6</ele>
<time>2026-09-03T09:41:59.921+08:00</time>
<extensions>
<gpxtpx:TrackPointExtension>
<gpxtpx:speed>1.32</gpxtpx:speed>
</gpxtpx:TrackPointExtension>
<opentracks:accuracy_horizontal>2.447</opentracks:accuracy_horizontal></extensions>
</trkpt>
<trkpt lat="-32.226946" lon="115.793601">
<ele>-4.9</ele>
<time>2026-09-03T09:42:07.925+08:00</time>
<extensions>
<gpxtpx:TrackPointExtension>
<gpxtpx:speed>1.33</gpxtpx:speed>
</gpxtpx:TrackPointExtension>
<opentracks:accuracy_horizontal>2.305</opentracks:accuracy_horizontal></extensions>
</trkpt>
<trkpt lat="-32.227007" lon="115.793684">
<ele>-5.1</ele>
<time>2026-09-03T09:42:15.918+08:00</time>
<extensions>
<gpxtpx:TrackPointExtension>
<gpxtpx:speed>1.3</gpxtpx:speed>
</gpxtpx:TrackPointExtension>
<opentracks:accuracy_horizontal>2.336</opentracks:accuracy_horizontal></extensions>
</trkpt>
<trkpt lat="-32.227077" lon="115.793763">
<ele>-4.2</ele>
<time>2026-09-03T09:42:23.937+08:00</time>
<extensions>
<gpxtpx:TrackPointExtension>
<gpxtpx:speed>1.31</gpxtpx:speed>
</gpxtpx:TrackPointExtension>
<opentracks:accuracy_horizontal>2.427</opentracks:accuracy_horizontal></extensions>
</trkpt>
<trkpt lat="-32.227163" lon="115.793826">
<ele>-4.1</ele>
<time>2026-09-03T09:42:32.924+08:00</time>
<extensions>
<gpxtpx:TrackPointExtension>
<gpxtpx:speed>1.27</gpxtpx:speed>
</gpxtpx:TrackPointExtension>
<opentracks:accuracy_horizontal>2.431</opentracks:accuracy_horizontal></extensions>
</trkpt>
<trkpt lat="-32.227218" lon="115.793916">
<ele>-2.8</ele>
<time>2026-09-03T09:42:40.926+08:00</time>
<extensions>
<gpxtpx:TrackPointExtension>
<gpxtpx:speed>1.28</gpxtpx:speed>
</gpxtpx:TrackPointExtension>
<opentracks:accuracy_horizontal>2.364</opentracks:accuracy_horizontal></extensions>
</trkpt>
<trkpt lat="-32.227274" lon="115.794002">
<ele>-1.9</ele>
<time>2026-09-03T09:42:49.917+08:00</time>
<extensions>
<gpxtpx:TrackPointExtension>
<gpxtpx:speed>1.19</gpxtpx:speed>
</gpxtpx:TrackPointExtension>
<opentracks:accuracy_horizontal>2.601</opentracks:accuracy_horizontal></extensions>
</trkpt>
<trkpt lat="-32.227329" lon="115.794096">
<ele>-1.6</ele>
<time>2026-09-03T09:42:58.924+08:00</time>
<extensions>
<gpxtpx:TrackPointExtension>
<gpxtpx:speed>1.19</gpxtpx:speed>
</gpxtpx:TrackPointExtension>
<opentracks:accuracy_horizontal>2.633</opentracks:accuracy_horizontal></extensions>
</trkpt>
<trkpt lat="-32.227388" lon="115.79419">
<ele>-2.3</ele>
<time>2026-09-03T09:43:07.921+08:00</time>
<extensions>
<gpxtpx:TrackPointExtension>
<gpxtpx:speed>1.21</gpxtpx:speed>
</gpxtpx:TrackPointExtension>
<opentracks:accuracy_horizontal>2.639</opentracks:accuracy_horizontal></extensions>
</trkpt>
<trkpt lat="-32.227447" lon="115.794286">
<ele>-3.2</ele>
<time>2026-09-03T09:43:17.919+08:00</time>
<extensions>
<gpxtpx:TrackPointExtension>
<gpxtpx:speed>1.14</gpxtpx:speed>
</gpxtpx:TrackPointExtension>
<opentracks:accuracy_horizontal>2.641</opentracks:accuracy_horizontal></extensions>
</trkpt>
<trkpt lat="-32.227506" lon="115.794369">
<ele>-3.2</ele>
<time>2026-09-03T09:43:25.926+08:00</time>
<extensions>
<gpxtpx:TrackPointExtension>
<gpxtpx:speed>1.21</gpxtpx:speed>
</gpxtpx:TrackPointExtension>
<opentracks:accuracy_horizontal>2.716</opentracks:accuracy_horizontal></extensions>
</trkpt>
<trkpt lat="-32.227557" lon="115.794459">
<ele>-4</ele>
<time>2026-09-03T09:43:33.933+08:00</time>
<extensions>
<gpxtpx:TrackPointExtension>
<gpxtpx:speed>1.23</gpxtpx:speed>
</gpxtpx:TrackPointExtension>
<opentracks:accuracy_horizontal>2.656</opentracks:accuracy_horizontal></extensions>
</trkpt>
<trkpt lat="-32.22761" lon="115.794557">
<ele>-6.2</ele>
<time>2026-09-03T09:43:43.935+08:00</time>
<extensions>
<gpxtpx:TrackPointExtension>
<gpxtpx:speed>1.15</gpxtpx:speed>
</gpxtpx:TrackPointExtension>
<opentracks:accuracy_horizontal>2.505</opentracks:accuracy_horizontal></extensions>
</trkpt>
<trkpt lat="-32.227669" lon="115.794648">
<ele>-5.9</ele>
<time>2026-09-03T09:43:52.925+08:00</time>
<extensions>
<gpxtpx:TrackPointExtension>
<gpxtpx:speed>1.16</gpxtpx:speed>
</gpxtpx:TrackPointExtension>
<opentracks:accuracy_horizontal>2.677</opentracks:accuracy_horizontal></extensions>
</trkpt>
<trkpt lat="-32.227719" lon="115.794746">
<ele>-6.2</ele>
<time>2026-09-03T09:44:01.921+08:00</time>
<extensions>
<gpxtpx:TrackPointExtension>
<gpxtpx:speed>1.18</gpxtpx:speed>
</gpxtpx:TrackPointExtension>
<opentracks:accuracy_horizontal>2.651</opentracks:accuracy_horizontal></extensions>
</trkpt>
<trkpt lat="-32.227762" lon="115.794852">
<ele>-5.2</ele>
<time>2026-09-03T09:44:10.928+08:00</time>
<extensions>
<gpxtpx:TrackPointExtension>
<gpxtpx:speed>1.2</gpxtpx:speed>
</gpxtpx:TrackPointExtension>
<opentracks:accuracy_horizontal>2.72</opentracks:accuracy_horizontal></extensions>
</trkpt>
<trkpt lat="-32.227804" lon="115.794952">
<ele>-7.9</ele>
<time>2026-09-03T09:44:20.93+08:00</time>
<extensions>
<gpxtpx:TrackPointExtension>
<gpxtpx:speed>1.09</gpxtpx:speed>
</gpxtpx:TrackPointExtension>
<opentracks:accuracy_horizontal>2.07</opentracks:accuracy_horizontal></extensions>
</trkpt>
<trkpt lat="-32.227849" lon="115.795051">
<ele>-8</ele>
<time>2026-09-03T09:44:28.922+08:00</time>
<extensions>
<gpxtpx:TrackPointExtension>
<gpxtpx:speed>1.2</gpxtpx:speed>
</gpxtpx:TrackPointExtension>
<opentracks:accuracy_horizontal>2.549</opentracks:accuracy_horizontal></extensions>
</trkpt>
<trkpt lat="-32.227875" lon="115.795153">
<ele>-7.2</ele>
<time>2026-09-03T09:44:35.923+08:00</time>
<extensions>
<gpxtpx:TrackPointExtension>
<gpxtpx:speed>1.33</gpxtpx:speed>
</gpxtpx:TrackPointExtension>
<opentracks:accuracy_horizontal>2.442</opentracks:accuracy_horizontal></extensions>
</trkpt>
<trkpt lat="-32.227904" lon="115.795267">
<ele>-8.1</ele>
<time>2026-09-03T09:44:45.93+08:00</time>
<extensions>
<gpxtpx:TrackPointExtension>
<gpxtpx:speed>1.23</gpxtpx:speed>
</gpxtpx:TrackPointExtension>
<opentracks:accuracy_horizontal>2.629</opentracks:accuracy_horizontal></extensions>
</trkpt>
<trkpt lat="-32.227918" lon="115.795381">
<ele>-7.4</ele>
<time>2026-09-03T09:44:53.943+08:00</time>
<extensions>
<gpxtpx:TrackPointExtension>
<gpxtpx:speed>1.32</gpxtpx:speed>
</gpxtpx:TrackPointExtension>
<opentracks:accuracy_horizontal>2.278</opentracks:accuracy_horizontal></extensions>
</trkpt>
<trkpt lat="-32.227932" lon="115.795489">
<ele>-8</ele>
<time>2026-09-03T09:45:01.934+08:00</time>
<extensions>
<gpxtpx:TrackPointExtension>
<gpxtpx:speed>1.3</gpxtpx:speed>
</gpxtpx:TrackPointExtension>
<opentracks:accuracy_horizontal>2.677</opentracks:accuracy_horizontal></extensions>
</trkpt>
<trkpt lat="-32.227954" lon="115.795595">
<ele>-8.1</ele>
<time>2026-09-03T09:45:09.921+08:00</time>
<extensions>
<gpxtpx:TrackPointExtension>
<gpxtpx:speed>1.29</gpxtpx:speed>
</gpxtpx:TrackPointExtension>
<opentracks:accuracy_horizontal>2.682</opentracks:accuracy_horizontal></extensions>
</trkpt>
<trkpt lat="-32.227964" lon="115.79561">
<ele>-9.9</ele>
<time>2026-09-03T09:45:18.937+08:00</time>
<extensions>
<gpxtpx:TrackPointExtension>
<gpxtpx:speed>0.71</gpxtpx:speed>
</gpxtpx:TrackPointExtension>
<opentracks:accuracy_horizontal>2.275</opentracks:accuracy_horizontal></extensions>
</trkpt>
<trkpt lat="-32.227971" lon="115.795722">
<ele>-9.1</ele>
<time>2026-09-03T09:45:26.927+08:00</time>
<extensions>
<gpxtpx:TrackPointExtension>
<gpxtpx:speed>1.38</gpxtpx:speed>
</gpxtpx:TrackPointExtension>
<opentracks:accuracy_horizontal>2.517</opentracks:accuracy_horizontal></extensions>
</trkpt>
<trkpt lat="-32.227993" lon="115.795838">
<ele>-10.1</ele>
<time>2026-09-03T09:45:36.924+08:00</time>
<extensions>
<gpxtpx:TrackPointExtension>
<gpxtpx:speed>1.21</gpxtpx:speed>
</gpxtpx:TrackPointExtension>
<opentracks:accuracy_horizontal>2.667</opentracks:accuracy_horizontal></extensions>
</trkpt>
<trkpt lat="-32.228008" lon="115.795951">
<ele>-9.9</ele>
<time>2026-09-03T09:45:45.934+08:00</time>
<extensions>
<gpxtpx:TrackPointExtension>
<gpxtpx:speed>1.2</gpxtpx:speed>
</gpxtpx:TrackPointExtension>
<opentracks:accuracy_horizontal>2.614</opentracks:accuracy_horizontal></extensions>
</trkpt>
<trkpt lat="-32.228028" lon="115.796066">
<ele>-10.6</ele>
<time>2026-09-03T09:45:54.938+08:00</time>
<extensions>
<gpxtpx:TrackPointExtension>
<gpxtpx:speed>1.19</gpxtpx:speed>
</gpxtpx:TrackPointExtension>
<opentracks:accuracy_horizontal>2.69</opentracks:accuracy_horizontal></extensions>
</trkpt>
<trkpt lat="-32.228031" lon="115.796176">
<ele>-10.8</ele>
<time>2026-09-03T09:46:02.931+08:00</time>
<extensions>
<gpxtpx:TrackPointExtension>
<gpxtpx:speed>1.23</gpxtpx:speed>
</gpxtpx:TrackPointExtension>
<opentracks:accuracy_horizontal>2.52</opentracks:accuracy_horizontal></extensions>
</trkpt>
<trkpt lat="-32.228038" lon="115.796282">
<ele>-9.6</ele>
<time>2026-09-03T09:46:09.923+08:00</time>
<extensions>
<gpxtpx:TrackPointExtension>
<gpxtpx:speed>1.31</gpxtpx:speed>
</gpxtpx:TrackPointExtension>
<opentracks:accuracy_horizontal>2.613</opentracks:accuracy_horizontal></extensions>
</trkpt>
<trkpt lat="-32.228046" lon="115.796402">
<ele>-9.8</ele>
<time>2026-09-03T09:46:18.934+08:00</time>
<extensions>
<gpxtpx:TrackPointExtension>
<gpxtpx:speed>1.3</gpxtpx:speed>
</gpxtpx:TrackPointExtension>
<opentracks:accuracy_horizontal>2.683</opentracks:accuracy_horizontal></extensions>
</trkpt>
<trkpt lat="-32.228051" lon="115.796515">
<ele>-10.4</ele>
<time>2026-09-03T09:46:26.922+08:00</time>
<extensions>
<gpxtpx:TrackPointExtension>
<gpxtpx:speed>1.33</gpxtpx:speed>
</gpxtpx:TrackPointExtension>
<opentracks:accuracy_horizontal>2.755</opentracks:accuracy_horizontal></extensions>
</trkpt>
<trkpt lat="-32.22805" lon="115.796621">
<ele>-9.5</ele>
<time>2026-09-03T09:46:33.932+08:00</time>
<extensions>
<gpxtpx:TrackPointExtension>
<gpxtpx:speed>1.37</gpxtpx:speed>
</gpxtpx:TrackPointExtension>
<opentracks:accuracy_horizontal>2.758</opentracks:accuracy_horizontal></extensions>
</trkpt>
<trkpt lat="-32.22805" lon="115.796729">
<ele>-10.3</ele>
<time>2026-09-03T09:46:41.897+08:00</time>
<extensions>
<gpxtpx:TrackPointExtension>
<gpxtpx:speed>1.32</gpxtpx:speed>
</gpxtpx:TrackPointExtension>
<opentracks:accuracy_horizontal>2.725</opentracks:accuracy_horizontal></extensions>
</trkpt>
<trkpt lat="-32.228066" lon="115.796837">
<ele>-12.7</ele>
<time>2026-09-03T09:46:51.92+08:00</time>
<extensions>
<gpxtpx:TrackPointExtension>
<gpxtpx:speed>1.19</gpxtpx:speed>
</gpxtpx:TrackPointExtension>
<opentracks:accuracy_horizontal>1.138</opentracks:accuracy_horizontal></extensions>
</trkpt>
<trkpt lat="-32.228071" lon="115.796947">
<ele>-13.1</ele>
<time>2026-09-03T09:47:00.914+08:00</time>
<extensions>
<gpxtpx:TrackPointExtension>
<gpxtpx:speed>1.17</gpxtpx:speed>
</gpxtpx:TrackPointExtension>
<opentracks:accuracy_horizontal>1.21</opentracks:accuracy_horizontal></extensions>
</trkpt>
<trkpt lat="-32.228078" lon="115.797057">
<ele>-13.6</ele>
<time>2026-09-03T09:47:09.925+08:00</time>
<extensions>
<gpxtpx:TrackPointExtension>
<gpxtpx:speed>1.16</gpxtpx:speed>
</gpxtpx:TrackPointExtension>
<opentracks:accuracy_horizontal>1.532</opentracks:accuracy_horizontal></extensions>
</trkpt>
<trkpt lat="-32.228083" lon="115.797174">
<ele>-14</ele>
<time>2026-09-03T09:47:18.923+08:00</time>
<extensions>
<gpxtpx:TrackPointExtension>
<gpxtpx:speed>1.2</gpxtpx:speed>
</gpxtpx:TrackPointExtension>
<opentracks:accuracy_horizontal>1.385</opentracks:accuracy_horizontal></extensions>
</trkpt>
<trkpt lat="-32.228086" lon="115.797281">
<ele>-13.6</ele>
<time>2026-09-03T09:47:26.921+08:00</time>
<extensions>
<gpxtpx:TrackPointExtension>
<gpxtpx:speed>1.23</gpxtpx:speed>
</gpxtpx:TrackPointExtension>
<opentracks:accuracy_horizontal>1.285</opentracks:accuracy_horizontal></extensions>
</trkpt>
<trkpt lat="-32.228092" lon="115.797393">
<ele>-14.1</ele>
<time>2026-09-03T09:47:35.925+08:00</time>
<extensions>
<gpxtpx:TrackPointExtension>
<gpxtpx:speed>1.2</gpxtpx:speed>
</gpxtpx:TrackPointExtension>
<opentracks:accuracy_horizontal>1.666</opentracks:accuracy_horizontal></extensions>
</trkpt>
<trkpt lat="-32.228099" lon="115.79751">
<ele>-14</ele>
<time>2026-09-03T09:47:44.921+08:00</time>
<extensions>
<gpxtpx:TrackPointExtension>
<gpxtpx:speed>1.25</gpxtpx:speed>
</gpxtpx:TrackPointExtension>
<opentracks:accuracy_horizontal>2.225</opentracks:accuracy_horizontal></extensions>
</trkpt>
<trkpt lat="-32.228092" lon="115.797627">
<ele>-14.7</ele>
<time>2026-09-03T09:47:53.938+08:00</time>
<extensions>
<gpxtpx:TrackPointExtension>
<gpxtpx:speed>1.23</gpxtpx:speed>
</gpxtpx:TrackPointExtension>
<opentracks:accuracy_horizontal>2.278</opentracks:accuracy_horizontal></extensions>
</trkpt>
<trkpt lat="-32.228068" lon="115.797732">
<ele>-15.3</ele>
<time>2026-09-03T09:48:01.933+08:00</time>
<extensions>
<gpxtpx:TrackPointExtension>
<gpxtpx:speed>1.25</gpxtpx:speed>
</gpxtpx:TrackPointExtension>
<opentracks:accuracy_horizontal>2.35</opentracks:accuracy_horizontal></extensions>
</trkpt>
<trkpt lat="-32.228073" lon="115.797775">
<ele>-15.1</ele>
<time>2026-09-03T09:48:10.932+08:00</time>
<extensions>
<gpxtpx:TrackPointExtension>
<gpxtpx:speed>0.08</gpxtpx:speed>
</gpxtpx:TrackPointExtension>
<opentracks:accuracy_horizontal>1.887</opentracks:accuracy_horizontal></extensions>
</trkpt>
<trkpt lat="-32.228058" lon="115.797885">
<ele>-15.7</ele>
<time>2026-09-03T09:48:30.921+08:00</time>
<extensions>
<gpxtpx:TrackPointExtension>
<gpxtpx:speed>1.45</gpxtpx:speed>
</gpxtpx:TrackPointExtension>
<opentracks:accuracy_horizontal>1.616</opentracks:accuracy_horizontal></extensions>
</trkpt>
<trkpt lat="-32.22809" lon="115.79799">
<ele>-15.6</ele>
<time>2026-09-03T09:48:38.92+08:00</time>
<extensions>
<gpxtpx:TrackPointExtension>
<gpxtpx:speed>1.35</gpxtpx:speed>
</gpxtpx:TrackPointExtension>
<opentracks:accuracy_horizontal>1.975</opentracks:accuracy_horizontal></extensions>
</trkpt>
<trkpt lat="-32.228094" lon="115.798102">
<ele>-15.5</ele>
<time>2026-09-03T09:48:46.924+08:00</time>
<extensions>
<gpxtpx:TrackPointExtension>
<gpxtpx:speed>1.34</gpxtpx:speed>
</gpxtpx:TrackPointExtension>
<opentracks:accuracy_horizontal>1.47</opentracks:accuracy_horizontal></extensions>
</trkpt>
<trkpt lat="-32.228079" lon="115.798209">
<ele>-15.3</ele>
<time>2026-09-03T09:48:54.937+08:00</time>
<extensions>
<gpxtpx:TrackPointExtension>
<gpxtpx:speed>1.31</gpxtpx:speed>
</gpxtpx:TrackPointExtension>
<opentracks:accuracy_horizontal>2.106</opentracks:accuracy_horizontal></extensions>
</trkpt>
<trkpt lat="-32.228082" lon="115.798321">
<ele>-15.4</ele>
<time>2026-09-03T09:49:02.93+08:00</time>
<extensions>
<gpxtpx:TrackPointExtension>
<gpxtpx:speed>1.31</gpxtpx:speed>
</gpxtpx:TrackPointExtension>
<opentracks:accuracy_horizontal>2.077</opentracks:accuracy_horizontal></extensions>
</trkpt>
<trkpt lat="-32.228078" lon="115.798437">
<ele>-16</ele>
<time>2026-09-03T09:49:10.93+08:00</time>
<extensions>
<gpxtpx:TrackPointExtension>
<gpxtpx:speed>1.34</gpxtpx:speed>
</gpxtpx:TrackPointExtension>
<opentracks:accuracy_horizontal>1.806</opentracks:accuracy_horizontal></extensions>
</trkpt>
<trkpt lat="-32.228079" lon="115.798548">
<ele>-15.7</ele>
<time>2026-09-03T09:49:18.935+08:00</time>
<extensions>
<gpxtpx:TrackPointExtension>
<gpxtpx:speed>1.32</gpxtpx:speed>
</gpxtpx:TrackPointExtension>
<opentracks:accuracy_horizontal>1.39</opentracks:accuracy_horizontal></extensions>
</trkpt>
<trkpt lat="-32.228088" lon="115.798659">
<ele>-15.5</ele>
<time>2026-09-03T09:49:26.94+08:00</time>
<extensions>
<gpxtpx:TrackPointExtension>
<gpxtpx:speed>1.33</gpxtpx:speed>
</gpxtpx:TrackPointExtension>
<opentracks:accuracy_horizontal>1.789</opentracks:accuracy_horizontal></extensions>
</trkpt>
<trkpt lat="-32.228112" lon="115.798777">
<ele>-15.5</ele>
<time>2026-09-03T09:49:34.935+08:00</time>
<extensions>
<gpxtpx:TrackPointExtension>
<gpxtpx:speed>1.37</gpxtpx:speed>
</gpxtpx:TrackPointExtension>
<opentracks:accuracy_horizontal>1.952</opentracks:accuracy_horizontal></extensions>
</trkpt>
<trkpt lat="-32.228122" lon="115.798885">
<ele>-15.2</ele>
<time>2026-09-03T09:49:42.913+08:00</time>
<extensions>
<gpxtpx:TrackPointExtension>
<gpxtpx:speed>1.33</gpxtpx:speed>
</gpxtpx:TrackPointExtension>
<opentracks:accuracy_horizontal>1.659</opentracks:accuracy_horizontal></extensions>
</trkpt>
<trkpt lat="-32.228106" lon="115.798995">
<ele>-15.2</ele>
<time>2026-09-03T09:49:50.942+08:00</time>
<extensions>
<gpxtpx:TrackPointExtension>
<gpxtpx:speed>1.32</gpxtpx:speed>
</gpxtpx:TrackPointExtension>
<opentracks:accuracy_horizontal>1.609</opentracks:accuracy_horizontal></extensions>
</trkpt>
<trkpt lat="-32.228106" lon="115.799113">
<ele>-15.5</ele>
<time>2026-09-03T09:49:59.936+08:00</time>
<extensions>
<gpxtpx:TrackPointExtension>
<gpxtpx:speed>1.29</gpxtpx:speed>
</gpxtpx:TrackPointExtension>
<opentracks:accuracy_horizontal>2.494</opentracks:accuracy_horizontal></extensions>
</trkpt>
<trkpt lat="-32.228116" lon="115.799221">
<ele>-15.5</ele>
<time>2026-09-03T09:50:08.927+08:00</time>
<extensions>
<gpxtpx:TrackPointExtension>
<gpxtpx:speed>1.19</gpxtpx:speed>
</gpxtpx:TrackPointExtension>
<opentracks:accuracy_horizontal>2.399</opentracks:accuracy_horizontal></extensions>
</trkpt>
<trkpt lat="-32.228103" lon="115.799332">
<ele>-14.2</ele>
<time>2026-09-03T09:50:16.908+08:00</time>
<extensions>
<gpxtpx:TrackPointExtension>
<gpxtpx:speed>1.23</gpxtpx:speed>
</gpxtpx:TrackPointExtension>
<opentracks:accuracy_horizontal>2.602</opentracks:accuracy_horizontal></extensions>
</trkpt>
<trkpt lat="-32.228101" lon="115.79944">
<ele>-14</ele>
<time>2026-09-03T09:50:24.928+08:00</time>
<extensions>
<gpxtpx:TrackPointExtension>
<gpxtpx:speed>1.21</gpxtpx:speed>
</gpxtpx:TrackPointExtension>
<opentracks:accuracy_horizontal>2.5</opentracks:accuracy_horizontal></extensions>
</trkpt>
<trkpt lat="-32.228096" lon="115.799556">
<ele>-15.2</ele>
<time>2026-09-03T09:50:33.922+08:00</time>
<extensions>
<gpxtpx:TrackPointExtension>
<gpxtpx:speed>1.19</gpxtpx:speed>
</gpxtpx:TrackPointExtension>
<opentracks:accuracy_horizontal>2.428</opentracks:accuracy_horizontal></extensions>
</trkpt>
<trkpt lat="-32.228111" lon="115.799672">
<ele>-13.8</ele>
<time>2026-09-03T09:50:42.927+08:00</time>
<extensions>
<gpxtpx:TrackPointExtension>
<gpxtpx:speed>1.18</gpxtpx:speed>
</gpxtpx:TrackPointExtension>
<opentracks:accuracy_horizontal>2.038</opentracks:accuracy_horizontal></extensions>
</trkpt>
<trkpt lat="-32.228171" lon="115.799723">
<ele>-15.4</ele>
<time>2026-09-03T09:50:52.924+08:00</time>
<extensions>
<gpxtpx:TrackPointExtension>
<gpxtpx:speed>1.16</gpxtpx:speed>
</gpxtpx:TrackPointExtension>
<opentracks:accuracy_horizontal>2.474</opentracks:accuracy_horizontal></extensions>
</trkpt>
<trkpt lat="-32.22824" lon="115.799792">
<ele>-15.3</ele>
<time>2026-09-03T09:51:05.915+08:00</time>
<extensions>
<gpxtpx:TrackPointExtension>
<gpxtpx:speed>1.13</gpxtpx:speed>
</gpxtpx:TrackPointExtension>
<opentracks:accuracy_horizontal>2.518</opentracks:accuracy_horizontal></extensions>
</trkpt>
<trkpt lat="-32.228308" lon="115.799853">
<ele>-14.7</ele>
<time>2026-09-03T09:51:15.929+08:00</time>
<extensions>
<gpxtpx:TrackPointExtension>
<gpxtpx:speed>1.13</gpxtpx:speed>
</gpxtpx:TrackPointExtension>
<opentracks:accuracy_horizontal>2.406</opentracks:accuracy_horizontal></extensions>
</trkpt>
<trkpt lat="-32.228348" lon="115.799757">
<ele>-14.7</ele>
<time>2026-09-03T09:51:25.929+08:00</time>
<extensions>
<gpxtpx:TrackPointExtension>
<gpxtpx:speed>1.05</gpxtpx:speed>
</gpxtpx:TrackPointExtension>
<opentracks:accuracy_horizontal>2.522</opentracks:accuracy_horizontal></extensions>
</trkpt>
<trkpt lat="-32.228398" lon="115.799727">
<ele>-13.7</ele>
<time>2026-09-03T09:51:35.939+08:00</time>
<extensions>
<gpxtpx:TrackPointExtension>
<gpxtpx:speed>0.47</gpxtpx:speed>
</gpxtpx:TrackPointExtension>
<opentracks:accuracy_horizontal>2.656</opentracks:accuracy_horizontal></extensions>
</trkpt>
<trkpt lat="-32.228487" lon="115.799696">
<ele>-12.9</ele>
<time>2026-09-03T09:51:48.92+08:00</time>
<extensions>
<gpxtpx:TrackPointExtension>
<gpxtpx:speed>0.79</gpxtpx:speed>
</gpxtpx:TrackPointExtension>
<opentracks:accuracy_horizontal>2.6</opentracks:accuracy_horizontal></extensions>
</trkpt>
<trkpt lat="-32.228545" lon="115.799649">
<ele>-13.1</ele>
<time>2026-09-03T09:51:57.931+08:00</time>
<extensions>
<gpxtpx:TrackPointExtension>
<gpxtpx:speed>0.89</gpxtpx:speed>
</gpxtpx:TrackPointExtension>
<opentracks:accuracy_horizontal>2.769</opentracks:accuracy_horizontal></extensions>
</trkpt>
<trkpt lat="-32.228634" lon="115.799676">
<ele>-11.7</ele>
<time>2026-09-03T09:52:10.927+08:00</time>
<extensions>
<gpxtpx:TrackPointExtension>
<gpxtpx:speed>0.9</gpxtpx:speed>
</gpxtpx:TrackPointExtension>
<opentracks:accuracy_horizontal>2.639</opentracks:accuracy_horizontal></extensions>
</trkpt>
<trkpt lat="-32.228673" lon="115.799641">
<ele>-8.7</ele>
<time>2026-09-03T09:52:20.914+08:00</time>
<extensions>
<gpxtpx:TrackPointExtension>
<gpxtpx:speed>0.17</gpxtpx:speed>
</gpxtpx:TrackPointExtension>
<opentracks:accuracy_horizontal>2.854</opentracks:accuracy_horizontal></extensions>
</trkpt>
<trkpt lat="-32.228762" lon="115.799658">
<ele>-10</ele>
<time>2026-09-03T09:52:29.934+08:00</time>
<extensions>
<gpxtpx:TrackPointExtension>
<gpxtpx:speed>0.96</gpxtpx:speed>
</gpxtpx:TrackPointExtension>
<opentracks:accuracy_horizontal>2.541</opentracks:accuracy_horizontal></extensions>
</trkpt>
<trkpt lat="-32.228842" lon="115.799685">
<ele>-10.1</ele>
<time>2026-09-03T09:52:39.93+08:00</time>
<extensions>
<gpxtpx:TrackPointExtension>
<gpxtpx:speed>1.02</gpxtpx:speed>
</gpxtpx:TrackPointExtension>
<opentracks:accuracy_horizontal>2.628</opentracks:accuracy_horizontal></extensions>
</trkpt>
<trkpt lat="-32.228918" lon="115.799625">
<ele>-9.5</ele>
<time>2026-09-03T09:52:48.922+08:00</time>
<extensions>
<gpxtpx:TrackPointExtension>
<gpxtpx:speed>1.04</gpxtpx:speed>
</gpxtpx:TrackPointExtension>
<opentracks:accuracy_horizontal>2.547</opentracks:accuracy_horizontal></extensions>
</trkpt>
<trkpt lat="-32.228968" lon="115.799666">
<ele>-10.5</ele>
<time>2026-09-03T09:52:57.931+08:00</time>
<extensions>
<gpxtpx:TrackPointExtension>
<gpxtpx:speed>0.98</gpxtpx:speed>
</gpxtpx:TrackPointExtension>
<opentracks:accuracy_horizontal>2.538</opentracks:accuracy_horizontal></extensions>
</trkpt>
<trkpt lat="-32.229061" lon="115.799684">
<ele>-10.4</ele>
<time>2026-09-03T09:53:14.937+08:00</time>
<extensions>
<gpxtpx:TrackPointExtension>
<gpxtpx:speed>0.72</gpxtpx:speed>
</gpxtpx:TrackPointExtension>
<opentracks:accuracy_horizontal>2.527</opentracks:accuracy_horizontal></extensions>
</trkpt>
<trkpt lat="-32.229113" lon="115.799696">
<ele>-10.9</ele>
<time>2026-09-03T09:53:24.929+08:00</time>
<extensions>
<gpxtpx:TrackPointExtension>
<gpxtpx:speed>0.79</gpxtpx:speed>
</gpxtpx:TrackPointExtension>
<opentracks:accuracy_horizontal>2.553</opentracks:accuracy_horizontal></extensions>
</trkpt>
<trkpt lat="-32.229201" lon="115.799736">
<ele>-12.3</ele>
<time>2026-09-03T09:53:38.935+08:00</time>
<extensions>
<gpxtpx:TrackPointExtension>
<gpxtpx:speed>0.88</gpxtpx:speed>
</gpxtpx:TrackPointExtension>
<opentracks:accuracy_horizontal>2.496</opentracks:accuracy_horizontal></extensions>
</trkpt>
<trkpt lat="-32.229259" lon="115.79972">
<ele>-11.9</ele>
<time>2026-09-03T09:53:48.925+08:00</time>
<extensions>
<gpxtpx:TrackPointExtension>
<gpxtpx:speed>0.81</gpxtpx:speed>
</gpxtpx:TrackPointExtension>
<opentracks:accuracy_horizontal>2.709</opentracks:accuracy_horizontal></extensions>
</trkpt>
<trkpt lat="-32.22935" lon="115.799714">
<ele>-11.4</ele>
<time>2026-09-03T09:53:58.929+08:00</time>
<extensions>
<gpxtpx:TrackPointExtension>
<gpxtpx:speed>0.91</gpxtpx:speed>
</gpxtpx:TrackPointExtension>
<opentracks:accuracy_horizontal>2.564</opentracks:accuracy_horizontal></extensions>
</trkpt>
<trkpt lat="-32.229395" lon="115.799718">
<ele>-11.9</ele>
<time>2026-09-03T09:54:08.933+08:00</time>
<extensions>
<gpxtpx:TrackPointExtension>
<gpxtpx:speed>0.37</gpxtpx:speed>
</gpxtpx:TrackPointExtension>
<opentracks:accuracy_horizontal>2.562</opentracks:accuracy_horizontal></extensions>
</trkpt>
<trkpt lat="-32.229484" lon="115.799754">
<ele>-12.3</ele>
<time>2026-09-03T09:54:17.929+08:00</time>
<extensions>
<gpxtpx:TrackPointExtension>
<gpxtpx:speed>1.07</gpxtpx:speed>
</gpxtpx:TrackPointExtension>
<opentracks:accuracy_horizontal>2.367</opentracks:accuracy_horizontal></extensions>
</trkpt>
<trkpt lat="-32.229564" lon="115.799741">
<ele>-14</ele>
<time>2026-09-03T09:54:27.93+08:00</time>
<extensions>
<gpxtpx:TrackPointExtension>
<gpxtpx:speed>0.95</gpxtpx:speed>
</gpxtpx:TrackPointExtension>
<opentracks:accuracy_horizontal>2.623</opentracks:accuracy_horizontal></extensions>
</trkpt>
<trkpt lat="-32.229618" lon="115.799832">
<ele>-11.5</ele>
<time>2026-09-03T09:54:43.929+08:00</time>
<extensions>
<gpxtpx:TrackPointExtension>
<gpxtpx:speed>1.05</gpxtpx:speed>
</gpxtpx:TrackPointExtension>
<opentracks:accuracy_horizontal>2.544</opentracks:accuracy_horizontal></extensions>
</trkpt>
<trkpt lat="-32.229671" lon="115.799838">
<ele>-13.8</ele>
<time>2026-09-03T09:54:53.926+08:00</time>
<extensions>
<gpxtpx:TrackPointExtension>
<gpxtpx:speed>0.89</gpxtpx:speed>
</gpxtpx:TrackPointExtension>
<opentracks:accuracy_horizontal>2.681</opentracks:accuracy_horizontal></extensions>
</trkpt>
<trkpt lat="-32.229759" lon="115.799787">
<ele>-15.8</ele>
<time>2026-09-03T09:55:29.909+08:00</time>
<extensions>
<gpxtpx:TrackPointExtension>
<gpxtpx:speed>0.88</gpxtpx:speed>
</gpxtpx:TrackPointExtension>
<opentracks:accuracy_horizontal>2.916</opentracks:accuracy_horizontal></extensions>
</trkpt>
<trkpt lat="-32.229809" lon="115.799753">
<ele>-15.4</ele>
<time>2026-09-03T09:55:39.907+08:00</time>
<extensions>
<gpxtpx:TrackPointExtension>
<gpxtpx:speed>0.36</gpxtpx:speed>
</gpxtpx:TrackPointExtension>
<opentracks:accuracy_horizontal>2.639</opentracks:accuracy_horizontal></extensions>
</trkpt>
<trkpt lat="-32.229797" lon="115.799867">
<ele>-15.8</ele>
<time>2026-09-03T09:56:02.941+08:00</time>
<extensions>
<gpxtpx:TrackPointExtension>
<gpxtpx:speed>0.81</gpxtpx:speed>
</gpxtpx:TrackPointExtension>
<opentracks:accuracy_horizontal>2.349</opentracks:accuracy_horizontal></extensions>
</trkpt>
<trkpt lat="-32.229848" lon="115.799908">
<ele>-16.3</ele>
<time>2026-09-03T09:56:12.926+08:00</time>
<extensions>
<gpxtpx:TrackPointExtension>
<gpxtpx:speed>0.73</gpxtpx:speed>
</gpxtpx:TrackPointExtension>
<opentracks:accuracy_horizontal>2.491</opentracks:accuracy_horizontal></extensions>
</trkpt>
<trkpt lat="-32.229942" lon="115.799951">
<ele>-16</ele>
<time>2026-09-03T09:56:23.937+08:00</time>
<extensions>
<gpxtpx:TrackPointExtension>
<gpxtpx:speed>1.01</gpxtpx:speed>
</gpxtpx:TrackPointExtension>
<opentracks:accuracy_horizontal>2.376</opentracks:accuracy_horizontal></extensions>
</trkpt>
<trkpt lat="-32.230029" lon="115.799961">
<ele>-15.3</ele>
<time>2026-09-03T09:56:33.952+08:00</time>
<extensions>
<gpxtpx:TrackPointExtension>
<gpxtpx:speed>1.01</gpxtpx:speed>
</gpxtpx:TrackPointExtension>
<opentracks:accuracy_horizontal>2.531</opentracks:accuracy_horizontal></extensions>
</trkpt>
<trkpt lat="-32.230116" lon="115.799927">
<ele>-15.7</ele>
<time>2026-09-03T09:56:44.931+08:00</time>
<extensions>
<gpxtpx:TrackPointExtension>
<gpxtpx:speed>0.94</gpxtpx:speed>
</gpxtpx:TrackPointExtension>
<opentracks:accuracy_horizontal>2.507</opentracks:accuracy_horizontal></extensions>
</trkpt>
<trkpt lat="-32.230194" lon="115.799957">
<ele>-16</ele>
<time>2026-09-03T09:56:54.931+08:00</time>
<extensions>
<gpxtpx:TrackPointExtension>
<gpxtpx:speed>0.94</gpxtpx:speed>
</gpxtpx:TrackPointExtension>
<opentracks:accuracy_horizontal>2.581</opentracks:accuracy_horizontal></extensions>
</trkpt>
<trkpt lat="-32.230281" lon="115.800004">
<ele>-15.5</ele>
<time>2026-09-03T09:57:03.931+08:00</time>
<extensions>
<gpxtpx:TrackPointExtension>
<gpxtpx:speed>1.07</gpxtpx:speed>
</gpxtpx:TrackPointExtension>
<opentracks:accuracy_horizontal>1.852</opentracks:accuracy_horizontal></extensions>
</trkpt>
<trkpt lat="-32.230337" lon="115.800073">
<ele>-16.2</ele>
<time>2026-09-03T09:57:13.937+08:00</time>
<extensions>
<gpxtpx:TrackPointExtension>
<gpxtpx:speed>0.97</gpxtpx:speed>
</gpxtpx:TrackPointExtension>
<opentracks:accuracy_horizontal>2.59</opentracks:accuracy_horizontal></extensions>
</trkpt>
<trkpt lat="-32.230422" lon="115.800024">
<ele>-14.5</ele>
<time>2026-09-03T09:57:34.916+08:00</time>
<extensions>
<gpxtpx:TrackPointExtension>
<gpxtpx:speed>1</gpxtpx:speed>
</gpxtpx:TrackPointExtension>
<opentracks:accuracy_horizontal>2.544</opentracks:accuracy_horizontal></extensions>
</trkpt>
<trkpt lat="-32.230477" lon="115.799951">
<ele>-15.9</ele>
<time>2026-09-03T09:57:43.926+08:00</time>
<extensions>
<gpxtpx:TrackPointExtension>
<gpxtpx:speed>1.01</gpxtpx:speed>
</gpxtpx:TrackPointExtension>
<opentracks:accuracy_horizontal>2.68</opentracks:accuracy_horizontal></extensions>
</trkpt>
<trkpt lat="-32.230532" lon="115.799862">
<ele>-16.6</ele>
<time>2026-09-03T09:57:52.925+08:00</time>
<extensions>
<gpxtpx:TrackPointExtension>
<gpxtpx:speed>1.07</gpxtpx:speed>
</gpxtpx:TrackPointExtension>
<opentracks:accuracy_horizontal>2.49</opentracks:accuracy_horizontal></extensions>
</trkpt>
<trkpt lat="-32.230493" lon="115.799839">
<ele>-15.9</ele>
<time>2026-09-03T09:58:02.941+08:00</time>
<extensions>
<gpxtpx:TrackPointExtension>
<gpxtpx:speed>0.07</gpxtpx:speed>
</gpxtpx:TrackPointExtension>
<opentracks:accuracy_horizontal>2.14</opentracks:accuracy_horizontal></extensions>
</trkpt>
<trkpt lat="-32.230592" lon="115.79982">
<ele>-16</ele>
<time>2026-09-03T09:58:13.934+08:00</time>
<extensions>
<gpxtpx:TrackPointExtension>
<gpxtpx:speed>1.36</gpxtpx:speed>
</gpxtpx:TrackPointExtension>
<opentracks:accuracy_horizontal>2.561</opentracks:accuracy_horizontal></extensions>
</trkpt>
<trkpt lat="-32.230684" lon="115.799777">
<ele>-15.8</ele>
<time>2026-09-03T09:58:22.939+08:00</time>
<extensions>
<gpxtpx:TrackPointExtension>
<gpxtpx:speed>1.21</gpxtpx:speed>
</gpxtpx:TrackPointExtension>
<opentracks:accuracy_horizontal>2.853</opentracks:accuracy_horizontal></extensions>
</trkpt>
<trkpt lat="-32.230756" lon="115.799706">
<ele>-15.8</ele>
<time>2026-09-03T09:58:31.935+08:00</time>
<extensions>
<gpxtpx:TrackPointExtension>
<gpxtpx:speed>1.17</gpxtpx:speed>
</gpxtpx:TrackPointExtension>
<opentracks:accuracy_horizontal>2.719</opentracks:accuracy_horizontal></extensions>
</trkpt>
<trkpt lat="-32.23081" lon="115.79962">
<ele>-15.8</ele>
<time>2026-09-03T09:58:40.939+08:00</time>
<extensions>
<gpxtpx:TrackPointExtension>
<gpxtpx:speed>1.11</gpxtpx:speed>
</gpxtpx:TrackPointExtension>
<opentracks:accuracy_horizontal>2.695</opentracks:accuracy_horizontal></extensions>
</trkpt>
<trkpt lat="-32.230869" lon="115.799557">
<ele>-17.9</ele>
<time>2026-09-03T09:58:50.927+08:00</time>
<extensions>
<gpxtpx:TrackPointExtension>
<gpxtpx:speed>1.01</gpxtpx:speed>
</gpxtpx:TrackPointExtension>
<opentracks:accuracy_horizontal>2.952</opentracks:accuracy_horizontal></extensions>
</trkpt>
<trkpt lat="-32.230942" lon="115.79963">
<ele>-21.5</ele>
<time>2026-09-03T09:59:29.933+08:00</time>
<extensions>
<gpxtpx:TrackPointExtension>
<gpxtpx:speed>0.91</gpxtpx:speed>
</gpxtpx:TrackPointExtension>
<opentracks:accuracy_horizontal>3.338</opentracks:accuracy_horizontal></extensions>
</trkpt>
<trkpt lat="-32.231048" lon="115.799641">
<ele>-22.4</ele>
<time>2026-09-03T09:59:37.94+08:00</time>
<extensions>
<gpxtpx:TrackPointExtension>
<gpxtpx:speed>1.35</gpxtpx:speed>
</gpxtpx:TrackPointExtension>
<opentracks:accuracy_horizontal>2.956</opentracks:accuracy_horizontal></extensions>
</trkpt>
<trkpt lat="-32.23114" lon="115.799611">
<ele>-20.9</ele>
<time>2026-09-03T09:59:45.937+08:00</time>
<extensions>
<gpxtpx:TrackPointExtension>
<gpxtpx:speed>1.29</gpxtpx:speed>
</gpxtpx:TrackPointExtension>
<opentracks:accuracy_horizontal>2.541</opentracks:accuracy_horizontal></extensions>
</trkpt>
<trkpt lat="-32.231213" lon="115.799541">
<ele>-21.1</ele>
<time>2026-09-03T09:59:54.941+08:00</time>
<extensions>
<gpxtpx:TrackPointExtension>
<gpxtpx:speed>1.18</gpxtpx:speed>
</gpxtpx:TrackPointExtension>
<opentracks:accuracy_horizontal>2.426</opentracks:accuracy_horizontal></extensions>
</trkpt>
<trkpt lat="-32.231289" lon="115.799469">
<ele>-22</ele>
<time>2026-09-03T10:00:03.942+08:00</time>
<extensions>
<gpxtpx:TrackPointExtension>
<gpxtpx:speed>1.17</gpxtpx:speed>
</gpxtpx:TrackPointExtension>
<opentracks:accuracy_horizontal>2.473</opentracks:accuracy_horizontal></extensions>
</trkpt>
<trkpt lat="-32.231367" lon="115.7994">
<ele>-23.4</ele>
<time>2026-09-03T10:00:12.912+08:00</time>
<extensions>
<gpxtpx:TrackPointExtension>
<gpxtpx:speed>1.14</gpxtpx:speed>
</gpxtpx:TrackPointExtension>
<opentracks:accuracy_horizontal>2.384</opentracks:accuracy_horizontal></extensions>
</trkpt>
<trkpt lat="-32.23145" lon="115.799406">
<ele>-23.9</ele>
<time>2026-09-03T10:00:22.929+08:00</time>
<extensions>
<gpxtpx:TrackPointExtension>
<gpxtpx:speed>0.99</gpxtpx:speed>
</gpxtpx:TrackPointExtension>
<opentracks:accuracy_horizontal>2.408</opentracks:accuracy_horizontal></extensions>
</trkpt>
<trkpt lat="-32.231549" lon="115.799409">
<ele>-25.7</ele>
<time>2026-09-03T10:00:31.934+08:00</time>
<extensions>
<gpxtpx:TrackPointExtension>
<gpxtpx:speed>1.12</gpxtpx:speed>
</gpxtpx:TrackPointExtension>
<opentracks:accuracy_horizontal>2.068</opentracks:accuracy_horizontal></extensions>
</trkpt>
<trkpt lat="-32.231644" lon="115.799393">
<ele>-25.3</ele>
<time>2026-09-03T10:00:39.946+08:00</time>
<extensions>
<gpxtpx:TrackPointExtension>
<gpxtpx:speed>1.22</gpxtpx:speed>
</gpxtpx:TrackPointExtension>
<opentracks:accuracy_horizontal>2.332</opentracks:accuracy_horizontal></extensions>
</trkpt>
<trkpt lat="-32.231741" lon="115.799401">
<ele>-25.4</ele>
<time>2026-09-03T10:00:49.948+08:00</time>
<extensions>
<gpxtpx:TrackPointExtension>
<gpxtpx:speed>1.1</gpxtpx:speed>
</gpxtpx:TrackPointExtension>
<opentracks:accuracy_horizontal>2.556</opentracks:accuracy_horizontal></extensions>
</trkpt>
<trkpt lat="-32.231839" lon="115.799389">
<ele>-24.1</ele>
<time>2026-09-03T10:00:58.934+08:00</time>
<extensions>
<gpxtpx:TrackPointExtension>
<gpxtpx:speed>1.11</gpxtpx:speed>
</gpxtpx:TrackPointExtension>
<opentracks:accuracy_horizontal>2.756</opentracks:accuracy_horizontal></extensions>
</trkpt>
<trkpt lat="-32.231883" lon="115.799394">
<ele>-24.6</ele>
<time>2026-09-03T10:01:08.935+08:00</time>
<extensions>
<gpxtpx:TrackPointExtension>
<gpxtpx:speed>0.04</gpxtpx:speed>
</gpxtpx:TrackPointExtension>
<opentracks:accuracy_horizontal>1.906</opentracks:accuracy_horizontal></extensions>
</trkpt>
<trkpt lat="-32.231974" lon="115.799398">
<ele>-24.9</ele>
<time>2026-09-03T10:01:24.943+08:00</time>
<extensions>
<gpxtpx:TrackPointExtension>
<gpxtpx:speed>1.38</gpxtpx:speed>
</gpxtpx:TrackPointExtension>
<opentracks:accuracy_horizontal>2.644</opentracks:accuracy_horizontal></extensions>
</trkpt>
<trkpt lat="-32.232065" lon="115.799425">
<ele>-25.6</ele>
<time>2026-09-03T10:01:32.938+08:00</time>
<extensions>
<gpxtpx:TrackPointExtension>
<gpxtpx:speed>1.32</gpxtpx:speed>
</gpxtpx:TrackPointExtension>
<opentracks:accuracy_horizontal>2.464</opentracks:accuracy_horizontal></extensions>
</trkpt>
<trkpt lat="-32.232138" lon="115.799487">
<ele>-26.7</ele>
<time>2026-09-03T10:01:39.941+08:00</time>
<extensions>
<gpxtpx:TrackPointExtension>
<gpxtpx:speed>1.38</gpxtpx:speed>
</gpxtpx:TrackPointExtension>
<opentracks:accuracy_horizontal>2.358</opentracks:accuracy_horizontal></extensions>
</trkpt>
<trkpt lat="-32.232192" lon="115.799587">
<ele>-25.9</ele>
<time>2026-09-03T10:01:47.955+08:00</time>
<extensions>
<gpxtpx:TrackPointExtension>
<gpxtpx:speed>1.37</gpxtpx:speed>
</gpxtpx:TrackPointExtension>
<opentracks:accuracy_horizontal>2.552</opentracks:accuracy_horizontal></extensions>
</trkpt>
<trkpt lat="-32.232263" lon="115.799667">
<ele>-26.3</ele>
<time>2026-09-03T10:01:56.944+08:00</time>
<extensions>
<gpxtpx:TrackPointExtension>
<gpxtpx:speed>1.27</gpxtpx:speed>
</gpxtpx:TrackPointExtension>
<opentracks:accuracy_horizontal>2.812</opentracks:accuracy_horizontal></extensions>
</trkpt>
<trkpt lat="-32.232293" lon="115.799701">
<ele>-25.3</ele>
<time>2026-09-03T10:02:06.939+08:00</time>
<extensions>
<gpxtpx:TrackPointExtension>
<gpxtpx:speed>0.07</gpxtpx:speed>
</gpxtpx:TrackPointExtension>
<opentracks:accuracy_horizontal>2.106</opentracks:accuracy_horizontal></extensions>
</trkpt>
<trkpt lat="-32.232339" lon="115.799798">
<ele>-24.5</ele>
<time>2026-09-03T10:02:29.93+08:00</time>
<extensions>
<gpxtpx:TrackPointExtension>
<gpxtpx:speed>1.31</gpxtpx:speed>
</gpxtpx:TrackPointExtension>
<opentracks:accuracy_horizontal>2.474</opentracks:accuracy_horizontal></extensions>
</trkpt>
<trkpt lat="-32.232408" lon="115.799879">
<ele>-25.2</ele>
<time>2026-09-03T10:02:37.93+08:00</time>
<extensions>
<gpxtpx:TrackPointExtension>
<gpxtpx:speed>1.35</gpxtpx:speed>
</gpxtpx:TrackPointExtension>
<opentracks:accuracy_horizontal>2.463</opentracks:accuracy_horizontal></extensions>
</trkpt>
<trkpt lat="-32.232467" lon="115.799966">
<ele>-25.5</ele>
<time>2026-09-03T10:02:45.94+08:00</time>
<extensions>
<gpxtpx:TrackPointExtension>
<gpxtpx:speed>1.35</gpxtpx:speed>
</gpxtpx:TrackPointExtension>
<opentracks:accuracy_horizontal>2.458</opentracks:accuracy_horizontal></extensions>
</trkpt>
<trkpt lat="-32.232503" lon="115.800031">
<ele>-25.1</ele>
<time>2026-09-03T10:02:55.933+08:00</time>
<extensions>
<gpxtpx:TrackPointExtension>
<gpxtpx:speed>1.31</gpxtpx:speed>
</gpxtpx:TrackPointExtension>
<opentracks:accuracy_horizontal>2.467</opentracks:accuracy_horizontal></extensions>
</trkpt>
<trkpt lat="-32.232564" lon="115.800115">
<ele>-24.5</ele>
<time>2026-09-03T10:03:03.938+08:00</time>
<extensions>
<gpxtpx:TrackPointExtension>
<gpxtpx:speed>1.28</gpxtpx:speed>
</gpxtpx:TrackPointExtension>
<opentracks:accuracy_horizontal>2.478</opentracks:accuracy_horizontal></extensions>
</trkpt>
<trkpt lat="-32.232627" lon="115.800203">
<ele>-24.7</ele>
<time>2026-09-03T10:03:11.939+08:00</time>
<extensions>
<gpxtpx:TrackPointExtension>
<gpxtpx:speed>1.32</gpxtpx:speed>
</gpxtpx:TrackPointExtension>
<opentracks:accuracy_horizontal>2.59</opentracks:accuracy_horizontal></extensions>
</trkpt>
<trkpt lat="-32.232689" lon="115.800287">
<ele>-24.9</ele>
<time>2026-09-03T10:03:18.935+08:00</time>
<extensions>
<gpxtpx:TrackPointExtension>
<gpxtpx:speed>1.39</gpxtpx:speed>
</gpxtpx:TrackPointExtension>
<opentracks:accuracy_horizontal>2.621</opentracks:accuracy_horizontal></extensions>
</trkpt>
<trkpt lat="-32.232761" lon="115.800377">
<ele>-25.5</ele>
<time>2026-09-03T10:03:26.94+08:00</time>
<extensions>
<gpxtpx:TrackPointExtension>
<gpxtpx:speed>1.42</gpxtpx:speed>
</gpxtpx:TrackPointExtension>
<opentracks:accuracy_horizontal>2.6</opentracks:accuracy_horizontal></extensions>
</trkpt>
<trkpt lat="-32.23282" lon="115.800462">
<ele>-26.4</ele>
<time>2026-09-03T10:03:33.948+08:00</time>
<extensions>
<gpxtpx:TrackPointExtension>
<gpxtpx:speed>1.45</gpxtpx:speed>
</gpxtpx:TrackPointExtension>
<opentracks:accuracy_horizontal>2.469</opentracks:accuracy_horizontal></extensions>
</trkpt>
<trkpt lat="-32.232882" lon="115.800553">
<ele>-26</ele>
<time>2026-09-03T10:03:39.937+08:00</time>
<extensions>
<gpxtpx:TrackPointExtension>
<gpxtpx:speed>1.6</gpxtpx:speed>
</gpxtpx:TrackPointExtension>
<opentracks:accuracy_horizontal>2.36</opentracks:accuracy_horizontal></extensions>
</trkpt>
<trkpt lat="-32.232934" lon="115.800644">
<ele>-25.3</ele>
<time>2026-09-03T10:03:47.94+08:00</time>
<extensions>
<gpxtpx:TrackPointExtension>
<gpxtpx:speed>1.43</gpxtpx:speed>
</gpxtpx:TrackPointExtension>
<opentracks:accuracy_horizontal>2.448</opentracks:accuracy_horizontal></extensions>
</trkpt>
<trkpt lat="-32.233007" lon="115.800722">
<ele>-24.6</ele>
<time>2026-09-03T10:03:55.937+08:00</time>
<extensions>
<gpxtpx:TrackPointExtension>
<gpxtpx:speed>1.37</gpxtpx:speed>
</gpxtpx:TrackPointExtension>
<opentracks:accuracy_horizontal>2.873</opentracks:accuracy_horizontal></extensions>
</trkpt>
<trkpt lat="-32.233051" lon="115.800815">
<ele>-24.7</ele>
<time>2026-09-03T10:04:02.937+08:00</time>
<extensions>
<gpxtpx:TrackPointExtension>
<gpxtpx:speed>1.38</gpxtpx:speed>
</gpxtpx:TrackPointExtension>
<opentracks:accuracy_horizontal>2.861</opentracks:accuracy_horizontal></extensions>
</trkpt>
<trkpt lat="-32.233106" lon="115.800909">
<ele>-24.4</ele>
<time>2026-09-03T10:04:09.921+08:00</time>
<extensions>
<gpxtpx:TrackPointExtension>
<gpxtpx:speed>1.43</gpxtpx:speed>
</gpxtpx:TrackPointExtension>
<opentracks:accuracy_horizontal>2.733</opentracks:accuracy_horizontal></extensions>
</trkpt>
<trkpt lat="-32.233175" lon="115.800997">
<ele>-24.5</ele>
<time>2026-09-03T10:04:17.945+08:00</time>
<extensions>
<gpxtpx:TrackPointExtension>
<gpxtpx:speed>1.4</gpxtpx:speed>
</gpxtpx:TrackPointExtension>
<opentracks:accuracy_horizontal>2.378</opentracks:accuracy_horizontal></extensions>
</trkpt>
<trkpt lat="-32.233241" lon="115.80109">
<ele>-24.6</ele>
<time>2026-09-03T10:04:25.951+08:00</time>
<extensions>
<gpxtpx:TrackPointExtension>
<gpxtpx:speed>1.39</gpxtpx:speed>
</gpxtpx:TrackPointExtension>
<opentracks:accuracy_horizontal>2.725</opentracks:accuracy_horizontal></extensions>
</trkpt>
<trkpt lat="-32.233301" lon="115.801174">
<ele>-24.2</ele>
<time>2026-09-03T10:04:32.942+08:00</time>
<extensions>
<gpxtpx:TrackPointExtension>
<gpxtpx:speed>1.43</gpxtpx:speed>
</gpxtpx:TrackPointExtension>
<opentracks:accuracy_horizontal>2.525</opentracks:accuracy_horizontal></extensions>
</trkpt>
<trkpt lat="-32.23337" lon="115.801264">
<ele>-24.4</ele>
<time>2026-09-03T10:04:40.96+08:00</time>
<extensions>
<gpxtpx:TrackPointExtension>
<gpxtpx:speed>1.44</gpxtpx:speed>
</gpxtpx:TrackPointExtension>
<opentracks:accuracy_horizontal>2.513</opentracks:accuracy_horizontal></extensions>
</trkpt>
<trkpt lat="-32.233426" lon="115.80135">
<ele>-24.5</ele>
<time>2026-09-03T10:04:47.957+08:00</time>
<extensions>
<gpxtpx:TrackPointExtension>
<gpxtpx:speed>1.44</gpxtpx:speed>
</gpxtpx:TrackPointExtension>
<opentracks:accuracy_horizontal>2.478</opentracks:accuracy_horizontal></extensions>
</trkpt>
<trkpt lat="-32.233489" lon="115.801446">
<ele>-23.8</ele>
<time>2026-09-03T10:04:54.933+08:00</time>
<extensions>
<gpxtpx:TrackPointExtension>
<gpxtpx:speed>1.49</gpxtpx:speed>
</gpxtpx:TrackPointExtension>
<opentracks:accuracy_horizontal>2.751</opentracks:accuracy_horizontal></extensions>
</trkpt>
<trkpt lat="-32.233541" lon="115.801535">
<ele>-23.7</ele>
<time>2026-09-03T10:05:02.947+08:00</time>
<extensions>
<gpxtpx:TrackPointExtension>
<gpxtpx:speed>1.37</gpxtpx:speed>
</gpxtpx:TrackPointExtension>
<opentracks:accuracy_horizontal>2.698</opentracks:accuracy_horizontal></extensions>
</trkpt>
<trkpt lat="-32.233617" lon="115.801615">
<ele>-23.7</ele>
<time>2026-09-03T10:05:10.95+08:00</time>
<extensions>
<gpxtpx:TrackPointExtension>
<gpxtpx:speed>1.39</gpxtpx:speed>
</gpxtpx:TrackPointExtension>
<opentracks:accuracy_horizontal>2.464</opentracks:accuracy_horizontal></extensions>
</trkpt>
<trkpt lat="-32.233673" lon="115.801708">
<ele>-24.1</ele>
<time>2026-09-03T10:05:18.946+08:00</time>
<extensions>
<gpxtpx:TrackPointExtension>
<gpxtpx:speed>1.35</gpxtpx:speed>
</gpxtpx:TrackPointExtension>
<opentracks:accuracy_horizontal>2.745</opentracks:accuracy_horizontal></extensions>
</trkpt>
<trkpt lat="-32.233732" lon="115.801799">
<ele>-23.3</ele>
<time>2026-09-03T10:05:26.937+08:00</time>
<extensions>
<gpxtpx:TrackPointExtension>
<gpxtpx:speed>1.33</gpxtpx:speed>
</gpxtpx:TrackPointExtension>
<opentracks:accuracy_horizontal>2.64</opentracks:accuracy_horizontal></extensions>
</trkpt>
<trkpt lat="-32.233798" lon="115.801876">
<ele>-23.8</ele>
<time>2026-09-03T10:05:34.936+08:00</time>
<extensions>
<gpxtpx:TrackPointExtension>
<gpxtpx:speed>1.31</gpxtpx:speed>
</gpxtpx:TrackPointExtension>
<opentracks:accuracy_horizontal>2.709</opentracks:accuracy_horizontal></extensions>
</trkpt>
<trkpt lat="-32.233857" lon="115.801965">
<ele>-23.4</ele>
<time>2026-09-03T10:05:42.952+08:00</time>
<extensions>
<gpxtpx:TrackPointExtension>
<gpxtpx:speed>1.31</gpxtpx:speed>
</gpxtpx:TrackPointExtension>
<opentracks:accuracy_horizontal>2.507</opentracks:accuracy_horizontal></extensions>
</trkpt>
<trkpt lat="-32.233866" lon="115.802084">
<ele>-23.7</ele>
<time>2026-09-03T10:05:51.926+08:00</time>
<extensions>
<gpxtpx:TrackPointExtension>
<gpxtpx:speed>1.27</gpxtpx:speed>
</gpxtpx:TrackPointExtension>
<opentracks:accuracy_horizontal>2.565</opentracks:accuracy_horizontal></extensions>
</trkpt>
<trkpt lat="-32.233872" lon="115.802202">
<ele>-22.3</ele>
<time>2026-09-03T10:05:59.94+08:00</time>
<extensions>
<gpxtpx:TrackPointExtension>
<gpxtpx:speed>1.27</gpxtpx:speed>
</gpxtpx:TrackPointExtension>
<opentracks:accuracy_horizontal>2.441</opentracks:accuracy_horizontal></extensions>
</trkpt>
<trkpt lat="-32.233876" lon="115.802312">
<ele>-20.6</ele>
<time>2026-09-03T10:06:06.943+08:00</time>
<extensions>
<gpxtpx:TrackPointExtension>
<gpxtpx:speed>1.33</gpxtpx:speed>
</gpxtpx:TrackPointExtension>
<opentracks:accuracy_horizontal>2.613</opentracks:accuracy_horizontal></extensions>
</trkpt>
<trkpt lat="-32.233868" lon="115.802418">
<ele>-21.2</ele>
<time>2026-09-03T10:06:15.946+08:00</time>
<extensions>
<gpxtpx:TrackPointExtension>
<gpxtpx:speed>1.21</gpxtpx:speed>
</gpxtpx:TrackPointExtension>
<opentracks:accuracy_horizontal>2.867</opentracks:accuracy_horizontal></extensions>
</trkpt>
<trkpt lat="-32.23387" lon="115.802525">
<ele>-19.5</ele>
<time>2026-09-03T10:06:23.941+08:00</time>
<extensions>
<gpxtpx:TrackPointExtension>
<gpxtpx:speed>1.2</gpxtpx:speed>
</gpxtpx:TrackPointExtension>
<opentracks:accuracy_horizontal>2.607</opentracks:accuracy_horizontal></extensions>
</trkpt>
<trkpt lat="-32.233874" lon="115.802635">
<ele>-20.5</ele>
<time>2026-09-03T10:06:32.938+08:00</time>
<extensions>
<gpxtpx:TrackPointExtension>
<gpxtpx:speed>1.15</gpxtpx:speed>
</gpxtpx:TrackPointExtension>
<opentracks:accuracy_horizontal>2.612</opentracks:accuracy_horizontal></extensions>
</trkpt>
<trkpt lat="-32.233876" lon="115.80275">
<ele>-18.8</ele>
<time>2026-09-03T10:06:41.938+08:00</time>
<extensions>
<gpxtpx:TrackPointExtension>
<gpxtpx:speed>1.16</gpxtpx:speed>
</gpxtpx:TrackPointExtension>
<opentracks:accuracy_horizontal>2.73</opentracks:accuracy_horizontal></extensions>
</trkpt>
<trkpt lat="-32.233879" lon="115.802872">
<ele>-18.5</ele>
<time>2026-09-03T10:06:51.944+08:00</time>
<extensions>
<gpxtpx:TrackPointExtension>
<gpxtpx:speed>1.17</gpxtpx:speed>
</gpxtpx:TrackPointExtension>
<opentracks:accuracy_horizontal>2.535</opentracks:accuracy_horizontal></extensions>
</trkpt>
<trkpt lat="-32.233878" lon="115.80298">
<ele>-17.9</ele>
<time>2026-09-03T10:06:58.946+08:00</time>
<extensions>
<gpxtpx:TrackPointExtension>
<gpxtpx:speed>1.29</gpxtpx:speed>
</gpxtpx:TrackPointExtension>
<opentracks:accuracy_horizontal>3.013</opentracks:accuracy_horizontal></extensions>
</trkpt>
<trkpt lat="-32.233836" lon="115.803072">
<ele>-16.9</ele>
<time>2026-09-03T10:07:08.937+08:00</time>
<extensions>
<gpxtpx:TrackPointExtension>
<gpxtpx:speed>1.17</gpxtpx:speed>
</gpxtpx:TrackPointExtension>
<opentracks:accuracy_horizontal>2.368</opentracks:accuracy_horizontal></extensions>
</trkpt>
<trkpt lat="-32.233744" lon="115.803076">
<ele>-17.2</ele>
<time>2026-09-03T10:07:16.944+08:00</time>
<extensions>
<gpxtpx:TrackPointExtension>
<gpxtpx:speed>1.2</gpxtpx:speed>
</gpxtpx:TrackPointExtension>
<opentracks:accuracy_horizontal>2.363</opentracks:accuracy_horizontal></extensions>
</trkpt>
<trkpt lat="-32.233654" lon="115.803114">
<ele>-16.2</ele>
<time>2026-09-03T10:07:25.941+08:00</time>
<extensions>
<gpxtpx:TrackPointExtension>
<gpxtpx:speed>1.17</gpxtpx:speed>
</gpxtpx:TrackPointExtension>
<opentracks:accuracy_horizontal>2.651</opentracks:accuracy_horizontal></extensions>
</trkpt>
<trkpt lat="-32.233563" lon="115.803112">
<ele>-15.9</ele>
<time>2026-09-03T10:07:33.95+08:00</time>
<extensions>
<gpxtpx:TrackPointExtension>
<gpxtpx:speed>1.19</gpxtpx:speed>
</gpxtpx:TrackPointExtension>
<opentracks:accuracy_horizontal>2.439</opentracks:accuracy_horizontal></extensions>
</trkpt>
<trkpt lat="-32.233465" lon="115.803118">
<ele>-16.3</ele>
<time>2026-09-03T10:07:42.942+08:00</time>
<extensions>
<gpxtpx:TrackPointExtension>
<gpxtpx:speed>1.18</gpxtpx:speed>
</gpxtpx:TrackPointExtension>
<opentracks:accuracy_horizontal>2.361</opentracks:accuracy_horizontal></extensions>
</trkpt>
<trkpt lat="-32.233371" lon="115.803121">
<ele>-16.3</ele>
<time>2026-09-03T10:07:50.947+08:00</time>
<extensions>
<gpxtpx:TrackPointExtension>
<gpxtpx:speed>1.24</gpxtpx:speed>
</gpxtpx:TrackPointExtension>
<opentracks:accuracy_horizontal>2.386</opentracks:accuracy_horizontal></extensions>
</trkpt>
<trkpt lat="-32.233279" lon="115.803116">
<ele>-15.5</ele>
<time>2026-09-03T10:07:58.947+08:00</time>
<extensions>
<gpxtpx:TrackPointExtension>
<gpxtpx:speed>1.26</gpxtpx:speed>
</gpxtpx:TrackPointExtension>
<opentracks:accuracy_horizontal>2.445</opentracks:accuracy_horizontal></extensions>
</trkpt>
<trkpt lat="-32.233204" lon="115.8031">
<ele>-15.4</ele>
<time>2026-09-03T10:08:08.929+08:00</time>
<extensions>
<gpxtpx:TrackPointExtension>
<gpxtpx:speed>0.69</gpxtpx:speed>
</gpxtpx:TrackPointExtension>
<opentracks:accuracy_horizontal>2.367</opentracks:accuracy_horizontal></extensions>
</trkpt>
<trkpt lat="-32.233224" lon="115.802989">
<ele>-14.7</ele>
<time>2026-09-03T10:08:17.941+08:00</time>
<extensions>
<gpxtpx:TrackPointExtension>
<gpxtpx:speed>1.07</gpxtpx:speed>
</gpxtpx:TrackPointExtension>
<opentracks:accuracy_horizontal>2.563</opentracks:accuracy_horizontal></extensions>
</trkpt>
<trkpt lat="-32.2332" lon="115.802918">
<ele>-15.7</ele>
<time>2026-09-03T10:08:27.95+08:00</time>
<extensions>
<gpxtpx:TrackPointExtension>
<gpxtpx:speed>0.16</gpxtpx:speed>
</gpxtpx:TrackPointExtension>
<opentracks:accuracy_horizontal>2.768</opentracks:accuracy_horizontal></extensions>
</trkpt>
<trkpt lat="-32.233261" lon="115.802839">
<ele>-20.1</ele>
<time>2026-09-03T10:08:55.942+08:00</time>
<extensions>
<gpxtpx:TrackPointExtension>
<gpxtpx:speed>0.49</gpxtpx:speed>
</gpxtpx:TrackPointExtension>
<opentracks:accuracy_horizontal>4.078</opentracks:accuracy_horizontal></extensions>
</trkpt>
<trkpt lat="-32.233269" lon="115.802854">
<ele>-18.3</ele>
<time>2026-09-03T10:09:05.907+08:00</time>
<extensions>
<gpxtpx:TrackPointExtension>
<gpxtpx:speed>0.32</gpxtpx:speed>
</gpxtpx:TrackPointExtension>
<opentracks:accuracy_horizontal>7.897</opentracks:accuracy_horizontal></extensions>
</trkpt>
<trkpt lat="-32.233276" lon="115.802842">
<ele>-19.6</ele>
<time>2026-09-03T10:09:09.937+08:00</time>
<extensions>
<gpxtpx:TrackPointExtension>
<gpxtpx:speed>0.1</gpxtpx:speed>
</gpxtpx:TrackPointExtension>
<opentracks:accuracy_horizontal>6.741</opentracks:accuracy_horizontal></extensions>
</trkpt>
</trkseg>
</trk>
</gpx>
